# CMD: /usr/lib/jvm/java-8-openjdk-amd64/bin/java -cp /users/Xinying/ozonedb/ycsb/ozonedb/conf:/users/Xinying/ozonedb/ycsb/ozonedb/target/ozonedb-binding-0.18.0-SNAPSHOT.jar:/users/Xinying/.m2/repository/org/apache/htrace/htrace-core4/4.1.0-incubating/htrace-core4-4.1.0-incubating.jar:/users/Xinying/.m2/repository/org/slf4j/slf4j-api/1.7.25/slf4j-api-1.7.25.jar:/users/Xinying/.m2/repository/org/hdrhistogram/HdrHistogram/2.1.12/HdrHistogram-2.1.12.jar:/users/Xinying/.m2/repository/ch/qos/logback/logback-classic/1.2.3/logback-classic-1.2.3.jar:/users/Xinying/.m2/repository/ozonedbjnimaven/demoproc-jni/1.0/demoproc-jni-1.0.jar:/users/Xinying/.m2/repository/ch/qos/logback/logback-core/1.2.3/logback-core-1.2.3.jar:/users/Xinying/.m2/repository/org/codehaus/jackson/jackson-mapper-asl/1.9.4/jackson-mapper-asl-1.9.4.jar:/users/Xinying/.m2/repository/org/slf4j/slf4j-simple/1.7.25/slf4j-simple-1.7.25.jar:/users/Xinying/.m2/repository/org/codehaus/jackson/jackson-core-asl/1.9.4/jackson-core-asl-1.9.4.jar:/users/Xinying/ozonedb/ycsb/core/target/core-0.18.0-SNAPSHOT.jar site.ycsb.Client -db site.ycsb.db.OzoneDBClient -threads 1 -s -P /users/Xinying/ozonedb/ycsb/workloads/generated_workloads/workloadc_1KB_1000000_1000000 -p status.interval=30 -p requestdistribution=uniform -p operationcount=1000000000 -p maxexecutiontime=660 -p shared_config=/tmp/churn_v4_configs/shared_config_varyR_n4_r10pct_rep4.json -t
# env OZONEDB_CHURN_ABORT_RATE=0.1
Command line: -db site.ycsb.db.OzoneDBClient -threads 1 -s -P /users/Xinying/ozonedb/ycsb/workloads/generated_workloads/workloadc_1KB_1000000_1000000 -p status.interval=30 -p requestdistribution=uniform -p operationcount=1000000000 -p maxexecutiontime=660 -p shared_config=/tmp/churn_v4_configs/shared_config_varyR_n4_r10pct_rep4.json -t
YCSB Client 0.18.0-SNAPSHOT

Loading workload...
Starting test.
SLF4J: Class path contains multiple SLF4J bindings.
SLF4J: Found binding in [jar:file:/users/Xinying/.m2/repository/ch/qos/logback/logback-classic/1.2.3/logback-classic-1.2.3.jar!/org/slf4j/impl/StaticLoggerBinder.class]
SLF4J: Found binding in [jar:file:/users/Xinying/.m2/repository/org/slf4j/slf4j-simple/1.7.25/slf4j-simple-1.7.25.jar!/org/slf4j/impl/StaticLoggerBinder.class]
SLF4J: See http://www.slf4j.org/codes.html#multiple_bindings for an explanation.
SLF4J: Actual binding is of type [ch.qos.logback.classic.util.ContextSelectorStaticBinder]
Maximum execution time specified as: 660 secs
2026-05-01 07:10:18:070 0 sec: 0 operations; est completion in 0 second 
Starting compaction watcher
DBWrapper: report latency for each error is false and specific error codes to track for latency are: []
2966632:COMPACT_START sstable=0 input_files: "datalog/5" input_files: "datalog/6" compactIntoNextLevel: true destinationLevel: 1
2026-05-01 07:10:18:150 - Compaction started: 
139843950483008:Compacting datalog/5 datalog/6 into:sstable1/3d6413bf-782c-4616-b834-71a00a42e165202605010110181777619418271669745.sst
2026-05-01 07:10:18:294 - Compaction completed: 
2966632:COMPACT_START sstable=0 input_files: "datalog/9" input_files: "datalog/10" compactIntoNextLevel: true destinationLevel: 1
2026-05-01 07:10:18:350 - Compaction started: 
139843950483008:Compacting datalog/9 datalog/10 into:sstable1/3d6413bf-782c-4616-b834-71a00a42e165202605010110181777619418357157564.sst
2026-05-01 07:10:18:378 - Compaction completed: 
2966632:COMPACT_START sstable=0 input_files: "datalog/15" input_files: "datalog/16" compactIntoNextLevel: true destinationLevel: 1
2026-05-01 07:10:18:454 - Compaction started: 
139843950483008:Compacting datalog/15 datalog/16 into:sstable1/3d6413bf-782c-4616-b834-71a00a42e165202605010110181777619418506428465.sst
2026-05-01 07:10:18:527 - Compaction completed: 
2966632:COMPACT_START sstable=0 input_files: "datalog/23" input_files: "datalog/24" compactIntoNextLevel: true destinationLevel: 1
2966632:COMPACT_ABORT input_files: "datalog/23" input_files: "datalog/24" compactIntoNextLevel: true destinationLevel: 1
2966632:COMPACT_START sstable=0 input_files: "datalog/27" input_files: "datalog/28" compactIntoNextLevel: true destinationLevel: 1
2026-05-01 07:10:18:692 - Compaction started: 
139843950483008:Compacting datalog/27 datalog/28 into:sstable1/3d6413bf-782c-4616-b834-71a00a42e165202605010110181777619418702585711.sst
2026-05-01 07:10:18:722 - Compaction completed: 
2966632:COMPACT_START sstable=0 input_files: "datalog/33" input_files: "datalog/34" compactIntoNextLevel: true destinationLevel: 1
2026-05-01 07:10:18:794 - Compaction started: 
139843950483008:Compacting datalog/33 datalog/34 into:sstable1/3d6413bf-782c-4616-b834-71a00a42e165202605010110181777619418868358677.sst
2026-05-01 07:10:18:891 - Compaction completed: 
2966632:COMPACT_START sstable=0 input_files: "datalog/39" input_files: "datalog/40" compactIntoNextLevel: true destinationLevel: 1
2026-05-01 07:10:18:896 - Compaction started: 
139843950483008:Compacting datalog/39 datalog/40 into:sstable1/3d6413bf-782c-4616-b834-71a00a42e165202605010110181777619419031748586.sst
2026-05-01 07:10:19:116 - Compaction completed: 
2966632:COMPACT_START sstable=0 input_files: "datalog/53" input_files: "datalog/54" compactIntoNextLevel: true destinationLevel: 1
2026-05-01 07:10:19:200 - Compaction started: 
139843950483008:Compacting datalog/53 datalog/54 into:sstable1/3d6413bf-782c-4616-b834-71a00a42e165202605010110181777619419203148110.sst
2026-05-01 07:10:19:221 - Compaction completed: 
2966632:COMPACT_START sstable=0 input_files: "datalog/59" input_files: "datalog/60" compactIntoNextLevel: true destinationLevel: 1
2026-05-01 07:10:19:302 - Compaction started: 
139843950483008:Compacting datalog/59 datalog/60 into:sstable1/3d6413bf-782c-4616-b834-71a00a42e165202605010110181777619419359588581.sst
2026-05-01 07:10:19:379 - Compaction completed: 
2966632:COMPACT_START sstable=0 input_files: "datalog/67" input_files: "datalog/68" compactIntoNextLevel: true destinationLevel: 1
2026-05-01 07:10:19:404 - Compaction started: 
139843950483008:Compacting datalog/67 datalog/68 into:sstable1/3d6413bf-782c-4616-b834-71a00a42e165202605010110181777619419468932382.sst
2026-05-01 07:10:19:489 - Compaction completed: 
2966632:COMPACT_START sstable=0 input_files: "datalog/73" input_files: "datalog/74" compactIntoNextLevel: true destinationLevel: 1
2026-05-01 07:10:19:508 - Compaction started: 
139843950483008:Compacting datalog/73 datalog/74 into:sstable1/3d6413bf-782c-4616-b834-71a00a42e165202605010110181777619419512088875.sst
2026-05-01 07:10:19:532 - Compaction completed: 
2966632:COMPACT_START sstable=0 input_files: "datalog/79" input_files: "datalog/80" compactIntoNextLevel: true destinationLevel: 1
2026-05-01 07:10:19:610 - Compaction started: 
139843950483008:Compacting datalog/79 datalog/80 into:sstable1/3d6413bf-782c-4616-b834-71a00a42e165202605010110181777619419613310309.sst
2026-05-01 07:10:19:631 - Compaction completed: 
2966632:COMPACT_START sstable=0 input_files: "datalog/87" input_files: "datalog/88" compactIntoNextLevel: true destinationLevel: 1
2026-05-01 07:10:19:711 - Compaction started: 
139843950483008:Compacting datalog/87 datalog/88 into:sstable1/3d6413bf-782c-4616-b834-71a00a42e165202605010110181777619419714918029.sst
2026-05-01 07:10:19:734 - Compaction completed: 
2966632:COMPACT_START sstable=0 input_files: "datalog/95" input_files: "datalog/96" compactIntoNextLevel: true destinationLevel: 1
2026-05-01 07:10:19:813 - Compaction started: 
139843950483008:Compacting datalog/95 datalog/96 into:sstable1/3d6413bf-782c-4616-b834-71a00a42e165202605010110181777619419859304372.sst
2026-05-01 07:10:19:879 - Compaction completed: 
2966632:COMPACT_START sstable=0 input_files: "datalog/103" input_files: "datalog/104" compactIntoNextLevel: true destinationLevel: 1
2026-05-01 07:10:19:914 - Compaction started: 
139843950483008:Compacting datalog/103 datalog/104 into:sstable1/3d6413bf-782c-4616-b834-71a00a42e165202605010110181777619419918254182.sst
2026-05-01 07:10:19:936 - Compaction completed: 
2966632:COMPACT_START sstable=0 input_files: "datalog/111" input_files: "datalog/112" compactIntoNextLevel: true destinationLevel: 1
2026-05-01 07:10:20:016 - Compaction started: 
139843950483008:Compacting datalog/111 datalog/112 into:sstable1/3d6413bf-782c-4616-b834-71a00a42e165202605010110181777619420020547326.sst
2026-05-01 07:10:20:039 - Compaction completed: 
2966632:COMPACT_START sstable=0 input_files: "datalog/119" input_files: "datalog/120" compactIntoNextLevel: true destinationLevel: 1
2026-05-01 07:10:20:117 - Compaction started: 
139843950483008:Compacting datalog/119 datalog/120 into:sstable1/3d6413bf-782c-4616-b834-71a00a42e165202605010110181777619420121088375.sst
2026-05-01 07:10:20:140 - Compaction completed: 
2966632:COMPACT_START sstable=0 input_files: "datalog/127" input_files: "datalog/128" compactIntoNextLevel: true destinationLevel: 1
2026-05-01 07:10:20:218 - Compaction started: 
139843950483008:Compacting datalog/127 datalog/128 into:sstable1/3d6413bf-782c-4616-b834-71a00a42e165202605010110181777619420221733128.sst
2026-05-01 07:10:20:239 - Compaction completed: 
2966632:COMPACT_START sstable=0 input_files: "datalog/135" input_files: "datalog/136" compactIntoNextLevel: true destinationLevel: 1
2026-05-01 07:10:20:319 - Compaction started: 
139843950483008:Compacting datalog/135 datalog/136 into:sstable1/3d6413bf-782c-4616-b834-71a00a42e165202605010110181777619420322896224.sst
2026-05-01 07:10:20:341 - Compaction completed: 
2966632:COMPACT_START sstable=0 input_files: "datalog/143" input_files: "datalog/144" compactIntoNextLevel: true destinationLevel: 1
2966632:COMPACT_ABORT input_files: "datalog/143" input_files: "datalog/144" compactIntoNextLevel: true destinationLevel: 1
2966632:COMPACT_START sstable=0 input_files: "datalog/145" input_files: "datalog/146" compactIntoNextLevel: true destinationLevel: 1
2966632:COMPACT_ABORT input_files: "datalog/145" input_files: "datalog/146" compactIntoNextLevel: true destinationLevel: 1
2966632:COMPACT_START sstable=0 input_files: "datalog/153" input_files: "datalog/154" compactIntoNextLevel: true destinationLevel: 1
2026-05-01 07:10:20:522 - Compaction started: 
139843950483008:Compacting datalog/153 datalog/154 into:sstable1/3d6413bf-782c-4616-b834-71a00a42e165202605010110181777619420525648102.sst
2026-05-01 07:10:20:542 - Compaction completed: 
2966632:COMPACT_START sstable=0 input_files: "datalog/161" input_files: "datalog/162" compactIntoNextLevel: true destinationLevel: 1
2026-05-01 07:10:20:624 - Compaction started: 
139843950483008:Compacting datalog/161 datalog/162 into:sstable1/3d6413bf-782c-4616-b834-71a00a42e165202605010110181777619420627260530.sst
2026-05-01 07:10:20:643 - Compaction completed: 
2966632:COMPACT_START sstable=0 input_files: "datalog/169" input_files: "datalog/170" compactIntoNextLevel: true destinationLevel: 1
2026-05-01 07:10:20:725 - Compaction started: 
139843950483008:Compacting datalog/169 datalog/170 into:sstable1/3d6413bf-782c-4616-b834-71a00a42e165202605010110181777619420728669697.sst
2026-05-01 07:10:20:746 - Compaction completed: 
2966632:COMPACT_START sstable=0 input_files: "datalog/177" input_files: "datalog/178" compactIntoNextLevel: true destinationLevel: 1
2026-05-01 07:10:20:827 - Compaction started: 
139843950483008:Compacting datalog/177 datalog/178 into:sstable1/3d6413bf-782c-4616-b834-71a00a42e165202605010110181777619420830003011.sst
2026-05-01 07:10:20:846 - Compaction completed: 
2966632:COMPACT_START sstable=0 input_files: "datalog/185" input_files: "datalog/186" compactIntoNextLevel: true destinationLevel: 1
2026-05-01 07:10:20:928 - Compaction started: 
139843950483008:Compacting datalog/185 datalog/186 into:sstable1/3d6413bf-782c-4616-b834-71a00a42e165202605010110181777619420931512515.sst
2026-05-01 07:10:20:949 - Compaction completed: 
2966632:COMPACT_START sstable=0 input_files: "datalog/193" input_files: "datalog/194" compactIntoNextLevel: true destinationLevel: 1
2026-05-01 07:10:21:030 - Compaction started: 
139843950483008:Compacting datalog/193 datalog/194 into:sstable1/3d6413bf-782c-4616-b834-71a00a42e165202605010110181777619421033242293.sst
2026-05-01 07:10:21:051 - Compaction completed: 
2966632:COMPACT_START sstable=0 input_files: "datalog/203" input_files: "datalog/204" compactIntoNextLevel: true destinationLevel: 1
2026-05-01 07:10:21:131 - Compaction started: 
139843950483008:Compacting datalog/203 datalog/204 into:sstable1/3d6413bf-782c-4616-b834-71a00a42e165202605010110181777619421134863958.sst
2026-05-01 07:10:21:151 - Compaction completed: 
2966632:COMPACT_START sstable=0 input_files: "datalog/211" input_files: "datalog/212" compactIntoNextLevel: true destinationLevel: 1
2026-05-01 07:10:21:233 - Compaction started: 
139843950483008:Compacting datalog/211 datalog/212 into:sstable1/3d6413bf-782c-4616-b834-71a00a42e165202605010110181777619421236201820.sst
2026-05-01 07:10:21:253 - Compaction completed: 
2966632:COMPACT_START sstable=0 input_files: "datalog/219" input_files: "datalog/220" compactIntoNextLevel: true destinationLevel: 1
2026-05-01 07:10:21:334 - Compaction started: 
139843950483008:Compacting datalog/219 datalog/220 into:sstable1/3d6413bf-782c-4616-b834-71a00a42e165202605010110181777619421337173106.sst
2026-05-01 07:10:21:354 - Compaction completed: 
2966632:COMPACT_START sstable=0 input_files: "datalog/227" input_files: "datalog/228" compactIntoNextLevel: true destinationLevel: 1
2026-05-01 07:10:21:435 - Compaction started: 
139843950483008:Compacting datalog/227 datalog/228 into:sstable1/3d6413bf-782c-4616-b834-71a00a42e165202605010110181777619421438784832.sst
2026-05-01 07:10:21:455 - Compaction completed: 
2966632:COMPACT_START sstable=0 input_files: "datalog/235" input_files: "datalog/236" compactIntoNextLevel: true destinationLevel: 1
2026-05-01 07:10:21:549 - Compaction started: 
139843950483008:Compacting datalog/235 datalog/236 into:sstable1/3d6413bf-782c-4616-b834-71a00a42e165202605010110181777619421563208263.sst
2026-05-01 07:10:21:585 - Compaction completed: 
2966632:COMPACT_START sstable=0 input_files: "datalog/243" input_files: "datalog/244" compactIntoNextLevel: true destinationLevel: 1
2026-05-01 07:10:21:657 - Compaction started: 
139843950483008:Compacting datalog/243 datalog/244 into:sstable1/3d6413bf-782c-4616-b834-71a00a42e165202605010110181777619421660618823.sst
2026-05-01 07:10:21:678 - Compaction completed: 
2966632:COMPACT_START sstable=0 input_files: "datalog/249" input_files: "datalog/250" compactIntoNextLevel: true destinationLevel: 1
2026-05-01 07:10:21:759 - Compaction started: 
139843950483008:Compacting datalog/249 datalog/250 into:sstable1/3d6413bf-782c-4616-b834-71a00a42e165202605010110181777619421762922617.sst
2026-05-01 07:10:21:782 - Compaction completed: 
2966632:COMPACT_START sstable=0 input_files: "datalog/257" input_files: "datalog/258" compactIntoNextLevel: true destinationLevel: 1
2026-05-01 07:10:21:862 - Compaction started: 
139843950483008:Compacting datalog/257 datalog/258 into:sstable1/3d6413bf-782c-4616-b834-71a00a42e165202605010110181777619421865335565.sst
2026-05-01 07:10:21:884 - Compaction completed: 
2966632:COMPACT_START sstable=0 input_files: "datalog/265" input_files: "datalog/266" compactIntoNextLevel: true destinationLevel: 1
2026-05-01 07:10:21:964 - Compaction started: 
139843950483008:Compacting datalog/265 datalog/266 into:sstable1/3d6413bf-782c-4616-b834-71a00a42e165202605010110181777619421968116864.sst
2026-05-01 07:10:21:985 - Compaction completed: 
2966632:COMPACT_START sstable=0 input_files: "datalog/273" input_files: "datalog/274" compactIntoNextLevel: true destinationLevel: 1
2026-05-01 07:10:22:067 - Compaction started: 
139843950483008:Compacting datalog/273 datalog/274 into:sstable1/3d6413bf-782c-4616-b834-71a00a42e165202605010110181777619422070937647.sst
2026-05-01 07:10:22:087 - Compaction completed: 
2966632:COMPACT_START sstable=0 input_files: "datalog/281" input_files: "datalog/282" compactIntoNextLevel: true destinationLevel: 1
2966632:COMPACT_ABORT input_files: "datalog/281" input_files: "datalog/282" compactIntoNextLevel: true destinationLevel: 1
2966632:COMPACT_START sstable=0 input_files: "datalog/289" input_files: "datalog/290" compactIntoNextLevel: true destinationLevel: 1
2026-05-01 07:10:22:271 - Compaction started: 
139843950483008:Compacting datalog/289 datalog/290 into:sstable1/3d6413bf-782c-4616-b834-71a00a42e165202605010110181777619422274847376.sst
2026-05-01 07:10:22:293 - Compaction completed: 
2966632:COMPACT_START sstable=0 input_files: "datalog/297" input_files: "datalog/298" compactIntoNextLevel: true destinationLevel: 1
2026-05-01 07:10:22:373 - Compaction started: 
139843950483008:Compacting datalog/297 datalog/298 into:sstable1/3d6413bf-782c-4616-b834-71a00a42e165202605010110181777619422376503435.sst
2026-05-01 07:10:22:392 - Compaction completed: 
2966632:COMPACT_START sstable=0 input_files: "datalog/305" input_files: "datalog/306" compactIntoNextLevel: true destinationLevel: 1
2026-05-01 07:10:22:475 - Compaction started: 
139843950483008:Compacting datalog/305 datalog/306 into:sstable1/3d6413bf-782c-4616-b834-71a00a42e165202605010110181777619422478678708.sst
2026-05-01 07:10:22:495 - Compaction completed: 
2966632:COMPACT_START sstable=0 input_files: "datalog/311" input_files: "datalog/312" compactIntoNextLevel: true destinationLevel: 1
2026-05-01 07:10:22:578 - Compaction started: 
139843950483008:Compacting datalog/311 datalog/312 into:sstable1/3d6413bf-782c-4616-b834-71a00a42e165202605010110181777619422581434589.sst
2026-05-01 07:10:22:597 - Compaction completed: 
2966632:COMPACT_START sstable=0 input_files: "datalog/319" input_files: "datalog/320" compactIntoNextLevel: true destinationLevel: 1
2026-05-01 07:10:22:680 - Compaction started: 
139843950483008:Compacting datalog/319 datalog/320 into:sstable1/3d6413bf-782c-4616-b834-71a00a42e165202605010110181777619422683289301.sst
2026-05-01 07:10:22:700 - Compaction completed: 
2966632:COMPACT_START sstable=0 input_files: "datalog/327" input_files: "datalog/328" compactIntoNextLevel: true destinationLevel: 1
2026-05-01 07:10:22:783 - Compaction started: 
139843950483008:Compacting datalog/327 datalog/328 into:sstable1/3d6413bf-782c-4616-b834-71a00a42e165202605010110181777619422786237613.sst
2026-05-01 07:10:22:802 - Compaction completed: 
2966632:COMPACT_START sstable=0 input_files: "datalog/335" input_files: "datalog/336" compactIntoNextLevel: true destinationLevel: 1
2026-05-01 07:10:22:886 - Compaction started: 
139843950483008:Compacting datalog/335 datalog/336 into:sstable1/3d6413bf-782c-4616-b834-71a00a42e165202605010110181777619422889771152.sst
2026-05-01 07:10:22:906 - Compaction completed: 
2966632:COMPACT_START sstable=0 input_files: "datalog/343" input_files: "datalog/344" compactIntoNextLevel: true destinationLevel: 1
2026-05-01 07:10:22:991 - Compaction started: 
139843950483008:Compacting datalog/343 datalog/344 into:sstable1/3d6413bf-782c-4616-b834-71a00a42e165202605010110181777619422993913071.sst
2026-05-01 07:10:23:009 - Compaction completed: 
2966632:COMPACT_START sstable=0 input_files: "datalog/351" input_files: "datalog/352" compactIntoNextLevel: true destinationLevel: 1
2026-05-01 07:10:23:093 - Compaction started: 
139843950483008:Compacting datalog/351 datalog/352 into:sstable1/3d6413bf-782c-4616-b834-71a00a42e165202605010110181777619423096831858.sst
2026-05-01 07:10:23:113 - Compaction completed: 
2966632:COMPACT_START sstable=0 input_files: "datalog/359" input_files: "datalog/360" compactIntoNextLevel: true destinationLevel: 1
2026-05-01 07:10:23:196 - Compaction started: 
139843950483008:Compacting datalog/359 datalog/360 into:sstable1/3d6413bf-782c-4616-b834-71a00a42e165202605010110181777619423199298727.sst
2026-05-01 07:10:23:215 - Compaction completed: 
2966632:COMPACT_START sstable=0 input_files: "datalog/367" input_files: "datalog/368" compactIntoNextLevel: true destinationLevel: 1
2026-05-01 07:10:23:299 - Compaction started: 
139843950483008:Compacting datalog/367 datalog/368 into:sstable1/3d6413bf-782c-4616-b834-71a00a42e165202605010110181777619423303195998.sst
2026-05-01 07:10:23:319 - Compaction completed: 
2966632:Task input_files: "datalog/143" input_files: "datalog/144" compactIntoNextLevel: true destinationLevel: 1 is dead (hb=30)
2966632:Found dead task input_files: "datalog/143" input_files: "datalog/144" compactIntoNextLevel: true destinationLevel: 1
2966632:COMPACT_START sstable=0 input_files: "datalog/143" input_files: "datalog/144" compactIntoNextLevel: true destinationLevel: 1
2026-05-01 07:10:23:400 - Compaction started: 
139843950483008:Compacting datalog/143 datalog/144 into:sstable1/3d6413bf-782c-4616-b834-71a00a42e165202605010110181777619423403829971.sst
2026-05-01 07:10:23:417 - Compaction completed: 
2966632:Task input_files: "datalog/145" input_files: "datalog/146" compactIntoNextLevel: true destinationLevel: 1 is dead (hb=30)
2966632:Found dead task input_files: "datalog/145" input_files: "datalog/146" compactIntoNextLevel: true destinationLevel: 1
2966632:COMPACT_START sstable=0 input_files: "datalog/145" input_files: "datalog/146" compactIntoNextLevel: true destinationLevel: 1
2026-05-01 07:10:23:502 - Compaction started: 
139843950483008:Compacting datalog/145 datalog/146 into:sstable1/3d6413bf-782c-4616-b834-71a00a42e165202605010110181777619423505739666.sst
2026-05-01 07:10:23:522 - Compaction completed: 
2966632:COMPACT_START sstable=0 input_files: "datalog/383" input_files: "datalog/384" compactIntoNextLevel: true destinationLevel: 1
2026-05-01 07:10:23:604 - Compaction started: 
139843950483008:Compacting datalog/383 datalog/384 into:sstable1/3d6413bf-782c-4616-b834-71a00a42e165202605010110181777619423607228853.sst
2026-05-01 07:10:23:622 - Compaction completed: 
2966632:COMPACT_START sstable=0 input_files: "datalog/391" input_files: "datalog/392" compactIntoNextLevel: true destinationLevel: 1
2026-05-01 07:10:23:705 - Compaction started: 
139843950483008:Compacting datalog/391 datalog/392 into:sstable1/3d6413bf-782c-4616-b834-71a00a42e165202605010110181777619423708544945.sst
2026-05-01 07:10:23:723 - Compaction completed: 
2966632:COMPACT_START sstable=0 input_files: "datalog/399" input_files: "datalog/400" compactIntoNextLevel: true destinationLevel: 1
2026-05-01 07:10:23:807 - Compaction started: 
139843950483008:Compacting datalog/399 datalog/400 into:sstable1/3d6413bf-782c-4616-b834-71a00a42e165202605010110181777619423810706462.sst
2026-05-01 07:10:23:826 - Compaction completed: 
2966632:COMPACT_START sstable=0 input_files: "datalog/407" input_files: "datalog/408" compactIntoNextLevel: true destinationLevel: 1
2026-05-01 07:10:23:908 - Compaction started: 
139843950483008:Compacting datalog/407 datalog/408 into:sstable1/3d6413bf-782c-4616-b834-71a00a42e165202605010110181777619423912266000.sst
2026-05-01 07:10:23:928 - Compaction completed: 
2966632:COMPACT_START sstable=0 input_files: "datalog/415" input_files: "datalog/416" compactIntoNextLevel: true destinationLevel: 1
2966632:COMPACT_ABORT input_files: "datalog/415" input_files: "datalog/416" compactIntoNextLevel: true destinationLevel: 1
2966632:Task input_files: "datalog/199" input_files: "datalog/200" compactIntoNextLevel: true destinationLevel: 1 is dead (hb=30)
2966632:Task input_files: "datalog/189" input_files: "datalog/190" compactIntoNextLevel: true destinationLevel: 1 is dead (hb=30)
2966632:Found dead task input_files: "datalog/189" input_files: "datalog/190" compactIntoNextLevel: true destinationLevel: 1
2966632:COMPACT_START sstable=0 input_files: "datalog/189" input_files: "datalog/190" compactIntoNextLevel: true destinationLevel: 1
2026-05-01 07:10:24:111 - Compaction started: 
139843950483008:Compacting datalog/189 datalog/190 into:sstable1/3d6413bf-782c-4616-b834-71a00a42e165202605010110181777619424114730790.sst
2026-05-01 07:10:24:131 - Compaction completed: 
2966632:COMPACT_START sstable=0 input_files: "datalog/427" input_files: "datalog/428" compactIntoNextLevel: true destinationLevel: 1
2026-05-01 07:10:24:212 - Compaction started: 
139843950483008:Compacting datalog/427 datalog/428 into:sstable1/3d6413bf-782c-4616-b834-71a00a42e165202605010110181777619424215998281.sst
2026-05-01 07:10:24:230 - Compaction completed: 
2966632:COMPACT_START sstable=0 input_files: "datalog/435" input_files: "datalog/436" compactIntoNextLevel: true destinationLevel: 1
2026-05-01 07:10:24:314 - Compaction started: 
139843950483008:Compacting datalog/435 datalog/436 into:sstable1/3d6413bf-782c-4616-b834-71a00a42e165202605010110181777619424317333880.sst
2026-05-01 07:10:24:332 - Compaction completed: 
2966632:COMPACT_START sstable=0 input_files: "datalog/441" input_files: "datalog/442" compactIntoNextLevel: true destinationLevel: 1
2026-05-01 07:10:24:415 - Compaction started: 
139843950483008:Compacting datalog/441 datalog/442 into:sstable1/3d6413bf-782c-4616-b834-71a00a42e165202605010110181777619424418948712.sst
2026-05-01 07:10:24:433 - Compaction completed: 
2966632:COMPACT_START sstable=0 input_files: "datalog/449" input_files: "datalog/450" compactIntoNextLevel: true destinationLevel: 1
2026-05-01 07:10:24:517 - Compaction started: 
139843950483008:Compacting datalog/449 datalog/450 into:sstable1/3d6413bf-782c-4616-b834-71a00a42e165202605010110181777619424520518489.sst
2026-05-01 07:10:24:535 - Compaction completed: 
2966632:COMPACT_START sstable=0 input_files: "datalog/457" input_files: "datalog/458" compactIntoNextLevel: true destinationLevel: 1
2026-05-01 07:10:24:619 - Compaction started: 
139843950483008:Compacting datalog/457 datalog/458 into:sstable1/3d6413bf-782c-4616-b834-71a00a42e165202605010110181777619424622142529.sst
2026-05-01 07:10:24:636 - Compaction completed: 
2966632:COMPACT_START sstable=0 input_files: "datalog/465" input_files: "datalog/466" compactIntoNextLevel: true destinationLevel: 1
2026-05-01 07:10:24:720 - Compaction started: 
139843950483008:Compacting datalog/465 datalog/466 into:sstable1/3d6413bf-782c-4616-b834-71a00a42e165202605010110181777619424723954611.sst
2026-05-01 07:10:24:738 - Compaction completed: 
2966632:COMPACT_START sstable=0 input_files: "datalog/473" input_files: "datalog/474" compactIntoNextLevel: true destinationLevel: 1
2026-05-01 07:10:24:822 - Compaction started: 
139843950483008:Compacting datalog/473 datalog/474 into:sstable1/3d6413bf-782c-4616-b834-71a00a42e165202605010110181777619424825555046.sst
2026-05-01 07:10:24:840 - Compaction completed: 
2966632:COMPACT_START sstable=0 input_files: "datalog/481" input_files: "datalog/482" compactIntoNextLevel: true destinationLevel: 1
2026-05-01 07:10:24:924 - Compaction started: 
139843950483008:Compacting datalog/481 datalog/482 into:sstable1/3d6413bf-782c-4616-b834-71a00a42e165202605010110181777619424927619170.sst
2026-05-01 07:10:24:942 - Compaction completed: 
2966632:COMPACT_START sstable=0 input_files: "datalog/489" input_files: "datalog/490" compactIntoNextLevel: true destinationLevel: 1
2966632:COMPACT_ABORT input_files: "datalog/489" input_files: "datalog/490" compactIntoNextLevel: true destinationLevel: 1
2966632:COMPACT_START sstable=0 input_files: "datalog/495" input_files: "datalog/496" compactIntoNextLevel: true destinationLevel: 1
2026-05-01 07:10:25:127 - Compaction started: 
139843950483008:Compacting datalog/495 datalog/496 into:sstable1/3d6413bf-782c-4616-b834-71a00a42e165202605010110181777619425130455176.sst
2026-05-01 07:10:25:145 - Compaction completed: 
2966632:Task input_files: "datalog/281" input_files: "datalog/282" compactIntoNextLevel: true destinationLevel: 1 is dead (hb=30)
2966632:Found dead task input_files: "datalog/281" input_files: "datalog/282" compactIntoNextLevel: true destinationLevel: 1
2966632:COMPACT_START sstable=0 input_files: "datalog/281" input_files: "datalog/282" compactIntoNextLevel: true destinationLevel: 1
2026-05-01 07:10:25:228 - Compaction started: 
139843950483008:Compacting datalog/281 datalog/282 into:sstable1/3d6413bf-782c-4616-b834-71a00a42e165202605010110181777619425231800744.sst
2026-05-01 07:10:25:247 - Compaction completed: 
2966632:COMPACT_START sstable=0 input_files: "datalog/507" input_files: "datalog/508" compactIntoNextLevel: true destinationLevel: 1
2026-05-01 07:10:25:330 - Compaction started: 
139843950483008:Compacting datalog/507 datalog/508 into:sstable1/3d6413bf-782c-4616-b834-71a00a42e165202605010110181777619425333087390.sst
2026-05-01 07:10:25:347 - Compaction completed: 
2966632:COMPACT_START sstable=0 input_files: "datalog/515" input_files: "datalog/516" compactIntoNextLevel: true destinationLevel: 1
2026-05-01 07:10:25:432 - Compaction started: 
139843950483008:Compacting datalog/515 datalog/516 into:sstable1/3d6413bf-782c-4616-b834-71a00a42e165202605010110181777619425434655465.sst
2026-05-01 07:10:25:448 - Compaction completed: 
2966632:COMPACT_START sstable=0 input_files: "datalog/523" input_files: "datalog/524" compactIntoNextLevel: true destinationLevel: 1
2026-05-01 07:10:25:534 - Compaction started: 
139843950483008:Compacting datalog/523 datalog/524 into:sstable1/3d6413bf-782c-4616-b834-71a00a42e165202605010110181777619425536690805.sst
2026-05-01 07:10:25:550 - Compaction completed: 
2966632:COMPACT_START sstable=0 input_files: "datalog/529" input_files: "datalog/530" compactIntoNextLevel: true destinationLevel: 1
2026-05-01 07:10:25:636 - Compaction started: 
139843950483008:Compacting datalog/529 datalog/530 into:sstable1/3d6413bf-782c-4616-b834-71a00a42e165202605010110181777619425638760059.sst
2026-05-01 07:10:25:652 - Compaction completed: 
2966632:COMPACT_START sstable=0 input_files: "datalog/537" input_files: "datalog/538" compactIntoNextLevel: true destinationLevel: 1
2966632:COMPACT_ABORT input_files: "datalog/537" input_files: "datalog/538" compactIntoNextLevel: true destinationLevel: 1
2966632:COMPACT_START sstable=0 input_files: "datalog/545" input_files: "datalog/546" compactIntoNextLevel: true destinationLevel: 1
2026-05-01 07:10:25:838 - Compaction started: 
139843950483008:Compacting datalog/545 datalog/546 into:sstable1/3d6413bf-782c-4616-b834-71a00a42e165202605010110181777619425842407717.sst
2026-05-01 07:10:25:858 - Compaction completed: 
2966632:COMPACT_START sstable=0 input_files: "datalog/553" input_files: "datalog/554" compactIntoNextLevel: true destinationLevel: 1
2026-05-01 07:10:25:940 - Compaction started: 
139843950483008:Compacting datalog/553 datalog/554 into:sstable1/3d6413bf-782c-4616-b834-71a00a42e165202605010110181777619425943964300.sst
2026-05-01 07:10:25:958 - Compaction completed: 
2966632:COMPACT_START sstable=0 input_files: "datalog/559" input_files: "datalog/560" compactIntoNextLevel: true destinationLevel: 1
2966632:COMPACT_ABORT input_files: "datalog/559" input_files: "datalog/560" compactIntoNextLevel: true destinationLevel: 1
2966632:COMPACT_START sstable=0 input_files: "datalog/567" input_files: "datalog/568" compactIntoNextLevel: true destinationLevel: 1
2026-05-01 07:10:26:144 - Compaction started: 
139843950483008:Compacting datalog/567 datalog/568 into:sstable1/3d6413bf-782c-4616-b834-71a00a42e165202605010110181777619426147444043.sst
2026-05-01 07:10:26:162 - Compaction completed: 
2966632:COMPACT_START sstable=0 input_files: "datalog/575" input_files: "datalog/576" compactIntoNextLevel: true destinationLevel: 1
2026-05-01 07:10:26:246 - Compaction started: 
139843950483008:Compacting datalog/575 datalog/576 into:sstable1/3d6413bf-782c-4616-b834-71a00a42e165202605010110181777619426249444187.sst
2026-05-01 07:10:26:264 - Compaction completed: 
2966632:COMPACT_START sstable=0 input_files: "datalog/583" input_files: "datalog/584" compactIntoNextLevel: true destinationLevel: 1
2026-05-01 07:10:26:348 - Compaction started: 
139843950483008:Compacting datalog/583 datalog/584 into:sstable1/3d6413bf-782c-4616-b834-71a00a42e165202605010110181777619426351190255.sst
2026-05-01 07:10:26:365 - Compaction completed: 
2966632:COMPACT_START sstable=0 input_files: "datalog/591" input_files: "datalog/592" compactIntoNextLevel: true destinationLevel: 1
2026-05-01 07:10:26:450 - Compaction started: 
139843950483008:Compacting datalog/591 datalog/592 into:sstable1/3d6413bf-782c-4616-b834-71a00a42e165202605010110181777619426452907610.sst
2026-05-01 07:10:26:467 - Compaction completed: 
2966632:COMPACT_START sstable=0 input_files: "datalog/599" input_files: "datalog/600" compactIntoNextLevel: true destinationLevel: 1
2966632:COMPACT_ABORT input_files: "datalog/599" input_files: "datalog/600" compactIntoNextLevel: true destinationLevel: 1
2966632:COMPACT_START sstable=0 input_files: "datalog/607" input_files: "datalog/608" compactIntoNextLevel: true destinationLevel: 1
2026-05-01 07:10:26:655 - Compaction started: 
139843950483008:Compacting datalog/607 datalog/608 into:sstable1/3d6413bf-782c-4616-b834-71a00a42e165202605010110181777619426659219311.sst
2026-05-01 07:10:26:674 - Compaction completed: 
2966632:COMPACT_START sstable=0 input_files: "datalog/613" input_files: "datalog/614" compactIntoNextLevel: true destinationLevel: 1
2026-05-01 07:10:26:758 - Compaction started: 
139843950483008:Compacting datalog/613 datalog/614 into:sstable1/3d6413bf-782c-4616-b834-71a00a42e165202605010110181777619426761201963.sst
2026-05-01 07:10:26:774 - Compaction completed: 
2966632:COMPACT_START sstable=0 input_files: "datalog/621" input_files: "datalog/622" compactIntoNextLevel: true destinationLevel: 1
2026-05-01 07:10:26:860 - Compaction started: 
139843950483008:Compacting datalog/621 datalog/622 into:sstable1/3d6413bf-782c-4616-b834-71a00a42e165202605010110181777619426864090854.sst
2026-05-01 07:10:26:882 - Compaction completed: 
2966632:COMPACT_START sstable=0 input_files: "datalog/629" input_files: "datalog/630" compactIntoNextLevel: true destinationLevel: 1
2966632:COMPACT_ABORT input_files: "datalog/629" input_files: "datalog/630" compactIntoNextLevel: true destinationLevel: 1
2966632:COMPACT_START sstable=0 input_files: "datalog/637" input_files: "datalog/638" compactIntoNextLevel: true destinationLevel: 1
2026-05-01 07:10:27:064 - Compaction started: 
139843950483008:Compacting datalog/637 datalog/638 into:sstable1/3d6413bf-782c-4616-b834-71a00a42e165202605010110181777619427067790990.sst
2026-05-01 07:10:27:082 - Compaction completed: 
2966632:COMPACT_START sstable=0 input_files: "datalog/643" input_files: "datalog/644" compactIntoNextLevel: true destinationLevel: 1
2026-05-01 07:10:27:167 - Compaction started: 
139843950483008:Compacting datalog/643 datalog/644 into:sstable1/3d6413bf-782c-4616-b834-71a00a42e165202605010110181777619427171400361.sst
2026-05-01 07:10:27:185 - Compaction completed: 
2966632:COMPACT_START sstable=0 input_files: "datalog/651" input_files: "datalog/652" compactIntoNextLevel: true destinationLevel: 1
2026-05-01 07:10:27:269 - Compaction started: 
139843950483008:Compacting datalog/651 datalog/652 into:sstable1/3d6413bf-782c-4616-b834-71a00a42e165202605010110181777619427272659907.sst
2026-05-01 07:10:27:286 - Compaction completed: 
2966632:COMPACT_START sstable=0 input_files: "datalog/659" input_files: "datalog/660" compactIntoNextLevel: true destinationLevel: 1
2026-05-01 07:10:27:371 - Compaction started: 
139843950483008:Compacting datalog/659 datalog/660 into:sstable1/3d6413bf-782c-4616-b834-71a00a42e165202605010110181777619427374450288.sst
2026-05-01 07:10:27:388 - Compaction completed: 
2966632:COMPACT_START sstable=0 input_files: "datalog/667" input_files: "datalog/668" compactIntoNextLevel: true destinationLevel: 1
2026-05-01 07:10:27:474 - Compaction started: 
139843950483008:Compacting datalog/667 datalog/668 into:sstable1/3d6413bf-782c-4616-b834-71a00a42e165202605010110181777619427476908812.sst
2026-05-01 07:10:27:490 - Compaction completed: 
2966632:COMPACT_START sstable=0 input_files: "datalog/675" input_files: "datalog/676" compactIntoNextLevel: true destinationLevel: 1
2026-05-01 07:10:27:576 - Compaction started: 
139843950483008:Compacting datalog/675 datalog/676 into:sstable1/3d6413bf-782c-4616-b834-71a00a42e165202605010110181777619427579478233.sst
2026-05-01 07:10:27:593 - Compaction completed: 
2966632:COMPACT_START sstable=0 input_files: "datalog/683" input_files: "datalog/684" compactIntoNextLevel: true destinationLevel: 1
2026-05-01 07:10:27:679 - Compaction started: 
139843950483008:Compacting datalog/683 datalog/684 into:sstable1/3d6413bf-782c-4616-b834-71a00a42e165202605010110181777619427682134527.sst
2026-05-01 07:10:27:696 - Compaction completed: 
2966632:COMPACT_START sstable=0 input_files: "datalog/691" input_files: "datalog/692" compactIntoNextLevel: true destinationLevel: 1
2026-05-01 07:10:27:780 - Compaction started: 
139843950483008:Compacting datalog/691 datalog/692 into:sstable1/3d6413bf-782c-4616-b834-71a00a42e165202605010110181777619427783043126.sst
2026-05-01 07:10:27:796 - Compaction completed: 
2966632:COMPACT_START sstable=0 input_files: "datalog/699" input_files: "datalog/700" compactIntoNextLevel: true destinationLevel: 1
2026-05-01 07:10:27:881 - Compaction started: 
139843950483008:Compacting datalog/699 datalog/700 into:sstable1/3d6413bf-782c-4616-b834-71a00a42e165202605010110181777619427884694156.sst
2026-05-01 07:10:27:898 - Compaction completed: 
2966632:COMPACT_START sstable=0 input_files: "datalog/707" input_files: "datalog/708" compactIntoNextLevel: true destinationLevel: 1
2966632:COMPACT_ABORT input_files: "datalog/707" input_files: "datalog/708" compactIntoNextLevel: true destinationLevel: 1
2966632:COMPACT_START sstable=0 input_files: "datalog/715" input_files: "datalog/716" compactIntoNextLevel: true destinationLevel: 1
2026-05-01 07:10:28:084 - Compaction started: 
139843950483008:Compacting datalog/715 datalog/716 into:sstable1/3d6413bf-782c-4616-b834-71a00a42e165202605010110181777619428087217005.sst
2026-05-01 07:10:28:100 - Compaction completed: 
2966632:COMPACT_START sstable=0 input_files: "datalog/721" input_files: "datalog/722" compactIntoNextLevel: true destinationLevel: 1
2026-05-01 07:10:28:185 - Compaction started: 
139843950483008:Compacting datalog/721 datalog/722 into:sstable1/3d6413bf-782c-4616-b834-71a00a42e165202605010110181777619428188840433.sst
2026-05-01 07:10:28:202 - Compaction completed: 
2966632:COMPACT_START sstable=0 input_files: "datalog/727" input_files: "datalog/728" compactIntoNextLevel: true destinationLevel: 1
2026-05-01 07:10:28:287 - Compaction started: 
139843950483008:Compacting datalog/727 datalog/728 into:sstable1/3d6413bf-782c-4616-b834-71a00a42e165202605010110181777619428290074290.sst
2026-05-01 07:10:28:302 - Compaction completed: 
2966632:COMPACT_START sstable=0 input_files: "datalog/733" input_files: "datalog/734" compactIntoNextLevel: true destinationLevel: 1
2026-05-01 07:10:28:388 - Compaction started: 
139843950483008:Compacting datalog/733 datalog/734 into:sstable1/3d6413bf-782c-4616-b834-71a00a42e165202605010110181777619428391720702.sst
2026-05-01 07:10:28:404 - Compaction completed: 
2966632:COMPACT_START sstable=0 input_files: "datalog/741" input_files: "datalog/742" compactIntoNextLevel: true destinationLevel: 1
2026-05-01 07:10:28:490 - Compaction started: 
139843950483008:Compacting datalog/741 datalog/742 into:sstable1/3d6413bf-782c-4616-b834-71a00a42e165202605010110181777619428493039229.sst
2026-05-01 07:10:28:505 - Compaction completed: 
2966632:COMPACT_START sstable=0 input_files: "datalog/747" input_files: "datalog/748" compactIntoNextLevel: true destinationLevel: 1
2026-05-01 07:10:28:591 - Compaction started: 
139843950483008:Compacting datalog/747 datalog/748 into:sstable1/3d6413bf-782c-4616-b834-71a00a42e165202605010110181777619428594668868.sst
2026-05-01 07:10:28:607 - Compaction completed: 
2966632:COMPACT_START sstable=0 input_files: "datalog/755" input_files: "datalog/756" compactIntoNextLevel: true destinationLevel: 1
2966632:COMPACT_ABORT input_files: "datalog/755" input_files: "datalog/756" compactIntoNextLevel: true destinationLevel: 1
2966632:COMPACT_START sstable=0 input_files: "datalog/757" input_files: "datalog/758" compactIntoNextLevel: true destinationLevel: 1
2026-05-01 07:10:28:693 - Compaction started: 
139843950483008:Compacting datalog/757 datalog/758 into:sstable1/3d6413bf-782c-4616-b834-71a00a42e165202605010110181777619428696511027.sst
2026-05-01 07:10:28:709 - Compaction completed: 
2966632:Task input_files: "datalog/537" input_files: "datalog/538" compactIntoNextLevel: true destinationLevel: 1 is dead (hb=30)
2966632:Found dead task input_files: "datalog/537" input_files: "datalog/538" compactIntoNextLevel: true destinationLevel: 1
2966632:COMPACT_START sstable=0 input_files: "datalog/537" input_files: "datalog/538" compactIntoNextLevel: true destinationLevel: 1
2026-05-01 07:10:28:795 - Compaction started: 
139843950483008:Compacting datalog/537 datalog/538 into:sstable1/3d6413bf-782c-4616-b834-71a00a42e165202605010110181777619428798531980.sst
2026-05-01 07:10:28:813 - Compaction completed: 
2966632:COMPACT_START sstable=0 input_files: "datalog/771" input_files: "datalog/772" compactIntoNextLevel: true destinationLevel: 1
2026-05-01 07:10:28:897 - Compaction started: 
139843950483008:Compacting datalog/771 datalog/772 into:sstable1/3d6413bf-782c-4616-b834-71a00a42e165202605010110181777619428900407831.sst
2026-05-01 07:10:28:914 - Compaction completed: 
2966632:COMPACT_START sstable=0 input_files: "datalog/779" input_files: "datalog/780" compactIntoNextLevel: true destinationLevel: 1
2026-05-01 07:10:28:998 - Compaction started: 
139843950483008:Compacting datalog/779 datalog/780 into:sstable1/3d6413bf-782c-4616-b834-71a00a42e165202605010110181777619429001373416.sst
2026-05-01 07:10:29:013 - Compaction completed: 
2966632:Task input_files: "datalog/559" input_files: "datalog/560" compactIntoNextLevel: true destinationLevel: 1 is dead (hb=30)
2966632:Found dead task input_files: "datalog/559" input_files: "datalog/560" compactIntoNextLevel: true destinationLevel: 1
2966632:COMPACT_START sstable=0 input_files: "datalog/559" input_files: "datalog/560" compactIntoNextLevel: true destinationLevel: 1
2026-05-01 07:10:29:100 - Compaction started: 
139843950483008:Compacting datalog/559 datalog/560 into:sstable1/3d6413bf-782c-4616-b834-71a00a42e165202605010110181777619429103435296.sst
2026-05-01 07:10:29:117 - Compaction completed: 
2966632:Task input_files: "datalog/121" input_files: "datalog/122" compactIntoNextLevel: true destinationLevel: 1 is dead (hb=30)
2966632:Found dead task input_files: "datalog/121" input_files: "datalog/122" compactIntoNextLevel: true destinationLevel: 1
2966632:COMPACT_START sstable=0 input_files: "datalog/121" input_files: "datalog/122" compactIntoNextLevel: true destinationLevel: 1
2026-05-01 07:10:29:201 - Compaction started: 
139843950483008:Compacting datalog/121 datalog/122 into:sstable1/3d6413bf-782c-4616-b834-71a00a42e165202605010110181777619429205413329.sst
2026-05-01 07:10:29:223 - Compaction completed: 
2966632:COMPACT_START sstable=0 input_files: "datalog/803" input_files: "datalog/804" compactIntoNextLevel: true destinationLevel: 1
2026-05-01 07:10:29:342 - Compaction started: 
139843950483008:Compacting datalog/803 datalog/804 into:sstable1/3d6413bf-782c-4616-b834-71a00a42e165202605010110181777619429344958908.sst
2026-05-01 07:10:29:357 - Compaction completed: 
2966632:COMPACT_START sstable=0 input_files: "datalog/811" input_files: "datalog/812" compactIntoNextLevel: true destinationLevel: 1
2026-05-01 07:10:29:444 - Compaction started: 
139843950483008:Compacting datalog/811 datalog/812 into:sstable1/3d6413bf-782c-4616-b834-71a00a42e165202605010110181777619429446501214.sst
2026-05-01 07:10:29:459 - Compaction completed: 
2966632:COMPACT_START sstable=0 input_files: "datalog/819" input_files: "datalog/820" compactIntoNextLevel: true destinationLevel: 1
2966632:COMPACT_ABORT input_files: "datalog/819" input_files: "datalog/820" compactIntoNextLevel: true destinationLevel: 1
2966632:COMPACT_START sstable=0 input_files: "datalog/821" input_files: "datalog/822" compactIntoNextLevel: true destinationLevel: 1
2026-05-01 07:10:29:545 - Compaction started: 
139843950483008:Compacting datalog/821 datalog/822 into:sstable1/3d6413bf-782c-4616-b834-71a00a42e165202605010110181777619429548810227.sst
2026-05-01 07:10:29:562 - Compaction completed: 
2966632:COMPACT_START sstable=0 input_files: "datalog/827" input_files: "datalog/828" compactIntoNextLevel: true destinationLevel: 1
2026-05-01 07:10:29:647 - Compaction started: 
139843950483008:Compacting datalog/827 datalog/828 into:sstable1/3d6413bf-782c-4616-b834-71a00a42e165202605010110181777619429650099660.sst
2026-05-01 07:10:29:662 - Compaction completed: 
2966632:COMPACT_START sstable=0 input_files: "datalog/835" input_files: "datalog/836" compactIntoNextLevel: true destinationLevel: 1
2026-05-01 07:10:29:748 - Compaction started: 
139843950483008:Compacting datalog/835 datalog/836 into:sstable1/3d6413bf-782c-4616-b834-71a00a42e165202605010110181777619429751341362.sst
2026-05-01 07:10:29:763 - Compaction completed: 
2966632:COMPACT_START sstable=0 input_files: "datalog/841" input_files: "datalog/842" compactIntoNextLevel: true destinationLevel: 1
2026-05-01 07:10:29:873 - Compaction started: 
139843950483008:Compacting datalog/841 datalog/842 into:sstable1/3d6413bf-782c-4616-b834-71a00a42e165202605010110181777619429875621113.sst
2026-05-01 07:10:29:888 - Compaction completed: 
2966632:COMPACT_START sstable=0 input_files: "datalog/849" input_files: "datalog/850" compactIntoNextLevel: true destinationLevel: 1
2026-05-01 07:10:29:974 - Compaction started: 
139843950483008:Compacting datalog/849 datalog/850 into:sstable1/3d6413bf-782c-4616-b834-71a00a42e165202605010110181777619429977530928.sst
2026-05-01 07:10:29:990 - Compaction completed: 
2966632:COMPACT_START sstable=0 input_files: "datalog/857" input_files: "datalog/858" compactIntoNextLevel: true destinationLevel: 1
2026-05-01 07:10:30:087 - Compaction started: 
139843950483008:Compacting datalog/857 datalog/858 into:sstable1/3d6413bf-782c-4616-b834-71a00a42e165202605010110181777619430089452211.sst
2026-05-01 07:10:30:102 - Compaction completed: 
2966632:COMPACT_START sstable=0 input_files: "datalog/867" input_files: "datalog/868" compactIntoNextLevel: true destinationLevel: 1
2026-05-01 07:10:30:188 - Compaction started: 
139843950483008:Compacting datalog/867 datalog/868 into:sstable1/3d6413bf-782c-4616-b834-71a00a42e165202605010110181777619430191102750.sst
2026-05-01 07:10:30:204 - Compaction completed: 
2966632:COMPACT_START sstable=1 input_files: "sstable1/3d6413bf-782c-4616-b834-71a00a42e165202605010110181777619418357157564.sst" input_files: "sstable1/81e1a06c-c47a-4804-9232-bcb002029fc6202605010110181777619418509661596.sst" compactIntoNextLevel: true destinationLevel: 2
2026-05-01 07:10:30:290 - Compaction started: 
139843950483008:Compacting sstable1/3d6413bf-782c-4616-b834-71a00a42e165202605010110181777619418357157564.sst sstable1/81e1a06c-c47a-4804-9232-bcb002029fc6202605010110181777619418509661596.sst into:sstable2/3d6413bf-782c-4616-b834-71a00a42e165202605010110181777619430315287793.sst
2026-05-01 07:10:30:351 - Compaction completed: 
2966632:COMPACT_START sstable=1 input_files: "sstable1/36c76661-a3aa-4e35-98d5-579249c66753202605010110181777619418790003008.sst" input_files: "sstable1/3d6413bf-782c-4616-b834-71a00a42e165202605010110181777619418702585711.sst" compactIntoNextLevel: true destinationLevel: 2
2026-05-01 07:10:30:392 - Compaction started: 
139843950483008:Compacting sstable1/36c76661-a3aa-4e35-98d5-579249c66753202605010110181777619418790003008.sst sstable1/3d6413bf-782c-4616-b834-71a00a42e165202605010110181777619418702585711.sst into:sstable2/3d6413bf-782c-4616-b834-71a00a42e165202605010110181777619430415988702.sst
2026-05-01 07:10:30:453 - Compaction completed: 
2966632:COMPACT_START sstable=1 input_files: "sstable1/d4f30eef-7cf6-4cea-b261-fa619257caa1202605010110181777619418962176202.sst" input_files: "sstable1/81e1a06c-c47a-4804-9232-bcb002029fc6202605010110181777619419054356257.sst" compactIntoNextLevel: true destinationLevel: 2
2026-05-01 07:10:30:494 - Compaction started: 
139843950483008:Compacting sstable1/d4f30eef-7cf6-4cea-b261-fa619257caa1202605010110181777619418962176202.sst sstable1/81e1a06c-c47a-4804-9232-bcb002029fc6202605010110181777619419054356257.sst into:sstable2/3d6413bf-782c-4616-b834-71a00a42e165202605010110181777619430518901297.sst
2026-05-01 07:10:30:558 - Compaction completed: 
2966632:COMPACT_START sstable=1 input_files: "sstable1/d4f30eef-7cf6-4cea-b261-fa619257caa1202605010110181777619419267329367.sst" input_files: "sstable1/3d6413bf-782c-4616-b834-71a00a42e165202605010110181777619419359588581.sst" compactIntoNextLevel: true destinationLevel: 2
2026-05-01 07:10:30:596 - Compaction started: 
139843950483008:Compacting sstable1/d4f30eef-7cf6-4cea-b261-fa619257caa1202605010110181777619419267329367.sst sstable1/3d6413bf-782c-4616-b834-71a00a42e165202605010110181777619419359588581.sst into:sstable2/3d6413bf-782c-4616-b834-71a00a42e165202605010110181777619430619744903.sst
2026-05-01 07:10:30:657 - Compaction completed: 
2966632:Task input_files: "datalog/677" input_files: "datalog/678" compactIntoNextLevel: true destinationLevel: 1 is dead (hb=30)
2966632:Found dead task input_files: "datalog/677" input_files: "datalog/678" compactIntoNextLevel: true destinationLevel: 1
2966632:COMPACT_START sstable=0 input_files: "datalog/677" input_files: "datalog/678" compactIntoNextLevel: true destinationLevel: 1
2026-05-01 07:10:30:697 - Compaction started: 
139843950483008:Compacting datalog/677 datalog/678 into:sstable1/3d6413bf-782c-4616-b834-71a00a42e165202605010110181777619430701084897.sst
2026-05-01 07:10:30:714 - Compaction completed: 
2966632:Task input_files: "datalog/687" input_files: "datalog/688" compactIntoNextLevel: true destinationLevel: 1 is dead (hb=30)
2966632:Found dead task input_files: "datalog/687" input_files: "datalog/688" compactIntoNextLevel: true destinationLevel: 1
2966632:COMPACT_START sstable=0 input_files: "datalog/687" input_files: "datalog/688" compactIntoNextLevel: true destinationLevel: 1
2026-05-01 07:10:30:802 - Compaction started: 
139843950483008:Compacting datalog/687 datalog/688 into:sstable1/3d6413bf-782c-4616-b834-71a00a42e165202605010110181777619430805283222.sst
2026-05-01 07:10:30:820 - Compaction completed: 
2966632:COMPACT_START sstable=1 input_files: "sstable1/36c76661-a3aa-4e35-98d5-579249c66753202605010110181777619419859020870.sst" input_files: "sstable1/d4f30eef-7cf6-4cea-b261-fa619257caa1202605010110181777619419877364278.sst" compactIntoNextLevel: true destinationLevel: 2
2026-05-01 07:10:30:918 - Compaction started: 
139843950483008:Compacting sstable1/36c76661-a3aa-4e35-98d5-579249c66753202605010110181777619419859020870.sst sstable1/d4f30eef-7cf6-4cea-b261-fa619257caa1202605010110181777619419877364278.sst into:sstable2/3d6413bf-782c-4616-b834-71a00a42e165202605010110181777619430942286786.sst
2026-05-01 07:10:30:982 - Compaction completed: 
2966632:Task input_files: "datalog/707" input_files: "datalog/708" compactIntoNextLevel: true destinationLevel: 1 is dead (hb=30)
2966632:Found dead task input_files: "datalog/707" input_files: "datalog/708" compactIntoNextLevel: true destinationLevel: 1
2966632:COMPACT_START sstable=0 input_files: "datalog/707" input_files: "datalog/708" compactIntoNextLevel: true destinationLevel: 1
2026-05-01 07:10:31:020 - Compaction started: 
139843950483008:Compacting datalog/707 datalog/708 into:sstable1/3d6413bf-782c-4616-b834-71a00a42e165202605010110181777619431022930083.sst
2026-05-01 07:10:31:037 - Compaction completed: 
2966632:COMPACT_START sstable=1 input_files: "sstable1/81e1a06c-c47a-4804-9232-bcb002029fc6202605010110181777619420201251793.sst" input_files: "sstable1/3d6413bf-782c-4616-b834-71a00a42e165202605010110181777619420221733128.sst" compactIntoNextLevel: true destinationLevel: 2
2026-05-01 07:10:31:133 - Compaction started: 
139843950483008:Compacting sstable1/81e1a06c-c47a-4804-9232-bcb002029fc6202605010110181777619420201251793.sst sstable1/3d6413bf-782c-4616-b834-71a00a42e165202605010110181777619420221733128.sst into:sstable2/3d6413bf-782c-4616-b834-71a00a42e165202605010110181777619431157369280.sst
2026-05-01 07:10:31:202 - Compaction completed: 
2966632:COMPACT_START sstable=1 input_files: "sstable1/81e1a06c-c47a-4804-9232-bcb002029fc6202605010110181777619420403898775.sst" input_files: "sstable1/3d6413bf-782c-4616-b834-71a00a42e165202605010110181777619423403829971.sst" compactIntoNextLevel: true destinationLevel: 2
2026-05-01 07:10:31:235 - Compaction started: 
139843950483008:Compacting sstable1/81e1a06c-c47a-4804-9232-bcb002029fc6202605010110181777619420403898775.sst sstable1/3d6413bf-782c-4616-b834-71a00a42e165202605010110181777619423403829971.sst into:sstable2/3d6413bf-782c-4616-b834-71a00a42e165202605010110181777619431255516511.sst
2026-05-01 07:10:31:286 - Compaction completed: 
2966632:COMPACT_START sstable=1 input_files: "sstable1/d4f30eef-7cf6-4cea-b261-fa619257caa1202605010110181777619420586696637.sst" input_files: "sstable1/81e1a06c-c47a-4804-9232-bcb002029fc6202605010110181777619420607323735.sst" compactIntoNextLevel: true destinationLevel: 2
2026-05-01 07:10:31:337 - Compaction started: 
139843950483008:Compacting sstable1/d4f30eef-7cf6-4cea-b261-fa619257caa1202605010110181777619420586696637.sst sstable1/81e1a06c-c47a-4804-9232-bcb002029fc6202605010110181777619420607323735.sst into:sstable2/3d6413bf-782c-4616-b834-71a00a42e165202605010110181777619431359004655.sst
2026-05-01 07:10:31:393 - Compaction completed: 
2966632:COMPACT_START sstable=1 input_files: "sstable1/d4f30eef-7cf6-4cea-b261-fa619257caa1202605010110181777619420790068177.sst" input_files: "sstable1/81e1a06c-c47a-4804-9232-bcb002029fc6202605010110181777619420811026937.sst" compactIntoNextLevel: true destinationLevel: 2
2966632:COMPACT_ABORT input_files: "sstable1/d4f30eef-7cf6-4cea-b261-fa619257caa1202605010110181777619420790068177.sst" input_files: "sstable1/81e1a06c-c47a-4804-9232-bcb002029fc6202605010110181777619420811026937.sst" compactIntoNextLevel: true destinationLevel: 2
2966632:COMPACT_START sstable=1 input_files: "sstable1/3d6413bf-782c-4616-b834-71a00a42e165202605010110181777619424114730790.sst" input_files: "sstable1/81e1a06c-c47a-4804-9232-bcb002029fc6202605010110181777619421014651071.sst" compactIntoNextLevel: true destinationLevel: 2
2026-05-01 07:10:31:541 - Compaction started: 
139843950483008:Compacting sstable1/3d6413bf-782c-4616-b834-71a00a42e165202605010110181777619424114730790.sst sstable1/81e1a06c-c47a-4804-9232-bcb002029fc6202605010110181777619421014651071.sst into:sstable2/3d6413bf-782c-4616-b834-71a00a42e165202605010110181777619431564622766.sst
2026-05-01 07:10:31:601 - Compaction completed: 
2966632:COMPACT_START sstable=1 input_files: "sstable1/36c76661-a3aa-4e35-98d5-579249c66753202605010110181777619421158744155.sst" input_files: "sstable1/d4f30eef-7cf6-4cea-b261-fa619257caa1202605010110181777619421198391469.sst" compactIntoNextLevel: true destinationLevel: 2
2026-05-01 07:10:31:642 - Compaction started: 
139843950483008:Compacting sstable1/36c76661-a3aa-4e35-98d5-579249c66753202605010110181777619421158744155.sst sstable1/d4f30eef-7cf6-4cea-b261-fa619257caa1202605010110181777619421198391469.sst into:sstable2/3d6413bf-782c-4616-b834-71a00a42e165202605010110181777619431669094945.sst
2026-05-01 07:10:31:717 - Compaction completed: 
2966632:COMPACT_START sstable=1 input_files: "sstable1/36c76661-a3aa-4e35-98d5-579249c66753202605010110181777619424336919326.sst" input_files: "sstable1/d4f30eef-7cf6-4cea-b261-fa619257caa1202605010110181777619421300654326.sst" compactIntoNextLevel: true destinationLevel: 2
2966632:COMPACT_ABORT input_files: "sstable1/36c76661-a3aa-4e35-98d5-579249c66753202605010110181777619424336919326.sst" input_files: "sstable1/d4f30eef-7cf6-4cea-b261-fa619257caa1202605010110181777619421300654326.sst" compactIntoNextLevel: true destinationLevel: 2
2966632:COMPACT_START sstable=1 input_files: "sstable1/36c76661-a3aa-4e35-98d5-579249c66753202605010110181777619421462615547.sst" input_files: "sstable1/d4f30eef-7cf6-4cea-b261-fa619257caa1202605010110181777619421502887973.sst" compactIntoNextLevel: true destinationLevel: 2
2026-05-01 07:10:31:847 - Compaction started: 
139843950483008:Compacting sstable1/36c76661-a3aa-4e35-98d5-579249c66753202605010110181777619421462615547.sst sstable1/d4f30eef-7cf6-4cea-b261-fa619257caa1202605010110181777619421502887973.sst into:sstable2/3d6413bf-782c-4616-b834-71a00a42e165202605010110181777619431871114491.sst
2026-05-01 07:10:31:908 - Compaction completed: 
2966632:COMPACT_START sstable=1 input_files: "sstable1/36c76661-a3aa-4e35-98d5-579249c66753202605010110181777619421675158139.sst" input_files: "sstable1/81e1a06c-c47a-4804-9232-bcb002029fc6202605010110181777619421728608630.sst" compactIntoNextLevel: true destinationLevel: 2
2026-05-01 07:10:31:950 - Compaction started: 
139843950483008:Compacting sstable1/36c76661-a3aa-4e35-98d5-579249c66753202605010110181777619421675158139.sst sstable1/81e1a06c-c47a-4804-9232-bcb002029fc6202605010110181777619421728608630.sst into:sstable2/3d6413bf-782c-4616-b834-71a00a42e165202605010110181777619431972679088.sst
2026-05-01 07:10:32:007 - Compaction completed: 
2966632:COMPACT_START sstable=1 input_files: "sstable1/d4f30eef-7cf6-4cea-b261-fa619257caa1202605010110181777619421911851617.sst" input_files: "sstable1/81e1a06c-c47a-4804-9232-bcb002029fc6202605010110181777619421934141161.sst" compactIntoNextLevel: true destinationLevel: 2
2026-05-01 07:10:32:052 - Compaction started: 
139843950483008:Compacting sstable1/d4f30eef-7cf6-4cea-b261-fa619257caa1202605010110181777619421911851617.sst sstable1/81e1a06c-c47a-4804-9232-bcb002029fc6202605010110181777619421934141161.sst into:sstable2/3d6413bf-782c-4616-b834-71a00a42e165202605010110181777619432074052578.sst
2026-05-01 07:10:32:107 - Compaction completed: 
2966632:COMPACT_START sstable=1 input_files: "sstable1/3d6413bf-782c-4616-b834-71a00a42e165202605010110181777619422070937647.sst" input_files: "sstable1/81e1a06c-c47a-4804-9232-bcb002029fc6202605010110181777619425194321293.sst" compactIntoNextLevel: true destinationLevel: 2
2026-05-01 07:10:32:156 - Compaction started: 
139843950483008:Compacting sstable1/3d6413bf-782c-4616-b834-71a00a42e165202605010110181777619422070937647.sst sstable1/81e1a06c-c47a-4804-9232-bcb002029fc6202605010110181777619425194321293.sst into:sstable2/3d6413bf-782c-4616-b834-71a00a42e165202605010110181777619432176007157.sst
2026-05-01 07:10:32:207 - Compaction completed: 
2966632:COMPACT_START sstable=1 input_files: "sstable1/3d6413bf-782c-4616-b834-71a00a42e165202605010110181777619422274847376.sst" input_files: "sstable1/36c76661-a3aa-4e35-98d5-579249c66753202605010110181777619422292487214.sst" compactIntoNextLevel: true destinationLevel: 2
2026-05-01 07:10:32:258 - Compaction started: 
139843950483008:Compacting sstable1/3d6413bf-782c-4616-b834-71a00a42e165202605010110181777619422274847376.sst sstable1/36c76661-a3aa-4e35-98d5-579249c66753202605010110181777619422292487214.sst into:sstable2/3d6413bf-782c-4616-b834-71a00a42e165202605010110181777619432280089956.sst
2026-05-01 07:10:32:313 - Compaction completed: 
2966632:COMPACT_START sstable=1 input_files: "sstable1/d4f30eef-7cf6-4cea-b261-fa619257caa1202605010110181777619422422595652.sst" input_files: "sstable1/81e1a06c-c47a-4804-9232-bcb002029fc6202605010110181777619422446070008.sst" compactIntoNextLevel: true destinationLevel: 2
2026-05-01 07:10:32:361 - Compaction started: 
139843950483008:Compacting sstable1/d4f30eef-7cf6-4cea-b261-fa619257caa1202605010110181777619422422595652.sst sstable1/81e1a06c-c47a-4804-9232-bcb002029fc6202605010110181777619422446070008.sst into:sstable2/3d6413bf-782c-4616-b834-71a00a42e165202605010110181777619432382186881.sst
2026-05-01 07:10:32:415 - Compaction completed: 
2966632:COMPACT_START sstable=1 input_files: "sstable1/81e1a06c-c47a-4804-9232-bcb002029fc6202605010110181777619422651062217.sst" input_files: "sstable1/3d6413bf-782c-4616-b834-71a00a42e165202605010110181777619422683289301.sst" compactIntoNextLevel: true destinationLevel: 2
2026-05-01 07:10:32:464 - Compaction started: 
139843950483008:Compacting sstable1/81e1a06c-c47a-4804-9232-bcb002029fc6202605010110181777619422651062217.sst sstable1/3d6413bf-782c-4616-b834-71a00a42e165202605010110181777619422683289301.sst into:sstable2/3d6413bf-782c-4616-b834-71a00a42e165202605010110181777619432485384170.sst
2026-05-01 07:10:32:518 - Compaction completed: 
2966632:COMPACT_START sstable=1 input_files: "sstable1/36c76661-a3aa-4e35-98d5-579249c66753202605010110181777619422810251160.sst" input_files: "sstable1/d4f30eef-7cf6-4cea-b261-fa619257caa1202605010110181777619422832493537.sst" compactIntoNextLevel: true destinationLevel: 2
2026-05-01 07:10:32:566 - Compaction started: 
139843950483008:Compacting sstable1/36c76661-a3aa-4e35-98d5-579249c66753202605010110181777619422810251160.sst sstable1/d4f30eef-7cf6-4cea-b261-fa619257caa1202605010110181777619422832493537.sst into:sstable2/3d6413bf-782c-4616-b834-71a00a42e165202605010110181777619432585391879.sst
2026-05-01 07:10:32:615 - Compaction completed: 
2966632:COMPACT_START sstable=1 input_files: "sstable1/36c76661-a3aa-4e35-98d5-579249c66753202605010110181777619423014647711.sst" input_files: "sstable1/d4f30eef-7cf6-4cea-b261-fa619257caa1202605010110181777619423036340307.sst" compactIntoNextLevel: true destinationLevel: 2
2026-05-01 07:10:32:668 - Compaction started: 
139843950483008:Compacting sstable1/36c76661-a3aa-4e35-98d5-579249c66753202605010110181777619423014647711.sst sstable1/d4f30eef-7cf6-4cea-b261-fa619257caa1202605010110181777619423036340307.sst into:sstable2/3d6413bf-782c-4616-b834-71a00a42e165202605010110181777619432688281451.sst
2026-05-01 07:10:32:718 - Compaction completed: 
2966632:COMPACT_START sstable=1 input_files: "sstable1/36c76661-a3aa-4e35-98d5-579249c66753202605010110181777619423219637595.sst" input_files: "sstable1/d4f30eef-7cf6-4cea-b261-fa619257caa1202605010110181777619423239575803.sst" compactIntoNextLevel: true destinationLevel: 2
2026-05-01 07:10:32:771 - Compaction started: 
139843950483008:Compacting sstable1/36c76661-a3aa-4e35-98d5-579249c66753202605010110181777619423219637595.sst sstable1/d4f30eef-7cf6-4cea-b261-fa619257caa1202605010110181777619423239575803.sst into:sstable2/3d6413bf-782c-4616-b834-71a00a42e165202605010110181777619432792233855.sst
2026-05-01 07:10:32:825 - Compaction completed: 
2966632:COMPACT_START sstable=1 input_files: "sstable1/d4f30eef-7cf6-4cea-b261-fa619257caa1202605010110181777619423442433199.sst" input_files: "sstable1/81e1a06c-c47a-4804-9232-bcb002029fc6202605010110181777619423468292817.sst" compactIntoNextLevel: true destinationLevel: 2
2026-05-01 07:10:32:874 - Compaction started: 
139843950483008:Compacting sstable1/d4f30eef-7cf6-4cea-b261-fa619257caa1202605010110181777619423442433199.sst sstable1/81e1a06c-c47a-4804-9232-bcb002029fc6202605010110181777619423468292817.sst into:sstable2/3d6413bf-782c-4616-b834-71a00a42e165202605010110181777619432893364109.sst
2026-05-01 07:10:32:923 - Compaction completed: 
2966632:COMPACT_START sstable=1 input_files: "sstable1/81e1a06c-c47a-4804-9232-bcb002029fc6202605010110181777619423671525596.sst" input_files: "sstable1/3d6413bf-782c-4616-b834-71a00a42e165202605010110181777619423708544945.sst" compactIntoNextLevel: true destinationLevel: 2
2026-05-01 07:10:32:976 - Compaction started: 
139843950483008:Compacting sstable1/81e1a06c-c47a-4804-9232-bcb002029fc6202605010110181777619423671525596.sst sstable1/3d6413bf-782c-4616-b834-71a00a42e165202605010110181777619423708544945.sst into:sstable2/3d6413bf-782c-4616-b834-71a00a42e165202605010110181777619432996713743.sst
2026-05-01 07:10:33:028 - Compaction completed: 
2966632:COMPACT_START sstable=1 input_files: "sstable1/81e1a06c-c47a-4804-9232-bcb002029fc6202605010110181777619423875091190.sst" input_files: "sstable1/3d6413bf-782c-4616-b834-71a00a42e165202605010110181777619423912266000.sst" compactIntoNextLevel: true destinationLevel: 2
2026-05-01 07:10:33:080 - Compaction started: 
139843950483008:Compacting sstable1/81e1a06c-c47a-4804-9232-bcb002029fc6202605010110181777619423875091190.sst sstable1/3d6413bf-782c-4616-b834-71a00a42e165202605010110181777619423912266000.sst into:sstable2/3d6413bf-782c-4616-b834-71a00a42e165202605010110181777619433100690332.sst
2026-05-01 07:10:33:133 - Compaction completed: 
2966632:COMPACT_START sstable=1 input_files: "sstable1/36c76661-a3aa-4e35-98d5-579249c66753202605010110181777619424032866003.sst" input_files: "sstable1/d4f30eef-7cf6-4cea-b261-fa619257caa1202605010110181777619424051841766.sst" compactIntoNextLevel: true destinationLevel: 2
2026-05-01 07:10:33:181 - Compaction started: 
139843950483008:Compacting sstable1/36c76661-a3aa-4e35-98d5-579249c66753202605010110181777619424032866003.sst sstable1/d4f30eef-7cf6-4cea-b261-fa619257caa1202605010110181777619424051841766.sst into:sstable2/3d6413bf-782c-4616-b834-71a00a42e165202605010110181777619433202582083.sst
2026-05-01 07:10:33:235 - Compaction completed: 
2966632:COMPACT_START sstable=1 input_files: "sstable1/81e1a06c-c47a-4804-9232-bcb002029fc6202605010110181777619424280763353.sst" input_files: "sstable1/3d6413bf-782c-4616-b834-71a00a42e165202605010110181777619424317333880.sst" compactIntoNextLevel: true destinationLevel: 2
2026-05-01 07:10:33:283 - Compaction started: 
139843950483008:Compacting sstable1/81e1a06c-c47a-4804-9232-bcb002029fc6202605010110181777619424280763353.sst sstable1/3d6413bf-782c-4616-b834-71a00a42e165202605010110181777619424317333880.sst into:sstable2/3d6413bf-782c-4616-b834-71a00a42e165202605010110181777619433301997994.sst
2026-05-01 07:10:33:331 - Compaction completed: 
2966632:COMPACT_START sstable=1 input_files: "sstable1/3d6413bf-782c-4616-b834-71a00a42e165202605010110181777619424520518489.sst" input_files: "sstable1/36c76661-a3aa-4e35-98d5-579249c66753202605010110181777619424539116183.sst" compactIntoNextLevel: true destinationLevel: 2
2966632:COMPACT_ABORT input_files: "sstable1/3d6413bf-782c-4616-b834-71a00a42e165202605010110181777619424520518489.sst" input_files: "sstable1/36c76661-a3aa-4e35-98d5-579249c66753202605010110181777619424539116183.sst" compactIntoNextLevel: true destinationLevel: 2
2966632:COMPACT_START sstable=1 input_files: "sstable1/3d6413bf-782c-4616-b834-71a00a42e165202605010110181777619424723954611.sst" input_files: "sstable1/36c76661-a3aa-4e35-98d5-579249c66753202605010110181777619424742474148.sst" compactIntoNextLevel: true destinationLevel: 2
2026-05-01 07:10:33:486 - Compaction started: 
139843950483008:Compacting sstable1/3d6413bf-782c-4616-b834-71a00a42e165202605010110181777619424723954611.sst sstable1/36c76661-a3aa-4e35-98d5-579249c66753202605010110181777619424742474148.sst into:sstable2/3d6413bf-782c-4616-b834-71a00a42e165202605010110181777619433504619908.sst
2026-05-01 07:10:33:533 - Compaction completed: 
2966632:COMPACT_START sstable=1 input_files: "sstable1/3d6413bf-782c-4616-b834-71a00a42e165202605010110181777619424927619170.sst" input_files: "sstable1/36c76661-a3aa-4e35-98d5-579249c66753202605010110181777619424945752133.sst" compactIntoNextLevel: true destinationLevel: 2
2966632:COMPACT_ABORT input_files: "sstable1/3d6413bf-782c-4616-b834-71a00a42e165202605010110181777619424927619170.sst" input_files: "sstable1/36c76661-a3aa-4e35-98d5-579249c66753202605010110181777619424945752133.sst" compactIntoNextLevel: true destinationLevel: 2
2966632:COMPACT_START sstable=1 input_files: "sstable1/36c76661-a3aa-4e35-98d5-579249c66753202605010110181777619428204478909.sst" input_files: "sstable1/d4f30eef-7cf6-4cea-b261-fa619257caa1202605010110181777619425168397826.sst" compactIntoNextLevel: true destinationLevel: 2
2026-05-01 07:10:33:689 - Compaction started: 
139843950483008:Compacting sstable1/36c76661-a3aa-4e35-98d5-579249c66753202605010110181777619428204478909.sst sstable1/d4f30eef-7cf6-4cea-b261-fa619257caa1202605010110181777619425168397826.sst into:sstable2/3d6413bf-782c-4616-b834-71a00a42e165202605010110181777619433707966862.sst
2026-05-01 07:10:33:737 - Compaction completed: 
2966632:COMPACT_START sstable=1 input_files: "sstable1/36c76661-a3aa-4e35-98d5-579249c66753202605010110181777619425351424396.sst" input_files: "sstable1/d4f30eef-7cf6-4cea-b261-fa619257caa1202605010110181777619425371292511.sst" compactIntoNextLevel: true destinationLevel: 2
2026-05-01 07:10:33:791 - Compaction started: 
139843950483008:Compacting sstable1/36c76661-a3aa-4e35-98d5-579249c66753202605010110181777619425351424396.sst sstable1/d4f30eef-7cf6-4cea-b261-fa619257caa1202605010110181777619425371292511.sst into:sstable2/3d6413bf-782c-4616-b834-71a00a42e165202605010110181777619433810726690.sst
2026-05-01 07:10:33:842 - Compaction completed: 
2966632:COMPACT_START sstable=1 input_files: "sstable1/3d6413bf-782c-4616-b834-71a00a42e165202605010110181777619425638760059.sst" input_files: "sstable1/36c76661-a3aa-4e35-98d5-579249c66753202605010110181777619425657705044.sst" compactIntoNextLevel: true destinationLevel: 2
2026-05-01 07:10:33:893 - Compaction started: 
139843950483008:Compacting sstable1/3d6413bf-782c-4616-b834-71a00a42e165202605010110181777619425638760059.sst sstable1/36c76661-a3aa-4e35-98d5-579249c66753202605010110181777619425657705044.sst into:sstable2/3d6413bf-782c-4616-b834-71a00a42e165202605010110181777619433912401234.sst
2026-05-01 07:10:33:941 - Compaction completed: 
2966632:COMPACT_START sstable=1 input_files: "sstable1/3d6413bf-782c-4616-b834-71a00a42e165202605010110181777619425842407717.sst" input_files: "sstable1/36c76661-a3aa-4e35-98d5-579249c66753202605010110181777619425859919786.sst" compactIntoNextLevel: true destinationLevel: 2
2026-05-01 07:10:33:994 - Compaction started: 
139843950483008:Compacting sstable1/3d6413bf-782c-4616-b834-71a00a42e165202605010110181777619425842407717.sst sstable1/36c76661-a3aa-4e35-98d5-579249c66753202605010110181777619425859919786.sst into:sstable2/3d6413bf-782c-4616-b834-71a00a42e165202605010110181777619434013554732.sst
2026-05-01 07:10:34:042 - Compaction completed: 
2966632:COMPACT_START sstable=1 input_files: "sstable1/36c76661-a3aa-4e35-98d5-579249c66753202605010110181777619426062960656.sst" input_files: "sstable1/d4f30eef-7cf6-4cea-b261-fa619257caa1202605010110181777619426081156918.sst" compactIntoNextLevel: true destinationLevel: 2
2026-05-01 07:10:34:096 - Compaction started: 
139843950483008:Compacting sstable1/36c76661-a3aa-4e35-98d5-579249c66753202605010110181777619426062960656.sst sstable1/d4f30eef-7cf6-4cea-b261-fa619257caa1202605010110181777619426081156918.sst into:sstable2/3d6413bf-782c-4616-b834-71a00a42e165202605010110181777619434115139387.sst
2026-05-01 07:10:34:144 - Compaction completed: 
2966632:COMPACT_START sstable=1 input_files: "sstable1/36c76661-a3aa-4e35-98d5-579249c66753202605010110181777619426266316046.sst" input_files: "sstable1/d4f30eef-7cf6-4cea-b261-fa619257caa1202605010110181777619426284159897.sst" compactIntoNextLevel: true destinationLevel: 2
2026-05-01 07:10:34:198 - Compaction started: 
139843950483008:Compacting sstable1/36c76661-a3aa-4e35-98d5-579249c66753202605010110181777619426266316046.sst sstable1/d4f30eef-7cf6-4cea-b261-fa619257caa1202605010110181777619426284159897.sst into:sstable2/3d6413bf-782c-4616-b834-71a00a42e165202605010110181777619434217126437.sst
2026-05-01 07:10:34:246 - Compaction completed: 
2966632:COMPACT_START sstable=1 input_files: "sstable1/36c76661-a3aa-4e35-98d5-579249c66753202605010110181777619426469311822.sst" input_files: "sstable1/d4f30eef-7cf6-4cea-b261-fa619257caa1202605010110181777619426487763342.sst" compactIntoNextLevel: true destinationLevel: 2
2026-05-01 07:10:34:300 - Compaction started: 
139843950483008:Compacting sstable1/36c76661-a3aa-4e35-98d5-579249c66753202605010110181777619426469311822.sst sstable1/d4f30eef-7cf6-4cea-b261-fa619257caa1202605010110181777619426487763342.sst into:sstable2/3d6413bf-782c-4616-b834-71a00a42e165202605010110181777619434320037119.sst
2026-05-01 07:10:34:350 - Compaction completed: 
2966632:COMPACT_START sstable=1 input_files: "sstable1/36c76661-a3aa-4e35-98d5-579249c66753202605010110181777619426571572154.sst" input_files: "sstable1/d4f30eef-7cf6-4cea-b261-fa619257caa1202605010110181777619426590840224.sst" compactIntoNextLevel: true destinationLevel: 2
2026-05-01 07:10:34:403 - Compaction started: 
139843950483008:Compacting sstable1/36c76661-a3aa-4e35-98d5-579249c66753202605010110181777619426571572154.sst sstable1/d4f30eef-7cf6-4cea-b261-fa619257caa1202605010110181777619426590840224.sst into:sstable2/3d6413bf-782c-4616-b834-71a00a42e165202605010110181777619434423190906.sst
2026-05-01 07:10:34:453 - Compaction completed: 
2966632:Task input_files: "sstable1/d4f30eef-7cf6-4cea-b261-fa619257caa1202605010110181777619420790068177.sst" input_files: "sstable1/81e1a06c-c47a-4804-9232-bcb002029fc6202605010110181777619420811026937.sst" compactIntoNextLevel: true destinationLevel: 2 is dead (hb=30)
2966632:Found dead task input_files: "sstable1/d4f30eef-7cf6-4cea-b261-fa619257caa1202605010110181777619420790068177.sst" input_files: "sstable1/81e1a06c-c47a-4804-9232-bcb002029fc6202605010110181777619420811026937.sst" compactIntoNextLevel: true destinationLevel: 2
2966632:COMPACT_START sstable=1 input_files: "sstable1/d4f30eef-7cf6-4cea-b261-fa619257caa1202605010110181777619420790068177.sst" input_files: "sstable1/81e1a06c-c47a-4804-9232-bcb002029fc6202605010110181777619420811026937.sst" compactIntoNextLevel: true destinationLevel: 2
2026-05-01 07:10:34:504 - Compaction started: 
139843950483008:Compacting sstable1/d4f30eef-7cf6-4cea-b261-fa619257caa1202605010110181777619420790068177.sst sstable1/81e1a06c-c47a-4804-9232-bcb002029fc6202605010110181777619420811026937.sst into:sstable2/3d6413bf-782c-4616-b834-71a00a42e165202605010110181777619434526076109.sst
2026-05-01 07:10:34:561 - Compaction completed: 
2966632:COMPACT_START sstable=1 input_files: "sstable1/36c76661-a3aa-4e35-98d5-579249c66753202605010110181777619430043458018.sst" input_files: "sstable1/36c76661-a3aa-4e35-98d5-579249c66753202605010110181777619426981116546.sst" compactIntoNextLevel: true destinationLevel: 2
2026-05-01 07:10:34:607 - Compaction started: 
139843950483008:Compacting sstable1/36c76661-a3aa-4e35-98d5-579249c66753202605010110181777619430043458018.sst sstable1/36c76661-a3aa-4e35-98d5-579249c66753202605010110181777619426981116546.sst into:sstable2/3d6413bf-782c-4616-b834-71a00a42e165202605010110181777619434626017203.sst
2026-05-01 07:10:34:655 - Compaction completed: 
2966632:COMPACT_START sstable=1 input_files: "sstable1/81e1a06c-c47a-4804-9232-bcb002029fc6202605010110181777619427136658552.sst" input_files: "sstable1/3d6413bf-782c-4616-b834-71a00a42e165202605010110181777619427171400361.sst" compactIntoNextLevel: true destinationLevel: 2
2026-05-01 07:10:34:709 - Compaction started: 
139843950483008:Compacting sstable1/81e1a06c-c47a-4804-9232-bcb002029fc6202605010110181777619427136658552.sst sstable1/3d6413bf-782c-4616-b834-71a00a42e165202605010110181777619427171400361.sst into:sstable2/3d6413bf-782c-4616-b834-71a00a42e165202605010110181777619434726694939.sst
2026-05-01 07:10:34:754 - Compaction completed: 
2966632:Task input_files: "sstable1/36c76661-a3aa-4e35-98d5-579249c66753202605010110181777619424336919326.sst" input_files: "sstable1/d4f30eef-7cf6-4cea-b261-fa619257caa1202605010110181777619421300654326.sst" compactIntoNextLevel: true destinationLevel: 2 is dead (hb=30)
2966632:Found dead task input_files: "sstable1/36c76661-a3aa-4e35-98d5-579249c66753202605010110181777619424336919326.sst" input_files: "sstable1/d4f30eef-7cf6-4cea-b261-fa619257caa1202605010110181777619421300654326.sst" compactIntoNextLevel: true destinationLevel: 2
2966632:COMPACT_START sstable=1 input_files: "sstable1/36c76661-a3aa-4e35-98d5-579249c66753202605010110181777619424336919326.sst" input_files: "sstable1/d4f30eef-7cf6-4cea-b261-fa619257caa1202605010110181777619421300654326.sst" compactIntoNextLevel: true destinationLevel: 2
2026-05-01 07:10:34:810 - Compaction started: 
139843950483008:Compacting sstable1/36c76661-a3aa-4e35-98d5-579249c66753202605010110181777619424336919326.sst sstable1/d4f30eef-7cf6-4cea-b261-fa619257caa1202605010110181777619421300654326.sst into:sstable2/3d6413bf-782c-4616-b834-71a00a42e165202605010110181777619434833839237.sst
2026-05-01 07:10:34:871 - Compaction completed: 
2966632:COMPACT_START sstable=1 input_files: "sstable1/36c76661-a3aa-4e35-98d5-579249c66753202605010110181777619427493119741.sst" input_files: "sstable1/d4f30eef-7cf6-4cea-b261-fa619257caa1202605010110181777619427514574281.sst" compactIntoNextLevel: true destinationLevel: 2
2026-05-01 07:10:34:912 - Compaction started: 
139843950483008:Compacting sstable1/36c76661-a3aa-4e35-98d5-579249c66753202605010110181777619427493119741.sst sstable1/d4f30eef-7cf6-4cea-b261-fa619257caa1202605010110181777619427514574281.sst into:sstable2/3d6413bf-782c-4616-b834-71a00a42e165202605010110181777619434930765008.sst
2026-05-01 07:10:34:959 - Compaction completed: 
2966632:COMPACT_START sstable=1 input_files: "sstable1/36c76661-a3aa-4e35-98d5-579249c66753202605010110181777619427697821745.sst" input_files: "sstable1/3d6413bf-782c-4616-b834-71a00a42e165202605010110181777619430805283222.sst" compactIntoNextLevel: true destinationLevel: 2
2026-05-01 07:10:35:014 - Compaction started: 
139843950483008:Compacting sstable1/36c76661-a3aa-4e35-98d5-579249c66753202605010110181777619427697821745.sst sstable1/3d6413bf-782c-4616-b834-71a00a42e165202605010110181777619430805283222.sst into:sstable2/3d6413bf-782c-4616-b834-71a00a42e165202605010110181777619435032085408.sst
2026-05-01 07:10:35:060 - Compaction completed: 
2966632:Task input_files: "sstable1/d4f30eef-7cf6-4cea-b261-fa619257caa1202605010110181777619421809306510.sst" input_files: "sstable1/81e1a06c-c47a-4804-9232-bcb002029fc6202605010110181777619421831426107.sst" compactIntoNextLevel: true destinationLevel: 2 is dead (hb=30)
2966632:Found dead task input_files: "sstable1/d4f30eef-7cf6-4cea-b261-fa619257caa1202605010110181777619421809306510.sst" input_files: "sstable1/81e1a06c-c47a-4804-9232-bcb002029fc6202605010110181777619421831426107.sst" compactIntoNextLevel: true destinationLevel: 2
2966632:COMPACT_START sstable=1 input_files: "sstable1/d4f30eef-7cf6-4cea-b261-fa619257caa1202605010110181777619421809306510.sst" input_files: "sstable1/81e1a06c-c47a-4804-9232-bcb002029fc6202605010110181777619421831426107.sst" compactIntoNextLevel: true destinationLevel: 2
2026-05-01 07:10:35:116 - Compaction started: 
139843950483008:Compacting sstable1/d4f30eef-7cf6-4cea-b261-fa619257caa1202605010110181777619421809306510.sst sstable1/81e1a06c-c47a-4804-9232-bcb002029fc6202605010110181777619421831426107.sst into:sstable2/3d6413bf-782c-4616-b834-71a00a42e165202605010110181777619435137290751.sst
2026-05-01 07:10:35:170 - Compaction completed: 
2966632:COMPACT_START sstable=1 input_files: "sstable1/81e1a06c-c47a-4804-9232-bcb002029fc6202605010110181777619428052541991.sst" input_files: "sstable1/3d6413bf-782c-4616-b834-71a00a42e165202605010110181777619428087217005.sst" compactIntoNextLevel: true destinationLevel: 2
2026-05-01 07:10:35:217 - Compaction started: 
139843950483008:Compacting sstable1/81e1a06c-c47a-4804-9232-bcb002029fc6202605010110181777619428052541991.sst sstable1/3d6413bf-782c-4616-b834-71a00a42e165202605010110181777619428087217005.sst into:sstable2/3d6413bf-782c-4616-b834-71a00a42e165202605010110181777619435234830624.sst
2026-05-01 07:10:35:263 - Compaction completed: 
2966632:Task input_files: "sstable1/d4f30eef-7cf6-4cea-b261-fa619257caa1202605010110181777619422116699434.sst" input_files: "sstable1/81e1a06c-c47a-4804-9232-bcb002029fc6202605010110181777619422138665974.sst" compactIntoNextLevel: true destinationLevel: 2 is dead (hb=30)
2966632:Found dead task input_files: "sstable1/d4f30eef-7cf6-4cea-b261-fa619257caa1202605010110181777619422116699434.sst" input_files: "sstable1/81e1a06c-c47a-4804-9232-bcb002029fc6202605010110181777619422138665974.sst" compactIntoNextLevel: true destinationLevel: 2
2966632:COMPACT_START sstable=1 input_files: "sstable1/d4f30eef-7cf6-4cea-b261-fa619257caa1202605010110181777619422116699434.sst" input_files: "sstable1/81e1a06c-c47a-4804-9232-bcb002029fc6202605010110181777619422138665974.sst" compactIntoNextLevel: true destinationLevel: 2
2026-05-01 07:10:35:319 - Compaction started: 
139843950483008:Compacting sstable1/d4f30eef-7cf6-4cea-b261-fa619257caa1202605010110181777619422116699434.sst sstable1/81e1a06c-c47a-4804-9232-bcb002029fc6202605010110181777619422138665974.sst into:sstable2/3d6413bf-782c-4616-b834-71a00a42e165202605010110181777619435339663398.sst
2026-05-01 07:10:35:372 - Compaction completed: 
2966632:COMPACT_START sstable=1 input_files: "sstable1/3d6413bf-782c-4616-b834-71a00a42e165202605010110181777619428493039229.sst" input_files: "sstable1/36c76661-a3aa-4e35-98d5-579249c66753202605010110181777619428508235175.sst" compactIntoNextLevel: true destinationLevel: 2
2026-05-01 07:10:35:421 - Compaction started: 
139843950483008:Compacting sstable1/3d6413bf-782c-4616-b834-71a00a42e165202605010110181777619428493039229.sst sstable1/36c76661-a3aa-4e35-98d5-579249c66753202605010110181777619428508235175.sst into:sstable2/3d6413bf-782c-4616-b834-71a00a42e165202605010110181777619435437892984.sst
2026-05-01 07:10:35:465 - Compaction completed: 
2966632:COMPACT_START sstable=1 input_files: "sstable1/3d6413bf-782c-4616-b834-71a00a42e165202605010110181777619428696511027.sst" input_files: "sstable1/36c76661-a3aa-4e35-98d5-579249c66753202605010110181777619428710791337.sst" compactIntoNextLevel: true destinationLevel: 2
2026-05-01 07:10:35:523 - Compaction started: 
139843950483008:Compacting sstable1/3d6413bf-782c-4616-b834-71a00a42e165202605010110181777619428696511027.sst sstable1/36c76661-a3aa-4e35-98d5-579249c66753202605010110181777619428710791337.sst into:sstable2/3d6413bf-782c-4616-b834-71a00a42e165202605010110181777619435540095759.sst
2026-05-01 07:10:35:565 - Compaction completed: 
2966632:COMPACT_START sstable=1 input_files: "sstable1/81e1a06c-c47a-4804-9232-bcb002029fc6202605010110181777619428965931305.sst" input_files: "sstable1/3d6413bf-782c-4616-b834-71a00a42e165202605010110181777619429001373416.sst" compactIntoNextLevel: true destinationLevel: 2
2026-05-01 07:10:35:625 - Compaction started: 
139843950483008:Compacting sstable1/81e1a06c-c47a-4804-9232-bcb002029fc6202605010110181777619428965931305.sst sstable1/3d6413bf-782c-4616-b834-71a00a42e165202605010110181777619429001373416.sst into:sstable2/3d6413bf-782c-4616-b834-71a00a42e165202605010110181777619435641465090.sst
2026-05-01 07:10:35:666 - Compaction completed: 
2966632:Task input_files: "sstable1/81e1a06c-c47a-4804-9232-bcb002029fc6202605010110181777619422855938227.sst" input_files: "sstable1/3d6413bf-782c-4616-b834-71a00a42e165202605010110181777619422889771152.sst" compactIntoNextLevel: true destinationLevel: 2 is dead (hb=30)
2966632:Found dead task input_files: "sstable1/81e1a06c-c47a-4804-9232-bcb002029fc6202605010110181777619422855938227.sst" input_files: "sstable1/3d6413bf-782c-4616-b834-71a00a42e165202605010110181777619422889771152.sst" compactIntoNextLevel: true destinationLevel: 2
2966632:COMPACT_START sstable=1 input_files: "sstable1/81e1a06c-c47a-4804-9232-bcb002029fc6202605010110181777619422855938227.sst" input_files: "sstable1/3d6413bf-782c-4616-b834-71a00a42e165202605010110181777619422889771152.sst" compactIntoNextLevel: true destinationLevel: 2
2966632:COMPACT_ABORT input_files: "sstable1/81e1a06c-c47a-4804-9232-bcb002029fc6202605010110181777619422855938227.sst" input_files: "sstable1/3d6413bf-782c-4616-b834-71a00a42e165202605010110181777619422889771152.sst" compactIntoNextLevel: true destinationLevel: 2
2966632:COMPACT_START sstable=1 input_files: "sstable1/81e1a06c-c47a-4804-9232-bcb002029fc6202605010110181777619432330689833.sst" input_files: "sstable1/81e1a06c-c47a-4804-9232-bcb002029fc6202605010110181777619429372349606.sst" compactIntoNextLevel: true destinationLevel: 2
2026-05-01 07:10:35:828 - Compaction started: 
139843950483008:Compacting sstable1/81e1a06c-c47a-4804-9232-bcb002029fc6202605010110181777619432330689833.sst sstable1/81e1a06c-c47a-4804-9232-bcb002029fc6202605010110181777619429372349606.sst into:sstable2/3d6413bf-782c-4616-b834-71a00a42e165202605010110181777619435844184127.sst
2026-05-01 07:10:35:871 - Compaction completed: 
2966632:COMPACT_START sstable=1 input_files: "sstable1/3d6413bf-782c-4616-b834-71a00a42e165202605010110181777619429548810227.sst" input_files: "sstable1/81e1a06c-c47a-4804-9232-bcb002029fc6202605010110181777619429576011120.sst" compactIntoNextLevel: true destinationLevel: 2
2026-05-01 07:10:35:930 - Compaction started: 
139843950483008:Compacting sstable1/3d6413bf-782c-4616-b834-71a00a42e165202605010110181777619429548810227.sst sstable1/81e1a06c-c47a-4804-9232-bcb002029fc6202605010110181777619429576011120.sst into:sstable2/3d6413bf-782c-4616-b834-71a00a42e165202605010110181777619435947963146.sst
2026-05-01 07:10:35:976 - Compaction completed: 
2966632:Task input_files: "sstable1/81e1a06c-c47a-4804-9232-bcb002029fc6202605010110181777619423569905324.sst" input_files: "sstable1/3d6413bf-782c-4616-b834-71a00a42e165202605010110181777619423607228853.sst" compactIntoNextLevel: true destinationLevel: 2 is dead (hb=30)
2966632:Found dead task input_files: "sstable1/81e1a06c-c47a-4804-9232-bcb002029fc6202605010110181777619423569905324.sst" input_files: "sstable1/3d6413bf-782c-4616-b834-71a00a42e165202605010110181777619423607228853.sst" compactIntoNextLevel: true destinationLevel: 2
2966632:COMPACT_START sstable=1 input_files: "sstable1/81e1a06c-c47a-4804-9232-bcb002029fc6202605010110181777619423569905324.sst" input_files: "sstable1/3d6413bf-782c-4616-b834-71a00a42e165202605010110181777619423607228853.sst" compactIntoNextLevel: true destinationLevel: 2
2026-05-01 07:10:36:032 - Compaction started: 
139843950483008:Compacting sstable1/81e1a06c-c47a-4804-9232-bcb002029fc6202605010110181777619423569905324.sst sstable1/3d6413bf-782c-4616-b834-71a00a42e165202605010110181777619423607228853.sst into:sstable2/3d6413bf-782c-4616-b834-71a00a42e165202605010110181777619436051706859.sst
2026-05-01 07:10:36:095 - Compaction completed: 
2966632:COMPACT_START sstable=1 input_files: "sstable1/3d6413bf-782c-4616-b834-71a00a42e165202605010110181777619429977530928.sst" input_files: "sstable1/81e1a06c-c47a-4804-9232-bcb002029fc6202605010110181777619429982865228.sst" compactIntoNextLevel: true destinationLevel: 2
2026-05-01 07:10:36:135 - Compaction started: 
139843950483008:Compacting sstable1/3d6413bf-782c-4616-b834-71a00a42e165202605010110181777619429977530928.sst sstable1/81e1a06c-c47a-4804-9232-bcb002029fc6202605010110181777619429982865228.sst into:sstable2/3d6413bf-782c-4616-b834-71a00a42e165202605010110181777619436152777571.sst
2026-05-01 07:10:36:180 - Compaction completed: 
2966632:COMPACT_START sstable=1 input_files: "sstable2/36c76661-a3aa-4e35-98d5-579249c66753202605010110181777619430378511025.sst" input_files: "sstable2/81e1a06c-c47a-4804-9232-bcb002029fc6202605010110181777619430415046445.sst" compactIntoNextLevel: false destinationLevel: 2
2026-05-01 07:10:36:240 - Compaction started: 
139843950483008:Compacting sstable2/36c76661-a3aa-4e35-98d5-579249c66753202605010110181777619430378511025.sst sstable2/81e1a06c-c47a-4804-9232-bcb002029fc6202605010110181777619430415046445.sst into:sstable2/0_3d6413bf-782c-4616-b834-71a00a42e165202605010110181777619436292818288.sst
2026-05-01 07:10:36:368 - Compaction completed: 
2966632:Task input_files: "sstable1/3d6413bf-782c-4616-b834-71a00a42e165202605010110181777619424520518489.sst" input_files: "sstable1/36c76661-a3aa-4e35-98d5-579249c66753202605010110181777619424539116183.sst" compactIntoNextLevel: true destinationLevel: 2 is dead (hb=30)
2966632:Found dead task input_files: "sstable1/3d6413bf-782c-4616-b834-71a00a42e165202605010110181777619424520518489.sst" input_files: "sstable1/36c76661-a3aa-4e35-98d5-579249c66753202605010110181777619424539116183.sst" compactIntoNextLevel: true destinationLevel: 2
2966632:COMPACT_START sstable=1 input_files: "sstable1/3d6413bf-782c-4616-b834-71a00a42e165202605010110181777619424520518489.sst" input_files: "sstable1/36c76661-a3aa-4e35-98d5-579249c66753202605010110181777619424539116183.sst" compactIntoNextLevel: true destinationLevel: 2
2026-05-01 07:10:36:444 - Compaction started: 
139843950483008:Compacting sstable1/3d6413bf-782c-4616-b834-71a00a42e165202605010110181777619424520518489.sst sstable1/36c76661-a3aa-4e35-98d5-579249c66753202605010110181777619424539116183.sst into:sstable2/3d6413bf-782c-4616-b834-71a00a42e165202605010110181777619436463979305.sst
2026-05-01 07:10:36:495 - Compaction completed: 
2966632:COMPACT_START sstable=1 input_files: "sstable2/3d6413bf-782c-4616-b834-71a00a42e165202605010110181777619430518901297.sst" input_files: "sstable2/d4f30eef-7cf6-4cea-b261-fa619257caa1202605010110181777619430583317024.sst" compactIntoNextLevel: false destinationLevel: 2
2026-05-01 07:10:36:548 - Compaction started: 
139843950483008:Compacting sstable2/3d6413bf-782c-4616-b834-71a00a42e165202605010110181777619430518901297.sst sstable2/d4f30eef-7cf6-4cea-b261-fa619257caa1202605010110181777619430583317024.sst into:sstable2/0_3d6413bf-782c-4616-b834-71a00a42e165202605010110181777619436601981660.sst
2026-05-01 07:10:36:687 - Compaction completed: 
2966632:Task input_files: "sstable1/d4f30eef-7cf6-4cea-b261-fa619257caa1202605010110181777619424965737048.sst" input_files: "sstable1/81e1a06c-c47a-4804-9232-bcb002029fc6202605010110181777619424991961700.sst" compactIntoNextLevel: true destinationLevel: 2 is dead (hb=30)
2966632:Found dead task input_files: "sstable1/d4f30eef-7cf6-4cea-b261-fa619257caa1202605010110181777619424965737048.sst" input_files: "sstable1/81e1a06c-c47a-4804-9232-bcb002029fc6202605010110181777619424991961700.sst" compactIntoNextLevel: true destinationLevel: 2
2966632:COMPACT_START sstable=1 input_files: "sstable1/d4f30eef-7cf6-4cea-b261-fa619257caa1202605010110181777619424965737048.sst" input_files: "sstable1/81e1a06c-c47a-4804-9232-bcb002029fc6202605010110181777619424991961700.sst" compactIntoNextLevel: true destinationLevel: 2
2966632:COMPACT_ABORT input_files: "sstable1/d4f30eef-7cf6-4cea-b261-fa619257caa1202605010110181777619424965737048.sst" input_files: "sstable1/81e1a06c-c47a-4804-9232-bcb002029fc6202605010110181777619424991961700.sst" compactIntoNextLevel: true destinationLevel: 2
2966632:COMPACT_START sstable=1 input_files: "sstable2/3d6413bf-782c-4616-b834-71a00a42e165202605010110181777619430619744903.sst" input_files: "sstable2/d4f30eef-7cf6-4cea-b261-fa619257caa1202605010110181777619430685079983.sst" compactIntoNextLevel: false destinationLevel: 2
2026-05-01 07:10:36:855 - Compaction started: 
139843950483008:Compacting sstable2/3d6413bf-782c-4616-b834-71a00a42e165202605010110181777619430619744903.sst sstable2/d4f30eef-7cf6-4cea-b261-fa619257caa1202605010110181777619430685079983.sst into:sstable2/0_3d6413bf-782c-4616-b834-71a00a42e165202605010110181777619436907806965.sst
2026-05-01 07:10:36:992 - Compaction completed: 
2966632:COMPACT_START sstable=1 input_files: "sstable2/0_81e1a06c-c47a-4804-9232-bcb002029fc6202605010110181777619436676361256.sst" input_files: "sstable2/0_3d6413bf-782c-4616-b834-71a00a42e165202605010110181777619436907806965.sst" compactIntoNextLevel: false destinationLevel: 2
2026-05-01 07:10:37:060 - Compaction started: 
139843950483008:Compacting sstable2/0_81e1a06c-c47a-4804-9232-bcb002029fc6202605010110181777619436676361256.sst sstable2/0_3d6413bf-782c-4616-b834-71a00a42e165202605010110181777619436907806965.sst into:sstable2/1_3d6413bf-782c-4616-b834-71a00a42e165202605010110181777619437165482035.sst
2026-05-01 07:10:37:330 - Compaction completed: 
2966632:COMPACT_START sstable=1 input_files: "sstable2/3d6413bf-782c-4616-b834-71a00a42e165202605010110181777619430942286786.sst" input_files: "sstable2/d4f30eef-7cf6-4cea-b261-fa619257caa1202605010110181777619430988895270.sst" compactIntoNextLevel: false destinationLevel: 2
2966632:COMPACT_ABORT input_files: "sstable2/3d6413bf-782c-4616-b834-71a00a42e165202605010110181777619430942286786.sst" input_files: "sstable2/d4f30eef-7cf6-4cea-b261-fa619257caa1202605010110181777619430988895270.sst" compactIntoNextLevel: false destinationLevel: 2
2966632:COMPACT_START sstable=1 input_files: "sstable2/1_d4f30eef-7cf6-4cea-b261-fa619257caa1202605010110181777619436898035026.sst" input_files: "sstable2/1_3d6413bf-782c-4616-b834-71a00a42e165202605010110181777619437165482035.sst" compactIntoNextLevel: false destinationLevel: 2
2966632:COMPACT_ABORT input_files: "sstable2/1_d4f30eef-7cf6-4cea-b261-fa619257caa1202605010110181777619436898035026.sst" input_files: "sstable2/1_3d6413bf-782c-4616-b834-71a00a42e165202605010110181777619437165482035.sst" compactIntoNextLevel: false destinationLevel: 2
2966632:COMPACT_START sstable=1 input_files: "sstable2/36c76661-a3aa-4e35-98d5-579249c66753202605010110181777619431004406228.sst" input_files: "sstable2/81e1a06c-c47a-4804-9232-bcb002029fc6202605010110181777619431023090113.sst" compactIntoNextLevel: false destinationLevel: 2
2026-05-01 07:10:37:475 - Compaction started: 
139843950483008:Compacting sstable2/36c76661-a3aa-4e35-98d5-579249c66753202605010110181777619431004406228.sst sstable2/81e1a06c-c47a-4804-9232-bcb002029fc6202605010110181777619431023090113.sst into:sstable2/0_3d6413bf-782c-4616-b834-71a00a42e165202605010110181777619437525259050.sst
2026-05-01 07:10:37:603 - Compaction completed: 
2966632:COMPACT_START sstable=1 input_files: "sstable2/81e1a06c-c47a-4804-9232-bcb002029fc6202605010110181777619437477205126.sst" input_files: "sstable2/3d6413bf-782c-4616-b834-71a00a42e165202605010110181777619431255516511.sst" compactIntoNextLevel: false destinationLevel: 2
2026-05-01 07:10:37:688 - Compaction started: 
139843950483008:Compacting sstable2/81e1a06c-c47a-4804-9232-bcb002029fc6202605010110181777619437477205126.sst sstable2/3d6413bf-782c-4616-b834-71a00a42e165202605010110181777619431255516511.sst into:sstable2/0_3d6413bf-782c-4616-b834-71a00a42e165202605010110181777619437733834616.sst
2026-05-01 07:10:37:810 - Compaction completed: 
2966632:COMPACT_START sstable=1 input_files: "sstable2/d4f30eef-7cf6-4cea-b261-fa619257caa1202605010110181777619431500550574.sst" input_files: "sstable2/36c76661-a3aa-4e35-98d5-579249c66753202605010110181777619431517426410.sst" compactIntoNextLevel: false destinationLevel: 2
2026-05-01 07:10:37:906 - Compaction started: 
139843950483008:Compacting sstable2/d4f30eef-7cf6-4cea-b261-fa619257caa1202605010110181777619431500550574.sst sstable2/36c76661-a3aa-4e35-98d5-579249c66753202605010110181777619431517426410.sst into:sstable2/0_3d6413bf-782c-4616-b834-71a00a42e165202605010110181777619437954023723.sst
2026-05-01 07:10:38:026 - Compaction completed: 
2966632:COMPACT_START sstable=1 input_files: "sstable2/81e1a06c-c47a-4804-9232-bcb002029fc6202605010110181777619431629086553.sst" input_files: "sstable2/3d6413bf-782c-4616-b834-71a00a42e165202605010110181777619431669094945.sst" compactIntoNextLevel: false destinationLevel: 2
2026-05-01 07:10:38:124 - Compaction started: 
139843950483008:Compacting sstable2/81e1a06c-c47a-4804-9232-bcb002029fc6202605010110181777619431629086553.sst sstable2/3d6413bf-782c-4616-b834-71a00a42e165202605010110181777619431669094945.sst into:sstable2/0_3d6413bf-782c-4616-b834-71a00a42e165202605010110181777619438172382749.sst
2026-05-01 07:10:38:247 - Compaction completed: 
2966632:Task input_files: "sstable1/36c76661-a3aa-4e35-98d5-579249c66753202605010110181777619427900402042.sst" input_files: "sstable1/d4f30eef-7cf6-4cea-b261-fa619257caa1202605010110181777619427920919926.sst" compactIntoNextLevel: true destinationLevel: 2 is dead (hb=30)
2966632:Found dead task input_files: "sstable1/36c76661-a3aa-4e35-98d5-579249c66753202605010110181777619427900402042.sst" input_files: "sstable1/d4f30eef-7cf6-4cea-b261-fa619257caa1202605010110181777619427920919926.sst" compactIntoNextLevel: true destinationLevel: 2
2966632:COMPACT_START sstable=1 input_files: "sstable1/36c76661-a3aa-4e35-98d5-579249c66753202605010110181777619427900402042.sst" input_files: "sstable1/d4f30eef-7cf6-4cea-b261-fa619257caa1202605010110181777619427920919926.sst" compactIntoNextLevel: true destinationLevel: 2
2026-05-01 07:10:38:327 - Compaction started: 
139843950483008:Compacting sstable1/36c76661-a3aa-4e35-98d5-579249c66753202605010110181777619427900402042.sst sstable1/d4f30eef-7cf6-4cea-b261-fa619257caa1202605010110181777619427920919926.sst into:sstable2/3d6413bf-782c-4616-b834-71a00a42e165202605010110181777619438345388414.sst
2026-05-01 07:10:38:373 - Compaction completed: 
2966632:COMPACT_START sstable=1 input_files: "sstable2/81e1a06c-c47a-4804-9232-bcb002029fc6202605010110181777619432039838789.sst" input_files: "sstable2/3d6413bf-782c-4616-b834-71a00a42e165202605010110181777619432074052578.sst" compactIntoNextLevel: false destinationLevel: 2
2026-05-01 07:10:38:453 - Compaction started: 
139843950483008:Compacting sstable2/81e1a06c-c47a-4804-9232-bcb002029fc6202605010110181777619432039838789.sst sstable2/3d6413bf-782c-4616-b834-71a00a42e165202605010110181777619432074052578.sst into:sstable2/0_3d6413bf-782c-4616-b834-71a00a42e165202605010110181777619438497406084.sst
2026-05-01 07:10:38:569 - Compaction completed: 
2966632:COMPACT_START sstable=1 input_files: "sstable2/36c76661-a3aa-4e35-98d5-579249c66753202605010110181777619432234926971.sst" input_files: "sstable2/81e1a06c-c47a-4804-9232-bcb002029fc6202605010110181777619432246680575.sst" compactIntoNextLevel: false destinationLevel: 2
2026-05-01 07:10:38:683 - Compaction started: 
139843950483008:Compacting sstable2/36c76661-a3aa-4e35-98d5-579249c66753202605010110181777619432234926971.sst sstable2/81e1a06c-c47a-4804-9232-bcb002029fc6202605010110181777619432246680575.sst into:sstable2/0_3d6413bf-782c-4616-b834-71a00a42e165202605010110181777619438728014503.sst
2026-05-01 07:10:38:798 - Compaction completed: 
2966632:COMPACT_START sstable=1 input_files: "sstable2/81e1a06c-c47a-4804-9232-bcb002029fc6202605010110181777619432452863766.sst" input_files: "sstable2/3d6413bf-782c-4616-b834-71a00a42e165202605010110181777619432485384170.sst" compactIntoNextLevel: false destinationLevel: 2
2026-05-01 07:10:38:916 - Compaction started: 
139843950483008:Compacting sstable2/81e1a06c-c47a-4804-9232-bcb002029fc6202605010110181777619432452863766.sst sstable2/3d6413bf-782c-4616-b834-71a00a42e165202605010110181777619432485384170.sst into:sstable2/0_3d6413bf-782c-4616-b834-71a00a42e165202605010110181777619438960855538.sst
2026-05-01 07:10:39:031 - Compaction completed: 
2966632:COMPACT_START sstable=1 input_files: "sstable2/3d6413bf-782c-4616-b834-71a00a42e165202605010110181777619432688281451.sst" input_files: "sstable2/d4f30eef-7cf6-4cea-b261-fa619257caa1202605010110181777619432738086498.sst" compactIntoNextLevel: false destinationLevel: 2
2026-05-01 07:10:39:154 - Compaction started: 
139843950483008:Compacting sstable2/3d6413bf-782c-4616-b834-71a00a42e165202605010110181777619432688281451.sst sstable2/d4f30eef-7cf6-4cea-b261-fa619257caa1202605010110181777619432738086498.sst into:sstable2/0_3d6413bf-782c-4616-b834-71a00a42e165202605010110181777619439196846227.sst
2026-05-01 07:10:39:263 - Compaction completed: 
2966632:COMPACT_START sstable=1 input_files: "sstable2/d4f30eef-7cf6-4cea-b261-fa619257caa1202605010110181777619432942126481.sst" input_files: "sstable2/3d6413bf-782c-4616-b834-71a00a42e165202605010110181777619436051706859.sst" compactIntoNextLevel: false destinationLevel: 2
2026-05-01 07:10:39:396 - Compaction started: 
139843950483008:Compacting sstable2/d4f30eef-7cf6-4cea-b261-fa619257caa1202605010110181777619432942126481.sst sstable2/3d6413bf-782c-4616-b834-71a00a42e165202605010110181777619436051706859.sst into:sstable2/0_3d6413bf-782c-4616-b834-71a00a42e165202605010110181777619439434942624.sst
2026-05-01 07:10:39:501 - Compaction completed: 
2966632:COMPACT_START sstable=1 input_files: "sstable2/36c76661-a3aa-4e35-98d5-579249c66753202605010110181777619433159084701.sst" input_files: "sstable2/81e1a06c-c47a-4804-9232-bcb002029fc6202605010110181777619433172681230.sst" compactIntoNextLevel: false destinationLevel: 2
2026-05-01 07:10:39:642 - Compaction started: 
139843950483008:Compacting sstable2/36c76661-a3aa-4e35-98d5-579249c66753202605010110181777619433159084701.sst sstable2/81e1a06c-c47a-4804-9232-bcb002029fc6202605010110181777619433172681230.sst into:sstable2/0_3d6413bf-782c-4616-b834-71a00a42e165202605010110181777619439684875059.sst
2026-05-01 07:10:39:752 - Compaction completed: 
2966632:Task input_files: "sstable1/d4f30eef-7cf6-4cea-b261-fa619257caa1202605010110181777619424965737048.sst" input_files: "sstable1/81e1a06c-c47a-4804-9232-bcb002029fc6202605010110181777619424991961700.sst" compactIntoNextLevel: true destinationLevel: 2 is dead (hb=30)
2966632:Found dead task input_files: "sstable1/d4f30eef-7cf6-4cea-b261-fa619257caa1202605010110181777619424965737048.sst" input_files: "sstable1/81e1a06c-c47a-4804-9232-bcb002029fc6202605010110181777619424991961700.sst" compactIntoNextLevel: true destinationLevel: 2
2966632:COMPACT_START sstable=1 input_files: "sstable1/d4f30eef-7cf6-4cea-b261-fa619257caa1202605010110181777619424965737048.sst" input_files: "sstable1/81e1a06c-c47a-4804-9232-bcb002029fc6202605010110181777619424991961700.sst" compactIntoNextLevel: true destinationLevel: 2
2026-05-01 07:10:39:845 - Compaction started: 
139843950483008:Compacting sstable1/d4f30eef-7cf6-4cea-b261-fa619257caa1202605010110181777619424965737048.sst sstable1/81e1a06c-c47a-4804-9232-bcb002029fc6202605010110181777619424991961700.sst into:sstable2/3d6413bf-782c-4616-b834-71a00a42e165202605010110181777619439864395938.sst
2026-05-01 07:10:39:918 - Compaction completed: 
2966632:COMPACT_START sstable=1 input_files: "sstable2/3d6413bf-782c-4616-b834-71a00a42e165202605010110181777619433504619908.sst" input_files: "sstable2/d4f30eef-7cf6-4cea-b261-fa619257caa1202605010110181777619433553103317.sst" compactIntoNextLevel: false destinationLevel: 2
2026-05-01 07:10:40:000 - Compaction started: 
139843950483008:Compacting sstable2/3d6413bf-782c-4616-b834-71a00a42e165202605010110181777619433504619908.sst sstable2/d4f30eef-7cf6-4cea-b261-fa619257caa1202605010110181777619433553103317.sst into:sstable2/0_3d6413bf-782c-4616-b834-71a00a42e165202605010110181777619440040518536.sst
2026-05-01 07:10:40:104 - Compaction completed: 
2966632:COMPACT_START sstable=1 input_files: "sstable2/36c76661-a3aa-4e35-98d5-579249c66753202605010110181777619433665903628.sst" input_files: "sstable2/81e1a06c-c47a-4804-9232-bcb002029fc6202605010110181777619433680040089.sst" compactIntoNextLevel: false destinationLevel: 2
2026-05-01 07:10:40:161 - Compaction started: 
139843950483008:Compacting sstable2/36c76661-a3aa-4e35-98d5-579249c66753202605010110181777619433665903628.sst sstable2/81e1a06c-c47a-4804-9232-bcb002029fc6202605010110181777619433680040089.sst into:sstable2/0_3d6413bf-782c-4616-b834-71a00a42e165202605010110181777619440202328212.sst
2026-05-01 07:10:40:268 - Compaction completed: 
2966632:Task input_files: "sstable2/1_d4f30eef-7cf6-4cea-b261-fa619257caa1202605010110181777619436898035026.sst" input_files: "sstable2/1_3d6413bf-782c-4616-b834-71a00a42e165202605010110181777619437165482035.sst" compactIntoNextLevel: false destinationLevel: 2 is dead (hb=30)
2966632:Task input_files: "sstable2/3d6413bf-782c-4616-b834-71a00a42e165202605010110181777619430942286786.sst" input_files: "sstable2/d4f30eef-7cf6-4cea-b261-fa619257caa1202605010110181777619430988895270.sst" compactIntoNextLevel: false destinationLevel: 2 is dead (hb=30)
2966632:Task input_files: "sstable2/36c76661-a3aa-4e35-98d5-579249c66753202605010110181777619430903564335.sst" input_files: "sstable2/81e1a06c-c47a-4804-9232-bcb002029fc6202605010110181777619430920307642.sst" compactIntoNextLevel: false destinationLevel: 2 is dead (hb=30)
2966632:COMPACT_START sstable=1 input_files: "sstable2/81e1a06c-c47a-4804-9232-bcb002029fc6202605010110181777619436955474746.sst" input_files: "sstable2/36c76661-a3aa-4e35-98d5-579249c66753202605010110181777619433868387985.sst" compactIntoNextLevel: false destinationLevel: 2
2026-05-01 07:10:40:424 - Compaction started: 
139843950483008:Compacting sstable2/81e1a06c-c47a-4804-9232-bcb002029fc6202605010110181777619436955474746.sst sstable2/36c76661-a3aa-4e35-98d5-579249c66753202605010110181777619433868387985.sst into:sstable2/0_3d6413bf-782c-4616-b834-71a00a42e165202605010110181777619440461185338.sst
2026-05-01 07:10:40:523 - Compaction completed: 
2966632:Found dead task input_files: "sstable2/3d6413bf-782c-4616-b834-71a00a42e165202605010110181777619430942286786.sst" input_files: "sstable2/d4f30eef-7cf6-4cea-b261-fa619257caa1202605010110181777619430988895270.sst" compactIntoNextLevel: false destinationLevel: 2
2966632:COMPACT_START sstable=1 input_files: "sstable2/3d6413bf-782c-4616-b834-71a00a42e165202605010110181777619430942286786.sst" input_files: "sstable2/d4f30eef-7cf6-4cea-b261-fa619257caa1202605010110181777619430988895270.sst" compactIntoNextLevel: false destinationLevel: 2
2026-05-01 07:10:40:526 - Compaction started: 
139843950483008:Compacting sstable2/3d6413bf-782c-4616-b834-71a00a42e165202605010110181777619430942286786.sst sstable2/d4f30eef-7cf6-4cea-b261-fa619257caa1202605010110181777619430988895270.sst into:sstable2/3d6413bf-782c-4616-b834-71a00a42e165202605010110181777619440575504085.sst
2026-05-01 07:10:40:652 - Compaction completed: 
2966632:COMPACT_START sstable=1 input_files: "sstable2/81e1a06c-c47a-4804-9232-bcb002029fc6202605010110181777619440519768811.sst" input_files: "sstable2/3d6413bf-782c-4616-b834-71a00a42e165202605010110181777619430942286786.sst" compactIntoNextLevel: false destinationLevel: 2
2026-05-01 07:10:40:732 - Compaction started: 
139843950483008:Compacting sstable2/81e1a06c-c47a-4804-9232-bcb002029fc6202605010110181777619440519768811.sst sstable2/3d6413bf-782c-4616-b834-71a00a42e165202605010110181777619430942286786.sst into:sstable2/0_3d6413bf-782c-4616-b834-71a00a42e165202605010110181777619440801896200.sst
2026-05-01 07:10:40:919 - Compaction completed: 
2966632:Task input_files: "sstable2/81e1a06c-c47a-4804-9232-bcb002029fc6202605010110181777619431323451104.sst" input_files: "sstable2/3d6413bf-782c-4616-b834-71a00a42e165202605010110181777619431359004655.sst" compactIntoNextLevel: false destinationLevel: 2 is dead (hb=31)
2966632:Found dead task input_files: "sstable2/81e1a06c-c47a-4804-9232-bcb002029fc6202605010110181777619431323451104.sst" input_files: "sstable2/3d6413bf-782c-4616-b834-71a00a42e165202605010110181777619431359004655.sst" compactIntoNextLevel: false destinationLevel: 2
2966632:COMPACT_START sstable=1 input_files: "sstable2/81e1a06c-c47a-4804-9232-bcb002029fc6202605010110181777619431323451104.sst" input_files: "sstable2/3d6413bf-782c-4616-b834-71a00a42e165202605010110181777619431359004655.sst" compactIntoNextLevel: false destinationLevel: 2
2026-05-01 07:10:40:936 - Compaction started: 
139843950483008:Compacting sstable2/81e1a06c-c47a-4804-9232-bcb002029fc6202605010110181777619431323451104.sst sstable2/3d6413bf-782c-4616-b834-71a00a42e165202605010110181777619431359004655.sst into:sstable2/3d6413bf-782c-4616-b834-71a00a42e165202605010110181777619440983181777.sst
2026-05-01 07:10:41:057 - Compaction completed: 
2966632:COMPACT_START sstable=1 input_files: "sstable2/0_d4f30eef-7cf6-4cea-b261-fa619257caa1202605010110181777619440957286863.sst" input_files: "sstable2/0_36c76661-a3aa-4e35-98d5-579249c66753202605010110181777619441047762273.sst" compactIntoNextLevel: false destinationLevel: 2
2026-05-01 07:10:41:255 - Compaction started: 
139843950483008:Compacting sstable2/0_d4f30eef-7cf6-4cea-b261-fa619257caa1202605010110181777619440957286863.sst sstable2/0_36c76661-a3aa-4e35-98d5-579249c66753202605010110181777619441047762273.sst into:sstable2/1_3d6413bf-782c-4616-b834-71a00a42e165202605010110181777619441353869155.sst
2026-05-01 07:10:41:506 - Compaction completed: 
2966632:COMPACT_START sstable=1 input_files: "sstable2/1_36c76661-a3aa-4e35-98d5-579249c66753202605010110181777619437417293984.sst" input_files: "sstable2/1_81e1a06c-c47a-4804-9232-bcb002029fc6202605010110181777619441105533614.sst" compactIntoNextLevel: false destinationLevel: 2
2026-05-01 07:10:41:562 - Compaction started: 
139843950483008:Compacting sstable2/1_36c76661-a3aa-4e35-98d5-579249c66753202605010110181777619437417293984.sst sstable2/1_81e1a06c-c47a-4804-9232-bcb002029fc6202605010110181777619441105533614.sst into:sstable2/2_3d6413bf-782c-4616-b834-71a00a42e165202605010110181777619441826630205.sst
2026-05-01 07:10:42:185 - Compaction completed: 
2966632:COMPACT_START sstable=1 input_files: "sstable2/3d6413bf-782c-4616-b834-71a00a42e165202605010110181777619431669094945.sst" input_files: "sstable2/d4f30eef-7cf6-4cea-b261-fa619257caa1202605010110181777619431717175950.sst" compactIntoNextLevel: false destinationLevel: 2
2026-05-01 07:10:42:281 - Compaction started: 
139843950483008:Compacting sstable2/3d6413bf-782c-4616-b834-71a00a42e165202605010110181777619431669094945.sst sstable2/d4f30eef-7cf6-4cea-b261-fa619257caa1202605010110181777619431717175950.sst into:sstable2/0_3d6413bf-782c-4616-b834-71a00a42e165202605010110181777619442332412178.sst
2026-05-01 07:10:42:411 - Compaction completed: 
2966632:COMPACT_START sstable=1 input_files: "sstable2/36c76661-a3aa-4e35-98d5-579249c66753202605010110181777619431928729869.sst" input_files: "sstable2/81e1a06c-c47a-4804-9232-bcb002029fc6202605010110181777619431937779384.sst" compactIntoNextLevel: false destinationLevel: 2
2026-05-01 07:10:42:497 - Compaction started: 
139843950483008:Compacting sstable2/36c76661-a3aa-4e35-98d5-579249c66753202605010110181777619431928729869.sst sstable2/81e1a06c-c47a-4804-9232-bcb002029fc6202605010110181777619431937779384.sst into:sstable2/0_3d6413bf-782c-4616-b834-71a00a42e165202605010110181777619442545574112.sst
2026-05-01 07:10:42:622 - Compaction completed: 
2966632:COMPACT_START sstable=1 input_files: "sstable2/36c76661-a3aa-4e35-98d5-579249c66753202605010110181777619432132180788.sst" input_files: "sstable2/3d6413bf-782c-4616-b834-71a00a42e165202605010110181777619432176007157.sst" compactIntoNextLevel: false destinationLevel: 2
2026-05-01 07:10:42:716 - Compaction started: 
139843950483008:Compacting sstable2/36c76661-a3aa-4e35-98d5-579249c66753202605010110181777619432132180788.sst sstable2/3d6413bf-782c-4616-b834-71a00a42e165202605010110181777619432176007157.sst into:sstable2/0_3d6413bf-782c-4616-b834-71a00a42e165202605010110181777619442761595656.sst
2026-05-01 07:10:42:833 - Compaction completed: 
2966632:COMPACT_START sstable=1 input_files: "sstable2/3d6413bf-782c-4616-b834-71a00a42e165202605010110181777619432382186881.sst" input_files: "sstable2/d4f30eef-7cf6-4cea-b261-fa619257caa1202605010110181777619432430986413.sst" compactIntoNextLevel: false destinationLevel: 2
2966632:COMPACT_ABORT input_files: "sstable2/3d6413bf-782c-4616-b834-71a00a42e165202605010110181777619432382186881.sst" input_files: "sstable2/d4f30eef-7cf6-4cea-b261-fa619257caa1202605010110181777619432430986413.sst" compactIntoNextLevel: false destinationLevel: 2
2966632:COMPACT_START sstable=1 input_files: "sstable2/36c76661-a3aa-4e35-98d5-579249c66753202605010110181777619432440881593.sst" input_files: "sstable2/81e1a06c-c47a-4804-9232-bcb002029fc6202605010110181777619432452863766.sst" compactIntoNextLevel: false destinationLevel: 2
2026-05-01 07:10:42:960 - Compaction started: 
139843950483008:Compacting sstable2/36c76661-a3aa-4e35-98d5-579249c66753202605010110181777619432440881593.sst sstable2/81e1a06c-c47a-4804-9232-bcb002029fc6202605010110181777619432452863766.sst into:sstable2/0_3d6413bf-782c-4616-b834-71a00a42e165202605010110181777619443006817952.sst
2026-05-01 07:10:43:079 - Compaction completed: 
2966632:COMPACT_START sstable=1 input_files: "sstable2/d4f30eef-7cf6-4cea-b261-fa619257caa1202605010110181777619432738086498.sst" input_files: "sstable2/36c76661-a3aa-4e35-98d5-579249c66753202605010110181777619432750819077.sst" compactIntoNextLevel: false destinationLevel: 2
2966632:COMPACT_ABORT input_files: "sstable2/d4f30eef-7cf6-4cea-b261-fa619257caa1202605010110181777619432738086498.sst" input_files: "sstable2/36c76661-a3aa-4e35-98d5-579249c66753202605010110181777619432750819077.sst" compactIntoNextLevel: false destinationLevel: 2
2966632:COMPACT_START sstable=1 input_files: "sstable2/36c76661-a3aa-4e35-98d5-579249c66753202605010110181777619432852896106.sst" input_files: "sstable2/81e1a06c-c47a-4804-9232-bcb002029fc6202605010110181777619432864339297.sst" compactIntoNextLevel: false destinationLevel: 2
2966632:COMPACT_ABORT input_files: "sstable2/36c76661-a3aa-4e35-98d5-579249c66753202605010110181777619432852896106.sst" input_files: "sstable2/81e1a06c-c47a-4804-9232-bcb002029fc6202605010110181777619432864339297.sst" compactIntoNextLevel: false destinationLevel: 2
2966632:COMPACT_START sstable=1 input_files: "sstable2/3d6413bf-782c-4616-b834-71a00a42e165202605010110181777619432893364109.sst" input_files: "sstable2/d4f30eef-7cf6-4cea-b261-fa619257caa1202605010110181777619432942126481.sst" compactIntoNextLevel: false destinationLevel: 2
2026-05-01 07:10:43:344 - Compaction started: 
139843950483008:Compacting sstable2/3d6413bf-782c-4616-b834-71a00a42e165202605010110181777619432893364109.sst sstable2/d4f30eef-7cf6-4cea-b261-fa619257caa1202605010110181777619432942126481.sst into:sstable2/0_3d6413bf-782c-4616-b834-71a00a42e165202605010110181777619443386185783.sst
2026-05-01 07:10:43:452 - Compaction completed: 
2966632:COMPACT_START sstable=1 input_files: "sstable2/3d6413bf-782c-4616-b834-71a00a42e165202605010110181777619433100690332.sst" input_files: "sstable2/36c76661-a3aa-4e35-98d5-579249c66753202605010110181777619433159084701.sst" compactIntoNextLevel: false destinationLevel: 2
2026-05-01 07:10:43:578 - Compaction started: 
139843950483008:Compacting sstable2/3d6413bf-782c-4616-b834-71a00a42e165202605010110181777619433100690332.sst sstable2/36c76661-a3aa-4e35-98d5-579249c66753202605010110181777619433159084701.sst into:sstable2/0_3d6413bf-782c-4616-b834-71a00a42e165202605010110181777619443624040927.sst
2026-05-01 07:10:43:696 - Compaction completed: 
2966632:COMPACT_START sstable=1 input_files: "sstable2/d4f30eef-7cf6-4cea-b261-fa619257caa1202605010110181777619433348402977.sst" input_files: "sstable2/36c76661-a3aa-4e35-98d5-579249c66753202605010110181777619433360895796.sst" compactIntoNextLevel: false destinationLevel: 2
2966632:COMPACT_ABORT input_files: "sstable2/d4f30eef-7cf6-4cea-b261-fa619257caa1202605010110181777619433348402977.sst" input_files: "sstable2/36c76661-a3aa-4e35-98d5-579249c66753202605010110181777619433360895796.sst" compactIntoNextLevel: false destinationLevel: 2
2966632:COMPACT_START sstable=1 input_files: "sstable2/d4f30eef-7cf6-4cea-b261-fa619257caa1202605010110181777619433450697493.sst" input_files: "sstable2/36c76661-a3aa-4e35-98d5-579249c66753202605010110181777619433462713468.sst" compactIntoNextLevel: false destinationLevel: 2
2026-05-01 07:10:43:959 - Compaction started: 
139843950483008:Compacting sstable2/d4f30eef-7cf6-4cea-b261-fa619257caa1202605010110181777619433450697493.sst sstable2/36c76661-a3aa-4e35-98d5-579249c66753202605010110181777619433462713468.sst into:sstable2/0_3d6413bf-782c-4616-b834-71a00a42e165202605010110181777619444000419033.sst
2026-05-01 07:10:44:066 - Compaction completed: 
2966632:COMPACT_START sstable=1 input_files: "sstable2/81e1a06c-c47a-4804-9232-bcb002029fc6202605010110181777619433577071810.sst" input_files: "sstable2/36c76661-a3aa-4e35-98d5-579249c66753202605010110181777619436723264173.sst" compactIntoNextLevel: false destinationLevel: 2
2026-05-01 07:10:44:202 - Compaction started: 
139843950483008:Compacting sstable2/81e1a06c-c47a-4804-9232-bcb002029fc6202605010110181777619433577071810.sst sstable2/36c76661-a3aa-4e35-98d5-579249c66753202605010110181777619436723264173.sst into:sstable2/0_3d6413bf-782c-4616-b834-71a00a42e165202605010110181777619444244002847.sst
2026-05-01 07:10:44:312 - Compaction completed: 
2966632:COMPACT_START sstable=1 input_files: "sstable2/3d6413bf-782c-4616-b834-71a00a42e165202605010110181777619433810726690.sst" input_files: "sstable2/81e1a06c-c47a-4804-9232-bcb002029fc6202605010110181777619436955474746.sst" compactIntoNextLevel: false destinationLevel: 2
2026-05-01 07:10:44:482 - Compaction started: 
139843950483008:Compacting sstable2/3d6413bf-782c-4616-b834-71a00a42e165202605010110181777619433810726690.sst sstable2/81e1a06c-c47a-4804-9232-bcb002029fc6202605010110181777619436955474746.sst into:sstable2/0_3d6413bf-782c-4616-b834-71a00a42e165202605010110181777619444522634843.sst
2026-05-01 07:10:44:587 - Compaction completed: 
2966632:Task input_files: "sstable2/3d6413bf-782c-4616-b834-71a00a42e165202605010110181777619431255516511.sst" input_files: "sstable2/d4f30eef-7cf6-4cea-b261-fa619257caa1202605010110181777619434367926163.sst" compactIntoNextLevel: false destinationLevel: 2 is dead (hb=30)
2966632:Found dead task input_files: "sstable2/3d6413bf-782c-4616-b834-71a00a42e165202605010110181777619431255516511.sst" input_files: "sstable2/d4f30eef-7cf6-4cea-b261-fa619257caa1202605010110181777619434367926163.sst" compactIntoNextLevel: false destinationLevel: 2
2966632:COMPACT_START sstable=1 input_files: "sstable2/3d6413bf-782c-4616-b834-71a00a42e165202605010110181777619431255516511.sst" input_files: "sstable2/d4f30eef-7cf6-4cea-b261-fa619257caa1202605010110181777619434367926163.sst" compactIntoNextLevel: false destinationLevel: 2
2966632:COMPACT_ABORT input_files: "sstable2/3d6413bf-782c-4616-b834-71a00a42e165202605010110181777619431255516511.sst" input_files: "sstable2/d4f30eef-7cf6-4cea-b261-fa619257caa1202605010110181777619434367926163.sst" compactIntoNextLevel: false destinationLevel: 2
2966632:COMPACT_START sstable=1 input_files: "sstable2/81e1a06c-c47a-4804-9232-bcb002029fc6202605010110181777619433985155794.sst" input_files: "sstable2/3d6413bf-782c-4616-b834-71a00a42e165202605010110181777619434013554732.sst" compactIntoNextLevel: false destinationLevel: 2
2026-05-01 07:10:44:655 - Compaction started: 
139843950483008:Compacting sstable2/81e1a06c-c47a-4804-9232-bcb002029fc6202605010110181777619433985155794.sst sstable2/3d6413bf-782c-4616-b834-71a00a42e165202605010110181777619434013554732.sst into:sstable2/0_3d6413bf-782c-4616-b834-71a00a42e165202605010110181777619444697110835.sst
2026-05-01 07:10:44:763 - Compaction completed: 
2966632:COMPACT_START sstable=1 input_files: "sstable2/81e1a06c-c47a-4804-9232-bcb002029fc6202605010110181777619434188852654.sst" input_files: "sstable2/3d6413bf-782c-4616-b834-71a00a42e165202605010110181777619434217126437.sst" compactIntoNextLevel: false destinationLevel: 2
2026-05-01 07:10:44:936 - Compaction started: 
139843950483008:Compacting sstable2/81e1a06c-c47a-4804-9232-bcb002029fc6202605010110181777619434188852654.sst sstable2/3d6413bf-782c-4616-b834-71a00a42e165202605010110181777619434217126437.sst into:sstable2/0_3d6413bf-782c-4616-b834-71a00a42e165202605010110181777619444989652467.sst
2026-05-01 07:10:45:071 - Compaction completed: 
2966632:COMPACT_START sstable=1 input_files: "sstable2/d4f30eef-7cf6-4cea-b261-fa619257caa1202605010110181777619434466766404.sst" input_files: "sstable2/36c76661-a3aa-4e35-98d5-579249c66753202605010110181777619434477138678.sst" compactIntoNextLevel: false destinationLevel: 2
2026-05-01 07:10:45:213 - Compaction started: 
139843950483008:Compacting sstable2/d4f30eef-7cf6-4cea-b261-fa619257caa1202605010110181777619434466766404.sst sstable2/36c76661-a3aa-4e35-98d5-579249c66753202605010110181777619434477138678.sst into:sstable2/0_3d6413bf-782c-4616-b834-71a00a42e165202605010110181777619445253176281.sst
2026-05-01 07:10:45:316 - Compaction completed: 
2966632:COMPACT_START sstable=1 input_files: "sstable2/3d6413bf-782c-4616-b834-71a00a42e165202605010110181777619434626017203.sst" input_files: "sstable2/36c76661-a3aa-4e35-98d5-579249c66753202605010110181777619434680060576.sst" compactIntoNextLevel: false destinationLevel: 2
2966632:COMPACT_ABORT input_files: "sstable2/3d6413bf-782c-4616-b834-71a00a42e165202605010110181777619434626017203.sst" input_files: "sstable2/36c76661-a3aa-4e35-98d5-579249c66753202605010110181777619434680060576.sst" compactIntoNextLevel: false destinationLevel: 2
2966632:COMPACT_START sstable=1 input_files: "sstable2/d4f30eef-7cf6-4cea-b261-fa619257caa1202605010110181777619434771229826.sst" input_files: "sstable2/36c76661-a3aa-4e35-98d5-579249c66753202605010110181777619434781258626.sst" compactIntoNextLevel: false destinationLevel: 2
2026-05-01 07:10:45:579 - Compaction started: 
139843950483008:Compacting sstable2/d4f30eef-7cf6-4cea-b261-fa619257caa1202605010110181777619434771229826.sst sstable2/36c76661-a3aa-4e35-98d5-579249c66753202605010110181777619434781258626.sst into:sstable2/0_3d6413bf-782c-4616-b834-71a00a42e165202605010110181777619445618958123.sst
2026-05-01 07:10:45:685 - Compaction completed: 
2966632:COMPACT_START sstable=1 input_files: "sstable2/36c76661-a3aa-4e35-98d5-579249c66753202605010110181777619434983248346.sst" input_files: "sstable2/81e1a06c-c47a-4804-9232-bcb002029fc6202605010110181777619435001640976.sst" compactIntoNextLevel: false destinationLevel: 2
2026-05-01 07:10:45:866 - Compaction started: 
139843950483008:Compacting sstable2/36c76661-a3aa-4e35-98d5-579249c66753202605010110181777619434983248346.sst sstable2/81e1a06c-c47a-4804-9232-bcb002029fc6202605010110181777619435001640976.sst into:sstable2/0_3d6413bf-782c-4616-b834-71a00a42e165202605010110181777619445904603127.sst
2026-05-01 07:10:45:967 - Compaction completed: 
2966632:COMPACT_START sstable=1 input_files: "sstable2/3d6413bf-782c-4616-b834-71a00a42e165202605010110181777619438345388414.sst" input_files: "sstable2/36c76661-a3aa-4e35-98d5-579249c66753202605010110181777619435187807853.sst" compactIntoNextLevel: false destinationLevel: 2
2026-05-01 07:10:46:059 - Compaction started: 
139843950483008:Compacting sstable2/3d6413bf-782c-4616-b834-71a00a42e165202605010110181777619438345388414.sst sstable2/36c76661-a3aa-4e35-98d5-579249c66753202605010110181777619435187807853.sst into:sstable2/0_3d6413bf-782c-4616-b834-71a00a42e165202605010110181777619446097531339.sst
2026-05-01 07:10:46:160 - Compaction completed: 
2966632:Task input_files: "sstable2/36c76661-a3aa-4e35-98d5-579249c66753202605010110181777619432852896106.sst" input_files: "sstable2/81e1a06c-c47a-4804-9232-bcb002029fc6202605010110181777619432864339297.sst" compactIntoNextLevel: false destinationLevel: 2 is dead (hb=30)
2966632:Task input_files: "sstable2/d4f30eef-7cf6-4cea-b261-fa619257caa1202605010110181777619432738086498.sst" input_files: "sstable2/36c76661-a3aa-4e35-98d5-579249c66753202605010110181777619432750819077.sst" compactIntoNextLevel: false destinationLevel: 2 is dead (hb=30)
2966632:COMPACT_START sstable=1 input_files: "sstable2/d4f30eef-7cf6-4cea-b261-fa619257caa1202605010110181777619435277877812.sst" input_files: "sstable2/36c76661-a3aa-4e35-98d5-579249c66753202605010110181777619435289386687.sst" compactIntoNextLevel: false destinationLevel: 2
2026-05-01 07:10:46:253 - Compaction started: 
139843950483008:Compacting sstable2/d4f30eef-7cf6-4cea-b261-fa619257caa1202605010110181777619435277877812.sst sstable2/36c76661-a3aa-4e35-98d5-579249c66753202605010110181777619435289386687.sst into:sstable2/0_3d6413bf-782c-4616-b834-71a00a42e165202605010110181777619446291132934.sst
2026-05-01 07:10:46:351 - Compaction completed: 
2966632:Found dead task input_files: "sstable2/36c76661-a3aa-4e35-98d5-579249c66753202605010110181777619432852896106.sst" input_files: "sstable2/81e1a06c-c47a-4804-9232-bcb002029fc6202605010110181777619432864339297.sst" compactIntoNextLevel: false destinationLevel: 2
2966632:COMPACT_START sstable=1 input_files: "sstable2/36c76661-a3aa-4e35-98d5-579249c66753202605010110181777619432852896106.sst" input_files: "sstable2/81e1a06c-c47a-4804-9232-bcb002029fc6202605010110181777619432864339297.sst" compactIntoNextLevel: false destinationLevel: 2
2026-05-01 07:10:46:355 - Compaction started: 
139843950483008:Compacting sstable2/36c76661-a3aa-4e35-98d5-579249c66753202605010110181777619432852896106.sst sstable2/81e1a06c-c47a-4804-9232-bcb002029fc6202605010110181777619432864339297.sst into:sstable2/3d6413bf-782c-4616-b834-71a00a42e165202605010110181777619446401700600.sst
2026-05-01 07:10:46:475 - Compaction completed: 
2966632:COMPACT_START sstable=1 input_files: "sstable2/36c76661-a3aa-4e35-98d5-579249c66753202605010110181777619435593488030.sst" input_files: "sstable2/36c76661-a3aa-4e35-98d5-579249c66753202605010110181777619438625686023.sst" compactIntoNextLevel: false destinationLevel: 2
2026-05-01 07:10:46:656 - Compaction started: 
139843950483008:Compacting sstable2/36c76661-a3aa-4e35-98d5-579249c66753202605010110181777619435593488030.sst sstable2/36c76661-a3aa-4e35-98d5-579249c66753202605010110181777619438625686023.sst into:sstable2/0_3d6413bf-782c-4616-b834-71a00a42e165202605010110181777619446693631447.sst
2026-05-01 07:10:46:753 - Compaction completed: 
2966632:COMPACT_START sstable=1 input_files: "sstable2/36c76661-a3aa-4e35-98d5-579249c66753202605010110181777619435797041822.sst" input_files: "sstable2/81e1a06c-c47a-4804-9232-bcb002029fc6202605010110181777619435814889079.sst" compactIntoNextLevel: false destinationLevel: 2
2966632:COMPACT_ABORT input_files: "sstable2/36c76661-a3aa-4e35-98d5-579249c66753202605010110181777619435797041822.sst" input_files: "sstable2/81e1a06c-c47a-4804-9232-bcb002029fc6202605010110181777619435814889079.sst" compactIntoNextLevel: false destinationLevel: 2
2966632:Task input_files: "sstable2/d4f30eef-7cf6-4cea-b261-fa619257caa1202605010110181777619433348402977.sst" input_files: "sstable2/36c76661-a3aa-4e35-98d5-579249c66753202605010110181777619433360895796.sst" compactIntoNextLevel: false destinationLevel: 2 is dead (hb=30)
2966632:Found dead task input_files: "sstable2/d4f30eef-7cf6-4cea-b261-fa619257caa1202605010110181777619433348402977.sst" input_files: "sstable2/36c76661-a3aa-4e35-98d5-579249c66753202605010110181777619433360895796.sst" compactIntoNextLevel: false destinationLevel: 2
2966632:COMPACT_START sstable=1 input_files: "sstable2/d4f30eef-7cf6-4cea-b261-fa619257caa1202605010110181777619433348402977.sst" input_files: "sstable2/36c76661-a3aa-4e35-98d5-579249c66753202605010110181777619433360895796.sst" compactIntoNextLevel: false destinationLevel: 2
2026-05-01 07:10:46:963 - Compaction started: 
139843950483008:Compacting sstable2/d4f30eef-7cf6-4cea-b261-fa619257caa1202605010110181777619433348402977.sst sstable2/36c76661-a3aa-4e35-98d5-579249c66753202605010110181777619433360895796.sst into:sstable2/3d6413bf-782c-4616-b834-71a00a42e165202605010110181777619447004313205.sst
2026-05-01 07:10:47:068 - Compaction completed: 
2966632:Task input_files: "sstable2/d4f30eef-7cf6-4cea-b261-fa619257caa1202605010110181777619433553103317.sst" input_files: "sstable2/36c76661-a3aa-4e35-98d5-579249c66753202605010110181777619433565140984.sst" compactIntoNextLevel: false destinationLevel: 2 is dead (hb=30)
2966632:COMPACT_START sstable=1 input_files: "sstable2/81e1a06c-c47a-4804-9232-bcb002029fc6202605010110181777619436127745665.sst" input_files: "sstable2/3d6413bf-782c-4616-b834-71a00a42e165202605010110181777619436152777571.sst" compactIntoNextLevel: false destinationLevel: 2
2026-05-01 07:10:47:182 - Compaction started: 
139843950483008:Compacting sstable2/81e1a06c-c47a-4804-9232-bcb002029fc6202605010110181777619436127745665.sst sstable2/3d6413bf-782c-4616-b834-71a00a42e165202605010110181777619436152777571.sst into:sstable2/0_3d6413bf-782c-4616-b834-71a00a42e165202605010110181777619447219355614.sst
2026-05-01 07:10:47:277 - Compaction completed: 
2026-05-01 07:10:48:070 30 sec: 123167 operations; 4105.43 current ops/sec; est completion in 2 days 19 hours [READ: Count=123181, Max=1908735, Min=33, Avg=241.3, 90=340, 99=412, 99.9=1974, 99.99=45535] 
2966632:Task input_files: "sstable2/3d6413bf-782c-4616-b834-71a00a42e165202605010110181777619434626017203.sst" input_files: "sstable2/36c76661-a3aa-4e35-98d5-579249c66753202605010110181777619434680060576.sst" compactIntoNextLevel: false destinationLevel: 2 is dead (hb=31)
2966632:Found dead task input_files: "sstable2/3d6413bf-782c-4616-b834-71a00a42e165202605010110181777619434626017203.sst" input_files: "sstable2/36c76661-a3aa-4e35-98d5-579249c66753202605010110181777619434680060576.sst" compactIntoNextLevel: false destinationLevel: 2
2966632:COMPACT_START sstable=1 input_files: "sstable2/3d6413bf-782c-4616-b834-71a00a42e165202605010110181777619434626017203.sst" input_files: "sstable2/36c76661-a3aa-4e35-98d5-579249c66753202605010110181777619434680060576.sst" compactIntoNextLevel: false destinationLevel: 2
2026-05-01 07:10:48:551 - Compaction started: 
139843950483008:Compacting sstable2/3d6413bf-782c-4616-b834-71a00a42e165202605010110181777619434626017203.sst sstable2/36c76661-a3aa-4e35-98d5-579249c66753202605010110181777619434680060576.sst into:sstable2/3d6413bf-782c-4616-b834-71a00a42e165202605010110181777619448593005443.sst
2026-05-01 07:10:48:653 - Compaction completed: 
2966632:Task input_files: "sstable2/36c76661-a3aa-4e35-98d5-579249c66753202605010110181777619435797041822.sst" input_files: "sstable2/81e1a06c-c47a-4804-9232-bcb002029fc6202605010110181777619435814889079.sst" compactIntoNextLevel: false destinationLevel: 2 is dead (hb=30)
2966632:Found dead task input_files: "sstable2/36c76661-a3aa-4e35-98d5-579249c66753202605010110181777619435797041822.sst" input_files: "sstable2/81e1a06c-c47a-4804-9232-bcb002029fc6202605010110181777619435814889079.sst" compactIntoNextLevel: false destinationLevel: 2
2966632:COMPACT_START sstable=1 input_files: "sstable2/36c76661-a3aa-4e35-98d5-579249c66753202605010110181777619435797041822.sst" input_files: "sstable2/81e1a06c-c47a-4804-9232-bcb002029fc6202605010110181777619435814889079.sst" compactIntoNextLevel: false destinationLevel: 2
2026-05-01 07:10:49:942 - Compaction started: 
139843950483008:Compacting sstable2/36c76661-a3aa-4e35-98d5-579249c66753202605010110181777619435797041822.sst sstable2/81e1a06c-c47a-4804-9232-bcb002029fc6202605010110181777619435814889079.sst into:sstable2/3d6413bf-782c-4616-b834-71a00a42e165202605010110181777619449980207607.sst
2026-05-01 07:10:50:036 - Compaction completed: 
