# CMD: /usr/lib/jvm/java-8-openjdk-amd64/bin/java -cp /users/Xinying/ozonedb/ycsb/ozonedb/conf:/users/Xinying/ozonedb/ycsb/ozonedb/target/ozonedb-binding-0.18.0-SNAPSHOT.jar:/users/Xinying/.m2/repository/org/apache/htrace/htrace-core4/4.1.0-incubating/htrace-core4-4.1.0-incubating.jar:/users/Xinying/.m2/repository/org/slf4j/slf4j-api/1.7.25/slf4j-api-1.7.25.jar:/users/Xinying/.m2/repository/org/hdrhistogram/HdrHistogram/2.1.12/HdrHistogram-2.1.12.jar:/users/Xinying/.m2/repository/ch/qos/logback/logback-classic/1.2.3/logback-classic-1.2.3.jar:/users/Xinying/.m2/repository/ozonedbjnimaven/demoproc-jni/1.0/demoproc-jni-1.0.jar:/users/Xinying/.m2/repository/ch/qos/logback/logback-core/1.2.3/logback-core-1.2.3.jar:/users/Xinying/.m2/repository/org/codehaus/jackson/jackson-mapper-asl/1.9.4/jackson-mapper-asl-1.9.4.jar:/users/Xinying/.m2/repository/org/slf4j/slf4j-simple/1.7.25/slf4j-simple-1.7.25.jar:/users/Xinying/.m2/repository/org/codehaus/jackson/jackson-core-asl/1.9.4/jackson-core-asl-1.9.4.jar:/users/Xinying/ozonedb/ycsb/core/target/core-0.18.0-SNAPSHOT.jar site.ycsb.Client -db site.ycsb.db.OzoneDBClient -threads 1 -s -P /users/Xinying/ozonedb/ycsb/workloads/generated_workloads/workloadc_1KB_1000000_1000000 -p status.interval=30 -p requestdistribution=uniform -p operationcount=1000000000 -p maxexecutiontime=660 -p shared_config=/tmp/churn_v4_configs/shared_config_varyR_n4_r50pct_rep2.json -t
# env OZONEDB_CHURN_ABORT_RATE=0.5
Command line: -db site.ycsb.db.OzoneDBClient -threads 1 -s -P /users/Xinying/ozonedb/ycsb/workloads/generated_workloads/workloadc_1KB_1000000_1000000 -p status.interval=30 -p requestdistribution=uniform -p operationcount=1000000000 -p maxexecutiontime=660 -p shared_config=/tmp/churn_v4_configs/shared_config_varyR_n4_r50pct_rep2.json -t
YCSB Client 0.18.0-SNAPSHOT

Loading workload...
Starting test.
SLF4J: Class path contains multiple SLF4J bindings.
SLF4J: Found binding in [jar:file:/users/Xinying/.m2/repository/ch/qos/logback/logback-classic/1.2.3/logback-classic-1.2.3.jar!/org/slf4j/impl/StaticLoggerBinder.class]
SLF4J: Found binding in [jar:file:/users/Xinying/.m2/repository/org/slf4j/slf4j-simple/1.7.25/slf4j-simple-1.7.25.jar!/org/slf4j/impl/StaticLoggerBinder.class]
SLF4J: See http://www.slf4j.org/codes.html#multiple_bindings for an explanation.
SLF4J: Actual binding is of type [ch.qos.logback.classic.util.ContextSelectorStaticBinder]
Maximum execution time specified as: 660 secs
2026-05-01 07:37:33:517 0 sec: 0 operations; est completion in 0 second 
Starting compaction watcher
DBWrapper: report latency for each error is false and specific error codes to track for latency are: []
3029038:COMPACT_START sstable=0 input_files: "datalog/1" input_files: "datalog/2" compactIntoNextLevel: true destinationLevel: 1
3029038:COMPACT_ABORT input_files: "datalog/1" input_files: "datalog/2" compactIntoNextLevel: true destinationLevel: 1
3029038:COMPACT_START sstable=0 input_files: "datalog/9" input_files: "datalog/10" compactIntoNextLevel: true destinationLevel: 1
2026-05-01 07:37:33:688 - Compaction started: 
140677333534272:Compacting datalog/9 datalog/10 into:sstable1/f5e5faed-fa03-4106-bf1c-dfd38d06aee2202605010137331777621053762972823.sst
2026-05-01 07:37:33:788 - Compaction completed: 
3029038:COMPACT_START sstable=0 input_files: "datalog/13" input_files: "datalog/14" compactIntoNextLevel: true destinationLevel: 1
2026-05-01 07:37:33:790 - Compaction started: 
140677333534272:Compacting datalog/13 datalog/14 into:sstable1/f5e5faed-fa03-4106-bf1c-dfd38d06aee2202605010137331777621053793057059.sst
2026-05-01 07:37:33:858 - Compaction completed: 
3029038:COMPACT_START sstable=0 input_files: "datalog/21" input_files: "datalog/22" compactIntoNextLevel: true destinationLevel: 1
2026-05-01 07:37:33:893 - Compaction started: 
140677333534272:Compacting datalog/21 datalog/22 into:sstable1/f5e5faed-fa03-4106-bf1c-dfd38d06aee2202605010137331777621053896114468.sst
2026-05-01 07:37:33:918 - Compaction completed: 
3029038:COMPACT_START sstable=0 input_files: "datalog/25" input_files: "datalog/26" compactIntoNextLevel: true destinationLevel: 1
3029038:COMPACT_ABORT input_files: "datalog/25" input_files: "datalog/26" compactIntoNextLevel: true destinationLevel: 1
3029038:COMPACT_START sstable=0 input_files: "datalog/33" input_files: "datalog/34" compactIntoNextLevel: true destinationLevel: 1
3029038:COMPACT_ABORT input_files: "datalog/33" input_files: "datalog/34" compactIntoNextLevel: true destinationLevel: 1
3029038:COMPACT_START sstable=0 input_files: "datalog/39" input_files: "datalog/40" compactIntoNextLevel: true destinationLevel: 1
3029038:COMPACT_ABORT input_files: "datalog/39" input_files: "datalog/40" compactIntoNextLevel: true destinationLevel: 1
3029038:COMPACT_START sstable=0 input_files: "datalog/45" input_files: "datalog/46" compactIntoNextLevel: true destinationLevel: 1
3029038:COMPACT_ABORT input_files: "datalog/45" input_files: "datalog/46" compactIntoNextLevel: true destinationLevel: 1
3029038:COMPACT_START sstable=0 input_files: "datalog/51" input_files: "datalog/52" compactIntoNextLevel: true destinationLevel: 1
2026-05-01 07:37:34:399 - Compaction started: 
140677333534272:Compacting datalog/51 datalog/52 into:sstable1/f5e5faed-fa03-4106-bf1c-dfd38d06aee2202605010137331777621054521939571.sst
2026-05-01 07:37:34:559 - Compaction completed: 
3029038:COMPACT_START sstable=0 input_files: "datalog/65" input_files: "datalog/66" compactIntoNextLevel: true destinationLevel: 1
2026-05-01 07:37:34:602 - Compaction started: 
140677333534272:Compacting datalog/65 datalog/66 into:sstable1/f5e5faed-fa03-4106-bf1c-dfd38d06aee2202605010137331777621054606231263.sst
2026-05-01 07:37:34:627 - Compaction completed: 
3029038:COMPACT_START sstable=0 input_files: "datalog/71" input_files: "datalog/72" compactIntoNextLevel: true destinationLevel: 1
2026-05-01 07:37:34:704 - Compaction started: 
140677333534272:Compacting datalog/71 datalog/72 into:sstable1/f5e5faed-fa03-4106-bf1c-dfd38d06aee2202605010137331777621054708176167.sst
2026-05-01 07:37:34:730 - Compaction completed: 
3029038:COMPACT_START sstable=0 input_files: "datalog/79" input_files: "datalog/80" compactIntoNextLevel: true destinationLevel: 1
3029038:COMPACT_ABORT input_files: "datalog/79" input_files: "datalog/80" compactIntoNextLevel: true destinationLevel: 1
3029038:COMPACT_START sstable=0 input_files: "datalog/87" input_files: "datalog/88" compactIntoNextLevel: true destinationLevel: 1
2026-05-01 07:37:34:907 - Compaction started: 
140677333534272:Compacting datalog/87 datalog/88 into:sstable1/f5e5faed-fa03-4106-bf1c-dfd38d06aee2202605010137331777621054910819870.sst
2026-05-01 07:37:34:931 - Compaction completed: 
3029038:COMPACT_START sstable=0 input_files: "datalog/95" input_files: "datalog/96" compactIntoNextLevel: true destinationLevel: 1
3029038:COMPACT_ABORT input_files: "datalog/95" input_files: "datalog/96" compactIntoNextLevel: true destinationLevel: 1
3029038:COMPACT_START sstable=0 input_files: "datalog/103" input_files: "datalog/104" compactIntoNextLevel: true destinationLevel: 1
2026-05-01 07:37:35:110 - Compaction started: 
140677333534272:Compacting datalog/103 datalog/104 into:sstable1/f5e5faed-fa03-4106-bf1c-dfd38d06aee2202605010137331777621055113106263.sst
2026-05-01 07:37:35:133 - Compaction completed: 
3029038:COMPACT_START sstable=0 input_files: "datalog/111" input_files: "datalog/112" compactIntoNextLevel: true destinationLevel: 1
3029038:COMPACT_ABORT input_files: "datalog/111" input_files: "datalog/112" compactIntoNextLevel: true destinationLevel: 1
3029038:COMPACT_START sstable=0 input_files: "datalog/119" input_files: "datalog/120" compactIntoNextLevel: true destinationLevel: 1
2026-05-01 07:37:35:313 - Compaction started: 
140677333534272:Compacting datalog/119 datalog/120 into:sstable1/f5e5faed-fa03-4106-bf1c-dfd38d06aee2202605010137331777621055316796317.sst
2026-05-01 07:37:35:336 - Compaction completed: 
3029038:COMPACT_START sstable=0 input_files: "datalog/127" input_files: "datalog/128" compactIntoNextLevel: true destinationLevel: 1
2026-05-01 07:37:35:414 - Compaction started: 
140677333534272:Compacting datalog/127 datalog/128 into:sstable1/f5e5faed-fa03-4106-bf1c-dfd38d06aee2202605010137331777621055418000654.sst
2026-05-01 07:37:35:439 - Compaction completed: 
3029038:COMPACT_START sstable=0 input_files: "datalog/135" input_files: "datalog/136" compactIntoNextLevel: true destinationLevel: 1
3029038:COMPACT_ABORT input_files: "datalog/135" input_files: "datalog/136" compactIntoNextLevel: true destinationLevel: 1
3029038:COMPACT_START sstable=0 input_files: "datalog/143" input_files: "datalog/144" compactIntoNextLevel: true destinationLevel: 1
3029038:COMPACT_ABORT input_files: "datalog/143" input_files: "datalog/144" compactIntoNextLevel: true destinationLevel: 1
3029038:COMPACT_START sstable=0 input_files: "datalog/151" input_files: "datalog/152" compactIntoNextLevel: true destinationLevel: 1
3029038:COMPACT_ABORT input_files: "datalog/151" input_files: "datalog/152" compactIntoNextLevel: true destinationLevel: 1
3029038:COMPACT_START sstable=0 input_files: "datalog/159" input_files: "datalog/160" compactIntoNextLevel: true destinationLevel: 1
2026-05-01 07:37:35:819 - Compaction started: 
140677333534272:Compacting datalog/159 datalog/160 into:sstable1/f5e5faed-fa03-4106-bf1c-dfd38d06aee2202605010137331777621055822500473.sst
2026-05-01 07:37:35:842 - Compaction completed: 
3029038:COMPACT_START sstable=0 input_files: "datalog/171" input_files: "datalog/172" compactIntoNextLevel: true destinationLevel: 1
2026-05-01 07:37:35:922 - Compaction started: 
140677333534272:Compacting datalog/171 datalog/172 into:sstable1/f5e5faed-fa03-4106-bf1c-dfd38d06aee2202605010137331777621055925468265.sst
2026-05-01 07:37:35:942 - Compaction completed: 
3029038:COMPACT_START sstable=0 input_files: "datalog/179" input_files: "datalog/180" compactIntoNextLevel: true destinationLevel: 1
2026-05-01 07:37:36:025 - Compaction started: 
140677333534272:Compacting datalog/179 datalog/180 into:sstable1/f5e5faed-fa03-4106-bf1c-dfd38d06aee2202605010137331777621056028058869.sst
2026-05-01 07:37:36:045 - Compaction completed: 
3029038:COMPACT_START sstable=0 input_files: "datalog/187" input_files: "datalog/188" compactIntoNextLevel: true destinationLevel: 1
2026-05-01 07:37:36:127 - Compaction started: 
140677333534272:Compacting datalog/187 datalog/188 into:sstable1/f5e5faed-fa03-4106-bf1c-dfd38d06aee2202605010137331777621056130992577.sst
2026-05-01 07:37:36:149 - Compaction completed: 
3029038:COMPACT_START sstable=0 input_files: "datalog/195" input_files: "datalog/196" compactIntoNextLevel: true destinationLevel: 1
2026-05-01 07:37:36:231 - Compaction started: 
140677333534272:Compacting datalog/195 datalog/196 into:sstable1/f5e5faed-fa03-4106-bf1c-dfd38d06aee2202605010137331777621056234333449.sst
2026-05-01 07:37:36:252 - Compaction completed: 
3029038:COMPACT_START sstable=0 input_files: "datalog/205" input_files: "datalog/206" compactIntoNextLevel: true destinationLevel: 1
3029038:COMPACT_ABORT input_files: "datalog/205" input_files: "datalog/206" compactIntoNextLevel: true destinationLevel: 1
3029038:COMPACT_START sstable=0 input_files: "datalog/213" input_files: "datalog/214" compactIntoNextLevel: true destinationLevel: 1
2026-05-01 07:37:36:435 - Compaction started: 
140677333534272:Compacting datalog/213 datalog/214 into:sstable1/f5e5faed-fa03-4106-bf1c-dfd38d06aee2202605010137331777621056438795671.sst
2026-05-01 07:37:36:456 - Compaction completed: 
3029038:COMPACT_START sstable=0 input_files: "datalog/223" input_files: "datalog/224" compactIntoNextLevel: true destinationLevel: 1
2026-05-01 07:37:36:537 - Compaction started: 
140677333534272:Compacting datalog/223 datalog/224 into:sstable1/f5e5faed-fa03-4106-bf1c-dfd38d06aee2202605010137331777621056540527986.sst
2026-05-01 07:37:36:557 - Compaction completed: 
3029038:Task input_files: "datalog/1" input_files: "datalog/2" compactIntoNextLevel: true destinationLevel: 1 is dead (hb=30)
3029038:Found dead task input_files: "datalog/1" input_files: "datalog/2" compactIntoNextLevel: true destinationLevel: 1
3029038:COMPACT_START sstable=0 input_files: "datalog/1" input_files: "datalog/2" compactIntoNextLevel: true destinationLevel: 1
2026-05-01 07:37:36:640 - Compaction started: 
140677333534272:Compacting datalog/1 datalog/2 into:sstable1/f5e5faed-fa03-4106-bf1c-dfd38d06aee2202605010137331777621056642810864.sst
2026-05-01 07:37:36:657 - Compaction completed: 
3029038:COMPACT_START sstable=0 input_files: "datalog/235" input_files: "datalog/236" compactIntoNextLevel: true destinationLevel: 1
3029038:COMPACT_ABORT input_files: "datalog/235" input_files: "datalog/236" compactIntoNextLevel: true destinationLevel: 1
3029038:COMPACT_START sstable=0 input_files: "datalog/243" input_files: "datalog/244" compactIntoNextLevel: true destinationLevel: 1
3029038:COMPACT_ABORT input_files: "datalog/243" input_files: "datalog/244" compactIntoNextLevel: true destinationLevel: 1
3029038:COMPACT_START sstable=0 input_files: "datalog/251" input_files: "datalog/252" compactIntoNextLevel: true destinationLevel: 1
3029038:COMPACT_ABORT input_files: "datalog/251" input_files: "datalog/252" compactIntoNextLevel: true destinationLevel: 1
3029038:Task input_files: "datalog/25" input_files: "datalog/26" compactIntoNextLevel: true destinationLevel: 1 is dead (hb=30)
3029038:Found dead task input_files: "datalog/25" input_files: "datalog/26" compactIntoNextLevel: true destinationLevel: 1
3029038:COMPACT_START sstable=0 input_files: "datalog/25" input_files: "datalog/26" compactIntoNextLevel: true destinationLevel: 1
3029038:COMPACT_ABORT input_files: "datalog/25" input_files: "datalog/26" compactIntoNextLevel: true destinationLevel: 1
3029038:Task input_files: "datalog/29" input_files: "datalog/30" compactIntoNextLevel: true destinationLevel: 1 is dead (hb=30)
3029038:Task input_files: "datalog/33" input_files: "datalog/34" compactIntoNextLevel: true destinationLevel: 1 is dead (hb=30)
3029038:Found dead task input_files: "datalog/33" input_files: "datalog/34" compactIntoNextLevel: true destinationLevel: 1
3029038:COMPACT_START sstable=0 input_files: "datalog/33" input_files: "datalog/34" compactIntoNextLevel: true destinationLevel: 1
2026-05-01 07:37:37:148 - Compaction started: 
140677333534272:Compacting datalog/33 datalog/34 into:sstable1/f5e5faed-fa03-4106-bf1c-dfd38d06aee2202605010137331777621057151263733.sst
2026-05-01 07:37:37:169 - Compaction completed: 
3029038:Task input_files: "datalog/35" input_files: "datalog/36" compactIntoNextLevel: true destinationLevel: 1 is dead (hb=30)
3029038:Task input_files: "datalog/39" input_files: "datalog/40" compactIntoNextLevel: true destinationLevel: 1 is dead (hb=30)
3029038:Found dead task input_files: "datalog/39" input_files: "datalog/40" compactIntoNextLevel: true destinationLevel: 1
3029038:COMPACT_START sstable=0 input_files: "datalog/39" input_files: "datalog/40" compactIntoNextLevel: true destinationLevel: 1
2026-05-01 07:37:37:250 - Compaction started: 
140677333534272:Compacting datalog/39 datalog/40 into:sstable1/f5e5faed-fa03-4106-bf1c-dfd38d06aee2202605010137331777621057252927420.sst
2026-05-01 07:37:37:271 - Compaction completed: 
3029038:Task input_files: "datalog/45" input_files: "datalog/46" compactIntoNextLevel: true destinationLevel: 1 is dead (hb=30)
3029038:Task input_files: "datalog/43" input_files: "datalog/44" compactIntoNextLevel: true destinationLevel: 1 is dead (hb=30)
3029038:Found dead task input_files: "datalog/43" input_files: "datalog/44" compactIntoNextLevel: true destinationLevel: 1
3029038:COMPACT_START sstable=0 input_files: "datalog/43" input_files: "datalog/44" compactIntoNextLevel: true destinationLevel: 1
2026-05-01 07:37:37:352 - Compaction started: 
140677333534272:Compacting datalog/43 datalog/44 into:sstable1/f5e5faed-fa03-4106-bf1c-dfd38d06aee2202605010137331777621057355311076.sst
2026-05-01 07:37:37:374 - Compaction completed: 
3029038:Found dead task input_files: "datalog/45" input_files: "datalog/46" compactIntoNextLevel: true destinationLevel: 1
3029038:COMPACT_START sstable=0 input_files: "datalog/45" input_files: "datalog/46" compactIntoNextLevel: true destinationLevel: 1
3029038:COMPACT_ABORT input_files: "datalog/45" input_files: "datalog/46" compactIntoNextLevel: true destinationLevel: 1
3029038:Task input_files: "datalog/55" input_files: "datalog/56" compactIntoNextLevel: true destinationLevel: 1 is dead (hb=30)
3029038:Found dead task input_files: "datalog/55" input_files: "datalog/56" compactIntoNextLevel: true destinationLevel: 1
3029038:COMPACT_START sstable=0 input_files: "datalog/55" input_files: "datalog/56" compactIntoNextLevel: true destinationLevel: 1
2026-05-01 07:37:37:556 - Compaction started: 
140677333534272:Compacting datalog/55 datalog/56 into:sstable1/f5e5faed-fa03-4106-bf1c-dfd38d06aee2202605010137331777621057559570358.sst
2026-05-01 07:37:37:576 - Compaction completed: 
3029038:Task input_files: "datalog/63" input_files: "datalog/64" compactIntoNextLevel: true destinationLevel: 1 is dead (hb=30)
3029038:Task input_files: "datalog/61" input_files: "datalog/62" compactIntoNextLevel: true destinationLevel: 1 is dead (hb=30)
3029038:Found dead task input_files: "datalog/61" input_files: "datalog/62" compactIntoNextLevel: true destinationLevel: 1
3029038:COMPACT_START sstable=0 input_files: "datalog/61" input_files: "datalog/62" compactIntoNextLevel: true destinationLevel: 1
3029038:COMPACT_ABORT input_files: "datalog/61" input_files: "datalog/62" compactIntoNextLevel: true destinationLevel: 1
3029038:Task input_files: "datalog/69" input_files: "datalog/70" compactIntoNextLevel: true destinationLevel: 1 is dead (hb=30)
3029038:Task input_files: "datalog/67" input_files: "datalog/68" compactIntoNextLevel: true destinationLevel: 1 is dead (hb=30)
3029038:Found dead task input_files: "datalog/67" input_files: "datalog/68" compactIntoNextLevel: true destinationLevel: 1
3029038:COMPACT_START sstable=0 input_files: "datalog/67" input_files: "datalog/68" compactIntoNextLevel: true destinationLevel: 1
2026-05-01 07:37:37:759 - Compaction started: 
140677333534272:Compacting datalog/67 datalog/68 into:sstable1/f5e5faed-fa03-4106-bf1c-dfd38d06aee2202605010137331777621057761902386.sst
2026-05-01 07:37:37:780 - Compaction completed: 
3029038:Task input_files: "datalog/73" input_files: "datalog/74" compactIntoNextLevel: true destinationLevel: 1 is dead (hb=30)
3029038:Task input_files: "datalog/75" input_files: "datalog/76" compactIntoNextLevel: true destinationLevel: 1 is dead (hb=30)
3029038:Task input_files: "datalog/79" input_files: "datalog/80" compactIntoNextLevel: true destinationLevel: 1 is dead (hb=30)
3029038:Found dead task input_files: "datalog/79" input_files: "datalog/80" compactIntoNextLevel: true destinationLevel: 1
3029038:COMPACT_START sstable=0 input_files: "datalog/79" input_files: "datalog/80" compactIntoNextLevel: true destinationLevel: 1
3029038:COMPACT_ABORT input_files: "datalog/79" input_files: "datalog/80" compactIntoNextLevel: true destinationLevel: 1
3029038:Found dead task input_files: "datalog/75" input_files: "datalog/76" compactIntoNextLevel: true destinationLevel: 1
3029038:COMPACT_START sstable=0 input_files: "datalog/75" input_files: "datalog/76" compactIntoNextLevel: true destinationLevel: 1
2026-05-01 07:37:37:860 - Compaction started: 
140677333534272:Compacting datalog/75 datalog/76 into:sstable1/f5e5faed-fa03-4106-bf1c-dfd38d06aee2202605010137331777621057863755699.sst
2026-05-01 07:37:37:881 - Compaction completed: 
3029038:Task input_files: "datalog/83" input_files: "datalog/84" compactIntoNextLevel: true destinationLevel: 1 is dead (hb=30)
3029038:Found dead task input_files: "datalog/83" input_files: "datalog/84" compactIntoNextLevel: true destinationLevel: 1
3029038:COMPACT_START sstable=0 input_files: "datalog/83" input_files: "datalog/84" compactIntoNextLevel: true destinationLevel: 1
2026-05-01 07:37:37:962 - Compaction started: 
140677333534272:Compacting datalog/83 datalog/84 into:sstable1/f5e5faed-fa03-4106-bf1c-dfd38d06aee2202605010137331777621057964859837.sst
2026-05-01 07:37:37:982 - Compaction completed: 
3029038:Task input_files: "datalog/95" input_files: "datalog/96" compactIntoNextLevel: true destinationLevel: 1 is dead (hb=30)
3029038:Task input_files: "datalog/89" input_files: "datalog/90" compactIntoNextLevel: true destinationLevel: 1 is dead (hb=30)
3029038:Found dead task input_files: "datalog/89" input_files: "datalog/90" compactIntoNextLevel: true destinationLevel: 1
3029038:COMPACT_START sstable=0 input_files: "datalog/89" input_files: "datalog/90" compactIntoNextLevel: true destinationLevel: 1
3029038:COMPACT_ABORT input_files: "datalog/89" input_files: "datalog/90" compactIntoNextLevel: true destinationLevel: 1
3029038:Found dead task input_files: "datalog/95" input_files: "datalog/96" compactIntoNextLevel: true destinationLevel: 1
3029038:COMPACT_START sstable=0 input_files: "datalog/95" input_files: "datalog/96" compactIntoNextLevel: true destinationLevel: 1
3029038:COMPACT_ABORT input_files: "datalog/95" input_files: "datalog/96" compactIntoNextLevel: true destinationLevel: 1
3029038:Task input_files: "datalog/99" input_files: "datalog/100" compactIntoNextLevel: true destinationLevel: 1 is dead (hb=30)
3029038:Found dead task input_files: "datalog/99" input_files: "datalog/100" compactIntoNextLevel: true destinationLevel: 1
3029038:COMPACT_START sstable=0 input_files: "datalog/99" input_files: "datalog/100" compactIntoNextLevel: true destinationLevel: 1
2026-05-01 07:37:38:165 - Compaction started: 
140677333534272:Compacting datalog/99 datalog/100 into:sstable1/f5e5faed-fa03-4106-bf1c-dfd38d06aee2202605010137331777621058167717902.sst
2026-05-01 07:37:38:184 - Compaction completed: 
3029038:Task input_files: "datalog/111" input_files: "datalog/112" compactIntoNextLevel: true destinationLevel: 1 is dead (hb=30)
3029038:Task input_files: "datalog/105" input_files: "datalog/106" compactIntoNextLevel: true destinationLevel: 1 is dead (hb=30)
3029038:Task input_files: "datalog/107" input_files: "datalog/108" compactIntoNextLevel: true destinationLevel: 1 is dead (hb=30)
3029038:Found dead task input_files: "datalog/107" input_files: "datalog/108" compactIntoNextLevel: true destinationLevel: 1
3029038:COMPACT_START sstable=0 input_files: "datalog/107" input_files: "datalog/108" compactIntoNextLevel: true destinationLevel: 1
3029038:COMPACT_ABORT input_files: "datalog/107" input_files: "datalog/108" compactIntoNextLevel: true destinationLevel: 1
3029038:Task input_files: "datalog/115" input_files: "datalog/116" compactIntoNextLevel: true destinationLevel: 1 is dead (hb=30)
3029038:Task input_files: "datalog/113" input_files: "datalog/114" compactIntoNextLevel: true destinationLevel: 1 is dead (hb=30)
3029038:Found dead task input_files: "datalog/113" input_files: "datalog/114" compactIntoNextLevel: true destinationLevel: 1
3029038:COMPACT_START sstable=0 input_files: "datalog/113" input_files: "datalog/114" compactIntoNextLevel: true destinationLevel: 1
3029038:COMPACT_ABORT input_files: "datalog/113" input_files: "datalog/114" compactIntoNextLevel: true destinationLevel: 1
3029038:Found dead task input_files: "datalog/115" input_files: "datalog/116" compactIntoNextLevel: true destinationLevel: 1
3029038:COMPACT_START sstable=0 input_files: "datalog/115" input_files: "datalog/116" compactIntoNextLevel: true destinationLevel: 1
3029038:COMPACT_ABORT input_files: "datalog/115" input_files: "datalog/116" compactIntoNextLevel: true destinationLevel: 1
3029038:Found dead task input_files: "datalog/111" input_files: "datalog/112" compactIntoNextLevel: true destinationLevel: 1
3029038:COMPACT_START sstable=0 input_files: "datalog/111" input_files: "datalog/112" compactIntoNextLevel: true destinationLevel: 1
3029038:COMPACT_ABORT input_files: "datalog/111" input_files: "datalog/112" compactIntoNextLevel: true destinationLevel: 1
3029038:COMPACT_START sstable=0 input_files: "datalog/343" input_files: "datalog/344" compactIntoNextLevel: true destinationLevel: 1
3029038:COMPACT_ABORT input_files: "datalog/343" input_files: "datalog/344" compactIntoNextLevel: true destinationLevel: 1
3029038:Task input_files: "datalog/123" input_files: "datalog/124" compactIntoNextLevel: true destinationLevel: 1 is dead (hb=30)
3029038:Task input_files: "datalog/125" input_files: "datalog/126" compactIntoNextLevel: true destinationLevel: 1 is dead (hb=30)
3029038:Found dead task input_files: "datalog/125" input_files: "datalog/126" compactIntoNextLevel: true destinationLevel: 1
3029038:COMPACT_START sstable=0 input_files: "datalog/125" input_files: "datalog/126" compactIntoNextLevel: true destinationLevel: 1
2026-05-01 07:37:38:470 - Compaction started: 
140677333534272:Compacting datalog/125 datalog/126 into:sstable1/f5e5faed-fa03-4106-bf1c-dfd38d06aee2202605010137331777621058473637013.sst
2026-05-01 07:37:38:491 - Compaction completed: 
3029038:Task input_files: "datalog/135" input_files: "datalog/136" compactIntoNextLevel: true destinationLevel: 1 is dead (hb=30)
3029038:Task input_files: "datalog/131" input_files: "datalog/132" compactIntoNextLevel: true destinationLevel: 1 is dead (hb=30)
3029038:Found dead task input_files: "datalog/131" input_files: "datalog/132" compactIntoNextLevel: true destinationLevel: 1
3029038:COMPACT_START sstable=0 input_files: "datalog/131" input_files: "datalog/132" compactIntoNextLevel: true destinationLevel: 1
3029038:COMPACT_ABORT input_files: "datalog/131" input_files: "datalog/132" compactIntoNextLevel: true destinationLevel: 1
3029038:Found dead task input_files: "datalog/135" input_files: "datalog/136" compactIntoNextLevel: true destinationLevel: 1
3029038:COMPACT_START sstable=0 input_files: "datalog/135" input_files: "datalog/136" compactIntoNextLevel: true destinationLevel: 1
3029038:COMPACT_ABORT input_files: "datalog/135" input_files: "datalog/136" compactIntoNextLevel: true destinationLevel: 1
3029038:Task input_files: "datalog/139" input_files: "datalog/140" compactIntoNextLevel: true destinationLevel: 1 is dead (hb=30)
3029038:Task input_files: "datalog/141" input_files: "datalog/142" compactIntoNextLevel: true destinationLevel: 1 is dead (hb=30)
3029038:Task input_files: "datalog/143" input_files: "datalog/144" compactIntoNextLevel: true destinationLevel: 1 is dead (hb=30)
3029038:Found dead task input_files: "datalog/143" input_files: "datalog/144" compactIntoNextLevel: true destinationLevel: 1
3029038:COMPACT_START sstable=0 input_files: "datalog/143" input_files: "datalog/144" compactIntoNextLevel: true destinationLevel: 1
2026-05-01 07:37:38:673 - Compaction started: 
140677333534272:Compacting datalog/143 datalog/144 into:sstable1/f5e5faed-fa03-4106-bf1c-dfd38d06aee2202605010137331777621058675557731.sst
2026-05-01 07:37:38:689 - Compaction completed: 
3029038:Task input_files: "datalog/145" input_files: "datalog/146" compactIntoNextLevel: true destinationLevel: 1 is dead (hb=30)
3029038:Task input_files: "datalog/151" input_files: "datalog/152" compactIntoNextLevel: true destinationLevel: 1 is dead (hb=30)
3029038:Found dead task input_files: "datalog/151" input_files: "datalog/152" compactIntoNextLevel: true destinationLevel: 1
3029038:COMPACT_START sstable=0 input_files: "datalog/151" input_files: "datalog/152" compactIntoNextLevel: true destinationLevel: 1
2026-05-01 07:37:38:775 - Compaction started: 
140677333534272:Compacting datalog/151 datalog/152 into:sstable1/f5e5faed-fa03-4106-bf1c-dfd38d06aee2202605010137331777621058777920579.sst
2026-05-01 07:37:38:794 - Compaction completed: 
3029038:Task input_files: "datalog/161" input_files: "datalog/162" compactIntoNextLevel: true destinationLevel: 1 is dead (hb=30)
3029038:Task input_files: "datalog/163" input_files: "datalog/164" compactIntoNextLevel: true destinationLevel: 1 is dead (hb=30)
3029038:Found dead task input_files: "datalog/163" input_files: "datalog/164" compactIntoNextLevel: true destinationLevel: 1
3029038:COMPACT_START sstable=0 input_files: "datalog/163" input_files: "datalog/164" compactIntoNextLevel: true destinationLevel: 1
3029038:COMPACT_ABORT input_files: "datalog/163" input_files: "datalog/164" compactIntoNextLevel: true destinationLevel: 1
3029038:Found dead task input_files: "datalog/161" input_files: "datalog/162" compactIntoNextLevel: true destinationLevel: 1
3029038:COMPACT_START sstable=0 input_files: "datalog/161" input_files: "datalog/162" compactIntoNextLevel: true destinationLevel: 1
3029038:COMPACT_ABORT input_files: "datalog/161" input_files: "datalog/162" compactIntoNextLevel: true destinationLevel: 1
3029038:COMPACT_START sstable=0 input_files: "datalog/371" input_files: "datalog/372" compactIntoNextLevel: true destinationLevel: 1
2026-05-01 07:37:38:877 - Compaction started: 
140677333534272:Compacting datalog/371 datalog/372 into:sstable1/f5e5faed-fa03-4106-bf1c-dfd38d06aee2202605010137331777621058880214007.sst
2026-05-01 07:37:38:896 - Compaction completed: 
3029038:COMPACT_START sstable=0 input_files: "datalog/379" input_files: "datalog/380" compactIntoNextLevel: true destinationLevel: 1
2026-05-01 07:37:38:979 - Compaction started: 
140677333534272:Compacting datalog/379 datalog/380 into:sstable1/f5e5faed-fa03-4106-bf1c-dfd38d06aee2202605010137331777621058981372637.sst
2026-05-01 07:37:38:995 - Compaction completed: 
3029038:COMPACT_START sstable=0 input_files: "datalog/387" input_files: "datalog/388" compactIntoNextLevel: true destinationLevel: 1
3029038:COMPACT_ABORT input_files: "datalog/387" input_files: "datalog/388" compactIntoNextLevel: true destinationLevel: 1
3029038:COMPACT_START sstable=0 input_files: "datalog/389" input_files: "datalog/390" compactIntoNextLevel: true destinationLevel: 1
2026-05-01 07:37:39:080 - Compaction started: 
140677333534272:Compacting datalog/389 datalog/390 into:sstable1/f5e5faed-fa03-4106-bf1c-dfd38d06aee2202605010137331777621059083514190.sst
2026-05-01 07:37:39:098 - Compaction completed: 
3029038:COMPACT_START sstable=0 input_files: "datalog/395" input_files: "datalog/396" compactIntoNextLevel: true destinationLevel: 1
3029038:COMPACT_ABORT input_files: "datalog/395" input_files: "datalog/396" compactIntoNextLevel: true destinationLevel: 1
3029038:Task input_files: "datalog/185" input_files: "datalog/186" compactIntoNextLevel: true destinationLevel: 1 is dead (hb=30)
3029038:Found dead task input_files: "datalog/185" input_files: "datalog/186" compactIntoNextLevel: true destinationLevel: 1
3029038:COMPACT_START sstable=0 input_files: "datalog/185" input_files: "datalog/186" compactIntoNextLevel: true destinationLevel: 1
2026-05-01 07:37:39:283 - Compaction started: 
140677333534272:Compacting datalog/185 datalog/186 into:sstable1/f5e5faed-fa03-4106-bf1c-dfd38d06aee2202605010137331777621059286558404.sst
2026-05-01 07:37:39:304 - Compaction completed: 
3029038:COMPACT_START sstable=0 input_files: "datalog/403" input_files: "datalog/404" compactIntoNextLevel: true destinationLevel: 1
2026-05-01 07:37:39:385 - Compaction started: 
140677333534272:Compacting datalog/403 datalog/404 into:sstable1/f5e5faed-fa03-4106-bf1c-dfd38d06aee2202605010137331777621059387862717.sst
2026-05-01 07:37:39:403 - Compaction completed: 
3029038:COMPACT_START sstable=0 input_files: "datalog/407" input_files: "datalog/408" compactIntoNextLevel: true destinationLevel: 1
2026-05-01 07:37:39:486 - Compaction started: 
140677333534272:Compacting datalog/407 datalog/408 into:sstable1/f5e5faed-fa03-4106-bf1c-dfd38d06aee2202605010137331777621059489247121.sst
2026-05-01 07:37:39:504 - Compaction completed: 
3029038:Task input_files: "datalog/219" input_files: "datalog/220" compactIntoNextLevel: true destinationLevel: 1 is dead (hb=30)
3029038:Found dead task input_files: "datalog/219" input_files: "datalog/220" compactIntoNextLevel: true destinationLevel: 1
3029038:COMPACT_START sstable=0 input_files: "datalog/219" input_files: "datalog/220" compactIntoNextLevel: true destinationLevel: 1
3029038:COMPACT_ABORT input_files: "datalog/219" input_files: "datalog/220" compactIntoNextLevel: true destinationLevel: 1
3029038:COMPACT_START sstable=0 input_files: "datalog/413" input_files: "datalog/414" compactIntoNextLevel: true destinationLevel: 1
2026-05-01 07:37:39:588 - Compaction started: 
140677333534272:Compacting datalog/413 datalog/414 into:sstable1/f5e5faed-fa03-4106-bf1c-dfd38d06aee2202605010137331777621059591033608.sst
2026-05-01 07:37:39:607 - Compaction completed: 
3029038:COMPACT_START sstable=0 input_files: "datalog/417" input_files: "datalog/418" compactIntoNextLevel: true destinationLevel: 1
2026-05-01 07:37:39:689 - Compaction started: 
140677333534272:Compacting datalog/417 datalog/418 into:sstable1/f5e5faed-fa03-4106-bf1c-dfd38d06aee2202605010137331777621059692308717.sst
2026-05-01 07:37:39:707 - Compaction completed: 
3029038:COMPACT_START sstable=0 input_files: "datalog/425" input_files: "datalog/426" compactIntoNextLevel: true destinationLevel: 1
2026-05-01 07:37:39:790 - Compaction started: 
140677333534272:Compacting datalog/425 datalog/426 into:sstable1/f5e5faed-fa03-4106-bf1c-dfd38d06aee2202605010137331777621059793106841.sst
2026-05-01 07:37:39:806 - Compaction completed: 
3029038:Task input_files: "datalog/235" input_files: "datalog/236" compactIntoNextLevel: true destinationLevel: 1 is dead (hb=30)
3029038:Found dead task input_files: "datalog/235" input_files: "datalog/236" compactIntoNextLevel: true destinationLevel: 1
3029038:COMPACT_START sstable=0 input_files: "datalog/235" input_files: "datalog/236" compactIntoNextLevel: true destinationLevel: 1
2026-05-01 07:37:39:892 - Compaction started: 
140677333534272:Compacting datalog/235 datalog/236 into:sstable1/f5e5faed-fa03-4106-bf1c-dfd38d06aee2202605010137331777621059894776440.sst
2026-05-01 07:37:39:911 - Compaction completed: 
3029038:Task input_files: "datalog/243" input_files: "datalog/244" compactIntoNextLevel: true destinationLevel: 1 is dead (hb=30)
3029038:Found dead task input_files: "datalog/243" input_files: "datalog/244" compactIntoNextLevel: true destinationLevel: 1
3029038:COMPACT_START sstable=0 input_files: "datalog/243" input_files: "datalog/244" compactIntoNextLevel: true destinationLevel: 1
3029038:COMPACT_ABORT input_files: "datalog/243" input_files: "datalog/244" compactIntoNextLevel: true destinationLevel: 1
3029038:COMPACT_START sstable=0 input_files: "datalog/435" input_files: "datalog/436" compactIntoNextLevel: true destinationLevel: 1
3029038:COMPACT_ABORT input_files: "datalog/435" input_files: "datalog/436" compactIntoNextLevel: true destinationLevel: 1
3029038:Task input_files: "datalog/265" input_files: "datalog/266" compactIntoNextLevel: true destinationLevel: 1 is dead (hb=30)
3029038:Task input_files: "datalog/25" input_files: "datalog/26" compactIntoNextLevel: true destinationLevel: 1 is dead (hb=30)
3029038:Found dead task input_files: "datalog/25" input_files: "datalog/26" compactIntoNextLevel: true destinationLevel: 1
3029038:COMPACT_START sstable=0 input_files: "datalog/25" input_files: "datalog/26" compactIntoNextLevel: true destinationLevel: 1
2026-05-01 07:37:40:196 - Compaction started: 
140677333534272:Compacting datalog/25 datalog/26 into:sstable1/f5e5faed-fa03-4106-bf1c-dfd38d06aee2202605010137331777621060199750750.sst
2026-05-01 07:37:40:217 - Compaction completed: 
3029038:COMPACT_START sstable=0 input_files: "datalog/441" input_files: "datalog/442" compactIntoNextLevel: true destinationLevel: 1
2026-05-01 07:37:40:297 - Compaction started: 
140677333534272:Compacting datalog/441 datalog/442 into:sstable1/f5e5faed-fa03-4106-bf1c-dfd38d06aee2202605010137331777621060300770760.sst
2026-05-01 07:37:40:314 - Compaction completed: 
3029038:COMPACT_START sstable=0 input_files: "datalog/445" input_files: "datalog/446" compactIntoNextLevel: true destinationLevel: 1
2026-05-01 07:37:40:399 - Compaction started: 
140677333534272:Compacting datalog/445 datalog/446 into:sstable1/f5e5faed-fa03-4106-bf1c-dfd38d06aee2202605010137331777621060402700947.sst
2026-05-01 07:37:40:418 - Compaction completed: 
3029038:COMPACT_START sstable=0 input_files: "datalog/451" input_files: "datalog/452" compactIntoNextLevel: true destinationLevel: 1
2026-05-01 07:37:40:501 - Compaction started: 
140677333534272:Compacting datalog/451 datalog/452 into:sstable1/f5e5faed-fa03-4106-bf1c-dfd38d06aee2202605010137331777621060503703826.sst
2026-05-01 07:37:40:517 - Compaction completed: 
3029038:COMPACT_START sstable=0 input_files: "datalog/453" input_files: "datalog/454" compactIntoNextLevel: true destinationLevel: 1
3029038:COMPACT_ABORT input_files: "datalog/453" input_files: "datalog/454" compactIntoNextLevel: true destinationLevel: 1
3029038:COMPACT_START sstable=0 input_files: "datalog/455" input_files: "datalog/456" compactIntoNextLevel: true destinationLevel: 1
2026-05-01 07:37:40:603 - Compaction started: 
140677333534272:Compacting datalog/455 datalog/456 into:sstable1/f5e5faed-fa03-4106-bf1c-dfd38d06aee2202605010137331777621060606091761.sst
2026-05-01 07:37:40:620 - Compaction completed: 
3029038:Task input_files: "datalog/297" input_files: "datalog/298" compactIntoNextLevel: true destinationLevel: 1 is dead (hb=30)
3029038:Found dead task input_files: "datalog/297" input_files: "datalog/298" compactIntoNextLevel: true destinationLevel: 1
3029038:COMPACT_START sstable=0 input_files: "datalog/297" input_files: "datalog/298" compactIntoNextLevel: true destinationLevel: 1
2026-05-01 07:37:40:705 - Compaction started: 
140677333534272:Compacting datalog/297 datalog/298 into:sstable1/f5e5faed-fa03-4106-bf1c-dfd38d06aee2202605010137331777621060707541777.sst
2026-05-01 07:37:40:723 - Compaction completed: 
3029038:COMPACT_START sstable=0 input_files: "datalog/459" input_files: "datalog/460" compactIntoNextLevel: true destinationLevel: 1
3029038:COMPACT_ABORT input_files: "datalog/459" input_files: "datalog/460" compactIntoNextLevel: true destinationLevel: 1
3029038:COMPACT_START sstable=0 input_files: "datalog/461" input_files: "datalog/462" compactIntoNextLevel: true destinationLevel: 1
3029038:COMPACT_ABORT input_files: "datalog/461" input_files: "datalog/462" compactIntoNextLevel: true destinationLevel: 1
3029038:COMPACT_START sstable=0 input_files: "datalog/465" input_files: "datalog/466" compactIntoNextLevel: true destinationLevel: 1
3029038:COMPACT_ABORT input_files: "datalog/465" input_files: "datalog/466" compactIntoNextLevel: true destinationLevel: 1
3029038:COMPACT_START sstable=0 input_files: "datalog/469" input_files: "datalog/470" compactIntoNextLevel: true destinationLevel: 1
2026-05-01 07:37:41:115 - Compaction started: 
140677333534272:Compacting datalog/469 datalog/470 into:sstable1/f5e5faed-fa03-4106-bf1c-dfd38d06aee2202605010137331777621061118463415.sst
2026-05-01 07:37:41:134 - Compaction completed: 
3029038:COMPACT_START sstable=0 input_files: "datalog/475" input_files: "datalog/476" compactIntoNextLevel: true destinationLevel: 1
3029038:COMPACT_ABORT input_files: "datalog/475" input_files: "datalog/476" compactIntoNextLevel: true destinationLevel: 1
3029038:COMPACT_START sstable=0 input_files: "datalog/479" input_files: "datalog/480" compactIntoNextLevel: true destinationLevel: 1
2026-05-01 07:37:41:321 - Compaction started: 
140677333534272:Compacting datalog/479 datalog/480 into:sstable1/f5e5faed-fa03-4106-bf1c-dfd38d06aee2202605010137331777621061323988098.sst
2026-05-01 07:37:41:338 - Compaction completed: 
3029038:COMPACT_START sstable=0 input_files: "datalog/483" input_files: "datalog/484" compactIntoNextLevel: true destinationLevel: 1
2026-05-01 07:37:41:424 - Compaction started: 
140677333534272:Compacting datalog/483 datalog/484 into:sstable1/f5e5faed-fa03-4106-bf1c-dfd38d06aee2202605010137331777621061426885187.sst
2026-05-01 07:37:41:442 - Compaction completed: 
3029038:COMPACT_START sstable=0 input_files: "datalog/489" input_files: "datalog/490" compactIntoNextLevel: true destinationLevel: 1
2026-05-01 07:37:41:527 - Compaction started: 
140677333534272:Compacting datalog/489 datalog/490 into:sstable1/f5e5faed-fa03-4106-bf1c-dfd38d06aee2202605010137331777621061530113698.sst
2026-05-01 07:37:41:544 - Compaction completed: 
3029038:COMPACT_START sstable=0 input_files: "datalog/493" input_files: "datalog/494" compactIntoNextLevel: true destinationLevel: 1
3029038:COMPACT_ABORT input_files: "datalog/493" input_files: "datalog/494" compactIntoNextLevel: true destinationLevel: 1
3029038:COMPACT_START sstable=0 input_files: "datalog/495" input_files: "datalog/496" compactIntoNextLevel: true destinationLevel: 1
3029038:COMPACT_ABORT input_files: "datalog/495" input_files: "datalog/496" compactIntoNextLevel: true destinationLevel: 1
3029038:COMPACT_START sstable=0 input_files: "datalog/501" input_files: "datalog/502" compactIntoNextLevel: true destinationLevel: 1
2026-05-01 07:37:41:834 - Compaction started: 
140677333534272:Compacting datalog/501 datalog/502 into:sstable1/f5e5faed-fa03-4106-bf1c-dfd38d06aee2202605010137331777621061837525547.sst
2026-05-01 07:37:41:852 - Compaction completed: 
3029038:COMPACT_START sstable=0 input_files: "datalog/505" input_files: "datalog/506" compactIntoNextLevel: true destinationLevel: 1
2026-05-01 07:37:41:936 - Compaction started: 
140677333534272:Compacting datalog/505 datalog/506 into:sstable1/f5e5faed-fa03-4106-bf1c-dfd38d06aee2202605010137331777621061939652634.sst
2026-05-01 07:37:41:954 - Compaction completed: 
3029038:Task input_files: "datalog/387" input_files: "datalog/388" compactIntoNextLevel: true destinationLevel: 1 is dead (hb=30)
3029038:Task input_files: "datalog/385" input_files: "datalog/386" compactIntoNextLevel: true destinationLevel: 1 is dead (hb=30)
3029038:Found dead task input_files: "datalog/385" input_files: "datalog/386" compactIntoNextLevel: true destinationLevel: 1
3029038:COMPACT_START sstable=0 input_files: "datalog/385" input_files: "datalog/386" compactIntoNextLevel: true destinationLevel: 1
3029038:COMPACT_ABORT input_files: "datalog/385" input_files: "datalog/386" compactIntoNextLevel: true destinationLevel: 1
3029038:Found dead task input_files: "datalog/387" input_files: "datalog/388" compactIntoNextLevel: true destinationLevel: 1
3029038:COMPACT_START sstable=0 input_files: "datalog/387" input_files: "datalog/388" compactIntoNextLevel: true destinationLevel: 1
3029038:COMPACT_ABORT input_files: "datalog/387" input_files: "datalog/388" compactIntoNextLevel: true destinationLevel: 1
3029038:COMPACT_START sstable=0 input_files: "datalog/511" input_files: "datalog/512" compactIntoNextLevel: true destinationLevel: 1
3029038:COMPACT_ABORT input_files: "datalog/511" input_files: "datalog/512" compactIntoNextLevel: true destinationLevel: 1
3029038:COMPACT_START sstable=0 input_files: "datalog/513" input_files: "datalog/514" compactIntoNextLevel: true destinationLevel: 1
3029038:COMPACT_ABORT input_files: "datalog/513" input_files: "datalog/514" compactIntoNextLevel: true destinationLevel: 1
3029038:COMPACT_START sstable=0 input_files: "datalog/519" input_files: "datalog/520" compactIntoNextLevel: true destinationLevel: 1
3029038:COMPACT_ABORT input_files: "datalog/519" input_files: "datalog/520" compactIntoNextLevel: true destinationLevel: 1
3029038:Task input_files: "datalog/395" input_files: "datalog/396" compactIntoNextLevel: true destinationLevel: 1 is dead (hb=30)
3029038:Found dead task input_files: "datalog/395" input_files: "datalog/396" compactIntoNextLevel: true destinationLevel: 1
3029038:COMPACT_START sstable=0 input_files: "datalog/395" input_files: "datalog/396" compactIntoNextLevel: true destinationLevel: 1
3029038:COMPACT_ABORT input_files: "datalog/395" input_files: "datalog/396" compactIntoNextLevel: true destinationLevel: 1
3029038:COMPACT_START sstable=0 input_files: "datalog/531" input_files: "datalog/532" compactIntoNextLevel: true destinationLevel: 1
3029038:COMPACT_ABORT input_files: "datalog/531" input_files: "datalog/532" compactIntoNextLevel: true destinationLevel: 1
3029038:Task input_files: "datalog/199" input_files: "datalog/200" compactIntoNextLevel: true destinationLevel: 1 is dead (hb=30)
3029038:Found dead task input_files: "datalog/199" input_files: "datalog/200" compactIntoNextLevel: true destinationLevel: 1
3029038:COMPACT_START sstable=0 input_files: "datalog/199" input_files: "datalog/200" compactIntoNextLevel: true destinationLevel: 1
2026-05-01 07:37:42:344 - Compaction started: 
140677333534272:Compacting datalog/199 datalog/200 into:sstable1/f5e5faed-fa03-4106-bf1c-dfd38d06aee2202605010137331777621062347880632.sst
2026-05-01 07:37:42:365 - Compaction completed: 
3029038:Task input_files: "datalog/203" input_files: "datalog/204" compactIntoNextLevel: true destinationLevel: 1 is dead (hb=30)
3029038:Found dead task input_files: "datalog/203" input_files: "datalog/204" compactIntoNextLevel: true destinationLevel: 1
3029038:COMPACT_START sstable=0 input_files: "datalog/203" input_files: "datalog/204" compactIntoNextLevel: true destinationLevel: 1
3029038:COMPACT_ABORT input_files: "datalog/203" input_files: "datalog/204" compactIntoNextLevel: true destinationLevel: 1
3029038:Task input_files: "datalog/205" input_files: "datalog/206" compactIntoNextLevel: true destinationLevel: 1 is dead (hb=30)
3029038:Task input_files: "datalog/219" input_files: "datalog/220" compactIntoNextLevel: true destinationLevel: 1 is dead (hb=30)
3029038:Task input_files: "datalog/209" input_files: "datalog/210" compactIntoNextLevel: true destinationLevel: 1 is dead (hb=30)
3029038:Found dead task input_files: "datalog/209" input_files: "datalog/210" compactIntoNextLevel: true destinationLevel: 1
3029038:COMPACT_START sstable=0 input_files: "datalog/209" input_files: "datalog/210" compactIntoNextLevel: true destinationLevel: 1
3029038:COMPACT_ABORT input_files: "datalog/209" input_files: "datalog/210" compactIntoNextLevel: true destinationLevel: 1
3029038:Found dead task input_files: "datalog/219" input_files: "datalog/220" compactIntoNextLevel: true destinationLevel: 1
3029038:COMPACT_START sstable=0 input_files: "datalog/219" input_files: "datalog/220" compactIntoNextLevel: true destinationLevel: 1
3029038:COMPACT_ABORT input_files: "datalog/219" input_files: "datalog/220" compactIntoNextLevel: true destinationLevel: 1
3029038:Task input_files: "datalog/215" input_files: "datalog/216" compactIntoNextLevel: true destinationLevel: 1 is dead (hb=30)
3029038:Found dead task input_files: "datalog/215" input_files: "datalog/216" compactIntoNextLevel: true destinationLevel: 1
3029038:COMPACT_START sstable=0 input_files: "datalog/215" input_files: "datalog/216" compactIntoNextLevel: true destinationLevel: 1
3029038:COMPACT_ABORT input_files: "datalog/215" input_files: "datalog/216" compactIntoNextLevel: true destinationLevel: 1
3029038:COMPACT_START sstable=0 input_files: "datalog/549" input_files: "datalog/550" compactIntoNextLevel: true destinationLevel: 1
2026-05-01 07:37:42:650 - Compaction started: 
140677333534272:Compacting datalog/549 datalog/550 into:sstable1/f5e5faed-fa03-4106-bf1c-dfd38d06aee2202605010137331777621062653836942.sst
2026-05-01 07:37:42:668 - Compaction completed: 
3029038:Task input_files: "datalog/231" input_files: "datalog/232" compactIntoNextLevel: true destinationLevel: 1 is dead (hb=30)
3029038:Task input_files: "datalog/221" input_files: "datalog/222" compactIntoNextLevel: true destinationLevel: 1 is dead (hb=30)
3029038:Task input_files: "datalog/5" input_files: "datalog/6" compactIntoNextLevel: true destinationLevel: 1 is dead (hb=30)
3029038:Found dead task input_files: "datalog/5" input_files: "datalog/6" compactIntoNextLevel: true destinationLevel: 1
3029038:COMPACT_START sstable=0 input_files: "datalog/5" input_files: "datalog/6" compactIntoNextLevel: true destinationLevel: 1
2026-05-01 07:37:42:752 - Compaction started: 
140677333534272:Compacting datalog/5 datalog/6 into:sstable1/f5e5faed-fa03-4106-bf1c-dfd38d06aee2202605010137331777621062755977313.sst
2026-05-01 07:37:42:773 - Compaction completed: 
3029038:Task input_files: "datalog/423" input_files: "datalog/424" compactIntoNextLevel: true destinationLevel: 1 is dead (hb=30)
3029038:Found dead task input_files: "datalog/423" input_files: "datalog/424" compactIntoNextLevel: true destinationLevel: 1
3029038:COMPACT_START sstable=0 input_files: "datalog/423" input_files: "datalog/424" compactIntoNextLevel: true destinationLevel: 1
2026-05-01 07:37:42:853 - Compaction started: 
140677333534272:Compacting datalog/423 datalog/424 into:sstable1/f5e5faed-fa03-4106-bf1c-dfd38d06aee2202605010137331777621062857022902.sst
2026-05-01 07:37:42:871 - Compaction completed: 
3029038:Task input_files: "datalog/239" input_files: "datalog/240" compactIntoNextLevel: true destinationLevel: 1 is dead (hb=30)
3029038:Found dead task input_files: "datalog/239" input_files: "datalog/240" compactIntoNextLevel: true destinationLevel: 1
3029038:COMPACT_START sstable=0 input_files: "datalog/239" input_files: "datalog/240" compactIntoNextLevel: true destinationLevel: 1
3029038:COMPACT_ABORT input_files: "datalog/239" input_files: "datalog/240" compactIntoNextLevel: true destinationLevel: 1
3029038:Task input_files: "datalog/243" input_files: "datalog/244" compactIntoNextLevel: true destinationLevel: 1 is dead (hb=30)
3029038:Found dead task input_files: "datalog/243" input_files: "datalog/244" compactIntoNextLevel: true destinationLevel: 1
3029038:COMPACT_START sstable=0 input_files: "datalog/243" input_files: "datalog/244" compactIntoNextLevel: true destinationLevel: 1
2026-05-01 07:37:43:057 - Compaction started: 
140677333534272:Compacting datalog/243 datalog/244 into:sstable1/f5e5faed-fa03-4106-bf1c-dfd38d06aee2202605010137331777621063060823443.sst
2026-05-01 07:37:43:078 - Compaction completed: 
3029038:Task input_files: "datalog/251" input_files: "datalog/252" compactIntoNextLevel: true destinationLevel: 1 is dead (hb=30)
3029038:Task input_files: "datalog/435" input_files: "datalog/436" compactIntoNextLevel: true destinationLevel: 1 is dead (hb=30)
3029038:Found dead task input_files: "datalog/435" input_files: "datalog/436" compactIntoNextLevel: true destinationLevel: 1
3029038:COMPACT_START sstable=0 input_files: "datalog/435" input_files: "datalog/436" compactIntoNextLevel: true destinationLevel: 1
2026-05-01 07:37:43:159 - Compaction started: 
140677333534272:Compacting datalog/435 datalog/436 into:sstable1/f5e5faed-fa03-4106-bf1c-dfd38d06aee2202605010137331777621063162295481.sst
2026-05-01 07:37:43:177 - Compaction completed: 
3029038:Task input_files: "datalog/263" input_files: "datalog/264" compactIntoNextLevel: true destinationLevel: 1 is dead (hb=30)
3029038:Found dead task input_files: "datalog/263" input_files: "datalog/264" compactIntoNextLevel: true destinationLevel: 1
3029038:COMPACT_START sstable=0 input_files: "datalog/263" input_files: "datalog/264" compactIntoNextLevel: true destinationLevel: 1
2026-05-01 07:37:43:260 - Compaction started: 
140677333534272:Compacting datalog/263 datalog/264 into:sstable1/f5e5faed-fa03-4106-bf1c-dfd38d06aee2202605010137331777621063264134477.sst
2026-05-01 07:37:43:280 - Compaction completed: 
3029038:Task input_files: "datalog/35" input_files: "datalog/36" compactIntoNextLevel: true destinationLevel: 1 is dead (hb=30)
3029038:Found dead task input_files: "datalog/35" input_files: "datalog/36" compactIntoNextLevel: true destinationLevel: 1
3029038:COMPACT_START sstable=0 input_files: "datalog/35" input_files: "datalog/36" compactIntoNextLevel: true destinationLevel: 1
3029038:COMPACT_ABORT input_files: "datalog/35" input_files: "datalog/36" compactIntoNextLevel: true destinationLevel: 1
3029038:Task input_files: "datalog/273" input_files: "datalog/274" compactIntoNextLevel: true destinationLevel: 1 is dead (hb=30)
3029038:Found dead task input_files: "datalog/273" input_files: "datalog/274" compactIntoNextLevel: true destinationLevel: 1
3029038:COMPACT_START sstable=0 input_files: "datalog/273" input_files: "datalog/274" compactIntoNextLevel: true destinationLevel: 1
2026-05-01 07:37:43:463 - Compaction started: 
140677333534272:Compacting datalog/273 datalog/274 into:sstable1/f5e5faed-fa03-4106-bf1c-dfd38d06aee2202605010137331777621063467039870.sst
2026-05-01 07:37:43:482 - Compaction completed: 
3029038:Task input_files: "datalog/453" input_files: "datalog/454" compactIntoNextLevel: true destinationLevel: 1 is dead (hb=30)
3029038:Task input_files: "datalog/447" input_files: "datalog/448" compactIntoNextLevel: true destinationLevel: 1 is dead (hb=30)
3029038:Task input_files: "datalog/449" input_files: "datalog/450" compactIntoNextLevel: true destinationLevel: 1 is dead (hb=30)
3029038:Task input_files: "datalog/283" input_files: "datalog/284" compactIntoNextLevel: true destinationLevel: 1 is dead (hb=30)
3029038:Found dead task input_files: "datalog/449" input_files: "datalog/450" compactIntoNextLevel: true destinationLevel: 1
3029038:COMPACT_START sstable=0 input_files: "datalog/449" input_files: "datalog/450" compactIntoNextLevel: true destinationLevel: 1
3029038:COMPACT_ABORT input_files: "datalog/449" input_files: "datalog/450" compactIntoNextLevel: true destinationLevel: 1
3029038:Task input_files: "datalog/289" input_files: "datalog/290" compactIntoNextLevel: true destinationLevel: 1 is dead (hb=30)
3029038:Task input_files: "datalog/45" input_files: "datalog/46" compactIntoNextLevel: true destinationLevel: 1 is dead (hb=30)
3029038:Task input_files: "datalog/63" input_files: "datalog/64" compactIntoNextLevel: true destinationLevel: 1 is dead (hb=30)
3029038:Found dead task input_files: "datalog/45" input_files: "datalog/46" compactIntoNextLevel: true destinationLevel: 1
3029038:COMPACT_START sstable=0 input_files: "datalog/45" input_files: "datalog/46" compactIntoNextLevel: true destinationLevel: 1
2026-05-01 07:37:43:667 - Compaction started: 
140677333534272:Compacting datalog/45 datalog/46 into:sstable1/f5e5faed-fa03-4106-bf1c-dfd38d06aee2202605010137331777621063671135164.sst
2026-05-01 07:37:43:690 - Compaction completed: 
3029038:COMPACT_START sstable=0 input_files: "datalog/607" input_files: "datalog/608" compactIntoNextLevel: true destinationLevel: 1
3029038:COMPACT_ABORT input_files: "datalog/607" input_files: "datalog/608" compactIntoNextLevel: true destinationLevel: 1
3029038:Task input_files: "datalog/61" input_files: "datalog/62" compactIntoNextLevel: true destinationLevel: 1 is dead (hb=30)
3029038:Task input_files: "datalog/459" input_files: "datalog/460" compactIntoNextLevel: true destinationLevel: 1 is dead (hb=30)
3029038:Found dead task input_files: "datalog/459" input_files: "datalog/460" compactIntoNextLevel: true destinationLevel: 1
3029038:COMPACT_START sstable=0 input_files: "datalog/459" input_files: "datalog/460" compactIntoNextLevel: true destinationLevel: 1
3029038:COMPACT_ABORT input_files: "datalog/459" input_files: "datalog/460" compactIntoNextLevel: true destinationLevel: 1
3029038:Found dead task input_files: "datalog/61" input_files: "datalog/62" compactIntoNextLevel: true destinationLevel: 1
3029038:COMPACT_START sstable=0 input_files: "datalog/61" input_files: "datalog/62" compactIntoNextLevel: true destinationLevel: 1
2026-05-01 07:37:43:871 - Compaction started: 
140677333534272:Compacting datalog/61 datalog/62 into:sstable1/f5e5faed-fa03-4106-bf1c-dfd38d06aee2202605010137331777621063875742078.sst
2026-05-01 07:37:43:895 - Compaction completed: 
3029038:Task input_files: "datalog/461" input_files: "datalog/462" compactIntoNextLevel: true destinationLevel: 1 is dead (hb=30)
3029038:Found dead task input_files: "datalog/461" input_files: "datalog/462" compactIntoNextLevel: true destinationLevel: 1
3029038:COMPACT_START sstable=0 input_files: "datalog/461" input_files: "datalog/462" compactIntoNextLevel: true destinationLevel: 1
2026-05-01 07:37:43:973 - Compaction started: 
140677333534272:Compacting datalog/461 datalog/462 into:sstable1/f5e5faed-fa03-4106-bf1c-dfd38d06aee2202605010137331777621063976579576.sst
2026-05-01 07:37:43:991 - Compaction completed: 
3029038:Task input_files: "datalog/465" input_files: "datalog/466" compactIntoNextLevel: true destinationLevel: 1 is dead (hb=30)
3029038:Task input_files: "datalog/323" input_files: "datalog/324" compactIntoNextLevel: true destinationLevel: 1 is dead (hb=30)
3029038:Task input_files: "datalog/315" input_files: "datalog/316" compactIntoNextLevel: true destinationLevel: 1 is dead (hb=30)
3029038:Found dead task input_files: "datalog/323" input_files: "datalog/324" compactIntoNextLevel: true destinationLevel: 1
3029038:COMPACT_START sstable=0 input_files: "datalog/323" input_files: "datalog/324" compactIntoNextLevel: true destinationLevel: 1
2026-05-01 07:37:44:075 - Compaction started: 
140677333534272:Compacting datalog/323 datalog/324 into:sstable1/f5e5faed-fa03-4106-bf1c-dfd38d06aee2202605010137331777621064078340095.sst
2026-05-01 07:37:44:093 - Compaction completed: 
3029038:Task input_files: "datalog/471" input_files: "datalog/472" compactIntoNextLevel: true destinationLevel: 1 is dead (hb=30)
3029038:Task input_files: "datalog/95" input_files: "datalog/96" compactIntoNextLevel: true destinationLevel: 1 is dead (hb=30)
3029038:Task input_files: "datalog/467" input_files: "datalog/468" compactIntoNextLevel: true destinationLevel: 1 is dead (hb=30)
3029038:Found dead task input_files: "datalog/95" input_files: "datalog/96" compactIntoNextLevel: true destinationLevel: 1
3029038:COMPACT_START sstable=0 input_files: "datalog/95" input_files: "datalog/96" compactIntoNextLevel: true destinationLevel: 1
3029038:COMPACT_ABORT input_files: "datalog/95" input_files: "datalog/96" compactIntoNextLevel: true destinationLevel: 1
3029038:Found dead task input_files: "datalog/471" input_files: "datalog/472" compactIntoNextLevel: true destinationLevel: 1
3029038:COMPACT_START sstable=0 input_files: "datalog/471" input_files: "datalog/472" compactIntoNextLevel: true destinationLevel: 1
2026-05-01 07:37:44:177 - Compaction started: 
140677333534272:Compacting datalog/471 datalog/472 into:sstable1/f5e5faed-fa03-4106-bf1c-dfd38d06aee2202605010137331777621064180442824.sst
2026-05-01 07:37:44:195 - Compaction completed: 
3029038:Task input_files: "datalog/329" input_files: "datalog/330" compactIntoNextLevel: true destinationLevel: 1 is dead (hb=30)
3029038:Task input_files: "datalog/475" input_files: "datalog/476" compactIntoNextLevel: true destinationLevel: 1 is dead (hb=30)
3029038:Found dead task input_files: "datalog/475" input_files: "datalog/476" compactIntoNextLevel: true destinationLevel: 1
3029038:COMPACT_START sstable=0 input_files: "datalog/475" input_files: "datalog/476" compactIntoNextLevel: true destinationLevel: 1
3029038:COMPACT_ABORT input_files: "datalog/475" input_files: "datalog/476" compactIntoNextLevel: true destinationLevel: 1
3029038:Found dead task input_files: "datalog/329" input_files: "datalog/330" compactIntoNextLevel: true destinationLevel: 1
3029038:COMPACT_START sstable=0 input_files: "datalog/329" input_files: "datalog/330" compactIntoNextLevel: true destinationLevel: 1
3029038:COMPACT_ABORT input_files: "datalog/329" input_files: "datalog/330" compactIntoNextLevel: true destinationLevel: 1
3029038:COMPACT_START sstable=0 input_files: "datalog/637" input_files: "datalog/638" compactIntoNextLevel: true destinationLevel: 1
2026-05-01 07:37:44:280 - Compaction started: 
140677333534272:Compacting datalog/637 datalog/638 into:sstable1/f5e5faed-fa03-4106-bf1c-dfd38d06aee2202605010137331777621064282928112.sst
2026-05-01 07:37:44:297 - Compaction completed: 
3029038:Task input_files: "datalog/115" input_files: "datalog/116" compactIntoNextLevel: true destinationLevel: 1 is dead (hb=30)
3029038:Task input_files: "datalog/105" input_files: "datalog/106" compactIntoNextLevel: true destinationLevel: 1 is dead (hb=30)
3029038:Task input_files: "datalog/111" input_files: "datalog/112" compactIntoNextLevel: true destinationLevel: 1 is dead (hb=30)
3029038:Found dead task input_files: "datalog/111" input_files: "datalog/112" compactIntoNextLevel: true destinationLevel: 1
3029038:COMPACT_START sstable=0 input_files: "datalog/111" input_files: "datalog/112" compactIntoNextLevel: true destinationLevel: 1
2026-05-01 07:37:44:382 - Compaction started: 
140677333534272:Compacting datalog/111 datalog/112 into:sstable1/f5e5faed-fa03-4106-bf1c-dfd38d06aee2202605010137331777621064385707891.sst
2026-05-01 07:37:44:403 - Compaction completed: 
3029038:Task input_files: "datalog/481" input_files: "datalog/482" compactIntoNextLevel: true destinationLevel: 1 is dead (hb=30)
3029038:Task input_files: "datalog/113" input_files: "datalog/114" compactIntoNextLevel: true destinationLevel: 1 is dead (hb=30)
3029038:Found dead task input_files: "datalog/113" input_files: "datalog/114" compactIntoNextLevel: true destinationLevel: 1
3029038:COMPACT_START sstable=0 input_files: "datalog/113" input_files: "datalog/114" compactIntoNextLevel: true destinationLevel: 1
2026-05-01 07:37:44:483 - Compaction started: 
140677333534272:Compacting datalog/113 datalog/114 into:sstable1/f5e5faed-fa03-4106-bf1c-dfd38d06aee2202605010137331777621064487659699.sst
2026-05-01 07:37:44:505 - Compaction completed: 
3029038:Task input_files: "datalog/343" input_files: "datalog/344" compactIntoNextLevel: true destinationLevel: 1 is dead (hb=30)
3029038:Found dead task input_files: "datalog/343" input_files: "datalog/344" compactIntoNextLevel: true destinationLevel: 1
3029038:COMPACT_START sstable=0 input_files: "datalog/343" input_files: "datalog/344" compactIntoNextLevel: true destinationLevel: 1
2026-05-01 07:37:44:586 - Compaction started: 
140677333534272:Compacting datalog/343 datalog/344 into:sstable1/f5e5faed-fa03-4106-bf1c-dfd38d06aee2202605010137331777621064588884743.sst
2026-05-01 07:37:44:603 - Compaction completed: 
3029038:Task input_files: "datalog/361" input_files: "datalog/362" compactIntoNextLevel: true destinationLevel: 1 is dead (hb=30)
3029038:Task input_files: "datalog/491" input_files: "datalog/492" compactIntoNextLevel: true destinationLevel: 1 is dead (hb=30)
3029038:Task input_files: "datalog/493" input_files: "datalog/494" compactIntoNextLevel: true destinationLevel: 1 is dead (hb=30)
3029038:Found dead task input_files: "datalog/493" input_files: "datalog/494" compactIntoNextLevel: true destinationLevel: 1
3029038:COMPACT_START sstable=0 input_files: "datalog/493" input_files: "datalog/494" compactIntoNextLevel: true destinationLevel: 1
3029038:COMPACT_ABORT input_files: "datalog/493" input_files: "datalog/494" compactIntoNextLevel: true destinationLevel: 1
3029038:Found dead task input_files: "datalog/491" input_files: "datalog/492" compactIntoNextLevel: true destinationLevel: 1
3029038:COMPACT_START sstable=0 input_files: "datalog/491" input_files: "datalog/492" compactIntoNextLevel: true destinationLevel: 1
2026-05-01 07:37:44:689 - Compaction started: 
140677333534272:Compacting datalog/491 datalog/492 into:sstable1/f5e5faed-fa03-4106-bf1c-dfd38d06aee2202605010137331777621064691584853.sst
2026-05-01 07:37:44:706 - Compaction completed: 
3029038:Task input_files: "datalog/359" input_files: "datalog/360" compactIntoNextLevel: true destinationLevel: 1 is dead (hb=30)
3029038:Task input_files: "datalog/495" input_files: "datalog/496" compactIntoNextLevel: true destinationLevel: 1 is dead (hb=30)
3029038:Found dead task input_files: "datalog/495" input_files: "datalog/496" compactIntoNextLevel: true destinationLevel: 1
3029038:COMPACT_START sstable=0 input_files: "datalog/495" input_files: "datalog/496" compactIntoNextLevel: true destinationLevel: 1
2026-05-01 07:37:44:790 - Compaction started: 
140677333534272:Compacting datalog/495 datalog/496 into:sstable1/f5e5faed-fa03-4106-bf1c-dfd38d06aee2202605010137331777621064794071473.sst
2026-05-01 07:37:44:809 - Compaction completed: 
3029038:COMPACT_START sstable=0 input_files: "datalog/671" input_files: "datalog/672" compactIntoNextLevel: true destinationLevel: 1
3029038:COMPACT_ABORT input_files: "datalog/671" input_files: "datalog/672" compactIntoNextLevel: true destinationLevel: 1
3029038:COMPACT_START sstable=0 input_files: "datalog/683" input_files: "datalog/684" compactIntoNextLevel: true destinationLevel: 1
3029038:COMPACT_ABORT input_files: "datalog/683" input_files: "datalog/684" compactIntoNextLevel: true destinationLevel: 1
3029038:Task input_files: "datalog/385" input_files: "datalog/386" compactIntoNextLevel: true destinationLevel: 1 is dead (hb=30)
3029038:Task input_files: "datalog/387" input_files: "datalog/388" compactIntoNextLevel: true destinationLevel: 1 is dead (hb=30)
3029038:Found dead task input_files: "datalog/387" input_files: "datalog/388" compactIntoNextLevel: true destinationLevel: 1
3029038:COMPACT_START sstable=0 input_files: "datalog/387" input_files: "datalog/388" compactIntoNextLevel: true destinationLevel: 1
2026-05-01 07:37:45:096 - Compaction started: 
140677333534272:Compacting datalog/387 datalog/388 into:sstable1/f5e5faed-fa03-4106-bf1c-dfd38d06aee2202605010137331777621065099257330.sst
2026-05-01 07:37:45:115 - Compaction completed: 
3029038:Task input_files: "datalog/513" input_files: "datalog/514" compactIntoNextLevel: true destinationLevel: 1 is dead (hb=30)
3029038:Found dead task input_files: "datalog/513" input_files: "datalog/514" compactIntoNextLevel: true destinationLevel: 1
3029038:COMPACT_START sstable=0 input_files: "datalog/513" input_files: "datalog/514" compactIntoNextLevel: true destinationLevel: 1
3029038:COMPACT_ABORT input_files: "datalog/513" input_files: "datalog/514" compactIntoNextLevel: true destinationLevel: 1
3029038:Task input_files: "datalog/519" input_files: "datalog/520" compactIntoNextLevel: true destinationLevel: 1 is dead (hb=30)
3029038:Task input_files: "datalog/395" input_files: "datalog/396" compactIntoNextLevel: true destinationLevel: 1 is dead (hb=30)
3029038:Found dead task input_files: "datalog/395" input_files: "datalog/396" compactIntoNextLevel: true destinationLevel: 1
3029038:COMPACT_START sstable=0 input_files: "datalog/395" input_files: "datalog/396" compactIntoNextLevel: true destinationLevel: 1
2026-05-01 07:37:45:299 - Compaction started: 
140677333534272:Compacting datalog/395 datalog/396 into:sstable1/f5e5faed-fa03-4106-bf1c-dfd38d06aee2202605010137331777621065302932026.sst
2026-05-01 07:37:45:319 - Compaction completed: 
3029038:COMPACT_START sstable=0 input_files: "datalog/695" input_files: "datalog/696" compactIntoNextLevel: true destinationLevel: 1
2026-05-01 07:37:45:401 - Compaction started: 
140677333534272:Compacting datalog/695 datalog/696 into:sstable1/f5e5faed-fa03-4106-bf1c-dfd38d06aee2202605010137331777621065404878794.sst
2026-05-01 07:37:45:419 - Compaction completed: 
3029038:Task input_files: "datalog/537" input_files: "datalog/538" compactIntoNextLevel: true destinationLevel: 1 is dead (hb=30)
3029038:Found dead task input_files: "datalog/537" input_files: "datalog/538" compactIntoNextLevel: true destinationLevel: 1
3029038:COMPACT_START sstable=0 input_files: "datalog/537" input_files: "datalog/538" compactIntoNextLevel: true destinationLevel: 1
3029038:COMPACT_ABORT input_files: "datalog/537" input_files: "datalog/538" compactIntoNextLevel: true destinationLevel: 1
3029038:COMPACT_START sstable=0 input_files: "datalog/709" input_files: "datalog/710" compactIntoNextLevel: true destinationLevel: 1
3029038:COMPACT_ABORT input_files: "datalog/709" input_files: "datalog/710" compactIntoNextLevel: true destinationLevel: 1
3029038:COMPACT_START sstable=0 input_files: "datalog/711" input_files: "datalog/712" compactIntoNextLevel: true destinationLevel: 1
3029038:COMPACT_ABORT input_files: "datalog/711" input_files: "datalog/712" compactIntoNextLevel: true destinationLevel: 1
3029038:COMPACT_START sstable=0 input_files: "datalog/713" input_files: "datalog/714" compactIntoNextLevel: true destinationLevel: 1
3029038:COMPACT_ABORT input_files: "datalog/713" input_files: "datalog/714" compactIntoNextLevel: true destinationLevel: 1
3029038:COMPACT_START sstable=0 input_files: "datalog/715" input_files: "datalog/716" compactIntoNextLevel: true destinationLevel: 1
3029038:COMPACT_ABORT input_files: "datalog/715" input_files: "datalog/716" compactIntoNextLevel: true destinationLevel: 1
3029038:COMPACT_START sstable=0 input_files: "datalog/717" input_files: "datalog/718" compactIntoNextLevel: true destinationLevel: 1
2026-05-01 07:37:45:505 - Compaction started: 
140677333534272:Compacting datalog/717 datalog/718 into:sstable1/f5e5faed-fa03-4106-bf1c-dfd38d06aee2202605010137331777621065507935252.sst
2026-05-01 07:37:45:520 - Compaction completed: 
3029038:Task input_files: "datalog/203" input_files: "datalog/204" compactIntoNextLevel: true destinationLevel: 1 is dead (hb=30)
3029038:Found dead task input_files: "datalog/203" input_files: "datalog/204" compactIntoNextLevel: true destinationLevel: 1
3029038:COMPACT_START sstable=0 input_files: "datalog/203" input_files: "datalog/204" compactIntoNextLevel: true destinationLevel: 1
2026-05-01 07:37:45:607 - Compaction started: 
140677333534272:Compacting datalog/203 datalog/204 into:sstable1/f5e5faed-fa03-4106-bf1c-dfd38d06aee2202605010137331777621065610230332.sst
2026-05-01 07:37:45:627 - Compaction completed: 
3029038:Task input_files: "datalog/215" input_files: "datalog/216" compactIntoNextLevel: true destinationLevel: 1 is dead (hb=30)
3029038:Found dead task input_files: "datalog/215" input_files: "datalog/216" compactIntoNextLevel: true destinationLevel: 1
3029038:COMPACT_START sstable=0 input_files: "datalog/215" input_files: "datalog/216" compactIntoNextLevel: true destinationLevel: 1
3029038:COMPACT_ABORT input_files: "datalog/215" input_files: "datalog/216" compactIntoNextLevel: true destinationLevel: 1
3029038:Task input_files: "datalog/547" input_files: "datalog/548" compactIntoNextLevel: true destinationLevel: 1 is dead (hb=30)
3029038:Found dead task input_files: "datalog/547" input_files: "datalog/548" compactIntoNextLevel: true destinationLevel: 1
3029038:COMPACT_START sstable=0 input_files: "datalog/547" input_files: "datalog/548" compactIntoNextLevel: true destinationLevel: 1
2026-05-01 07:37:45:810 - Compaction started: 
140677333534272:Compacting datalog/547 datalog/548 into:sstable1/f5e5faed-fa03-4106-bf1c-dfd38d06aee2202605010137331777621065812754150.sst
2026-05-01 07:37:45:826 - Compaction completed: 
3029038:Task input_files: "datalog/555" input_files: "datalog/556" compactIntoNextLevel: true destinationLevel: 1 is dead (hb=30)
3029038:Found dead task input_files: "datalog/555" input_files: "datalog/556" compactIntoNextLevel: true destinationLevel: 1
3029038:COMPACT_START sstable=0 input_files: "datalog/555" input_files: "datalog/556" compactIntoNextLevel: true destinationLevel: 1
3029038:COMPACT_ABORT input_files: "datalog/555" input_files: "datalog/556" compactIntoNextLevel: true destinationLevel: 1
3029038:COMPACT_START sstable=0 input_files: "datalog/739" input_files: "datalog/740" compactIntoNextLevel: true destinationLevel: 1
2026-05-01 07:37:45:912 - Compaction started: 
140677333534272:Compacting datalog/739 datalog/740 into:sstable1/f5e5faed-fa03-4106-bf1c-dfd38d06aee2202605010137331777621065914676001.sst
2026-05-01 07:37:45:927 - Compaction completed: 
3029038:COMPACT_START sstable=0 input_files: "datalog/745" input_files: "datalog/746" compactIntoNextLevel: true destinationLevel: 1
3029038:COMPACT_ABORT input_files: "datalog/745" input_files: "datalog/746" compactIntoNextLevel: true destinationLevel: 1
3029038:Task input_files: "datalog/563" input_files: "datalog/564" compactIntoNextLevel: true destinationLevel: 1 is dead (hb=30)
3029038:Task input_files: "datalog/239" input_files: "datalog/240" compactIntoNextLevel: true destinationLevel: 1 is dead (hb=30)
3029038:Found dead task input_files: "datalog/239" input_files: "datalog/240" compactIntoNextLevel: true destinationLevel: 1
3029038:COMPACT_START sstable=0 input_files: "datalog/239" input_files: "datalog/240" compactIntoNextLevel: true destinationLevel: 1
3029038:COMPACT_ABORT input_files: "datalog/239" input_files: "datalog/240" compactIntoNextLevel: true destinationLevel: 1
3029038:Task input_files: "datalog/567" input_files: "datalog/568" compactIntoNextLevel: true destinationLevel: 1 is dead (hb=30)
3029038:Found dead task input_files: "datalog/567" input_files: "datalog/568" compactIntoNextLevel: true destinationLevel: 1
3029038:COMPACT_START sstable=0 input_files: "datalog/567" input_files: "datalog/568" compactIntoNextLevel: true destinationLevel: 1
3029038:COMPACT_ABORT input_files: "datalog/567" input_files: "datalog/568" compactIntoNextLevel: true destinationLevel: 1
3029038:COMPACT_START sstable=0 input_files: "datalog/761" input_files: "datalog/762" compactIntoNextLevel: true destinationLevel: 1
3029038:COMPACT_ABORT input_files: "datalog/761" input_files: "datalog/762" compactIntoNextLevel: true destinationLevel: 1
3029038:COMPACT_START sstable=0 input_files: "datalog/767" input_files: "datalog/768" compactIntoNextLevel: true destinationLevel: 1
2026-05-01 07:37:46:420 - Compaction started: 
140677333534272:Compacting datalog/767 datalog/768 into:sstable1/f5e5faed-fa03-4106-bf1c-dfd38d06aee2202605010137331777621066423678910.sst
2026-05-01 07:37:46:436 - Compaction completed: 
3029038:Task input_files: "datalog/35" input_files: "datalog/36" compactIntoNextLevel: true destinationLevel: 1 is dead (hb=30)
3029038:Found dead task input_files: "datalog/35" input_files: "datalog/36" compactIntoNextLevel: true destinationLevel: 1
3029038:COMPACT_START sstable=0 input_files: "datalog/35" input_files: "datalog/36" compactIntoNextLevel: true destinationLevel: 1
2026-05-01 07:37:46:523 - Compaction started: 
140677333534272:Compacting datalog/35 datalog/36 into:sstable1/f5e5faed-fa03-4106-bf1c-dfd38d06aee2202605010137331777621066526768561.sst
2026-05-01 07:37:46:545 - Compaction completed: 
3029038:Task input_files: "datalog/599" input_files: "datalog/600" compactIntoNextLevel: true destinationLevel: 1 is dead (hb=31)
3029038:Task input_files: "datalog/449" input_files: "datalog/450" compactIntoNextLevel: true destinationLevel: 1 is dead (hb=30)
3029038:Found dead task input_files: "datalog/449" input_files: "datalog/450" compactIntoNextLevel: true destinationLevel: 1
3029038:COMPACT_START sstable=0 input_files: "datalog/449" input_files: "datalog/450" compactIntoNextLevel: true destinationLevel: 1
2026-05-01 07:37:46:648 - Compaction started: 
140677333534272:Compacting datalog/449 datalog/450 into:sstable1/f5e5faed-fa03-4106-bf1c-dfd38d06aee2202605010137331777621066652847456.sst
2026-05-01 07:37:46:672 - Compaction completed: 
3029038:COMPACT_START sstable=0 input_files: "datalog/773" input_files: "datalog/774" compactIntoNextLevel: true destinationLevel: 1
3029038:COMPACT_ABORT input_files: "datalog/773" input_files: "datalog/774" compactIntoNextLevel: true destinationLevel: 1
3029038:Task input_files: "datalog/607" input_files: "datalog/608" compactIntoNextLevel: true destinationLevel: 1 is dead (hb=30)
3029038:Task input_files: "datalog/459" input_files: "datalog/460" compactIntoNextLevel: true destinationLevel: 1 is dead (hb=30)
3029038:Found dead task input_files: "datalog/459" input_files: "datalog/460" compactIntoNextLevel: true destinationLevel: 1
3029038:COMPACT_START sstable=0 input_files: "datalog/459" input_files: "datalog/460" compactIntoNextLevel: true destinationLevel: 1
3029038:COMPACT_ABORT input_files: "datalog/459" input_files: "datalog/460" compactIntoNextLevel: true destinationLevel: 1
3029038:Found dead task input_files: "datalog/607" input_files: "datalog/608" compactIntoNextLevel: true destinationLevel: 1
3029038:COMPACT_START sstable=0 input_files: "datalog/607" input_files: "datalog/608" compactIntoNextLevel: true destinationLevel: 1
2026-05-01 07:37:46:853 - Compaction started: 
140677333534272:Compacting datalog/607 datalog/608 into:sstable1/f5e5faed-fa03-4106-bf1c-dfd38d06aee2202605010137331777621066857080148.sst
2026-05-01 07:37:46:872 - Compaction completed: 
3029038:COMPACT_START sstable=0 input_files: "datalog/781" input_files: "datalog/782" compactIntoNextLevel: true destinationLevel: 1
3029038:COMPACT_ABORT input_files: "datalog/781" input_files: "datalog/782" compactIntoNextLevel: true destinationLevel: 1
3029038:COMPACT_START sstable=0 input_files: "datalog/789" input_files: "datalog/790" compactIntoNextLevel: true destinationLevel: 1
3029038:COMPACT_ABORT input_files: "datalog/789" input_files: "datalog/790" compactIntoNextLevel: true destinationLevel: 1
3029038:Task input_files: "datalog/95" input_files: "datalog/96" compactIntoNextLevel: true destinationLevel: 1 is dead (hb=30)
3029038:Found dead task input_files: "datalog/95" input_files: "datalog/96" compactIntoNextLevel: true destinationLevel: 1
3029038:COMPACT_START sstable=0 input_files: "datalog/95" input_files: "datalog/96" compactIntoNextLevel: true destinationLevel: 1
2026-05-01 07:37:47:159 - Compaction started: 
140677333534272:Compacting datalog/95 datalog/96 into:sstable1/f5e5faed-fa03-4106-bf1c-dfd38d06aee2202605010137331777621067163044734.sst
2026-05-01 07:37:47:181 - Compaction completed: 
3029038:Task input_files: "datalog/329" input_files: "datalog/330" compactIntoNextLevel: true destinationLevel: 1 is dead (hb=30)
3029038:Task input_files: "datalog/475" input_files: "datalog/476" compactIntoNextLevel: true destinationLevel: 1 is dead (hb=30)
3029038:Found dead task input_files: "datalog/475" input_files: "datalog/476" compactIntoNextLevel: true destinationLevel: 1
3029038:COMPACT_START sstable=0 input_files: "datalog/475" input_files: "datalog/476" compactIntoNextLevel: true destinationLevel: 1
2026-05-01 07:37:47:261 - Compaction started: 
140677333534272:Compacting datalog/475 datalog/476 into:sstable1/f5e5faed-fa03-4106-bf1c-dfd38d06aee2202605010137331777621067264377341.sst
2026-05-01 07:37:47:279 - Compaction completed: 
3029038:COMPACT_START sstable=0 input_files: "datalog/807" input_files: "datalog/808" compactIntoNextLevel: true destinationLevel: 1
3029038:COMPACT_ABORT input_files: "datalog/807" input_files: "datalog/808" compactIntoNextLevel: true destinationLevel: 1
3029038:COMPACT_START sstable=0 input_files: "datalog/817" input_files: "datalog/818" compactIntoNextLevel: true destinationLevel: 1
2026-05-01 07:37:47:464 - Compaction started: 
140677333534272:Compacting datalog/817 datalog/818 into:sstable1/f5e5faed-fa03-4106-bf1c-dfd38d06aee2202605010137331777621067467817316.sst
2026-05-01 07:37:47:481 - Compaction completed: 
3029038:COMPACT_START sstable=0 input_files: "datalog/821" input_files: "datalog/822" compactIntoNextLevel: true destinationLevel: 1
3029038:COMPACT_ABORT input_files: "datalog/821" input_files: "datalog/822" compactIntoNextLevel: true destinationLevel: 1
3029038:Task input_files: "datalog/493" input_files: "datalog/494" compactIntoNextLevel: true destinationLevel: 1 is dead (hb=30)
3029038:Found dead task input_files: "datalog/493" input_files: "datalog/494" compactIntoNextLevel: true destinationLevel: 1
3029038:COMPACT_START sstable=0 input_files: "datalog/493" input_files: "datalog/494" compactIntoNextLevel: true destinationLevel: 1
2026-05-01 07:37:47:668 - Compaction started: 
140677333534272:Compacting datalog/493 datalog/494 into:sstable1/f5e5faed-fa03-4106-bf1c-dfd38d06aee2202605010137331777621067671425958.sst
2026-05-01 07:37:47:686 - Compaction completed: 
3029038:COMPACT_START sstable=0 input_files: "datalog/835" input_files: "datalog/836" compactIntoNextLevel: true destinationLevel: 1
3029038:COMPACT_ABORT input_files: "datalog/835" input_files: "datalog/836" compactIntoNextLevel: true destinationLevel: 1
3029038:Task input_files: "datalog/161" input_files: "datalog/162" compactIntoNextLevel: true destinationLevel: 1 is dead (hb=30)
3029038:Task input_files: "datalog/365" input_files: "datalog/366" compactIntoNextLevel: true destinationLevel: 1 is dead (hb=30)
3029038:Found dead task input_files: "datalog/365" input_files: "datalog/366" compactIntoNextLevel: true destinationLevel: 1
3029038:COMPACT_START sstable=0 input_files: "datalog/365" input_files: "datalog/366" compactIntoNextLevel: true destinationLevel: 1
2026-05-01 07:37:47:872 - Compaction started: 
140677333534272:Compacting datalog/365 datalog/366 into:sstable1/f5e5faed-fa03-4106-bf1c-dfd38d06aee2202605010137331777621067875873682.sst
2026-05-01 07:37:47:892 - Compaction completed: 
3029038:Task input_files: "datalog/679" input_files: "datalog/680" compactIntoNextLevel: true destinationLevel: 1 is dead (hb=30)
3029038:Task input_files: "datalog/671" input_files: "datalog/672" compactIntoNextLevel: true destinationLevel: 1 is dead (hb=30)
3029038:Task input_files: "datalog/503" input_files: "datalog/504" compactIntoNextLevel: true destinationLevel: 1 is dead (hb=30)
3029038:Found dead task input_files: "datalog/503" input_files: "datalog/504" compactIntoNextLevel: true destinationLevel: 1
3029038:COMPACT_START sstable=0 input_files: "datalog/503" input_files: "datalog/504" compactIntoNextLevel: true destinationLevel: 1
3029038:COMPACT_ABORT input_files: "datalog/503" input_files: "datalog/504" compactIntoNextLevel: true destinationLevel: 1
3029038:Task input_files: "datalog/683" input_files: "datalog/684" compactIntoNextLevel: true destinationLevel: 1 is dead (hb=30)
3029038:Found dead task input_files: "datalog/683" input_files: "datalog/684" compactIntoNextLevel: true destinationLevel: 1
3029038:COMPACT_START sstable=0 input_files: "datalog/683" input_files: "datalog/684" compactIntoNextLevel: true destinationLevel: 1
3029038:COMPACT_ABORT input_files: "datalog/683" input_files: "datalog/684" compactIntoNextLevel: true destinationLevel: 1
3029038:COMPACT_START sstable=0 input_files: "datalog/847" input_files: "datalog/848" compactIntoNextLevel: true destinationLevel: 1
3029038:COMPACT_ABORT input_files: "datalog/847" input_files: "datalog/848" compactIntoNextLevel: true destinationLevel: 1
3029038:Task input_files: "datalog/525" input_files: "datalog/526" compactIntoNextLevel: true destinationLevel: 1 is dead (hb=30)
3029038:Task input_files: "datalog/527" input_files: "datalog/528" compactIntoNextLevel: true destinationLevel: 1 is dead (hb=30)
3029038:Found dead task input_files: "datalog/527" input_files: "datalog/528" compactIntoNextLevel: true destinationLevel: 1
3029038:COMPACT_START sstable=0 input_files: "datalog/527" input_files: "datalog/528" compactIntoNextLevel: true destinationLevel: 1
3029038:COMPACT_ABORT input_files: "datalog/527" input_files: "datalog/528" compactIntoNextLevel: true destinationLevel: 1
3029038:Found dead task input_files: "datalog/525" input_files: "datalog/526" compactIntoNextLevel: true destinationLevel: 1
3029038:COMPACT_START sstable=0 input_files: "datalog/525" input_files: "datalog/526" compactIntoNextLevel: true destinationLevel: 1
3029038:COMPACT_ABORT input_files: "datalog/525" input_files: "datalog/526" compactIntoNextLevel: true destinationLevel: 1
3029038:COMPACT_START sstable=0 input_files: "datalog/851" input_files: "datalog/852" compactIntoNextLevel: true destinationLevel: 1
3029038:COMPACT_ABORT input_files: "datalog/851" input_files: "datalog/852" compactIntoNextLevel: true destinationLevel: 1
3029038:COMPACT_START sstable=0 input_files: "datalog/853" input_files: "datalog/854" compactIntoNextLevel: true destinationLevel: 1
3029038:COMPACT_ABORT input_files: "datalog/853" input_files: "datalog/854" compactIntoNextLevel: true destinationLevel: 1
3029038:COMPACT_START sstable=0 input_files: "datalog/855" input_files: "datalog/856" compactIntoNextLevel: true destinationLevel: 1
2026-05-01 07:37:48:178 - Compaction started: 
140677333534272:Compacting datalog/855 datalog/856 into:sstable1/f5e5faed-fa03-4106-bf1c-dfd38d06aee2202605010137331777621068181853487.sst
2026-05-01 07:37:48:194 - Compaction completed: 
3029038:Task input_files: "datalog/513" input_files: "datalog/514" compactIntoNextLevel: true destinationLevel: 1 is dead (hb=30)
3029038:Found dead task input_files: "datalog/513" input_files: "datalog/514" compactIntoNextLevel: true destinationLevel: 1
3029038:COMPACT_START sstable=0 input_files: "datalog/513" input_files: "datalog/514" compactIntoNextLevel: true destinationLevel: 1
2026-05-01 07:37:48:280 - Compaction started: 
140677333534272:Compacting datalog/513 datalog/514 into:sstable1/f5e5faed-fa03-4106-bf1c-dfd38d06aee2202605010137331777621068283154515.sst
2026-05-01 07:37:48:297 - Compaction completed: 
3029038:COMPACT_START sstable=0 input_files: "datalog/865" input_files: "datalog/866" compactIntoNextLevel: true destinationLevel: 1
3029038:COMPACT_ABORT input_files: "datalog/865" input_files: "datalog/866" compactIntoNextLevel: true destinationLevel: 1
3029038:Task input_files: "datalog/713" input_files: "datalog/714" compactIntoNextLevel: true destinationLevel: 1 is dead (hb=30)
3029038:Task input_files: "datalog/711" input_files: "datalog/712" compactIntoNextLevel: true destinationLevel: 1 is dead (hb=30)
3029038:Task input_files: "datalog/709" input_files: "datalog/710" compactIntoNextLevel: true destinationLevel: 1 is dead (hb=30)
3029038:Task input_files: "datalog/703" input_files: "datalog/704" compactIntoNextLevel: true destinationLevel: 1 is dead (hb=30)
3029038:Task input_files: "datalog/701" input_files: "datalog/702" compactIntoNextLevel: true destinationLevel: 1 is dead (hb=30)
3029038:Task input_files: "datalog/537" input_files: "datalog/538" compactIntoNextLevel: true destinationLevel: 1 is dead (hb=30)
3029038:Task input_files: "datalog/715" input_files: "datalog/716" compactIntoNextLevel: true destinationLevel: 1 is dead (hb=30)
3029038:Task input_files: "datalog/401" input_files: "datalog/402" compactIntoNextLevel: true destinationLevel: 1 is dead (hb=30)
3029038:Found dead task input_files: "datalog/401" input_files: "datalog/402" compactIntoNextLevel: true destinationLevel: 1
3029038:COMPACT_START sstable=0 input_files: "datalog/401" input_files: "datalog/402" compactIntoNextLevel: true destinationLevel: 1
2026-05-01 07:37:48:482 - Compaction started: 
140677333534272:Compacting datalog/401 datalog/402 into:sstable1/f5e5faed-fa03-4106-bf1c-dfd38d06aee2202605010137331777621068486173471.sst
2026-05-01 07:37:48:502 - Compaction completed: 
3029038:Task input_files: "datalog/721" input_files: "datalog/722" compactIntoNextLevel: true destinationLevel: 1 is dead (hb=30)
3029038:Task input_files: "datalog/719" input_files: "datalog/720" compactIntoNextLevel: true destinationLevel: 1 is dead (hb=30)
3029038:Found dead task input_files: "datalog/719" input_files: "datalog/720" compactIntoNextLevel: true destinationLevel: 1
3029038:COMPACT_START sstable=0 input_files: "datalog/719" input_files: "datalog/720" compactIntoNextLevel: true destinationLevel: 1
3029038:COMPACT_ABORT input_files: "datalog/719" input_files: "datalog/720" compactIntoNextLevel: true destinationLevel: 1
3029038:Found dead task input_files: "datalog/721" input_files: "datalog/722" compactIntoNextLevel: true destinationLevel: 1
3029038:COMPACT_START sstable=0 input_files: "datalog/721" input_files: "datalog/722" compactIntoNextLevel: true destinationLevel: 1
3029038:COMPACT_ABORT input_files: "datalog/721" input_files: "datalog/722" compactIntoNextLevel: true destinationLevel: 1
3029038:COMPACT_START sstable=0 input_files: "datalog/869" input_files: "datalog/870" compactIntoNextLevel: true destinationLevel: 1
2026-05-01 07:37:48:686 - Compaction started: 
140677333534272:Compacting datalog/869 datalog/870 into:sstable1/f5e5faed-fa03-4106-bf1c-dfd38d06aee2202605010137331777621068688153680.sst
2026-05-01 07:37:48:700 - Compaction completed: 
3029038:Task input_files: "datalog/215" input_files: "datalog/216" compactIntoNextLevel: true destinationLevel: 1 is dead (hb=30)
3029038:Task input_files: "datalog/217" input_files: "datalog/218" compactIntoNextLevel: true destinationLevel: 1 is dead (hb=30)
3029038:Found dead task input_files: "datalog/217" input_files: "datalog/218" compactIntoNextLevel: true destinationLevel: 1
3029038:COMPACT_START sstable=0 input_files: "datalog/217" input_files: "datalog/218" compactIntoNextLevel: true destinationLevel: 1
2026-05-01 07:37:48:788 - Compaction started: 
140677333534272:Compacting datalog/217 datalog/218 into:sstable1/f5e5faed-fa03-4106-bf1c-dfd38d06aee2202605010137331777621068791100563.sst
2026-05-01 07:37:48:808 - Compaction completed: 
3029038:Task input_files: "datalog/555" input_files: "datalog/556" compactIntoNextLevel: true destinationLevel: 1 is dead (hb=30)
3029038:Found dead task input_files: "datalog/555" input_files: "datalog/556" compactIntoNextLevel: true destinationLevel: 1
3029038:COMPACT_START sstable=0 input_files: "datalog/555" input_files: "datalog/556" compactIntoNextLevel: true destinationLevel: 1
2026-05-01 07:37:48:889 - Compaction started: 
140677333534272:Compacting datalog/555 datalog/556 into:sstable1/f5e5faed-fa03-4106-bf1c-dfd38d06aee2202605010137331777621068892118299.sst
2026-05-01 07:37:48:906 - Compaction completed: 
3029038:Task input_files: "datalog/737" input_files: "datalog/738" compactIntoNextLevel: true destinationLevel: 1 is dead (hb=30)
3029038:Task input_files: "datalog/421" input_files: "datalog/422" compactIntoNextLevel: true destinationLevel: 1 is dead (hb=30)
3029038:Task input_files: "datalog/237" input_files: "datalog/238" compactIntoNextLevel: true destinationLevel: 1 is dead (hb=30)
3029038:Found dead task input_files: "datalog/237" input_files: "datalog/238" compactIntoNextLevel: true destinationLevel: 1
3029038:COMPACT_START sstable=0 input_files: "datalog/237" input_files: "datalog/238" compactIntoNextLevel: true destinationLevel: 1
2026-05-01 07:37:48:991 - Compaction started: 
140677333534272:Compacting datalog/237 datalog/238 into:sstable1/f5e5faed-fa03-4106-bf1c-dfd38d06aee2202605010137331777621068994226750.sst
2026-05-01 07:37:49:010 - Compaction completed: 
3029038:Task input_files: "datalog/745" input_files: "datalog/746" compactIntoNextLevel: true destinationLevel: 1 is dead (hb=30)
3029038:Found dead task input_files: "datalog/745" input_files: "datalog/746" compactIntoNextLevel: true destinationLevel: 1
3029038:COMPACT_START sstable=0 input_files: "datalog/745" input_files: "datalog/746" compactIntoNextLevel: true destinationLevel: 1
2026-05-01 07:37:49:092 - Compaction started: 
140677333534272:Compacting datalog/745 datalog/746 into:sstable1/f5e5faed-fa03-4106-bf1c-dfd38d06aee2202605010137331777621069095115224.sst
2026-05-01 07:37:49:108 - Compaction completed: 
3029038:Task input_files: "datalog/747" input_files: "datalog/748" compactIntoNextLevel: true destinationLevel: 1 is dead (hb=30)
3029038:Found dead task input_files: "datalog/747" input_files: "datalog/748" compactIntoNextLevel: true destinationLevel: 1
3029038:COMPACT_START sstable=0 input_files: "datalog/747" input_files: "datalog/748" compactIntoNextLevel: true destinationLevel: 1
3029038:COMPACT_ABORT input_files: "datalog/747" input_files: "datalog/748" compactIntoNextLevel: true destinationLevel: 1
3029038:COMPACT_START sstable=1 input_files: "sstable1/f5e5faed-fa03-4106-bf1c-dfd38d06aee2202605010137331777621057151263733.sst" input_files: "sstable1/f5e5faed-fa03-4106-bf1c-dfd38d06aee2202605010137331777621066526768561.sst" compactIntoNextLevel: true destinationLevel: 2
2026-05-01 07:37:49:194 - Compaction started: 
140677333534272:Compacting sstable1/f5e5faed-fa03-4106-bf1c-dfd38d06aee2202605010137331777621057151263733.sst sstable1/f5e5faed-fa03-4106-bf1c-dfd38d06aee2202605010137331777621066526768561.sst into:sstable2/f5e5faed-fa03-4106-bf1c-dfd38d06aee2202605010137331777621069218206168.sst
2026-05-01 07:37:49:254 - Compaction completed: 
3029038:COMPACT_START sstable=1 input_files: "sstable1/305ab122-2a52-4afe-9c9a-47c2657383fd202605010137331777621054455490256.sst" input_files: "sstable1/f5e5faed-fa03-4106-bf1c-dfd38d06aee2202605010137331777621057559570358.sst" compactIntoNextLevel: true destinationLevel: 2
3029038:COMPACT_ABORT input_files: "sstable1/305ab122-2a52-4afe-9c9a-47c2657383fd202605010137331777621054455490256.sst" input_files: "sstable1/f5e5faed-fa03-4106-bf1c-dfd38d06aee2202605010137331777621057559570358.sst" compactIntoNextLevel: true destinationLevel: 2
3029038:COMPACT_START sstable=1 input_files: "sstable1/f5e5faed-fa03-4106-bf1c-dfd38d06aee2202605010137331777621054606231263.sst" input_files: "sstable1/f5e5faed-fa03-4106-bf1c-dfd38d06aee2202605010137331777621057761902386.sst" compactIntoNextLevel: true destinationLevel: 2
3029038:COMPACT_ABORT input_files: "sstable1/f5e5faed-fa03-4106-bf1c-dfd38d06aee2202605010137331777621054606231263.sst" input_files: "sstable1/f5e5faed-fa03-4106-bf1c-dfd38d06aee2202605010137331777621057761902386.sst" compactIntoNextLevel: true destinationLevel: 2
3029038:COMPACT_START sstable=1 input_files: "sstable1/8b6d3442-296e-4641-8dee-bf3361889571202605010137331777621054772024216.sst" input_files: "sstable1/305ab122-2a52-4afe-9c9a-47c2657383fd202605010137331777621060851784733.sst" compactIntoNextLevel: true destinationLevel: 2
3029038:COMPACT_ABORT input_files: "sstable1/8b6d3442-296e-4641-8dee-bf3361889571202605010137331777621054772024216.sst" input_files: "sstable1/305ab122-2a52-4afe-9c9a-47c2657383fd202605010137331777621060851784733.sst" compactIntoNextLevel: true destinationLevel: 2
3029038:COMPACT_START sstable=1 input_files: "sstable1/305ab122-2a52-4afe-9c9a-47c2657383fd202605010137331777621054860982266.sst" input_files: "sstable1/f5e5faed-fa03-4106-bf1c-dfd38d06aee2202605010137331777621057964859837.sst" compactIntoNextLevel: true destinationLevel: 2
2026-05-01 07:37:49:499 - Compaction started: 
140677333534272:Compacting sstable1/305ab122-2a52-4afe-9c9a-47c2657383fd202605010137331777621054860982266.sst sstable1/f5e5faed-fa03-4106-bf1c-dfd38d06aee2202605010137331777621057964859837.sst into:sstable2/f5e5faed-fa03-4106-bf1c-dfd38d06aee2202605010137331777621069520997716.sst
2026-05-01 07:37:49:558 - Compaction completed: 
3029038:COMPACT_START sstable=1 input_files: "sstable1/8b6d3442-296e-4641-8dee-bf3361889571202605010137331777621054975657203.sst" input_files: "sstable1/f5e5faed-fa03-4106-bf1c-dfd38d06aee2202605010137331777621067163044734.sst" compactIntoNextLevel: true destinationLevel: 2
2026-05-01 07:37:49:600 - Compaction started: 
140677333534272:Compacting sstable1/8b6d3442-296e-4641-8dee-bf3361889571202605010137331777621054975657203.sst sstable1/f5e5faed-fa03-4106-bf1c-dfd38d06aee2202605010137331777621067163044734.sst into:sstable2/f5e5faed-fa03-4106-bf1c-dfd38d06aee2202605010137331777621069623111637.sst
2026-05-01 07:37:49:658 - Compaction completed: 
3029038:COMPACT_START sstable=1 input_files: "sstable1/3e54c6e3-f034-41d2-8504-c176d41dc32d202605010137331777621064410683360.sst" input_files: "sstable1/3e54c6e3-f034-41d2-8504-c176d41dc32d202605010137331777621061362049738.sst" compactIntoNextLevel: true destinationLevel: 2
2026-05-01 07:37:49:701 - Compaction started: 
140677333534272:Compacting sstable1/3e54c6e3-f034-41d2-8504-c176d41dc32d202605010137331777621064410683360.sst sstable1/3e54c6e3-f034-41d2-8504-c176d41dc32d202605010137331777621061362049738.sst into:sstable2/f5e5faed-fa03-4106-bf1c-dfd38d06aee2202605010137331777621069724282772.sst
2026-05-01 07:37:49:759 - Compaction completed: 
3029038:COMPACT_START sstable=1 input_files: "sstable1/8b6d3442-296e-4641-8dee-bf3361889571202605010137331777621055336889804.sst" input_files: "sstable1/f5e5faed-fa03-4106-bf1c-dfd38d06aee2202605010137331777621055316796317.sst" compactIntoNextLevel: true destinationLevel: 2
3029038:COMPACT_ABORT input_files: "sstable1/8b6d3442-296e-4641-8dee-bf3361889571202605010137331777621055336889804.sst" input_files: "sstable1/f5e5faed-fa03-4106-bf1c-dfd38d06aee2202605010137331777621055316796317.sst" compactIntoNextLevel: true destinationLevel: 2
3029038:Task input_files: "datalog/773" input_files: "datalog/774" compactIntoNextLevel: true destinationLevel: 1 is dead (hb=30)
3029038:Found dead task input_files: "datalog/773" input_files: "datalog/774" compactIntoNextLevel: true destinationLevel: 1
3029038:COMPACT_START sstable=0 input_files: "datalog/773" input_files: "datalog/774" compactIntoNextLevel: true destinationLevel: 1
3029038:COMPACT_ABORT input_files: "datalog/773" input_files: "datalog/774" compactIntoNextLevel: true destinationLevel: 1
3029038:COMPACT_START sstable=1 input_files: "sstable1/8b6d3442-296e-4641-8dee-bf3361889571202605010137331777621055484084434.sst" input_files: "sstable1/305ab122-2a52-4afe-9c9a-47c2657383fd202605010137331777621061668820366.sst" compactIntoNextLevel: true destinationLevel: 2
2026-05-01 07:37:49:905 - Compaction started: 
140677333534272:Compacting sstable1/8b6d3442-296e-4641-8dee-bf3361889571202605010137331777621055484084434.sst sstable1/305ab122-2a52-4afe-9c9a-47c2657383fd202605010137331777621061668820366.sst into:sstable2/f5e5faed-fa03-4106-bf1c-dfd38d06aee2202605010137331777621069928483152.sst
2026-05-01 07:37:49:965 - Compaction completed: 
3029038:COMPACT_START sstable=1 input_files: "sstable1/8b6d3442-296e-4641-8dee-bf3361889571202605010137331777621058742111983.sst" input_files: "sstable1/f5e5faed-fa03-4106-bf1c-dfd38d06aee2202605010137331777621058675557731.sst" compactIntoNextLevel: true destinationLevel: 2
2026-05-01 07:37:50:007 - Compaction started: 
140677333534272:Compacting sstable1/8b6d3442-296e-4641-8dee-bf3361889571202605010137331777621058742111983.sst sstable1/f5e5faed-fa03-4106-bf1c-dfd38d06aee2202605010137331777621058675557731.sst into:sstable2/f5e5faed-fa03-4106-bf1c-dfd38d06aee2202605010137331777621070027002946.sst
2026-05-01 07:37:50:058 - Compaction completed: 
3029038:Task input_files: "datalog/789" input_files: "datalog/790" compactIntoNextLevel: true destinationLevel: 1 is dead (hb=30)
3029038:Found dead task input_files: "datalog/789" input_files: "datalog/790" compactIntoNextLevel: true destinationLevel: 1
3029038:COMPACT_START sstable=0 input_files: "datalog/789" input_files: "datalog/790" compactIntoNextLevel: true destinationLevel: 1
3029038:COMPACT_ABORT input_files: "datalog/789" input_files: "datalog/790" compactIntoNextLevel: true destinationLevel: 1
3029038:Task input_files: "datalog/799" input_files: "datalog/800" compactIntoNextLevel: true destinationLevel: 1 is dead (hb=30)
3029038:Found dead task input_files: "datalog/799" input_files: "datalog/800" compactIntoNextLevel: true destinationLevel: 1
3029038:COMPACT_START sstable=0 input_files: "datalog/799" input_files: "datalog/800" compactIntoNextLevel: true destinationLevel: 1
2026-05-01 07:37:50:310 - Compaction started: 
140677333534272:Compacting datalog/799 datalog/800 into:sstable1/f5e5faed-fa03-4106-bf1c-dfd38d06aee2202605010137331777621070312834191.sst
2026-05-01 07:37:50:325 - Compaction completed: 
3029038:Task input_files: "datalog/803" input_files: "datalog/804" compactIntoNextLevel: true destinationLevel: 1 is dead (hb=30)
3029038:Task input_files: "datalog/635" input_files: "datalog/636" compactIntoNextLevel: true destinationLevel: 1 is dead (hb=30)
3029038:Found dead task input_files: "datalog/635" input_files: "datalog/636" compactIntoNextLevel: true destinationLevel: 1
3029038:COMPACT_START sstable=0 input_files: "datalog/635" input_files: "datalog/636" compactIntoNextLevel: true destinationLevel: 1
3029038:COMPACT_ABORT input_files: "datalog/635" input_files: "datalog/636" compactIntoNextLevel: true destinationLevel: 1
3029038:Found dead task input_files: "datalog/803" input_files: "datalog/804" compactIntoNextLevel: true destinationLevel: 1
3029038:COMPACT_START sstable=0 input_files: "datalog/803" input_files: "datalog/804" compactIntoNextLevel: true destinationLevel: 1
2026-05-01 07:37:50:412 - Compaction started: 
140677333534272:Compacting datalog/803 datalog/804 into:sstable1/f5e5faed-fa03-4106-bf1c-dfd38d06aee2202605010137331777621070414722198.sst
2026-05-01 07:37:50:427 - Compaction completed: 
3029038:Task input_files: "datalog/807" input_files: "datalog/808" compactIntoNextLevel: true destinationLevel: 1 is dead (hb=30)
3029038:Found dead task input_files: "datalog/807" input_files: "datalog/808" compactIntoNextLevel: true destinationLevel: 1
3029038:COMPACT_START sstable=0 input_files: "datalog/807" input_files: "datalog/808" compactIntoNextLevel: true destinationLevel: 1
3029038:COMPACT_ABORT input_files: "datalog/807" input_files: "datalog/808" compactIntoNextLevel: true destinationLevel: 1
3029038:Task input_files: "datalog/819" input_files: "datalog/820" compactIntoNextLevel: true destinationLevel: 1 is dead (hb=30)
3029038:Task input_files: "datalog/821" input_files: "datalog/822" compactIntoNextLevel: true destinationLevel: 1 is dead (hb=30)
3029038:Found dead task input_files: "datalog/821" input_files: "datalog/822" compactIntoNextLevel: true destinationLevel: 1
3029038:COMPACT_START sstable=0 input_files: "datalog/821" input_files: "datalog/822" compactIntoNextLevel: true destinationLevel: 1
2026-05-01 07:37:50:715 - Compaction started: 
140677333534272:Compacting datalog/821 datalog/822 into:sstable1/f5e5faed-fa03-4106-bf1c-dfd38d06aee2202605010137331777621070718264264.sst
2026-05-01 07:37:50:732 - Compaction completed: 
3029038:Task input_files: "datalog/835" input_files: "datalog/836" compactIntoNextLevel: true destinationLevel: 1 is dead (hb=30)
3029038:Found dead task input_files: "datalog/835" input_files: "datalog/836" compactIntoNextLevel: true destinationLevel: 1
3029038:COMPACT_START sstable=0 input_files: "datalog/835" input_files: "datalog/836" compactIntoNextLevel: true destinationLevel: 1
2026-05-01 07:37:50:918 - Compaction started: 
140677333534272:Compacting datalog/835 datalog/836 into:sstable1/f5e5faed-fa03-4106-bf1c-dfd38d06aee2202605010137331777621070920339120.sst
2026-05-01 07:37:50:932 - Compaction completed: 
3029038:Task input_files: "datalog/503" input_files: "datalog/504" compactIntoNextLevel: true destinationLevel: 1 is dead (hb=30)
3029038:Found dead task input_files: "datalog/503" input_files: "datalog/504" compactIntoNextLevel: true destinationLevel: 1
3029038:COMPACT_START sstable=0 input_files: "datalog/503" input_files: "datalog/504" compactIntoNextLevel: true destinationLevel: 1
3029038:COMPACT_ABORT input_files: "datalog/503" input_files: "datalog/504" compactIntoNextLevel: true destinationLevel: 1
3029038:Task input_files: "datalog/847" input_files: "datalog/848" compactIntoNextLevel: true destinationLevel: 1 is dead (hb=30)
3029038:Task input_files: "datalog/851" input_files: "datalog/852" compactIntoNextLevel: true destinationLevel: 1 is dead (hb=30)
3029038:Task input_files: "datalog/853" input_files: "datalog/854" compactIntoNextLevel: true destinationLevel: 1 is dead (hb=30)
3029038:Task input_files: "datalog/525" input_files: "datalog/526" compactIntoNextLevel: true destinationLevel: 1 is dead (hb=30)
3029038:Found dead task input_files: "datalog/525" input_files: "datalog/526" compactIntoNextLevel: true destinationLevel: 1
3029038:COMPACT_START sstable=0 input_files: "datalog/525" input_files: "datalog/526" compactIntoNextLevel: true destinationLevel: 1
3029038:COMPACT_ABORT input_files: "datalog/525" input_files: "datalog/526" compactIntoNextLevel: true destinationLevel: 1
3029038:Found dead task input_files: "datalog/853" input_files: "datalog/854" compactIntoNextLevel: true destinationLevel: 1
3029038:COMPACT_START sstable=0 input_files: "datalog/853" input_files: "datalog/854" compactIntoNextLevel: true destinationLevel: 1
2026-05-01 07:37:51:222 - Compaction started: 
140677333534272:Compacting datalog/853 datalog/854 into:sstable1/f5e5faed-fa03-4106-bf1c-dfd38d06aee2202605010137331777621071224927797.sst
2026-05-01 07:37:51:238 - Compaction completed: 
3029038:Found dead task input_files: "datalog/847" input_files: "datalog/848" compactIntoNextLevel: true destinationLevel: 1
3029038:COMPACT_START sstable=0 input_files: "datalog/847" input_files: "datalog/848" compactIntoNextLevel: true destinationLevel: 1
2026-05-01 07:37:51:323 - Compaction started: 
140677333534272:Compacting datalog/847 datalog/848 into:sstable1/f5e5faed-fa03-4106-bf1c-dfd38d06aee2202605010137331777621071326759049.sst
2026-05-01 07:37:51:344 - Compaction completed: 
3029038:Task input_files: "datalog/747" input_files: "datalog/748" compactIntoNextLevel: true destinationLevel: 1 is dead (hb=30)
3029038:Found dead task input_files: "datalog/747" input_files: "datalog/748" compactIntoNextLevel: true destinationLevel: 1
3029038:COMPACT_START sstable=0 input_files: "datalog/747" input_files: "datalog/748" compactIntoNextLevel: true destinationLevel: 1
3029038:COMPACT_ABORT input_files: "datalog/747" input_files: "datalog/748" compactIntoNextLevel: true destinationLevel: 1
3029038:Task input_files: "sstable1/305ab122-2a52-4afe-9c9a-47c2657383fd202605010137331777621054455490256.sst" input_files: "sstable1/f5e5faed-fa03-4106-bf1c-dfd38d06aee2202605010137331777621057559570358.sst" compactIntoNextLevel: true destinationLevel: 2 is dead (hb=30)
3029038:Found dead task input_files: "sstable1/305ab122-2a52-4afe-9c9a-47c2657383fd202605010137331777621054455490256.sst" input_files: "sstable1/f5e5faed-fa03-4106-bf1c-dfd38d06aee2202605010137331777621057559570358.sst" compactIntoNextLevel: true destinationLevel: 2
3029038:COMPACT_START sstable=1 input_files: "sstable1/305ab122-2a52-4afe-9c9a-47c2657383fd202605010137331777621054455490256.sst" input_files: "sstable1/f5e5faed-fa03-4106-bf1c-dfd38d06aee2202605010137331777621057559570358.sst" compactIntoNextLevel: true destinationLevel: 2
3029038:COMPACT_ABORT input_files: "sstable1/305ab122-2a52-4afe-9c9a-47c2657383fd202605010137331777621054455490256.sst" input_files: "sstable1/f5e5faed-fa03-4106-bf1c-dfd38d06aee2202605010137331777621057559570358.sst" compactIntoNextLevel: true destinationLevel: 2
3029038:Task input_files: "sstable1/8b6d3442-296e-4641-8dee-bf3361889571202605010137331777621054772024216.sst" input_files: "sstable1/305ab122-2a52-4afe-9c9a-47c2657383fd202605010137331777621060851784733.sst" compactIntoNextLevel: true destinationLevel: 2 is dead (hb=30)
3029038:Found dead task input_files: "sstable1/8b6d3442-296e-4641-8dee-bf3361889571202605010137331777621054772024216.sst" input_files: "sstable1/305ab122-2a52-4afe-9c9a-47c2657383fd202605010137331777621060851784733.sst" compactIntoNextLevel: true destinationLevel: 2
3029038:COMPACT_START sstable=1 input_files: "sstable1/8b6d3442-296e-4641-8dee-bf3361889571202605010137331777621054772024216.sst" input_files: "sstable1/305ab122-2a52-4afe-9c9a-47c2657383fd202605010137331777621060851784733.sst" compactIntoNextLevel: true destinationLevel: 2
2026-05-01 07:37:52:535 - Compaction started: 
140677333534272:Compacting sstable1/8b6d3442-296e-4641-8dee-bf3361889571202605010137331777621054772024216.sst sstable1/305ab122-2a52-4afe-9c9a-47c2657383fd202605010137331777621060851784733.sst into:sstable2/f5e5faed-fa03-4106-bf1c-dfd38d06aee2202605010137331777621072558642959.sst
2026-05-01 07:37:52:593 - Compaction completed: 
3029038:COMPACT_START sstable=1 input_files: "sstable1/305ab122-2a52-4afe-9c9a-47c2657383fd202605010137331777621055873228697.sst" input_files: "sstable1/3e54c6e3-f034-41d2-8504-c176d41dc32d202605010137331777621055875750695.sst" compactIntoNextLevel: true destinationLevel: 2
3029038:COMPACT_ABORT input_files: "sstable1/305ab122-2a52-4afe-9c9a-47c2657383fd202605010137331777621055873228697.sst" input_files: "sstable1/3e54c6e3-f034-41d2-8504-c176d41dc32d202605010137331777621055875750695.sst" compactIntoNextLevel: true destinationLevel: 2
3029038:COMPACT_START sstable=1 input_files: "sstable1/f5e5faed-fa03-4106-bf1c-dfd38d06aee2202605010137331777621059286558404.sst" input_files: "sstable1/f5e5faed-fa03-4106-bf1c-dfd38d06aee2202605010137331777621056130992577.sst" compactIntoNextLevel: true destinationLevel: 2
3029038:COMPACT_ABORT input_files: "sstable1/f5e5faed-fa03-4106-bf1c-dfd38d06aee2202605010137331777621059286558404.sst" input_files: "sstable1/f5e5faed-fa03-4106-bf1c-dfd38d06aee2202605010137331777621056130992577.sst" compactIntoNextLevel: true destinationLevel: 2
3029038:COMPACT_START sstable=1 input_files: "sstable1/305ab122-2a52-4afe-9c9a-47c2657383fd202605010137331777621056179725472.sst" input_files: "sstable1/3e54c6e3-f034-41d2-8504-c176d41dc32d202605010137331777621059331581583.sst" compactIntoNextLevel: true destinationLevel: 2
2026-05-01 07:37:54:249 - Compaction started: 
140677333534272:Compacting sstable1/305ab122-2a52-4afe-9c9a-47c2657383fd202605010137331777621056179725472.sst sstable1/3e54c6e3-f034-41d2-8504-c176d41dc32d202605010137331777621059331581583.sst into:sstable2/f5e5faed-fa03-4106-bf1c-dfd38d06aee2202605010137331777621074273478864.sst
2026-05-01 07:37:54:308 - Compaction completed: 
3029038:COMPACT_START sstable=1 input_files: "sstable1/305ab122-2a52-4afe-9c9a-47c2657383fd202605010137331777621062483615438.sst" input_files: "sstable1/f5e5faed-fa03-4106-bf1c-dfd38d06aee2202605010137331777621065610230332.sst" compactIntoNextLevel: true destinationLevel: 2
2026-05-01 07:37:54:351 - Compaction started: 
140677333534272:Compacting sstable1/305ab122-2a52-4afe-9c9a-47c2657383fd202605010137331777621062483615438.sst sstable1/f5e5faed-fa03-4106-bf1c-dfd38d06aee2202605010137331777621065610230332.sst into:sstable2/f5e5faed-fa03-4106-bf1c-dfd38d06aee2202605010137331777621074373901444.sst
2026-05-01 07:37:54:408 - Compaction completed: 
3029038:Task input_files: "datalog/711" input_files: "datalog/712" compactIntoNextLevel: true destinationLevel: 1 is dead (hb=30)
3029038:Found dead task input_files: "datalog/711" input_files: "datalog/712" compactIntoNextLevel: true destinationLevel: 1
3029038:COMPACT_START sstable=0 input_files: "datalog/711" input_files: "datalog/712" compactIntoNextLevel: true destinationLevel: 1
2026-05-01 07:37:54:453 - Compaction started: 
140677333534272:Compacting datalog/711 datalog/712 into:sstable1/f5e5faed-fa03-4106-bf1c-dfd38d06aee2202605010137331777621074455820318.sst
2026-05-01 07:37:54:470 - Compaction completed: 
3029038:Task input_files: "datalog/715" input_files: "datalog/716" compactIntoNextLevel: true destinationLevel: 1 is dead (hb=30)
3029038:Found dead task input_files: "datalog/715" input_files: "datalog/716" compactIntoNextLevel: true destinationLevel: 1
3029038:COMPACT_START sstable=0 input_files: "datalog/715" input_files: "datalog/716" compactIntoNextLevel: true destinationLevel: 1
3029038:COMPACT_ABORT input_files: "datalog/715" input_files: "datalog/716" compactIntoNextLevel: true destinationLevel: 1
3029038:Task input_files: "sstable1/f5e5faed-fa03-4106-bf1c-dfd38d06aee2202605010137331777621062755977313.sst" input_files: "sstable1/8b6d3442-296e-4641-8dee-bf3361889571202605010137331777621053720899594.sst" compactIntoNextLevel: true destinationLevel: 2 is dead (hb=30)
3029038:Task input_files: "datalog/727" input_files: "datalog/728" compactIntoNextLevel: true destinationLevel: 1 is dead (hb=30)
3029038:Task input_files: "datalog/721" input_files: "datalog/722" compactIntoNextLevel: true destinationLevel: 1 is dead (hb=30)
3029038:Found dead task input_files: "datalog/721" input_files: "datalog/722" compactIntoNextLevel: true destinationLevel: 1
3029038:COMPACT_START sstable=0 input_files: "datalog/721" input_files: "datalog/722" compactIntoNextLevel: true destinationLevel: 1
2026-05-01 07:37:54:655 - Compaction started: 
140677333534272:Compacting datalog/721 datalog/722 into:sstable1/f5e5faed-fa03-4106-bf1c-dfd38d06aee2202605010137331777621074658785363.sst
2026-05-01 07:37:54:672 - Compaction completed: 
3029038:Task input_files: "sstable1/f5e5faed-fa03-4106-bf1c-dfd38d06aee2202605010137331777621056642810864.sst" input_files: "sstable1/3e54c6e3-f034-41d2-8504-c176d41dc32d202605010137331777621053730093929.sst" compactIntoNextLevel: true destinationLevel: 2 is dead (hb=30)
3029038:Found dead task input_files: "sstable1/f5e5faed-fa03-4106-bf1c-dfd38d06aee2202605010137331777621056642810864.sst" input_files: "sstable1/3e54c6e3-f034-41d2-8504-c176d41dc32d202605010137331777621053730093929.sst" compactIntoNextLevel: true destinationLevel: 2
3029038:COMPACT_START sstable=1 input_files: "sstable1/f5e5faed-fa03-4106-bf1c-dfd38d06aee2202605010137331777621056642810864.sst" input_files: "sstable1/3e54c6e3-f034-41d2-8504-c176d41dc32d202605010137331777621053730093929.sst" compactIntoNextLevel: true destinationLevel: 2
2026-05-01 07:37:54:757 - Compaction started: 
140677333534272:Compacting sstable1/f5e5faed-fa03-4106-bf1c-dfd38d06aee2202605010137331777621056642810864.sst sstable1/3e54c6e3-f034-41d2-8504-c176d41dc32d202605010137331777621053730093929.sst into:sstable2/f5e5faed-fa03-4106-bf1c-dfd38d06aee2202605010137331777621074778783881.sst
2026-05-01 07:37:54:810 - Compaction completed: 
3029038:Task input_files: "sstable1/f5e5faed-fa03-4106-bf1c-dfd38d06aee2202605010137331777621053762972823.sst" input_files: "sstable1/305ab122-2a52-4afe-9c9a-47c2657383fd202605010137331777621053742732892.sst" compactIntoNextLevel: true destinationLevel: 2 is dead (hb=30)
3029038:Task input_files: "datalog/221" input_files: "datalog/222" compactIntoNextLevel: true destinationLevel: 1 is dead (hb=30)
3029038:Found dead task input_files: "datalog/221" input_files: "datalog/222" compactIntoNextLevel: true destinationLevel: 1
3029038:COMPACT_START sstable=0 input_files: "datalog/221" input_files: "datalog/222" compactIntoNextLevel: true destinationLevel: 1
3029038:COMPACT_ABORT input_files: "datalog/221" input_files: "datalog/222" compactIntoNextLevel: true destinationLevel: 1
3029038:Found dead task input_files: "sstable1/f5e5faed-fa03-4106-bf1c-dfd38d06aee2202605010137331777621053762972823.sst" input_files: "sstable1/305ab122-2a52-4afe-9c9a-47c2657383fd202605010137331777621053742732892.sst" compactIntoNextLevel: true destinationLevel: 2
3029038:COMPACT_START sstable=1 input_files: "sstable1/f5e5faed-fa03-4106-bf1c-dfd38d06aee2202605010137331777621053762972823.sst" input_files: "sstable1/305ab122-2a52-4afe-9c9a-47c2657383fd202605010137331777621053742732892.sst" compactIntoNextLevel: true destinationLevel: 2
3029038:COMPACT_ABORT input_files: "sstable1/f5e5faed-fa03-4106-bf1c-dfd38d06aee2202605010137331777621053762972823.sst" input_files: "sstable1/305ab122-2a52-4afe-9c9a-47c2657383fd202605010137331777621053742732892.sst" compactIntoNextLevel: true destinationLevel: 2
3029038:Task input_files: "datalog/737" input_files: "datalog/738" compactIntoNextLevel: true destinationLevel: 1 is dead (hb=30)
3029038:Task input_files: "datalog/231" input_files: "datalog/232" compactIntoNextLevel: true destinationLevel: 1 is dead (hb=30)
3029038:Task input_files: "datalog/565" input_files: "datalog/566" compactIntoNextLevel: true destinationLevel: 1 is dead (hb=30)
3029038:Task input_files: "sstable1/f5e5faed-fa03-4106-bf1c-dfd38d06aee2202605010137331777621060199750750.sst" input_files: "sstable1/305ab122-2a52-4afe-9c9a-47c2657383fd202605010137331777621054272976579.sst" compactIntoNextLevel: true destinationLevel: 2 is dead (hb=30)
3029038:Found dead task input_files: "datalog/565" input_files: "datalog/566" compactIntoNextLevel: true destinationLevel: 1
3029038:COMPACT_START sstable=0 input_files: "datalog/565" input_files: "datalog/566" compactIntoNextLevel: true destinationLevel: 1
2026-05-01 07:37:55:061 - Compaction started: 
140677333534272:Compacting datalog/565 datalog/566 into:sstable1/f5e5faed-fa03-4106-bf1c-dfd38d06aee2202605010137331777621075064294444.sst
2026-05-01 07:37:55:078 - Compaction completed: 
3029038:Task input_files: "datalog/747" input_files: "datalog/748" compactIntoNextLevel: true destinationLevel: 1 is dead (hb=30)
3029038:Found dead task input_files: "datalog/747" input_files: "datalog/748" compactIntoNextLevel: true destinationLevel: 1
3029038:COMPACT_START sstable=0 input_files: "datalog/747" input_files: "datalog/748" compactIntoNextLevel: true destinationLevel: 1
3029038:COMPACT_ABORT input_files: "datalog/747" input_files: "datalog/748" compactIntoNextLevel: true destinationLevel: 1
3029038:Task input_files: "datalog/563" input_files: "datalog/564" compactIntoNextLevel: true destinationLevel: 1 is dead (hb=30)
3029038:Task input_files: "datalog/251" input_files: "datalog/252" compactIntoNextLevel: true destinationLevel: 1 is dead (hb=30)
3029038:Found dead task input_files: "datalog/251" input_files: "datalog/252" compactIntoNextLevel: true destinationLevel: 1
3029038:COMPACT_START sstable=0 input_files: "datalog/251" input_files: "datalog/252" compactIntoNextLevel: true destinationLevel: 1
2026-05-01 07:37:55:264 - Compaction started: 
140677333534272:Compacting datalog/251 datalog/252 into:sstable1/f5e5faed-fa03-4106-bf1c-dfd38d06aee2202605010137331777621075268243975.sst
2026-05-01 07:37:55:284 - Compaction completed: 
3029038:Task input_files: "sstable1/305ab122-2a52-4afe-9c9a-47c2657383fd202605010137331777621054455490256.sst" input_files: "sstable1/f5e5faed-fa03-4106-bf1c-dfd38d06aee2202605010137331777621057559570358.sst" compactIntoNextLevel: true destinationLevel: 2 is dead (hb=30)
3029038:Found dead task input_files: "sstable1/305ab122-2a52-4afe-9c9a-47c2657383fd202605010137331777621054455490256.sst" input_files: "sstable1/f5e5faed-fa03-4106-bf1c-dfd38d06aee2202605010137331777621057559570358.sst" compactIntoNextLevel: true destinationLevel: 2
3029038:COMPACT_START sstable=1 input_files: "sstable1/305ab122-2a52-4afe-9c9a-47c2657383fd202605010137331777621054455490256.sst" input_files: "sstable1/f5e5faed-fa03-4106-bf1c-dfd38d06aee2202605010137331777621057559570358.sst" compactIntoNextLevel: true destinationLevel: 2
2026-05-01 07:37:55:365 - Compaction started: 
140677333534272:Compacting sstable1/305ab122-2a52-4afe-9c9a-47c2657383fd202605010137331777621054455490256.sst sstable1/f5e5faed-fa03-4106-bf1c-dfd38d06aee2202605010137331777621057559570358.sst into:sstable2/f5e5faed-fa03-4106-bf1c-dfd38d06aee2202605010137331777621075388283369.sst
2026-05-01 07:37:55:422 - Compaction completed: 
3029038:Task input_files: "sstable1/8b6d3442-296e-4641-8dee-bf3361889571202605010137331777621054367120299.sst" input_files: "sstable1/f5e5faed-fa03-4106-bf1c-dfd38d06aee2202605010137331777621054521939571.sst" compactIntoNextLevel: true destinationLevel: 2 is dead (hb=30)
3029038:Task input_files: "sstable1/8b6d3442-296e-4641-8dee-bf3361889571202605010137331777621057827934119.sst" input_files: "sstable1/f5e5faed-fa03-4106-bf1c-dfd38d06aee2202605010137331777621054708176167.sst" compactIntoNextLevel: true destinationLevel: 2 is dead (hb=30)
3029038:Found dead task input_files: "sstable1/8b6d3442-296e-4641-8dee-bf3361889571202605010137331777621057827934119.sst" input_files: "sstable1/f5e5faed-fa03-4106-bf1c-dfd38d06aee2202605010137331777621054708176167.sst" compactIntoNextLevel: true destinationLevel: 2
3029038:COMPACT_START sstable=1 input_files: "sstable1/8b6d3442-296e-4641-8dee-bf3361889571202605010137331777621057827934119.sst" input_files: "sstable1/f5e5faed-fa03-4106-bf1c-dfd38d06aee2202605010137331777621054708176167.sst" compactIntoNextLevel: true destinationLevel: 2
2026-05-01 07:37:55:467 - Compaction started: 
140677333534272:Compacting sstable1/8b6d3442-296e-4641-8dee-bf3361889571202605010137331777621057827934119.sst sstable1/f5e5faed-fa03-4106-bf1c-dfd38d06aee2202605010137331777621054708176167.sst into:sstable2/f5e5faed-fa03-4106-bf1c-dfd38d06aee2202605010137331777621075491682650.sst
2026-05-01 07:37:55:530 - Compaction completed: 
3029038:Task input_files: "sstable1/f5e5faed-fa03-4106-bf1c-dfd38d06aee2202605010137331777621054606231263.sst" input_files: "sstable1/f5e5faed-fa03-4106-bf1c-dfd38d06aee2202605010137331777621057761902386.sst" compactIntoNextLevel: true destinationLevel: 2 is dead (hb=30)
3029038:Found dead task input_files: "sstable1/f5e5faed-fa03-4106-bf1c-dfd38d06aee2202605010137331777621054606231263.sst" input_files: "sstable1/f5e5faed-fa03-4106-bf1c-dfd38d06aee2202605010137331777621057761902386.sst" compactIntoNextLevel: true destinationLevel: 2
3029038:COMPACT_START sstable=1 input_files: "sstable1/f5e5faed-fa03-4106-bf1c-dfd38d06aee2202605010137331777621054606231263.sst" input_files: "sstable1/f5e5faed-fa03-4106-bf1c-dfd38d06aee2202605010137331777621057761902386.sst" compactIntoNextLevel: true destinationLevel: 2
3029038:COMPACT_ABORT input_files: "sstable1/f5e5faed-fa03-4106-bf1c-dfd38d06aee2202605010137331777621054606231263.sst" input_files: "sstable1/f5e5faed-fa03-4106-bf1c-dfd38d06aee2202605010137331777621057761902386.sst" compactIntoNextLevel: true destinationLevel: 2
3029038:Task input_files: "datalog/583" input_files: "datalog/584" compactIntoNextLevel: true destinationLevel: 1 is dead (hb=30)
3029038:Found dead task input_files: "datalog/583" input_files: "datalog/584" compactIntoNextLevel: true destinationLevel: 1
3029038:COMPACT_START sstable=0 input_files: "datalog/583" input_files: "datalog/584" compactIntoNextLevel: true destinationLevel: 1
2026-05-01 07:37:55:669 - Compaction started: 
140677333534272:Compacting datalog/583 datalog/584 into:sstable1/f5e5faed-fa03-4106-bf1c-dfd38d06aee2202605010137331777621075672468598.sst
2026-05-01 07:37:55:687 - Compaction completed: 
3029038:Task input_files: "sstable1/305ab122-2a52-4afe-9c9a-47c2657383fd202605010137331777621055367907640.sst" input_files: "sstable1/3e54c6e3-f034-41d2-8504-c176d41dc32d202605010137331777621058522582376.sst" compactIntoNextLevel: true destinationLevel: 2 is dead (hb=30)
3029038:Found dead task input_files: "sstable1/305ab122-2a52-4afe-9c9a-47c2657383fd202605010137331777621055367907640.sst" input_files: "sstable1/3e54c6e3-f034-41d2-8504-c176d41dc32d202605010137331777621058522582376.sst" compactIntoNextLevel: true destinationLevel: 2
3029038:COMPACT_START sstable=1 input_files: "sstable1/305ab122-2a52-4afe-9c9a-47c2657383fd202605010137331777621055367907640.sst" input_files: "sstable1/3e54c6e3-f034-41d2-8504-c176d41dc32d202605010137331777621058522582376.sst" compactIntoNextLevel: true destinationLevel: 2
3029038:COMPACT_ABORT input_files: "sstable1/305ab122-2a52-4afe-9c9a-47c2657383fd202605010137331777621055367907640.sst" input_files: "sstable1/3e54c6e3-f034-41d2-8504-c176d41dc32d202605010137331777621058522582376.sst" compactIntoNextLevel: true destinationLevel: 2
3029038:Task input_files: "sstable1/8b6d3442-296e-4641-8dee-bf3361889571202605010137331777621055336889804.sst" input_files: "sstable1/f5e5faed-fa03-4106-bf1c-dfd38d06aee2202605010137331777621055316796317.sst" compactIntoNextLevel: true destinationLevel: 2 is dead (hb=30)
3029038:Found dead task input_files: "sstable1/8b6d3442-296e-4641-8dee-bf3361889571202605010137331777621055336889804.sst" input_files: "sstable1/f5e5faed-fa03-4106-bf1c-dfd38d06aee2202605010137331777621055316796317.sst" compactIntoNextLevel: true destinationLevel: 2
3029038:COMPACT_START sstable=1 input_files: "sstable1/8b6d3442-296e-4641-8dee-bf3361889571202605010137331777621055336889804.sst" input_files: "sstable1/f5e5faed-fa03-4106-bf1c-dfd38d06aee2202605010137331777621055316796317.sst" compactIntoNextLevel: true destinationLevel: 2
3029038:COMPACT_ABORT input_files: "sstable1/8b6d3442-296e-4641-8dee-bf3361889571202605010137331777621055336889804.sst" input_files: "sstable1/f5e5faed-fa03-4106-bf1c-dfd38d06aee2202605010137331777621055316796317.sst" compactIntoNextLevel: true destinationLevel: 2
3029038:Task input_files: "datalog/615" input_files: "datalog/616" compactIntoNextLevel: true destinationLevel: 1 is dead (hb=30)
3029038:Found dead task input_files: "datalog/615" input_files: "datalog/616" compactIntoNextLevel: true destinationLevel: 1
3029038:COMPACT_START sstable=0 input_files: "datalog/615" input_files: "datalog/616" compactIntoNextLevel: true destinationLevel: 1
2026-05-01 07:37:56:073 - Compaction started: 
140677333534272:Compacting datalog/615 datalog/616 into:sstable1/f5e5faed-fa03-4106-bf1c-dfd38d06aee2202605010137331777621076076995768.sst
2026-05-01 07:37:56:090 - Compaction completed: 
3029038:Task input_files: "datalog/797" input_files: "datalog/798" compactIntoNextLevel: true destinationLevel: 1 is dead (hb=30)
3029038:Found dead task input_files: "datalog/797" input_files: "datalog/798" compactIntoNextLevel: true destinationLevel: 1
3029038:COMPACT_START sstable=0 input_files: "datalog/797" input_files: "datalog/798" compactIntoNextLevel: true destinationLevel: 1
2026-05-01 07:37:56:276 - Compaction started: 
140677333534272:Compacting datalog/797 datalog/798 into:sstable1/f5e5faed-fa03-4106-bf1c-dfd38d06aee2202605010137331777621076279224413.sst
2026-05-01 07:37:56:292 - Compaction completed: 
3029038:Task input_files: "datalog/635" input_files: "datalog/636" compactIntoNextLevel: true destinationLevel: 1 is dead (hb=30)
3029038:Found dead task input_files: "datalog/635" input_files: "datalog/636" compactIntoNextLevel: true destinationLevel: 1
3029038:COMPACT_START sstable=0 input_files: "datalog/635" input_files: "datalog/636" compactIntoNextLevel: true destinationLevel: 1
3029038:COMPACT_ABORT input_files: "datalog/635" input_files: "datalog/636" compactIntoNextLevel: true destinationLevel: 1
3029038:Task input_files: "datalog/807" input_files: "datalog/808" compactIntoNextLevel: true destinationLevel: 1 is dead (hb=30)
3029038:Found dead task input_files: "datalog/807" input_files: "datalog/808" compactIntoNextLevel: true destinationLevel: 1
3029038:COMPACT_START sstable=0 input_files: "datalog/807" input_files: "datalog/808" compactIntoNextLevel: true destinationLevel: 1
3029038:COMPACT_ABORT input_files: "datalog/807" input_files: "datalog/808" compactIntoNextLevel: true destinationLevel: 1
3029038:Task input_files: "datalog/829" input_files: "datalog/830" compactIntoNextLevel: true destinationLevel: 1 is dead (hb=30)
3029038:Found dead task input_files: "datalog/829" input_files: "datalog/830" compactIntoNextLevel: true destinationLevel: 1
3029038:COMPACT_START sstable=0 input_files: "datalog/829" input_files: "datalog/830" compactIntoNextLevel: true destinationLevel: 1
2026-05-01 07:37:56:783 - Compaction started: 
140677333534272:Compacting datalog/829 datalog/830 into:sstable1/f5e5faed-fa03-4106-bf1c-dfd38d06aee2202605010137331777621076786824171.sst
2026-05-01 07:37:56:801 - Compaction completed: 
3029038:Task input_files: "datalog/837" input_files: "datalog/838" compactIntoNextLevel: true destinationLevel: 1 is dead (hb=30)
3029038:Found dead task input_files: "datalog/837" input_files: "datalog/838" compactIntoNextLevel: true destinationLevel: 1
3029038:COMPACT_START sstable=0 input_files: "datalog/837" input_files: "datalog/838" compactIntoNextLevel: true destinationLevel: 1
3029038:COMPACT_ABORT input_files: "datalog/837" input_files: "datalog/838" compactIntoNextLevel: true destinationLevel: 1
3029038:Task input_files: "datalog/679" input_files: "datalog/680" compactIntoNextLevel: true destinationLevel: 1 is dead (hb=30)
3029038:Found dead task input_files: "datalog/679" input_files: "datalog/680" compactIntoNextLevel: true destinationLevel: 1
3029038:COMPACT_START sstable=0 input_files: "datalog/679" input_files: "datalog/680" compactIntoNextLevel: true destinationLevel: 1
2026-05-01 07:37:56:986 - Compaction started: 
140677333534272:Compacting datalog/679 datalog/680 into:sstable1/f5e5faed-fa03-4106-bf1c-dfd38d06aee2202605010137331777621076990416042.sst
2026-05-01 07:37:57:003 - Compaction completed: 
3029038:Task input_files: "sstable1/8b6d3442-296e-4641-8dee-bf3361889571202605010137331777621055886648474.sst" input_files: "sstable1/f5e5faed-fa03-4106-bf1c-dfd38d06aee2202605010137331777621055925468265.sst" compactIntoNextLevel: true destinationLevel: 2 is dead (hb=30)
3029038:Task input_files: "sstable1/305ab122-2a52-4afe-9c9a-47c2657383fd202605010137331777621055771675257.sst" input_files: "sstable1/3e54c6e3-f034-41d2-8504-c176d41dc32d202605010137331777621055774587957.sst" compactIntoNextLevel: true destinationLevel: 2 is dead (hb=30)
3029038:Task input_files: "datalog/845" input_files: "datalog/846" compactIntoNextLevel: true destinationLevel: 1 is dead (hb=30)
3029038:Task input_files: "datalog/503" input_files: "datalog/504" compactIntoNextLevel: true destinationLevel: 1 is dead (hb=30)
3029038:Task input_files: "sstable1/305ab122-2a52-4afe-9c9a-47c2657383fd202605010137331777621073901174437.sst" input_files: "sstable1/3e54c6e3-f034-41d2-8504-c176d41dc32d202605010137331777621061873953505.sst" compactIntoNextLevel: true destinationLevel: 2 is dead (hb=30)
3029038:Task input_files: "sstable1/305ab122-2a52-4afe-9c9a-47c2657383fd202605010137331777621055873228697.sst" input_files: "sstable1/3e54c6e3-f034-41d2-8504-c176d41dc32d202605010137331777621055875750695.sst" compactIntoNextLevel: true destinationLevel: 2 is dead (hb=30)
3029038:Found dead task input_files: "sstable1/305ab122-2a52-4afe-9c9a-47c2657383fd202605010137331777621055873228697.sst" input_files: "sstable1/3e54c6e3-f034-41d2-8504-c176d41dc32d202605010137331777621055875750695.sst" compactIntoNextLevel: true destinationLevel: 2
3029038:COMPACT_START sstable=1 input_files: "sstable1/305ab122-2a52-4afe-9c9a-47c2657383fd202605010137331777621055873228697.sst" input_files: "sstable1/3e54c6e3-f034-41d2-8504-c176d41dc32d202605010137331777621055875750695.sst" compactIntoNextLevel: true destinationLevel: 2
2026-05-01 07:37:57:088 - Compaction started: 
140677333534272:Compacting sstable1/305ab122-2a52-4afe-9c9a-47c2657383fd202605010137331777621055873228697.sst sstable1/3e54c6e3-f034-41d2-8504-c176d41dc32d202605010137331777621055875750695.sst into:sstable2/f5e5faed-fa03-4106-bf1c-dfd38d06aee2202605010137331777621077111278348.sst
2026-05-01 07:37:57:147 - Compaction completed: 
3029038:Task input_files: "sstable1/8b6d3442-296e-4641-8dee-bf3361889571202605010137331777621055989854753.sst" input_files: "sstable1/f5e5faed-fa03-4106-bf1c-dfd38d06aee2202605010137331777621056028058869.sst" compactIntoNextLevel: true destinationLevel: 2 is dead (hb=30)
3029038:Task input_files: "sstable1/f5e5faed-fa03-4106-bf1c-dfd38d06aee2202605010137331777621059286558404.sst" input_files: "sstable1/f5e5faed-fa03-4106-bf1c-dfd38d06aee2202605010137331777621056130992577.sst" compactIntoNextLevel: true destinationLevel: 2 is dead (hb=30)
3029038:Found dead task input_files: "sstable1/f5e5faed-fa03-4106-bf1c-dfd38d06aee2202605010137331777621059286558404.sst" input_files: "sstable1/f5e5faed-fa03-4106-bf1c-dfd38d06aee2202605010137331777621056130992577.sst" compactIntoNextLevel: true destinationLevel: 2
3029038:COMPACT_START sstable=1 input_files: "sstable1/f5e5faed-fa03-4106-bf1c-dfd38d06aee2202605010137331777621059286558404.sst" input_files: "sstable1/f5e5faed-fa03-4106-bf1c-dfd38d06aee2202605010137331777621056130992577.sst" compactIntoNextLevel: true destinationLevel: 2
2026-05-01 07:37:57:189 - Compaction started: 
140677333534272:Compacting sstable1/f5e5faed-fa03-4106-bf1c-dfd38d06aee2202605010137331777621059286558404.sst sstable1/f5e5faed-fa03-4106-bf1c-dfd38d06aee2202605010137331777621056130992577.sst into:sstable2/f5e5faed-fa03-4106-bf1c-dfd38d06aee2202605010137331777621077212554769.sst
2026-05-01 07:37:57:248 - Compaction completed: 
3029038:Task input_files: "datalog/683" input_files: "datalog/684" compactIntoNextLevel: true destinationLevel: 1 is dead (hb=30)
3029038:Found dead task input_files: "datalog/683" input_files: "datalog/684" compactIntoNextLevel: true destinationLevel: 1
3029038:COMPACT_START sstable=0 input_files: "datalog/683" input_files: "datalog/684" compactIntoNextLevel: true destinationLevel: 1
2026-05-01 07:37:57:291 - Compaction started: 
140677333534272:Compacting datalog/683 datalog/684 into:sstable1/f5e5faed-fa03-4106-bf1c-dfd38d06aee2202605010137331777621077294467652.sst
2026-05-01 07:37:57:308 - Compaction completed: 
3029038:Task input_files: "datalog/715" input_files: "datalog/716" compactIntoNextLevel: true destinationLevel: 1 is dead (hb=30)
3029038:Found dead task input_files: "datalog/715" input_files: "datalog/716" compactIntoNextLevel: true destinationLevel: 1
3029038:COMPACT_START sstable=0 input_files: "datalog/715" input_files: "datalog/716" compactIntoNextLevel: true destinationLevel: 1
2026-05-01 07:37:57:594 - Compaction started: 
140677333534272:Compacting datalog/715 datalog/716 into:sstable1/f5e5faed-fa03-4106-bf1c-dfd38d06aee2202605010137331777621077597402389.sst
2026-05-01 07:37:57:610 - Compaction completed: 
3029038:Task input_files: "datalog/221" input_files: "datalog/222" compactIntoNextLevel: true destinationLevel: 1 is dead (hb=30)
3029038:Found dead task input_files: "datalog/221" input_files: "datalog/222" compactIntoNextLevel: true destinationLevel: 1
3029038:COMPACT_START sstable=0 input_files: "datalog/221" input_files: "datalog/222" compactIntoNextLevel: true destinationLevel: 1
2026-05-01 07:37:57:897 - Compaction started: 
140677333534272:Compacting datalog/221 datalog/222 into:sstable1/f5e5faed-fa03-4106-bf1c-dfd38d06aee2202605010137331777621077901562793.sst
2026-05-01 07:37:57:917 - Compaction completed: 
3029038:COMPACT_START sstable=1 input_files: "sstable1/8b6d3442-296e-4641-8dee-bf3361889571202605010137331777621056705085674.sst" input_files: "sstable1/f5e5faed-fa03-4106-bf1c-dfd38d06aee2202605010137331777621059894776440.sst" compactIntoNextLevel: true destinationLevel: 2
2026-05-01 07:37:58:202 - Compaction started: 
140677333534272:Compacting sstable1/8b6d3442-296e-4641-8dee-bf3361889571202605010137331777621056705085674.sst sstable1/f5e5faed-fa03-4106-bf1c-dfd38d06aee2202605010137331777621059894776440.sst into:sstable2/f5e5faed-fa03-4106-bf1c-dfd38d06aee2202605010137331777621078230090756.sst
2026-05-01 07:37:58:264 - Compaction completed: 
3029038:COMPACT_START sstable=1 input_files: "sstable1/305ab122-2a52-4afe-9c9a-47c2657383fd202605010137331777621056895502877.sst" input_files: "sstable1/8b6d3442-296e-4641-8dee-bf3361889571202605010137331777621066179886040.sst" compactIntoNextLevel: true destinationLevel: 2
2026-05-01 07:37:58:304 - Compaction started: 
140677333534272:Compacting sstable1/305ab122-2a52-4afe-9c9a-47c2657383fd202605010137331777621056895502877.sst sstable1/8b6d3442-296e-4641-8dee-bf3361889571202605010137331777621066179886040.sst into:sstable2/f5e5faed-fa03-4106-bf1c-dfd38d06aee2202605010137331777621078327189005.sst
2026-05-01 07:37:58:360 - Compaction completed: 
3029038:COMPACT_START sstable=1 input_files: "sstable1/305ab122-2a52-4afe-9c9a-47c2657383fd202605010137331777621060243498299.sst" input_files: "sstable1/8b6d3442-296e-4641-8dee-bf3361889571202605010137331777621060262036139.sst" compactIntoNextLevel: true destinationLevel: 2
2026-05-01 07:37:58:406 - Compaction started: 
140677333534272:Compacting sstable1/305ab122-2a52-4afe-9c9a-47c2657383fd202605010137331777621060243498299.sst sstable1/8b6d3442-296e-4641-8dee-bf3361889571202605010137331777621060262036139.sst into:sstable2/f5e5faed-fa03-4106-bf1c-dfd38d06aee2202605010137331777621078428334421.sst
2026-05-01 07:37:58:462 - Compaction completed: 
3029038:COMPACT_START sstable=1 input_files: "sstable1/3e54c6e3-f034-41d2-8504-c176d41dc32d202605010137331777621057407409229.sst" input_files: "sstable1/8b6d3442-296e-4641-8dee-bf3361889571202605010137331777621066589174797.sst" compactIntoNextLevel: true destinationLevel: 2
2026-05-01 07:37:58:508 - Compaction started: 
140677333534272:Compacting sstable1/3e54c6e3-f034-41d2-8504-c176d41dc32d202605010137331777621057407409229.sst sstable1/8b6d3442-296e-4641-8dee-bf3361889571202605010137331777621066589174797.sst into:sstable2/f5e5faed-fa03-4106-bf1c-dfd38d06aee2202605010137331777621078530764054.sst
2026-05-01 07:37:58:563 - Compaction completed: 
3029038:COMPACT_START sstable=1 input_files: "sstable1/8b6d3442-296e-4641-8dee-bf3361889571202605010137331777621060667862455.sst" input_files: "sstable1/3e54c6e3-f034-41d2-8504-c176d41dc32d202605010137331777621060648244429.sst" compactIntoNextLevel: true destinationLevel: 2
3029038:COMPACT_ABORT input_files: "sstable1/8b6d3442-296e-4641-8dee-bf3361889571202605010137331777621060667862455.sst" input_files: "sstable1/3e54c6e3-f034-41d2-8504-c176d41dc32d202605010137331777621060648244429.sst" compactIntoNextLevel: true destinationLevel: 2
3029038:COMPACT_START sstable=1 input_files: "sstable1/8b6d3442-296e-4641-8dee-bf3361889571202605010137331777621060871142891.sst" input_files: "sstable1/305ab122-2a52-4afe-9c9a-47c2657383fd202605010137331777621060952942882.sst" compactIntoNextLevel: true destinationLevel: 2
2026-05-01 07:37:58:712 - Compaction started: 
140677333534272:Compacting sstable1/8b6d3442-296e-4641-8dee-bf3361889571202605010137331777621060871142891.sst sstable1/305ab122-2a52-4afe-9c9a-47c2657383fd202605010137331777621060952942882.sst into:sstable2/f5e5faed-fa03-4106-bf1c-dfd38d06aee2202605010137331777621078735086383.sst
2026-05-01 07:37:58:769 - Compaction completed: 
3029038:COMPACT_START sstable=1 input_files: "sstable1/305ab122-2a52-4afe-9c9a-47c2657383fd202605010137331777621058113299590.sst" input_files: "sstable1/3e54c6e3-f034-41d2-8504-c176d41dc32d202605010137331777621061157825863.sst" compactIntoNextLevel: true destinationLevel: 2
3029038:COMPACT_ABORT input_files: "sstable1/305ab122-2a52-4afe-9c9a-47c2657383fd202605010137331777621058113299590.sst" input_files: "sstable1/3e54c6e3-f034-41d2-8504-c176d41dc32d202605010137331777621061157825863.sst" compactIntoNextLevel: true destinationLevel: 2
3029038:COMPACT_START sstable=1 input_files: "sstable1/8b6d3442-296e-4641-8dee-bf3361889571202605010137331777621058333798805.sst" input_files: "sstable1/f5e5faed-fa03-4106-bf1c-dfd38d06aee2202605010137331777621064588884743.sst" compactIntoNextLevel: true destinationLevel: 2
3029038:COMPACT_ABORT input_files: "sstable1/8b6d3442-296e-4641-8dee-bf3361889571202605010137331777621058333798805.sst" input_files: "sstable1/f5e5faed-fa03-4106-bf1c-dfd38d06aee2202605010137331777621064588884743.sst" compactIntoNextLevel: true destinationLevel: 2
3029038:COMPACT_START sstable=1 input_files: "sstable1/8b6d3442-296e-4641-8dee-bf3361889571202605010137331777621064754887981.sst" input_files: "sstable1/8b6d3442-296e-4641-8dee-bf3361889571202605010137331777621058639719178.sst" compactIntoNextLevel: true destinationLevel: 2
3029038:COMPACT_ABORT input_files: "sstable1/8b6d3442-296e-4641-8dee-bf3361889571202605010137331777621064754887981.sst" input_files: "sstable1/8b6d3442-296e-4641-8dee-bf3361889571202605010137331777621058639719178.sst" compactIntoNextLevel: true destinationLevel: 2
3029038:COMPACT_START sstable=1 input_files: "sstable1/f5e5faed-fa03-4106-bf1c-dfd38d06aee2202605010137331777621067875873682.sst" input_files: "sstable1/3e54c6e3-f034-41d2-8504-c176d41dc32d202605010137331777621058825727306.sst" compactIntoNextLevel: true destinationLevel: 2
3029038:COMPACT_ABORT input_files: "sstable1/f5e5faed-fa03-4106-bf1c-dfd38d06aee2202605010137331777621067875873682.sst" input_files: "sstable1/3e54c6e3-f034-41d2-8504-c176d41dc32d202605010137331777621058825727306.sst" compactIntoNextLevel: true destinationLevel: 2
3029038:COMPACT_START sstable=1 input_files: "sstable1/3e54c6e3-f034-41d2-8504-c176d41dc32d202605010137331777621062075057752.sst" input_files: "sstable1/3e54c6e3-f034-41d2-8504-c176d41dc32d202605010137331777621059027627696.sst" compactIntoNextLevel: true destinationLevel: 2
3029038:COMPACT_ABORT input_files: "sstable1/3e54c6e3-f034-41d2-8504-c176d41dc32d202605010137331777621062075057752.sst" input_files: "sstable1/3e54c6e3-f034-41d2-8504-c176d41dc32d202605010137331777621059027627696.sst" compactIntoNextLevel: true destinationLevel: 2
3029038:COMPACT_START sstable=1 input_files: "sstable1/8b6d3442-296e-4641-8dee-bf3361889571202605010137331777621065265508782.sst" input_files: "sstable1/3e54c6e3-f034-41d2-8504-c176d41dc32d202605010137331777621062279151202.sst" compactIntoNextLevel: true destinationLevel: 2
2026-05-01 07:37:59:222 - Compaction started: 
140677333534272:Compacting sstable1/8b6d3442-296e-4641-8dee-bf3361889571202605010137331777621065265508782.sst sstable1/3e54c6e3-f034-41d2-8504-c176d41dc32d202605010137331777621062279151202.sst into:sstable2/f5e5faed-fa03-4106-bf1c-dfd38d06aee2202605010137331777621079248641555.sst
2026-05-01 07:37:59:281 - Compaction completed: 
3029038:COMPACT_START sstable=1 input_files: "sstable1/f5e5faed-fa03-4106-bf1c-dfd38d06aee2202605010137331777621059591033608.sst" input_files: "sstable1/305ab122-2a52-4afe-9c9a-47c2657383fd202605010137331777621059635659684.sst" compactIntoNextLevel: true destinationLevel: 2
3029038:COMPACT_ABORT input_files: "sstable1/f5e5faed-fa03-4106-bf1c-dfd38d06aee2202605010137331777621059591033608.sst" input_files: "sstable1/305ab122-2a52-4afe-9c9a-47c2657383fd202605010137331777621059635659684.sst" compactIntoNextLevel: true destinationLevel: 2
3029038:COMPACT_START sstable=1 input_files: "sstable1/305ab122-2a52-4afe-9c9a-47c2657383fd202605010137331777621060040815081.sst" input_files: "sstable1/f5e5faed-fa03-4106-bf1c-dfd38d06aee2202605010137331777621063162295481.sst" compactIntoNextLevel: true destinationLevel: 2
3029038:COMPACT_ABORT input_files: "sstable1/305ab122-2a52-4afe-9c9a-47c2657383fd202605010137331777621060040815081.sst" input_files: "sstable1/f5e5faed-fa03-4106-bf1c-dfd38d06aee2202605010137331777621063162295481.sst" compactIntoNextLevel: true destinationLevel: 2
3029038:COMPACT_START sstable=1 input_files: "sstable1/3e54c6e3-f034-41d2-8504-c176d41dc32d202605010137331777621060142185629.sst" input_files: "sstable1/305ab122-2a52-4afe-9c9a-47c2657383fd202605010137331777621063191471073.sst" compactIntoNextLevel: true destinationLevel: 2
2026-05-01 07:37:59:426 - Compaction started: 
140677333534272:Compacting sstable1/3e54c6e3-f034-41d2-8504-c176d41dc32d202605010137331777621060142185629.sst sstable1/305ab122-2a52-4afe-9c9a-47c2657383fd202605010137331777621063191471073.sst into:sstable2/f5e5faed-fa03-4106-bf1c-dfd38d06aee2202605010137331777621079445850500.sst
2026-05-01 07:37:59:474 - Compaction completed: 
3029038:COMPACT_START sstable=1 input_files: "sstable1/3e54c6e3-f034-41d2-8504-c176d41dc32d202605010137331777621063699697326.sst" input_files: "sstable1/f5e5faed-fa03-4106-bf1c-dfd38d06aee2202605010137331777621060606091761.sst" compactIntoNextLevel: true destinationLevel: 2
3029038:COMPACT_ABORT input_files: "sstable1/3e54c6e3-f034-41d2-8504-c176d41dc32d202605010137331777621063699697326.sst" input_files: "sstable1/f5e5faed-fa03-4106-bf1c-dfd38d06aee2202605010137331777621060606091761.sst" compactIntoNextLevel: true destinationLevel: 2
3029038:COMPACT_START sstable=1 input_files: "sstable1/3e54c6e3-f034-41d2-8504-c176d41dc32d202605010137331777621060750132828.sst" input_files: "sstable1/3e54c6e3-f034-41d2-8504-c176d41dc32d202605010137331777621069876961561.sst" compactIntoNextLevel: true destinationLevel: 2
2026-05-01 07:37:59:528 - Compaction started: 
140677333534272:Compacting sstable1/3e54c6e3-f034-41d2-8504-c176d41dc32d202605010137331777621060750132828.sst sstable1/3e54c6e3-f034-41d2-8504-c176d41dc32d202605010137331777621069876961561.sst into:sstable2/f5e5faed-fa03-4106-bf1c-dfd38d06aee2202605010137331777621079547256214.sst
2026-05-01 07:37:59:576 - Compaction completed: 
3029038:COMPACT_START sstable=1 input_files: "sstable1/8b6d3442-296e-4641-8dee-bf3361889571202605010137331777621064550963617.sst" input_files: "sstable1/f5e5faed-fa03-4106-bf1c-dfd38d06aee2202605010137331777621061426885187.sst" compactIntoNextLevel: true destinationLevel: 2
2026-05-01 07:37:59:630 - Compaction started: 
140677333534272:Compacting sstable1/8b6d3442-296e-4641-8dee-bf3361889571202605010137331777621064550963617.sst sstable1/f5e5faed-fa03-4106-bf1c-dfd38d06aee2202605010137331777621061426885187.sst into:sstable2/f5e5faed-fa03-4106-bf1c-dfd38d06aee2202605010137331777621079649485271.sst
2026-05-01 07:37:59:679 - Compaction completed: 
3029038:COMPACT_START sstable=1 input_files: "sstable1/305ab122-2a52-4afe-9c9a-47c2657383fd202605010137331777621061770682294.sst" input_files: "sstable1/8b6d3442-296e-4641-8dee-bf3361889571202605010137331777621061789371969.sst" compactIntoNextLevel: true destinationLevel: 2
2026-05-01 07:38:00:235 - Compaction started: 
140677333534272:Compacting sstable1/305ab122-2a52-4afe-9c9a-47c2657383fd202605010137331777621061770682294.sst sstable1/8b6d3442-296e-4641-8dee-bf3361889571202605010137331777621061789371969.sst into:sstable2/f5e5faed-fa03-4106-bf1c-dfd38d06aee2202605010137331777621080255946844.sst
2026-05-01 07:38:00:286 - Compaction completed: 
3029038:COMPACT_START sstable=1 input_files: "sstable1/f5e5faed-fa03-4106-bf1c-dfd38d06aee2202605010137331777621068283154515.sst" input_files: "sstable1/305ab122-2a52-4afe-9c9a-47c2657383fd202605010137331777621062076674693.sst" compactIntoNextLevel: true destinationLevel: 2
3029038:COMPACT_ABORT input_files: "sstable1/f5e5faed-fa03-4106-bf1c-dfd38d06aee2202605010137331777621068283154515.sst" input_files: "sstable1/305ab122-2a52-4afe-9c9a-47c2657383fd202605010137331777621062076674693.sst" compactIntoNextLevel: true destinationLevel: 2
3029038:COMPACT_START sstable=1 input_files: "sstable1/305ab122-2a52-4afe-9c9a-47c2657383fd202605010137331777621074205927223.sst" input_files: "sstable1/3e54c6e3-f034-41d2-8504-c176d41dc32d202605010137331777621071200110165.sst" compactIntoNextLevel: true destinationLevel: 2
2026-05-01 07:38:00:440 - Compaction started: 
140677333534272:Compacting sstable1/305ab122-2a52-4afe-9c9a-47c2657383fd202605010137331777621074205927223.sst sstable1/3e54c6e3-f034-41d2-8504-c176d41dc32d202605010137331777621071200110165.sst into:sstable2/f5e5faed-fa03-4106-bf1c-dfd38d06aee2202605010137331777621080459779175.sst
2026-05-01 07:38:00:489 - Compaction completed: 
3029038:COMPACT_START sstable=1 input_files: "sstable1/305ab122-2a52-4afe-9c9a-47c2657383fd202605010137331777621062584567511.sst" input_files: "sstable1/f5e5faed-fa03-4106-bf1c-dfd38d06aee2202605010137331777621065812754150.sst" compactIntoNextLevel: true destinationLevel: 2
2026-05-01 07:38:00:542 - Compaction started: 
140677333534272:Compacting sstable1/305ab122-2a52-4afe-9c9a-47c2657383fd202605010137331777621062584567511.sst sstable1/f5e5faed-fa03-4106-bf1c-dfd38d06aee2202605010137331777621065812754150.sst into:sstable2/f5e5faed-fa03-4106-bf1c-dfd38d06aee2202605010137331777621080563386425.sst
2026-05-01 07:38:00:594 - Compaction completed: 
3029038:COMPACT_START sstable=1 input_files: "sstable1/3e54c6e3-f034-41d2-8504-c176d41dc32d202605010137331777621063091125717.sst" input_files: "sstable1/8b6d3442-296e-4641-8dee-bf3361889571202605010137331777621063129401569.sst" compactIntoNextLevel: true destinationLevel: 2
2026-05-01 07:38:00:645 - Compaction started: 
140677333534272:Compacting sstable1/3e54c6e3-f034-41d2-8504-c176d41dc32d202605010137331777621063091125717.sst sstable1/8b6d3442-296e-4641-8dee-bf3361889571202605010137331777621063129401569.sst into:sstable2/f5e5faed-fa03-4106-bf1c-dfd38d06aee2202605010137331777621080667123459.sst
2026-05-01 07:38:00:699 - Compaction completed: 
3029038:COMPACT_START sstable=1 input_files: "sstable1/8b6d3442-296e-4641-8dee-bf3361889571202605010137331777621063332766904.sst" input_files: "sstable1/f5e5faed-fa03-4106-bf1c-dfd38d06aee2202605010137331777621075672468598.sst" compactIntoNextLevel: true destinationLevel: 2
3029038:COMPACT_ABORT input_files: "sstable1/8b6d3442-296e-4641-8dee-bf3361889571202605010137331777621063332766904.sst" input_files: "sstable1/f5e5faed-fa03-4106-bf1c-dfd38d06aee2202605010137331777621075672468598.sst" compactIntoNextLevel: true destinationLevel: 2
3029038:COMPACT_START sstable=1 input_files: "sstable1/8b6d3442-296e-4641-8dee-bf3361889571202605010137331777621063535429262.sst" input_files: "sstable1/3e54c6e3-f034-41d2-8504-c176d41dc32d202605010137331777621063598549717.sst" compactIntoNextLevel: true destinationLevel: 2
3029038:COMPACT_ABORT input_files: "sstable1/8b6d3442-296e-4641-8dee-bf3361889571202605010137331777621063535429262.sst" input_files: "sstable1/3e54c6e3-f034-41d2-8504-c176d41dc32d202605010137331777621063598549717.sst" compactIntoNextLevel: true destinationLevel: 2
3029038:COMPACT_START sstable=1 input_files: "sstable1/3e54c6e3-f034-41d2-8504-c176d41dc32d202605010137331777621069979236123.sst" input_files: "sstable1/3e54c6e3-f034-41d2-8504-c176d41dc32d202605010137331777621063902691977.sst" compactIntoNextLevel: true destinationLevel: 2
2026-05-01 07:38:00:950 - Compaction started: 
140677333534272:Compacting sstable1/3e54c6e3-f034-41d2-8504-c176d41dc32d202605010137331777621069979236123.sst sstable1/3e54c6e3-f034-41d2-8504-c176d41dc32d202605010137331777621063902691977.sst into:sstable2/f5e5faed-fa03-4106-bf1c-dfd38d06aee2202605010137331777621080969265670.sst
2026-05-01 07:38:00:996 - Compaction completed: 
3029038:Task input_files: "sstable1/8b6d3442-296e-4641-8dee-bf3361889571202605010137331777621060667862455.sst" input_files: "sstable1/3e54c6e3-f034-41d2-8504-c176d41dc32d202605010137331777621060648244429.sst" compactIntoNextLevel: true destinationLevel: 2 is dead (hb=30)
3029038:Found dead task input_files: "sstable1/8b6d3442-296e-4641-8dee-bf3361889571202605010137331777621060667862455.sst" input_files: "sstable1/3e54c6e3-f034-41d2-8504-c176d41dc32d202605010137331777621060648244429.sst" compactIntoNextLevel: true destinationLevel: 2
3029038:COMPACT_START sstable=1 input_files: "sstable1/8b6d3442-296e-4641-8dee-bf3361889571202605010137331777621060667862455.sst" input_files: "sstable1/3e54c6e3-f034-41d2-8504-c176d41dc32d202605010137331777621060648244429.sst" compactIntoNextLevel: true destinationLevel: 2
2026-05-01 07:38:01:759 - Compaction started: 
140677333534272:Compacting sstable1/8b6d3442-296e-4641-8dee-bf3361889571202605010137331777621060667862455.sst sstable1/3e54c6e3-f034-41d2-8504-c176d41dc32d202605010137331777621060648244429.sst into:sstable2/f5e5faed-fa03-4106-bf1c-dfd38d06aee2202605010137331777621081781677645.sst
2026-05-01 07:38:01:815 - Compaction completed: 
3029038:Task input_files: "sstable1/305ab122-2a52-4afe-9c9a-47c2657383fd202605010137331777621058113299590.sst" input_files: "sstable1/3e54c6e3-f034-41d2-8504-c176d41dc32d202605010137331777621061157825863.sst" compactIntoNextLevel: true destinationLevel: 2 is dead (hb=30)
3029038:Found dead task input_files: "sstable1/305ab122-2a52-4afe-9c9a-47c2657383fd202605010137331777621058113299590.sst" input_files: "sstable1/3e54c6e3-f034-41d2-8504-c176d41dc32d202605010137331777621061157825863.sst" compactIntoNextLevel: true destinationLevel: 2
3029038:COMPACT_START sstable=1 input_files: "sstable1/305ab122-2a52-4afe-9c9a-47c2657383fd202605010137331777621058113299590.sst" input_files: "sstable1/3e54c6e3-f034-41d2-8504-c176d41dc32d202605010137331777621061157825863.sst" compactIntoNextLevel: true destinationLevel: 2
3029038:COMPACT_ABORT input_files: "sstable1/305ab122-2a52-4afe-9c9a-47c2657383fd202605010137331777621058113299590.sst" input_files: "sstable1/3e54c6e3-f034-41d2-8504-c176d41dc32d202605010137331777621061157825863.sst" compactIntoNextLevel: true destinationLevel: 2
3029038:Task input_files: "sstable1/8b6d3442-296e-4641-8dee-bf3361889571202605010137331777621064754887981.sst" input_files: "sstable1/8b6d3442-296e-4641-8dee-bf3361889571202605010137331777621058639719178.sst" compactIntoNextLevel: true destinationLevel: 2 is dead (hb=31)
3029038:Task input_files: "sstable1/8b6d3442-296e-4641-8dee-bf3361889571202605010137331777621058333798805.sst" input_files: "sstable1/f5e5faed-fa03-4106-bf1c-dfd38d06aee2202605010137331777621064588884743.sst" compactIntoNextLevel: true destinationLevel: 2 is dead (hb=31)
3029038:Task input_files: "sstable1/8b6d3442-296e-4641-8dee-bf3361889571202605010137331777621058435541230.sst" input_files: "sstable1/305ab122-2a52-4afe-9c9a-47c2657383fd202605010137331777621058519482114.sst" compactIntoNextLevel: true destinationLevel: 2 is dead (hb=30)
3029038:Task input_files: "sstable1/f5e5faed-fa03-4106-bf1c-dfd38d06aee2202605010137331777621067875873682.sst" input_files: "sstable1/3e54c6e3-f034-41d2-8504-c176d41dc32d202605010137331777621058825727306.sst" compactIntoNextLevel: true destinationLevel: 2 is dead (hb=30)
3029038:Found dead task input_files: "sstable1/f5e5faed-fa03-4106-bf1c-dfd38d06aee2202605010137331777621067875873682.sst" input_files: "sstable1/3e54c6e3-f034-41d2-8504-c176d41dc32d202605010137331777621058825727306.sst" compactIntoNextLevel: true destinationLevel: 2
3029038:COMPACT_START sstable=1 input_files: "sstable1/f5e5faed-fa03-4106-bf1c-dfd38d06aee2202605010137331777621067875873682.sst" input_files: "sstable1/3e54c6e3-f034-41d2-8504-c176d41dc32d202605010137331777621058825727306.sst" compactIntoNextLevel: true destinationLevel: 2
2026-05-01 07:38:02:063 - Compaction started: 
140677333534272:Compacting sstable1/f5e5faed-fa03-4106-bf1c-dfd38d06aee2202605010137331777621067875873682.sst sstable1/3e54c6e3-f034-41d2-8504-c176d41dc32d202605010137331777621058825727306.sst into:sstable2/f5e5faed-fa03-4106-bf1c-dfd38d06aee2202605010137331777621082084504619.sst
2026-05-01 07:38:02:117 - Compaction completed: 
3029038:Task input_files: "sstable1/8b6d3442-296e-4641-8dee-bf3361889571202605010137331777621061993071912.sst" input_files: "sstable1/f5e5faed-fa03-4106-bf1c-dfd38d06aee2202605010137331777621058981372637.sst" compactIntoNextLevel: true destinationLevel: 2 is dead (hb=30)
3029038:Task input_files: "sstable1/305ab122-2a52-4afe-9c9a-47c2657383fd202605010137331777621058925155062.sst" input_files: "sstable1/3e54c6e3-f034-41d2-8504-c176d41dc32d202605010137331777621058926510222.sst" compactIntoNextLevel: true destinationLevel: 2 is dead (hb=30)
3029038:Task input_files: "sstable1/3e54c6e3-f034-41d2-8504-c176d41dc32d202605010137331777621062075057752.sst" input_files: "sstable1/3e54c6e3-f034-41d2-8504-c176d41dc32d202605010137331777621059027627696.sst" compactIntoNextLevel: true destinationLevel: 2 is dead (hb=30)
3029038:Found dead task input_files: "sstable1/305ab122-2a52-4afe-9c9a-47c2657383fd202605010137331777621058925155062.sst" input_files: "sstable1/3e54c6e3-f034-41d2-8504-c176d41dc32d202605010137331777621058926510222.sst" compactIntoNextLevel: true destinationLevel: 2
3029038:COMPACT_START sstable=1 input_files: "sstable1/305ab122-2a52-4afe-9c9a-47c2657383fd202605010137331777621058925155062.sst" input_files: "sstable1/3e54c6e3-f034-41d2-8504-c176d41dc32d202605010137331777621058926510222.sst" compactIntoNextLevel: true destinationLevel: 2
2026-05-01 07:38:02:166 - Compaction started: 
140677333534272:Compacting sstable1/305ab122-2a52-4afe-9c9a-47c2657383fd202605010137331777621058925155062.sst sstable1/3e54c6e3-f034-41d2-8504-c176d41dc32d202605010137331777621058926510222.sst into:sstable2/f5e5faed-fa03-4106-bf1c-dfd38d06aee2202605010137331777621082185981997.sst
2026-05-01 07:38:02:215 - Compaction completed: 
3029038:Task input_files: "sstable1/3e54c6e3-f034-41d2-8504-c176d41dc32d202605010137331777621059129006920.sst" input_files: "sstable1/f5e5faed-fa03-4106-bf1c-dfd38d06aee2202605010137331777621065302932026.sst" compactIntoNextLevel: true destinationLevel: 2 is dead (hb=30)
3029038:Found dead task input_files: "sstable1/3e54c6e3-f034-41d2-8504-c176d41dc32d202605010137331777621059129006920.sst" input_files: "sstable1/f5e5faed-fa03-4106-bf1c-dfd38d06aee2202605010137331777621065302932026.sst" compactIntoNextLevel: true destinationLevel: 2
3029038:COMPACT_START sstable=1 input_files: "sstable1/3e54c6e3-f034-41d2-8504-c176d41dc32d202605010137331777621059129006920.sst" input_files: "sstable1/f5e5faed-fa03-4106-bf1c-dfd38d06aee2202605010137331777621065302932026.sst" compactIntoNextLevel: true destinationLevel: 2
3029038:COMPACT_ABORT input_files: "sstable1/3e54c6e3-f034-41d2-8504-c176d41dc32d202605010137331777621059129006920.sst" input_files: "sstable1/f5e5faed-fa03-4106-bf1c-dfd38d06aee2202605010137331777621065302932026.sst" compactIntoNextLevel: true destinationLevel: 2
3029038:Found dead task input_files: "sstable1/3e54c6e3-f034-41d2-8504-c176d41dc32d202605010137331777621062075057752.sst" input_files: "sstable1/3e54c6e3-f034-41d2-8504-c176d41dc32d202605010137331777621059027627696.sst" compactIntoNextLevel: true destinationLevel: 2
3029038:COMPACT_START sstable=1 input_files: "sstable1/3e54c6e3-f034-41d2-8504-c176d41dc32d202605010137331777621062075057752.sst" input_files: "sstable1/3e54c6e3-f034-41d2-8504-c176d41dc32d202605010137331777621059027627696.sst" compactIntoNextLevel: true destinationLevel: 2
2026-05-01 07:38:02:269 - Compaction started: 
140677333534272:Compacting sstable1/3e54c6e3-f034-41d2-8504-c176d41dc32d202605010137331777621062075057752.sst sstable1/3e54c6e3-f034-41d2-8504-c176d41dc32d202605010137331777621059027627696.sst into:sstable2/f5e5faed-fa03-4106-bf1c-dfd38d06aee2202605010137331777621082288998470.sst
2026-05-01 07:38:02:319 - Compaction completed: 
3029038:Task input_files: "sstable1/305ab122-2a52-4afe-9c9a-47c2657383fd202605010137331777621060040815081.sst" input_files: "sstable1/f5e5faed-fa03-4106-bf1c-dfd38d06aee2202605010137331777621063162295481.sst" compactIntoNextLevel: true destinationLevel: 2 is dead (hb=30)
3029038:Task input_files: "sstable1/305ab122-2a52-4afe-9c9a-47c2657383fd202605010137331777621059534000925.sst" input_files: "sstable1/3e54c6e3-f034-41d2-8504-c176d41dc32d202605010137331777621059534593436.sst" compactIntoNextLevel: true destinationLevel: 2 is dead (hb=30)
3029038:Task input_files: "sstable1/f5e5faed-fa03-4106-bf1c-dfd38d06aee2202605010137331777621059591033608.sst" input_files: "sstable1/305ab122-2a52-4afe-9c9a-47c2657383fd202605010137331777621059635659684.sst" compactIntoNextLevel: true destinationLevel: 2 is dead (hb=30)
3029038:Task input_files: "sstable1/305ab122-2a52-4afe-9c9a-47c2657383fd202605010137331777621071977937077.sst" input_files: "sstable1/f5e5faed-fa03-4106-bf1c-dfd38d06aee2202605010137331777621062857022902.sst" compactIntoNextLevel: true destinationLevel: 2 is dead (hb=30)
3029038:Found dead task input_files: "sstable1/305ab122-2a52-4afe-9c9a-47c2657383fd202605010137331777621071977937077.sst" input_files: "sstable1/f5e5faed-fa03-4106-bf1c-dfd38d06aee2202605010137331777621062857022902.sst" compactIntoNextLevel: true destinationLevel: 2
3029038:COMPACT_START sstable=1 input_files: "sstable1/305ab122-2a52-4afe-9c9a-47c2657383fd202605010137331777621071977937077.sst" input_files: "sstable1/f5e5faed-fa03-4106-bf1c-dfd38d06aee2202605010137331777621062857022902.sst" compactIntoNextLevel: true destinationLevel: 2
3029038:COMPACT_ABORT input_files: "sstable1/305ab122-2a52-4afe-9c9a-47c2657383fd202605010137331777621071977937077.sst" input_files: "sstable1/f5e5faed-fa03-4106-bf1c-dfd38d06aee2202605010137331777621062857022902.sst" compactIntoNextLevel: true destinationLevel: 2
3029038:Task input_files: "sstable1/305ab122-2a52-4afe-9c9a-47c2657383fd202605010137331777621059838201665.sst" input_files: "sstable1/305ab122-2a52-4afe-9c9a-47c2657383fd202605010137331777621059939514816.sst" compactIntoNextLevel: true destinationLevel: 2 is dead (hb=30)
3029038:Task input_files: "datalog/635" input_files: "datalog/636" compactIntoNextLevel: true destinationLevel: 1 is dead (hb=30)
3029038:Task input_files: "sstable1/f5e5faed-fa03-4106-bf1c-dfd38d06aee2202605010137331777621059692308717.sst" input_files: "sstable1/305ab122-2a52-4afe-9c9a-47c2657383fd202605010137331777621059736695113.sst" compactIntoNextLevel: true destinationLevel: 2 is dead (hb=30)
3029038:Task input_files: "sstable1/3e54c6e3-f034-41d2-8504-c176d41dc32d202605010137331777621063699697326.sst" input_files: "sstable1/f5e5faed-fa03-4106-bf1c-dfd38d06aee2202605010137331777621060606091761.sst" compactIntoNextLevel: true destinationLevel: 2 is dead (hb=30)
3029038:Found dead task input_files: "sstable1/3e54c6e3-f034-41d2-8504-c176d41dc32d202605010137331777621063699697326.sst" input_files: "sstable1/f5e5faed-fa03-4106-bf1c-dfd38d06aee2202605010137331777621060606091761.sst" compactIntoNextLevel: true destinationLevel: 2
3029038:COMPACT_START sstable=1 input_files: "sstable1/3e54c6e3-f034-41d2-8504-c176d41dc32d202605010137331777621063699697326.sst" input_files: "sstable1/f5e5faed-fa03-4106-bf1c-dfd38d06aee2202605010137331777621060606091761.sst" compactIntoNextLevel: true destinationLevel: 2
2026-05-01 07:38:02:473 - Compaction started: 
140677333534272:Compacting sstable1/3e54c6e3-f034-41d2-8504-c176d41dc32d202605010137331777621063699697326.sst sstable1/f5e5faed-fa03-4106-bf1c-dfd38d06aee2202605010137331777621060606091761.sst into:sstable2/f5e5faed-fa03-4106-bf1c-dfd38d06aee2202605010137331777621082492658298.sst
2026-05-01 07:38:02:522 - Compaction completed: 
3029038:Task input_files: "sstable1/f5e5faed-fa03-4106-bf1c-dfd38d06aee2202605010137331777621061118463415.sst" input_files: "sstable1/f5e5faed-fa03-4106-bf1c-dfd38d06aee2202605010137331777621064180442824.sst" compactIntoNextLevel: true destinationLevel: 2 is dead (hb=30)
3029038:Task input_files: "sstable1/8b6d3442-296e-4641-8dee-bf3361889571202605010137331777621073192113192.sst" input_files: "sstable1/8b6d3442-296e-4641-8dee-bf3361889571202605010137331777621064245841540.sst" compactIntoNextLevel: true destinationLevel: 2 is dead (hb=30)
3029038:Task input_files: "sstable1/f5e5faed-fa03-4106-bf1c-dfd38d06aee2202605010137331777621063976579576.sst" input_files: "sstable1/3e54c6e3-f034-41d2-8504-c176d41dc32d202605010137331777621060953207659.sst" compactIntoNextLevel: true destinationLevel: 2 is dead (hb=30)
3029038:Task input_files: "sstable1/f5e5faed-fa03-4106-bf1c-dfd38d06aee2202605010137331777621066652847456.sst" input_files: "sstable1/f5e5faed-fa03-4106-bf1c-dfd38d06aee2202605010137331777621060503703826.sst" compactIntoNextLevel: true destinationLevel: 2 is dead (hb=30)
3029038:Task input_files: "sstable1/f5e5faed-fa03-4106-bf1c-dfd38d06aee2202605010137331777621060402700947.sst" input_files: "sstable1/3e54c6e3-f034-41d2-8504-c176d41dc32d202605010137331777621069774966182.sst" compactIntoNextLevel: true destinationLevel: 2 is dead (hb=30)
3029038:Task input_files: "sstable1/f5e5faed-fa03-4106-bf1c-dfd38d06aee2202605010137331777621060300770760.sst" input_files: "sstable1/305ab122-2a52-4afe-9c9a-47c2657383fd202605010137331777621060345062850.sst" compactIntoNextLevel: true destinationLevel: 2 is dead (hb=30)
3029038:Found dead task input_files: "sstable1/f5e5faed-fa03-4106-bf1c-dfd38d06aee2202605010137331777621060300770760.sst" input_files: "sstable1/305ab122-2a52-4afe-9c9a-47c2657383fd202605010137331777621060345062850.sst" compactIntoNextLevel: true destinationLevel: 2
3029038:COMPACT_START sstable=1 input_files: "sstable1/f5e5faed-fa03-4106-bf1c-dfd38d06aee2202605010137331777621060300770760.sst" input_files: "sstable1/305ab122-2a52-4afe-9c9a-47c2657383fd202605010137331777621060345062850.sst" compactIntoNextLevel: true destinationLevel: 2
3029038:COMPACT_ABORT input_files: "sstable1/f5e5faed-fa03-4106-bf1c-dfd38d06aee2202605010137331777621060300770760.sst" input_files: "sstable1/305ab122-2a52-4afe-9c9a-47c2657383fd202605010137331777621060345062850.sst" compactIntoNextLevel: true destinationLevel: 2
3029038:Found dead task input_files: "sstable1/f5e5faed-fa03-4106-bf1c-dfd38d06aee2202605010137331777621060402700947.sst" input_files: "sstable1/3e54c6e3-f034-41d2-8504-c176d41dc32d202605010137331777621069774966182.sst" compactIntoNextLevel: true destinationLevel: 2
3029038:COMPACT_START sstable=1 input_files: "sstable1/f5e5faed-fa03-4106-bf1c-dfd38d06aee2202605010137331777621060402700947.sst" input_files: "sstable1/3e54c6e3-f034-41d2-8504-c176d41dc32d202605010137331777621069774966182.sst" compactIntoNextLevel: true destinationLevel: 2
2026-05-01 07:38:02:576 - Compaction started: 
140677333534272:Compacting sstable1/f5e5faed-fa03-4106-bf1c-dfd38d06aee2202605010137331777621060402700947.sst sstable1/3e54c6e3-f034-41d2-8504-c176d41dc32d202605010137331777621069774966182.sst into:sstable2/f5e5faed-fa03-4106-bf1c-dfd38d06aee2202605010137331777621082596220564.sst
2026-05-01 07:38:02:626 - Compaction completed: 
3029038:Task input_files: "datalog/807" input_files: "datalog/808" compactIntoNextLevel: true destinationLevel: 1 is dead (hb=30)
3029038:Found dead task input_files: "sstable1/8b6d3442-296e-4641-8dee-bf3361889571202605010137331777621073192113192.sst" input_files: "sstable1/8b6d3442-296e-4641-8dee-bf3361889571202605010137331777621064245841540.sst" compactIntoNextLevel: true destinationLevel: 2
3029038:COMPACT_START sstable=1 input_files: "sstable1/8b6d3442-296e-4641-8dee-bf3361889571202605010137331777621073192113192.sst" input_files: "sstable1/8b6d3442-296e-4641-8dee-bf3361889571202605010137331777621064245841540.sst" compactIntoNextLevel: true destinationLevel: 2
2026-05-01 07:38:02:678 - Compaction started: 
140677333534272:Compacting sstable1/8b6d3442-296e-4641-8dee-bf3361889571202605010137331777621073192113192.sst sstable1/8b6d3442-296e-4641-8dee-bf3361889571202605010137331777621064245841540.sst into:sstable2/f5e5faed-fa03-4106-bf1c-dfd38d06aee2202605010137331777621082697935277.sst
2026-05-01 07:38:02:727 - Compaction completed: 
3029038:Task input_files: "sstable1/305ab122-2a52-4afe-9c9a-47c2657383fd202605010137331777621061465340094.sst" input_files: "sstable1/8b6d3442-296e-4641-8dee-bf3361889571202605010137331777621061482722880.sst" compactIntoNextLevel: true destinationLevel: 2 is dead (hb=30)
3029038:Found dead task input_files: "sstable1/305ab122-2a52-4afe-9c9a-47c2657383fd202605010137331777621061465340094.sst" input_files: "sstable1/8b6d3442-296e-4641-8dee-bf3361889571202605010137331777621061482722880.sst" compactIntoNextLevel: true destinationLevel: 2
3029038:COMPACT_START sstable=1 input_files: "sstable1/305ab122-2a52-4afe-9c9a-47c2657383fd202605010137331777621061465340094.sst" input_files: "sstable1/8b6d3442-296e-4641-8dee-bf3361889571202605010137331777621061482722880.sst" compactIntoNextLevel: true destinationLevel: 2
2026-05-01 07:38:02:780 - Compaction started: 
140677333534272:Compacting sstable1/305ab122-2a52-4afe-9c9a-47c2657383fd202605010137331777621061465340094.sst sstable1/8b6d3442-296e-4641-8dee-bf3361889571202605010137331777621061482722880.sst into:sstable2/f5e5faed-fa03-4106-bf1c-dfd38d06aee2202605010137331777621082800475827.sst
2026-05-01 07:38:02:829 - Compaction completed: 
3029038:COMPACT_START sstable=1 input_files: "sstable1/305ab122-2a52-4afe-9c9a-47c2657383fd202605010137331777621067508419619.sst" input_files: "sstable1/305ab122-2a52-4afe-9c9a-47c2657383fd202605010137331777621064511546316.sst" compactIntoNextLevel: true destinationLevel: 2
3029038:COMPACT_ABORT input_files: "sstable1/305ab122-2a52-4afe-9c9a-47c2657383fd202605010137331777621067508419619.sst" input_files: "sstable1/305ab122-2a52-4afe-9c9a-47c2657383fd202605010137331777621064511546316.sst" compactIntoNextLevel: true destinationLevel: 2
3029038:Task input_files: "datalog/837" input_files: "datalog/838" compactIntoNextLevel: true destinationLevel: 1 is dead (hb=30)
3029038:Found dead task input_files: "datalog/837" input_files: "datalog/838" compactIntoNextLevel: true destinationLevel: 1
3029038:COMPACT_START sstable=0 input_files: "datalog/837" input_files: "datalog/838" compactIntoNextLevel: true destinationLevel: 1
3029038:COMPACT_ABORT input_files: "datalog/837" input_files: "datalog/838" compactIntoNextLevel: true destinationLevel: 1
3029038:COMPACT_START sstable=1 input_files: "sstable1/8b6d3442-296e-4641-8dee-bf3361889571202605010137331777621064654652330.sst" input_files: "sstable1/3e54c6e3-f034-41d2-8504-c176d41dc32d202605010137331777621070895210154.sst" compactIntoNextLevel: true destinationLevel: 2
2026-05-01 07:38:02:983 - Compaction started: 
140677333534272:Compacting sstable1/8b6d3442-296e-4641-8dee-bf3361889571202605010137331777621064654652330.sst sstable1/3e54c6e3-f034-41d2-8504-c176d41dc32d202605010137331777621070895210154.sst into:sstable2/f5e5faed-fa03-4106-bf1c-dfd38d06aee2202605010137331777621083001299709.sst
2026-05-01 07:38:03:028 - Compaction completed: 
3029038:Task input_files: "datalog/845" input_files: "datalog/846" compactIntoNextLevel: true destinationLevel: 1 is dead (hb=30)
3029038:Found dead task input_files: "datalog/845" input_files: "datalog/846" compactIntoNextLevel: true destinationLevel: 1
3029038:COMPACT_START sstable=0 input_files: "datalog/845" input_files: "datalog/846" compactIntoNextLevel: true destinationLevel: 1
3029038:COMPACT_ABORT input_files: "datalog/845" input_files: "datalog/846" compactIntoNextLevel: true destinationLevel: 1
3029038:COMPACT_START sstable=1 input_files: "sstable1/3e54c6e3-f034-41d2-8504-c176d41dc32d202605010137331777621068345572022.sst" input_files: "sstable1/3e54c6e3-f034-41d2-8504-c176d41dc32d202605010137331777621065225905443.sst" compactIntoNextLevel: true destinationLevel: 2
3029038:COMPACT_ABORT input_files: "sstable1/3e54c6e3-f034-41d2-8504-c176d41dc32d202605010137331777621068345572022.sst" input_files: "sstable1/3e54c6e3-f034-41d2-8504-c176d41dc32d202605010137331777621065225905443.sst" compactIntoNextLevel: true destinationLevel: 2
3029038:Task input_files: "sstable1/f5e5faed-fa03-4106-bf1c-dfd38d06aee2202605010137331777621061837525547.sst" input_files: "sstable1/8b6d3442-296e-4641-8dee-bf3361889571202605010137331777621080098706033.sst" compactIntoNextLevel: true destinationLevel: 2 is dead (hb=30)
3029038:Task input_files: "sstable1/305ab122-2a52-4afe-9c9a-47c2657383fd202605010137331777621055771675257.sst" input_files: "sstable1/3e54c6e3-f034-41d2-8504-c176d41dc32d202605010137331777621055774587957.sst" compactIntoNextLevel: true destinationLevel: 2 is dead (hb=30)
3029038:Found dead task input_files: "sstable1/305ab122-2a52-4afe-9c9a-47c2657383fd202605010137331777621055771675257.sst" input_files: "sstable1/3e54c6e3-f034-41d2-8504-c176d41dc32d202605010137331777621055774587957.sst" compactIntoNextLevel: true destinationLevel: 2
3029038:COMPACT_START sstable=1 input_files: "sstable1/305ab122-2a52-4afe-9c9a-47c2657383fd202605010137331777621055771675257.sst" input_files: "sstable1/3e54c6e3-f034-41d2-8504-c176d41dc32d202605010137331777621055774587957.sst" compactIntoNextLevel: true destinationLevel: 2
3029038:COMPACT_ABORT input_files: "sstable1/305ab122-2a52-4afe-9c9a-47c2657383fd202605010137331777621055771675257.sst" input_files: "sstable1/3e54c6e3-f034-41d2-8504-c176d41dc32d202605010137331777621055774587957.sst" compactIntoNextLevel: true destinationLevel: 2
3029038:Task input_files: "sstable1/305ab122-2a52-4afe-9c9a-47c2657383fd202605010137331777621068219203443.sst" input_files: "sstable1/8b6d3442-296e-4641-8dee-bf3361889571202605010137331777621065061422115.sst" compactIntoNextLevel: true destinationLevel: 2 is dead (hb=30)
3029038:Task input_files: "datalog/861" input_files: "datalog/862" compactIntoNextLevel: true destinationLevel: 1 is dead (hb=30)
3029038:Task input_files: "sstable1/f5e5faed-fa03-4106-bf1c-dfd38d06aee2202605010137331777621068283154515.sst" input_files: "sstable1/305ab122-2a52-4afe-9c9a-47c2657383fd202605010137331777621062076674693.sst" compactIntoNextLevel: true destinationLevel: 2 is dead (hb=30)
3029038:Found dead task input_files: "sstable1/f5e5faed-fa03-4106-bf1c-dfd38d06aee2202605010137331777621068283154515.sst" input_files: "sstable1/305ab122-2a52-4afe-9c9a-47c2657383fd202605010137331777621062076674693.sst" compactIntoNextLevel: true destinationLevel: 2
3029038:COMPACT_START sstable=1 input_files: "sstable1/f5e5faed-fa03-4106-bf1c-dfd38d06aee2202605010137331777621068283154515.sst" input_files: "sstable1/305ab122-2a52-4afe-9c9a-47c2657383fd202605010137331777621062076674693.sst" compactIntoNextLevel: true destinationLevel: 2
3029038:COMPACT_ABORT input_files: "sstable1/f5e5faed-fa03-4106-bf1c-dfd38d06aee2202605010137331777621068283154515.sst" input_files: "sstable1/305ab122-2a52-4afe-9c9a-47c2657383fd202605010137331777621062076674693.sst" compactIntoNextLevel: true destinationLevel: 2
3029038:Task input_files: "sstable1/8b6d3442-296e-4641-8dee-bf3361889571202605010137331777621062196604071.sst" input_files: "sstable1/8b6d3442-296e-4641-8dee-bf3361889571202605010137331777621065366971463.sst" compactIntoNextLevel: true destinationLevel: 2 is dead (hb=30)
3029038:Task input_files: "sstable1/8b6d3442-296e-4641-8dee-bf3361889571202605010137331777621062093857884.sst" input_files: "sstable1/305ab122-2a52-4afe-9c9a-47c2657383fd202605010137331777621065325220467.sst" compactIntoNextLevel: true destinationLevel: 2 is dead (hb=30)
3029038:Found dead task input_files: "sstable1/8b6d3442-296e-4641-8dee-bf3361889571202605010137331777621062093857884.sst" input_files: "sstable1/305ab122-2a52-4afe-9c9a-47c2657383fd202605010137331777621065325220467.sst" compactIntoNextLevel: true destinationLevel: 2
3029038:COMPACT_START sstable=1 input_files: "sstable1/8b6d3442-296e-4641-8dee-bf3361889571202605010137331777621062093857884.sst" input_files: "sstable1/305ab122-2a52-4afe-9c9a-47c2657383fd202605010137331777621065325220467.sst" compactIntoNextLevel: true destinationLevel: 2
2026-05-01 07:38:03:492 - Compaction started: 
2026-05-01 07:38:03:517 30 sec: 123621 operations; 4120.56 current ops/sec; est completion in 2 days 19 hours [READ: Count=123626, Max=1798143, Min=31, Avg=240.45, 90=362, 99=430, 99.9=500, 99.99=9631] 
140677333534272:Compacting sstable1/8b6d3442-296e-4641-8dee-bf3361889571202605010137331777621062093857884.sst sstable1/305ab122-2a52-4afe-9c9a-47c2657383fd202605010137331777621065325220467.sst into:sstable2/f5e5faed-fa03-4106-bf1c-dfd38d06aee2202605010137331777621083511570755.sst
2026-05-01 07:38:03:542 - Compaction completed: 
3029038:Task input_files: "sstable1/305ab122-2a52-4afe-9c9a-47c2657383fd202605010137331777621062685888576.sst" input_files: "sstable1/f5e5faed-fa03-4106-bf1c-dfd38d06aee2202605010137331777621068892118299.sst" compactIntoNextLevel: true destinationLevel: 2 is dead (hb=30)
3029038:Task input_files: "sstable1/8b6d3442-296e-4641-8dee-bf3361889571202605010137331777621065468474629.sst" input_files: "sstable1/8b6d3442-296e-4641-8dee-bf3361889571202605010137331777621062500713439.sst" compactIntoNextLevel: true destinationLevel: 2 is dead (hb=30)
3029038:Task input_files: "sstable1/8b6d3442-296e-4641-8dee-bf3361889571202605010137331777621062824478795.sst" input_files: "sstable1/3e54c6e3-f034-41d2-8504-c176d41dc32d202605010137331777621062887809764.sst" compactIntoNextLevel: true destinationLevel: 2 is dead (hb=30)
3029038:Found dead task input_files: "sstable1/8b6d3442-296e-4641-8dee-bf3361889571202605010137331777621062824478795.sst" input_files: "sstable1/3e54c6e3-f034-41d2-8504-c176d41dc32d202605010137331777621062887809764.sst" compactIntoNextLevel: true destinationLevel: 2
3029038:COMPACT_START sstable=1 input_files: "sstable1/8b6d3442-296e-4641-8dee-bf3361889571202605010137331777621062824478795.sst" input_files: "sstable1/3e54c6e3-f034-41d2-8504-c176d41dc32d202605010137331777621062887809764.sst" compactIntoNextLevel: true destinationLevel: 2
2026-05-01 07:38:03:594 - Compaction started: 
140677333534272:Compacting sstable1/8b6d3442-296e-4641-8dee-bf3361889571202605010137331777621062824478795.sst sstable1/3e54c6e3-f034-41d2-8504-c176d41dc32d202605010137331777621062887809764.sst into:sstable2/f5e5faed-fa03-4106-bf1c-dfd38d06aee2202605010137331777621083612613839.sst
2026-05-01 07:38:03:641 - Compaction completed: 
3029038:Task input_files: "sstable1/3e54c6e3-f034-41d2-8504-c176d41dc32d202605010137331777621066552237184.sst" input_files: "sstable1/305ab122-2a52-4afe-9c9a-47c2657383fd202605010137331777621066550085701.sst" compactIntoNextLevel: true destinationLevel: 2 is dead (hb=30)
3029038:Task input_files: "sstable1/8b6d3442-296e-4641-8dee-bf3361889571202605010137331777621063332766904.sst" input_files: "sstable1/f5e5faed-fa03-4106-bf1c-dfd38d06aee2202605010137331777621075672468598.sst" compactIntoNextLevel: true destinationLevel: 2 is dead (hb=30)
3029038:Task input_files: "datalog/727" input_files: "datalog/728" compactIntoNextLevel: true destinationLevel: 1 is dead (hb=30)
3029038:Found dead task input_files: "datalog/727" input_files: "datalog/728" compactIntoNextLevel: true destinationLevel: 1
3029038:COMPACT_START sstable=0 input_files: "datalog/727" input_files: "datalog/728" compactIntoNextLevel: true destinationLevel: 1
2026-05-01 07:38:03:796 - Compaction started: 
140677333534272:Compacting datalog/727 datalog/728 into:sstable1/f5e5faed-fa03-4106-bf1c-dfd38d06aee2202605010137331777621083799284489.sst
2026-05-01 07:38:03:812 - Compaction completed: 
3029038:Task input_files: "sstable1/8b6d3442-296e-4641-8dee-bf3361889571202605010137331777621063535429262.sst" input_files: "sstable1/3e54c6e3-f034-41d2-8504-c176d41dc32d202605010137331777621063598549717.sst" compactIntoNextLevel: true destinationLevel: 2 is dead (hb=30)
3029038:Task input_files: "sstable1/3e54c6e3-f034-41d2-8504-c176d41dc32d202605010137331777621063497057471.sst" input_files: "sstable1/3e54c6e3-f034-41d2-8504-c176d41dc32d202605010137331777621066690311987.sst" compactIntoNextLevel: true destinationLevel: 2 is dead (hb=30)
3029038:Found dead task input_files: "sstable1/3e54c6e3-f034-41d2-8504-c176d41dc32d202605010137331777621063497057471.sst" input_files: "sstable1/3e54c6e3-f034-41d2-8504-c176d41dc32d202605010137331777621066690311987.sst" compactIntoNextLevel: true destinationLevel: 2
3029038:COMPACT_START sstable=1 input_files: "sstable1/3e54c6e3-f034-41d2-8504-c176d41dc32d202605010137331777621063497057471.sst" input_files: "sstable1/3e54c6e3-f034-41d2-8504-c176d41dc32d202605010137331777621066690311987.sst" compactIntoNextLevel: true destinationLevel: 2
2026-05-01 07:38:03:898 - Compaction started: 
140677333534272:Compacting sstable1/3e54c6e3-f034-41d2-8504-c176d41dc32d202605010137331777621063497057471.sst sstable1/3e54c6e3-f034-41d2-8504-c176d41dc32d202605010137331777621066690311987.sst into:sstable2/f5e5faed-fa03-4106-bf1c-dfd38d06aee2202605010137331777621083916424247.sst
2026-05-01 07:38:03:944 - Compaction completed: 
3029038:Task input_files: "sstable1/8b6d3442-296e-4641-8dee-bf3361889571202605010137331777621072988611782.sst" input_files: "sstable1/f5e5faed-fa03-4106-bf1c-dfd38d06aee2202605010137331777621076076995768.sst" compactIntoNextLevel: true destinationLevel: 2 is dead (hb=30)
3029038:Task input_files: "sstable1/8b6d3442-296e-4641-8dee-bf3361889571202605010137331777621066690856798.sst" input_files: "sstable1/f5e5faed-fa03-4106-bf1c-dfd38d06aee2202605010137331777621066857080148.sst" compactIntoNextLevel: true destinationLevel: 2 is dead (hb=30)
3029038:Task input_files: "sstable1/305ab122-2a52-4afe-9c9a-47c2657383fd202605010137331777621063800434256.sst" input_files: "sstable1/3e54c6e3-f034-41d2-8504-c176d41dc32d202605010137331777621063801172290.sst" compactIntoNextLevel: true destinationLevel: 2 is dead (hb=30)
3029038:Task input_files: "sstable1/f5e5faed-fa03-4106-bf1c-dfd38d06aee2202605010137331777621053762972823.sst" input_files: "sstable1/305ab122-2a52-4afe-9c9a-47c2657383fd202605010137331777621053742732892.sst" compactIntoNextLevel: true destinationLevel: 2 is dead (hb=30)
3029038:Found dead task input_files: "sstable1/f5e5faed-fa03-4106-bf1c-dfd38d06aee2202605010137331777621053762972823.sst" input_files: "sstable1/305ab122-2a52-4afe-9c9a-47c2657383fd202605010137331777621053742732892.sst" compactIntoNextLevel: true destinationLevel: 2
3029038:COMPACT_START sstable=1 input_files: "sstable1/f5e5faed-fa03-4106-bf1c-dfd38d06aee2202605010137331777621053762972823.sst" input_files: "sstable1/305ab122-2a52-4afe-9c9a-47c2657383fd202605010137331777621053742732892.sst" compactIntoNextLevel: true destinationLevel: 2
3029038:COMPACT_ABORT input_files: "sstable1/f5e5faed-fa03-4106-bf1c-dfd38d06aee2202605010137331777621053762972823.sst" input_files: "sstable1/305ab122-2a52-4afe-9c9a-47c2657383fd202605010137331777621053742732892.sst" compactIntoNextLevel: true destinationLevel: 2
3029038:Found dead task input_files: "sstable1/8b6d3442-296e-4641-8dee-bf3361889571202605010137331777621072988611782.sst" input_files: "sstable1/f5e5faed-fa03-4106-bf1c-dfd38d06aee2202605010137331777621076076995768.sst" compactIntoNextLevel: true destinationLevel: 2
3029038:COMPACT_START sstable=1 input_files: "sstable1/8b6d3442-296e-4641-8dee-bf3361889571202605010137331777621072988611782.sst" input_files: "sstable1/f5e5faed-fa03-4106-bf1c-dfd38d06aee2202605010137331777621076076995768.sst" compactIntoNextLevel: true destinationLevel: 2
3029038:COMPACT_ABORT input_files: "sstable1/8b6d3442-296e-4641-8dee-bf3361889571202605010137331777621072988611782.sst" input_files: "sstable1/f5e5faed-fa03-4106-bf1c-dfd38d06aee2202605010137331777621076076995768.sst" compactIntoNextLevel: true destinationLevel: 2
3029038:Task input_files: "sstable1/f5e5faed-fa03-4106-bf1c-dfd38d06aee2202605010137331777621056438795671.sst" input_files: "sstable1/3e54c6e3-f034-41d2-8504-c176d41dc32d202605010137331777621068856004380.sst" compactIntoNextLevel: true destinationLevel: 2 is dead (hb=30)
3029038:Found dead task input_files: "sstable1/f5e5faed-fa03-4106-bf1c-dfd38d06aee2202605010137331777621056438795671.sst" input_files: "sstable1/3e54c6e3-f034-41d2-8504-c176d41dc32d202605010137331777621068856004380.sst" compactIntoNextLevel: true destinationLevel: 2
3029038:COMPACT_START sstable=1 input_files: "sstable1/f5e5faed-fa03-4106-bf1c-dfd38d06aee2202605010137331777621056438795671.sst" input_files: "sstable1/3e54c6e3-f034-41d2-8504-c176d41dc32d202605010137331777621068856004380.sst" compactIntoNextLevel: true destinationLevel: 2
3029038:COMPACT_ABORT input_files: "sstable1/f5e5faed-fa03-4106-bf1c-dfd38d06aee2202605010137331777621056438795671.sst" input_files: "sstable1/3e54c6e3-f034-41d2-8504-c176d41dc32d202605010137331777621068856004380.sst" compactIntoNextLevel: true destinationLevel: 2
3029038:Task input_files: "datalog/747" input_files: "datalog/748" compactIntoNextLevel: true destinationLevel: 1 is dead (hb=30)
3029038:Found dead task input_files: "datalog/747" input_files: "datalog/748" compactIntoNextLevel: true destinationLevel: 1
3029038:COMPACT_START sstable=0 input_files: "datalog/747" input_files: "datalog/748" compactIntoNextLevel: true destinationLevel: 1
2026-05-01 07:38:04:304 - Compaction started: 
140677333534272:Compacting datalog/747 datalog/748 into:sstable1/f5e5faed-fa03-4106-bf1c-dfd38d06aee2202605010137331777621084307692181.sst
2026-05-01 07:38:04:320 - Compaction completed: 
3029038:Task input_files: "sstable1/8b6d3442-296e-4641-8dee-bf3361889571202605010137331777621056805889179.sst" input_files: "sstable1/f5e5faed-fa03-4106-bf1c-dfd38d06aee2202605010137331777621063060823443.sst" compactIntoNextLevel: true destinationLevel: 2 is dead (hb=30)
3029038:Found dead task input_files: "sstable1/8b6d3442-296e-4641-8dee-bf3361889571202605010137331777621056805889179.sst" input_files: "sstable1/f5e5faed-fa03-4106-bf1c-dfd38d06aee2202605010137331777621063060823443.sst" compactIntoNextLevel: true destinationLevel: 2
3029038:COMPACT_START sstable=1 input_files: "sstable1/8b6d3442-296e-4641-8dee-bf3361889571202605010137331777621056805889179.sst" input_files: "sstable1/f5e5faed-fa03-4106-bf1c-dfd38d06aee2202605010137331777621063060823443.sst" compactIntoNextLevel: true destinationLevel: 2
3029038:COMPACT_ABORT input_files: "sstable1/8b6d3442-296e-4641-8dee-bf3361889571202605010137331777621056805889179.sst" input_files: "sstable1/f5e5faed-fa03-4106-bf1c-dfd38d06aee2202605010137331777621063060823443.sst" compactIntoNextLevel: true destinationLevel: 2
3029038:COMPACT_START sstable=1 input_files: "sstable1/3e54c6e3-f034-41d2-8504-c176d41dc32d202605010137331777621066244422670.sst" input_files: "sstable1/3e54c6e3-f034-41d2-8504-c176d41dc32d202605010137331777621069367495023.sst" compactIntoNextLevel: true destinationLevel: 2
3029038:COMPACT_ABORT input_files: "sstable1/3e54c6e3-f034-41d2-8504-c176d41dc32d202605010137331777621066244422670.sst" input_files: "sstable1/3e54c6e3-f034-41d2-8504-c176d41dc32d202605010137331777621069367495023.sst" compactIntoNextLevel: true destinationLevel: 2
3029038:COMPACT_START sstable=1 input_files: "sstable1/8b6d3442-296e-4641-8dee-bf3361889571202605010137331777621072887182123.sst" input_files: "sstable1/8b6d3442-296e-4641-8dee-bf3361889571202605010137331777621066792439904.sst" compactIntoNextLevel: true destinationLevel: 2
3029038:COMPACT_ABORT input_files: "sstable1/8b6d3442-296e-4641-8dee-bf3361889571202605010137331777621072887182123.sst" input_files: "sstable1/8b6d3442-296e-4641-8dee-bf3361889571202605010137331777621066792439904.sst" compactIntoNextLevel: true destinationLevel: 2
3029038:COMPACT_START sstable=1 input_files: "sstable1/3e54c6e3-f034-41d2-8504-c176d41dc32d202605010137331777621066792854511.sst" input_files: "sstable1/3e54c6e3-f034-41d2-8504-c176d41dc32d202605010137331777621066897392196.sst" compactIntoNextLevel: true destinationLevel: 2
2026-05-01 07:38:04:609 - Compaction started: 
140677333534272:Compacting sstable1/3e54c6e3-f034-41d2-8504-c176d41dc32d202605010137331777621066792854511.sst sstable1/3e54c6e3-f034-41d2-8504-c176d41dc32d202605010137331777621066897392196.sst into:sstable2/f5e5faed-fa03-4106-bf1c-dfd38d06aee2202605010137331777621084626495365.sst
2026-05-01 07:38:04:651 - Compaction completed: 
3029038:Task input_files: "sstable1/3e54c6e3-f034-41d2-8504-c176d41dc32d202605010137331777621057914408662.sst" input_files: "sstable1/8b6d3442-296e-4641-8dee-bf3361889571202605010137331777621064144596708.sst" compactIntoNextLevel: true destinationLevel: 2 is dead (hb=30)
3029038:Found dead task input_files: "sstable1/3e54c6e3-f034-41d2-8504-c176d41dc32d202605010137331777621057914408662.sst" input_files: "sstable1/8b6d3442-296e-4641-8dee-bf3361889571202605010137331777621064144596708.sst" compactIntoNextLevel: true destinationLevel: 2
3029038:COMPACT_START sstable=1 input_files: "sstable1/3e54c6e3-f034-41d2-8504-c176d41dc32d202605010137331777621057914408662.sst" input_files: "sstable1/8b6d3442-296e-4641-8dee-bf3361889571202605010137331777621064144596708.sst" compactIntoNextLevel: true destinationLevel: 2
3029038:COMPACT_ABORT input_files: "sstable1/3e54c6e3-f034-41d2-8504-c176d41dc32d202605010137331777621057914408662.sst" input_files: "sstable1/8b6d3442-296e-4641-8dee-bf3361889571202605010137331777621064144596708.sst" compactIntoNextLevel: true destinationLevel: 2
3029038:Task input_files: "sstable1/f5e5faed-fa03-4106-bf1c-dfd38d06aee2202605010137331777621060707541777.sst" input_files: "sstable1/8b6d3442-296e-4641-8dee-bf3361889571202605010137331777621057623824087.sst" compactIntoNextLevel: true destinationLevel: 2 is dead (hb=30)
3029038:Task input_files: "sstable1/305ab122-2a52-4afe-9c9a-47c2657383fd202605010137331777621058113299590.sst" input_files: "sstable1/3e54c6e3-f034-41d2-8504-c176d41dc32d202605010137331777621061157825863.sst" compactIntoNextLevel: true destinationLevel: 2 is dead (hb=30)
3029038:Found dead task input_files: "sstable1/305ab122-2a52-4afe-9c9a-47c2657383fd202605010137331777621058113299590.sst" input_files: "sstable1/3e54c6e3-f034-41d2-8504-c176d41dc32d202605010137331777621061157825863.sst" compactIntoNextLevel: true destinationLevel: 2
3029038:COMPACT_START sstable=1 input_files: "sstable1/305ab122-2a52-4afe-9c9a-47c2657383fd202605010137331777621058113299590.sst" input_files: "sstable1/3e54c6e3-f034-41d2-8504-c176d41dc32d202605010137331777621061157825863.sst" compactIntoNextLevel: true destinationLevel: 2
3029038:COMPACT_ABORT input_files: "sstable1/305ab122-2a52-4afe-9c9a-47c2657383fd202605010137331777621058113299590.sst" input_files: "sstable1/3e54c6e3-f034-41d2-8504-c176d41dc32d202605010137331777621061157825863.sst" compactIntoNextLevel: true destinationLevel: 2
3029038:Found dead task input_files: "sstable1/f5e5faed-fa03-4106-bf1c-dfd38d06aee2202605010137331777621060707541777.sst" input_files: "sstable1/8b6d3442-296e-4641-8dee-bf3361889571202605010137331777621057623824087.sst" compactIntoNextLevel: true destinationLevel: 2
3029038:COMPACT_START sstable=1 input_files: "sstable1/f5e5faed-fa03-4106-bf1c-dfd38d06aee2202605010137331777621060707541777.sst" input_files: "sstable1/8b6d3442-296e-4641-8dee-bf3361889571202605010137331777621057623824087.sst" compactIntoNextLevel: true destinationLevel: 2
3029038:COMPACT_ABORT input_files: "sstable1/f5e5faed-fa03-4106-bf1c-dfd38d06aee2202605010137331777621060707541777.sst" input_files: "sstable1/8b6d3442-296e-4641-8dee-bf3361889571202605010137331777621057623824087.sst" compactIntoNextLevel: true destinationLevel: 2
3029038:Task input_files: "sstable1/3e54c6e3-f034-41d2-8504-c176d41dc32d202605010137331777621059129006920.sst" input_files: "sstable1/f5e5faed-fa03-4106-bf1c-dfd38d06aee2202605010137331777621065302932026.sst" compactIntoNextLevel: true destinationLevel: 2 is dead (hb=30)
3029038:Found dead task input_files: "sstable1/3e54c6e3-f034-41d2-8504-c176d41dc32d202605010137331777621059129006920.sst" input_files: "sstable1/f5e5faed-fa03-4106-bf1c-dfd38d06aee2202605010137331777621065302932026.sst" compactIntoNextLevel: true destinationLevel: 2
3029038:COMPACT_START sstable=1 input_files: "sstable1/3e54c6e3-f034-41d2-8504-c176d41dc32d202605010137331777621059129006920.sst" input_files: "sstable1/f5e5faed-fa03-4106-bf1c-dfd38d06aee2202605010137331777621065302932026.sst" compactIntoNextLevel: true destinationLevel: 2
2026-05-01 07:38:05:318 - Compaction started: 
140677333534272:Compacting sstable1/3e54c6e3-f034-41d2-8504-c176d41dc32d202605010137331777621059129006920.sst sstable1/f5e5faed-fa03-4106-bf1c-dfd38d06aee2202605010137331777621065302932026.sst into:sstable2/f5e5faed-fa03-4106-bf1c-dfd38d06aee2202605010137331777621085339242229.sst
2026-05-01 07:38:05:370 - Compaction completed: 
3029038:Task input_files: "sstable1/305ab122-2a52-4afe-9c9a-47c2657383fd202605010137331777621071977937077.sst" input_files: "sstable1/f5e5faed-fa03-4106-bf1c-dfd38d06aee2202605010137331777621062857022902.sst" compactIntoNextLevel: true destinationLevel: 2 is dead (hb=30)
3029038:Found dead task input_files: "sstable1/305ab122-2a52-4afe-9c9a-47c2657383fd202605010137331777621071977937077.sst" input_files: "sstable1/f5e5faed-fa03-4106-bf1c-dfd38d06aee2202605010137331777621062857022902.sst" compactIntoNextLevel: true destinationLevel: 2
3029038:COMPACT_START sstable=1 input_files: "sstable1/305ab122-2a52-4afe-9c9a-47c2657383fd202605010137331777621071977937077.sst" input_files: "sstable1/f5e5faed-fa03-4106-bf1c-dfd38d06aee2202605010137331777621062857022902.sst" compactIntoNextLevel: true destinationLevel: 2
3029038:COMPACT_ABORT input_files: "sstable1/305ab122-2a52-4afe-9c9a-47c2657383fd202605010137331777621071977937077.sst" input_files: "sstable1/f5e5faed-fa03-4106-bf1c-dfd38d06aee2202605010137331777621062857022902.sst" compactIntoNextLevel: true destinationLevel: 2
3029038:Task input_files: "sstable1/f5e5faed-fa03-4106-bf1c-dfd38d06aee2202605010137331777621060300770760.sst" input_files: "sstable1/305ab122-2a52-4afe-9c9a-47c2657383fd202605010137331777621060345062850.sst" compactIntoNextLevel: true destinationLevel: 2 is dead (hb=30)
3029038:Found dead task input_files: "sstable1/f5e5faed-fa03-4106-bf1c-dfd38d06aee2202605010137331777621060300770760.sst" input_files: "sstable1/305ab122-2a52-4afe-9c9a-47c2657383fd202605010137331777621060345062850.sst" compactIntoNextLevel: true destinationLevel: 2
3029038:COMPACT_START sstable=1 input_files: "sstable1/f5e5faed-fa03-4106-bf1c-dfd38d06aee2202605010137331777621060300770760.sst" input_files: "sstable1/305ab122-2a52-4afe-9c9a-47c2657383fd202605010137331777621060345062850.sst" compactIntoNextLevel: true destinationLevel: 2
3029038:COMPACT_ABORT input_files: "sstable1/f5e5faed-fa03-4106-bf1c-dfd38d06aee2202605010137331777621060300770760.sst" input_files: "sstable1/305ab122-2a52-4afe-9c9a-47c2657383fd202605010137331777621060345062850.sst" compactIntoNextLevel: true destinationLevel: 2
3029038:COMPACT_START sstable=1 input_files: "sstable1/8b6d3442-296e-4641-8dee-bf3361889571202605010137331777621067201784125.sst" input_files: "sstable1/f5e5faed-fa03-4106-bf1c-dfd38d06aee2202605010137331777621070414722198.sst" compactIntoNextLevel: true destinationLevel: 2
3029038:COMPACT_ABORT input_files: "sstable1/8b6d3442-296e-4641-8dee-bf3361889571202605010137331777621067201784125.sst" input_files: "sstable1/f5e5faed-fa03-4106-bf1c-dfd38d06aee2202605010137331777621070414722198.sst" compactIntoNextLevel: true destinationLevel: 2
3029038:COMPACT_START sstable=1 input_files: "sstable1/3e54c6e3-f034-41d2-8504-c176d41dc32d202605010137331777621067328278970.sst" input_files: "sstable1/3e54c6e3-f034-41d2-8504-c176d41dc32d202605010137331777621085681214304.sst" compactIntoNextLevel: true destinationLevel: 2
3029038:COMPACT_ABORT input_files: "sstable1/3e54c6e3-f034-41d2-8504-c176d41dc32d202605010137331777621067328278970.sst" input_files: "sstable1/3e54c6e3-f034-41d2-8504-c176d41dc32d202605010137331777621085681214304.sst" compactIntoNextLevel: true destinationLevel: 2
3029038:COMPACT_START sstable=1 input_files: "sstable1/305ab122-2a52-4afe-9c9a-47c2657383fd202605010137331777621070452919663.sst" input_files: "sstable1/305ab122-2a52-4afe-9c9a-47c2657383fd202605010137331777621073495897111.sst" compactIntoNextLevel: true destinationLevel: 2
3029038:COMPACT_ABORT input_files: "sstable1/305ab122-2a52-4afe-9c9a-47c2657383fd202605010137331777621070452919663.sst" input_files: "sstable1/305ab122-2a52-4afe-9c9a-47c2657383fd202605010137331777621073495897111.sst" compactIntoNextLevel: true destinationLevel: 2
3029038:COMPACT_START sstable=1 input_files: "sstable1/305ab122-2a52-4afe-9c9a-47c2657383fd202605010137331777621070554764389.sst" input_files: "sstable1/3e54c6e3-f034-41d2-8504-c176d41dc32d202605010137331777621070489009226.sst" compactIntoNextLevel: true destinationLevel: 2
2026-05-01 07:38:05:826 - Compaction started: 
140677333534272:Compacting sstable1/305ab122-2a52-4afe-9c9a-47c2657383fd202605010137331777621070554764389.sst sstable1/3e54c6e3-f034-41d2-8504-c176d41dc32d202605010137331777621070489009226.sst into:sstable2/f5e5faed-fa03-4106-bf1c-dfd38d06aee2202605010137331777621085844653755.sst
2026-05-01 07:38:05:871 - Compaction completed: 
3029038:Task input_files: "sstable1/305ab122-2a52-4afe-9c9a-47c2657383fd202605010137331777621067508419619.sst" input_files: "sstable1/305ab122-2a52-4afe-9c9a-47c2657383fd202605010137331777621064511546316.sst" compactIntoNextLevel: true destinationLevel: 2 is dead (hb=30)
3029038:Found dead task input_files: "sstable1/305ab122-2a52-4afe-9c9a-47c2657383fd202605010137331777621067508419619.sst" input_files: "sstable1/305ab122-2a52-4afe-9c9a-47c2657383fd202605010137331777621064511546316.sst" compactIntoNextLevel: true destinationLevel: 2
3029038:COMPACT_START sstable=1 input_files: "sstable1/305ab122-2a52-4afe-9c9a-47c2657383fd202605010137331777621067508419619.sst" input_files: "sstable1/305ab122-2a52-4afe-9c9a-47c2657383fd202605010137331777621064511546316.sst" compactIntoNextLevel: true destinationLevel: 2
3029038:COMPACT_ABORT input_files: "sstable1/305ab122-2a52-4afe-9c9a-47c2657383fd202605010137331777621067508419619.sst" input_files: "sstable1/305ab122-2a52-4afe-9c9a-47c2657383fd202605010137331777621064511546316.sst" compactIntoNextLevel: true destinationLevel: 2
3029038:COMPACT_START sstable=1 input_files: "sstable1/8b6d3442-296e-4641-8dee-bf3361889571202605010137331777621067920519044.sst" input_files: "sstable1/3e54c6e3-f034-41d2-8504-c176d41dc32d202605010137331777621067938979610.sst" compactIntoNextLevel: true destinationLevel: 2
2026-05-01 07:38:06:331 - Compaction started: 
140677333534272:Compacting sstable1/8b6d3442-296e-4641-8dee-bf3361889571202605010137331777621067920519044.sst sstable1/3e54c6e3-f034-41d2-8504-c176d41dc32d202605010137331777621067938979610.sst into:sstable2/f5e5faed-fa03-4106-bf1c-dfd38d06aee2202605010137331777621086348677480.sst
2026-05-01 07:38:06:373 - Compaction completed: 
3029038:COMPACT_START sstable=1 input_files: "sstable1/f5e5faed-fa03-4106-bf1c-dfd38d06aee2202605010137331777621071224927797.sst" input_files: "sstable1/f5e5faed-fa03-4106-bf1c-dfd38d06aee2202605010137331777621068181853487.sst" compactIntoNextLevel: true destinationLevel: 2
3029038:COMPACT_ABORT input_files: "sstable1/f5e5faed-fa03-4106-bf1c-dfd38d06aee2202605010137331777621071224927797.sst" input_files: "sstable1/f5e5faed-fa03-4106-bf1c-dfd38d06aee2202605010137331777621068181853487.sst" compactIntoNextLevel: true destinationLevel: 2
3029038:Task input_files: "sstable1/8b6d3442-296e-4641-8dee-bf3361889571202605010137331777621072887182123.sst" input_files: "sstable1/8b6d3442-296e-4641-8dee-bf3361889571202605010137331777621066792439904.sst" compactIntoNextLevel: true destinationLevel: 2 is dead (hb=30)
3029038:Found dead task input_files: "sstable1/8b6d3442-296e-4641-8dee-bf3361889571202605010137331777621072887182123.sst" input_files: "sstable1/8b6d3442-296e-4641-8dee-bf3361889571202605010137331777621066792439904.sst" compactIntoNextLevel: true destinationLevel: 2
3029038:COMPACT_START sstable=1 input_files: "sstable1/8b6d3442-296e-4641-8dee-bf3361889571202605010137331777621072887182123.sst" input_files: "sstable1/8b6d3442-296e-4641-8dee-bf3361889571202605010137331777621066792439904.sst" compactIntoNextLevel: true destinationLevel: 2
3029038:COMPACT_ABORT input_files: "sstable1/8b6d3442-296e-4641-8dee-bf3361889571202605010137331777621072887182123.sst" input_files: "sstable1/8b6d3442-296e-4641-8dee-bf3361889571202605010137331777621066792439904.sst" compactIntoNextLevel: true destinationLevel: 2
3029038:Task input_files: "sstable1/3e54c6e3-f034-41d2-8504-c176d41dc32d202605010137331777621067328278970.sst" input_files: "sstable1/3e54c6e3-f034-41d2-8504-c176d41dc32d202605010137331777621085681214304.sst" compactIntoNextLevel: true destinationLevel: 2 is dead (hb=30)
3029038:Found dead task input_files: "sstable1/3e54c6e3-f034-41d2-8504-c176d41dc32d202605010137331777621067328278970.sst" input_files: "sstable1/3e54c6e3-f034-41d2-8504-c176d41dc32d202605010137331777621085681214304.sst" compactIntoNextLevel: true destinationLevel: 2
3029038:COMPACT_START sstable=1 input_files: "sstable1/3e54c6e3-f034-41d2-8504-c176d41dc32d202605010137331777621067328278970.sst" input_files: "sstable1/3e54c6e3-f034-41d2-8504-c176d41dc32d202605010137331777621085681214304.sst" compactIntoNextLevel: true destinationLevel: 2
2026-05-01 07:38:08:852 - Compaction started: 
140677333534272:Compacting sstable1/3e54c6e3-f034-41d2-8504-c176d41dc32d202605010137331777621067328278970.sst sstable1/3e54c6e3-f034-41d2-8504-c176d41dc32d202605010137331777621085681214304.sst into:sstable2/f5e5faed-fa03-4106-bf1c-dfd38d06aee2202605010137331777621088869542863.sst
2026-05-01 07:38:08:894 - Compaction completed: 
3029038:Task input_files: "sstable1/f5e5faed-fa03-4106-bf1c-dfd38d06aee2202605010137331777621071224927797.sst" input_files: "sstable1/f5e5faed-fa03-4106-bf1c-dfd38d06aee2202605010137331777621068181853487.sst" compactIntoNextLevel: true destinationLevel: 2 is dead (hb=30)
3029038:Found dead task input_files: "sstable1/f5e5faed-fa03-4106-bf1c-dfd38d06aee2202605010137331777621071224927797.sst" input_files: "sstable1/f5e5faed-fa03-4106-bf1c-dfd38d06aee2202605010137331777621068181853487.sst" compactIntoNextLevel: true destinationLevel: 2
3029038:COMPACT_START sstable=1 input_files: "sstable1/f5e5faed-fa03-4106-bf1c-dfd38d06aee2202605010137331777621071224927797.sst" input_files: "sstable1/f5e5faed-fa03-4106-bf1c-dfd38d06aee2202605010137331777621068181853487.sst" compactIntoNextLevel: true destinationLevel: 2
3029038:COMPACT_ABORT input_files: "sstable1/f5e5faed-fa03-4106-bf1c-dfd38d06aee2202605010137331777621071224927797.sst" input_files: "sstable1/f5e5faed-fa03-4106-bf1c-dfd38d06aee2202605010137331777621068181853487.sst" compactIntoNextLevel: true destinationLevel: 2
3029038:COMPACT_START sstable=1 input_files: "sstable2/8b6d3442-296e-4641-8dee-bf3361889571202605010137331777621090150300080.sst" input_files: "sstable2/3e54c6e3-f034-41d2-8504-c176d41dc32d202605010137331777621072032372290.sst" compactIntoNextLevel: false destinationLevel: 2
2026-05-01 07:38:10:265 - Compaction started: 
140677333534272:Compacting sstable2/8b6d3442-296e-4641-8dee-bf3361889571202605010137331777621090150300080.sst sstable2/3e54c6e3-f034-41d2-8504-c176d41dc32d202605010137331777621072032372290.sst into:sstable2/0_f5e5faed-fa03-4106-bf1c-dfd38d06aee2202605010137331777621090314042900.sst
2026-05-01 07:38:10:384 - Compaction completed: 
3029038:COMPACT_START sstable=1 input_files: "sstable2/f5e5faed-fa03-4106-bf1c-dfd38d06aee2202605010137331777621069218206168.sst" input_files: "sstable2/305ab122-2a52-4afe-9c9a-47c2657383fd202605010137331777621072304650028.sst" compactIntoNextLevel: false destinationLevel: 2
2026-05-01 07:38:10:469 - Compaction started: 
140677333534272:Compacting sstable2/f5e5faed-fa03-4106-bf1c-dfd38d06aee2202605010137331777621069218206168.sst sstable2/305ab122-2a52-4afe-9c9a-47c2657383fd202605010137331777621072304650028.sst into:sstable2/0_f5e5faed-fa03-4106-bf1c-dfd38d06aee2202605010137331777621090519739796.sst
2026-05-01 07:38:10:596 - Compaction completed: 
3029038:Task input_files: "sstable1/8b6d3442-296e-4641-8dee-bf3361889571202605010137331777621072887182123.sst" input_files: "sstable1/8b6d3442-296e-4641-8dee-bf3361889571202605010137331777621066792439904.sst" compactIntoNextLevel: true destinationLevel: 2 is dead (hb=30)
3029038:Task input_files: "sstable1/3e54c6e3-f034-41d2-8504-c176d41dc32d202605010137331777621066141982998.sst" input_files: "sstable1/305ab122-2a52-4afe-9c9a-47c2657383fd202605010137331777621066243177916.sst" compactIntoNextLevel: true destinationLevel: 2 is dead (hb=30)
3029038:Found dead task input_files: "sstable1/3e54c6e3-f034-41d2-8504-c176d41dc32d202605010137331777621066141982998.sst" input_files: "sstable1/305ab122-2a52-4afe-9c9a-47c2657383fd202605010137331777621066243177916.sst" compactIntoNextLevel: true destinationLevel: 2
3029038:COMPACT_START sstable=1 input_files: "sstable1/3e54c6e3-f034-41d2-8504-c176d41dc32d202605010137331777621066141982998.sst" input_files: "sstable1/305ab122-2a52-4afe-9c9a-47c2657383fd202605010137331777621066243177916.sst" compactIntoNextLevel: true destinationLevel: 2
2026-05-01 07:38:10:672 - Compaction started: 
140677333534272:Compacting sstable1/3e54c6e3-f034-41d2-8504-c176d41dc32d202605010137331777621066141982998.sst sstable1/305ab122-2a52-4afe-9c9a-47c2657383fd202605010137331777621066243177916.sst into:sstable2/f5e5faed-fa03-4106-bf1c-dfd38d06aee2202605010137331777621090688801075.sst
2026-05-01 07:38:10:715 - Compaction completed: 
3029038:Task input_files: "sstable1/8b6d3442-296e-4641-8dee-bf3361889571202605010137331777621066998803019.sst" input_files: "sstable1/3e54c6e3-f034-41d2-8504-c176d41dc32d202605010137331777621066998690148.sst" compactIntoNextLevel: true destinationLevel: 2 is dead (hb=30)
3029038:COMPACT_START sstable=1 input_files: "sstable2/8b6d3442-296e-4641-8dee-bf3361889571202605010137331777621069464151393.sst" input_files: "sstable2/f5e5faed-fa03-4106-bf1c-dfd38d06aee2202605010137331777621072558642959.sst" compactIntoNextLevel: false destinationLevel: 2
2026-05-01 07:38:10:778 - Compaction started: 
140677333534272:Compacting sstable2/8b6d3442-296e-4641-8dee-bf3361889571202605010137331777621069464151393.sst sstable2/f5e5faed-fa03-4106-bf1c-dfd38d06aee2202605010137331777621072558642959.sst into:sstable2/0_f5e5faed-fa03-4106-bf1c-dfd38d06aee2202605010137331777621090826047425.sst
2026-05-01 07:38:10:901 - Compaction completed: 
3029038:COMPACT_START sstable=1 input_files: "sstable2/305ab122-2a52-4afe-9c9a-47c2657383fd202605010137331777621069662568783.sst" input_files: "sstable2/8b6d3442-296e-4641-8dee-bf3361889571202605010137331777621072806074620.sst" compactIntoNextLevel: false destinationLevel: 2
3029038:COMPACT_ABORT input_files: "sstable2/305ab122-2a52-4afe-9c9a-47c2657383fd202605010137331777621069662568783.sst" input_files: "sstable2/8b6d3442-296e-4641-8dee-bf3361889571202605010137331777621072806074620.sst" compactIntoNextLevel: false destinationLevel: 2
3029038:Task input_files: "sstable1/8b6d3442-296e-4641-8dee-bf3361889571202605010137331777621055336889804.sst" input_files: "sstable1/f5e5faed-fa03-4106-bf1c-dfd38d06aee2202605010137331777621055316796317.sst" compactIntoNextLevel: true destinationLevel: 2 is dead (hb=30)
3029038:Found dead task input_files: "sstable1/8b6d3442-296e-4641-8dee-bf3361889571202605010137331777621055336889804.sst" input_files: "sstable1/f5e5faed-fa03-4106-bf1c-dfd38d06aee2202605010137331777621055316796317.sst" compactIntoNextLevel: true destinationLevel: 2
3029038:COMPACT_START sstable=1 input_files: "sstable1/8b6d3442-296e-4641-8dee-bf3361889571202605010137331777621055336889804.sst" input_files: "sstable1/f5e5faed-fa03-4106-bf1c-dfd38d06aee2202605010137331777621055316796317.sst" compactIntoNextLevel: true destinationLevel: 2
2026-05-01 07:38:11:093 - Compaction started: 
140677333534272:Compacting sstable1/8b6d3442-296e-4641-8dee-bf3361889571202605010137331777621055336889804.sst sstable1/f5e5faed-fa03-4106-bf1c-dfd38d06aee2202605010137331777621055316796317.sst into:sstable2/f5e5faed-fa03-4106-bf1c-dfd38d06aee2202605010137331777621091121239568.sst
2026-05-01 07:38:11:160 - Compaction completed: 
3029038:Task input_files: "sstable1/8b6d3442-296e-4641-8dee-bf3361889571202605010137331777621058333798805.sst" input_files: "sstable1/f5e5faed-fa03-4106-bf1c-dfd38d06aee2202605010137331777621064588884743.sst" compactIntoNextLevel: true destinationLevel: 2 is dead (hb=30)
3029038:Found dead task input_files: "sstable1/8b6d3442-296e-4641-8dee-bf3361889571202605010137331777621058333798805.sst" input_files: "sstable1/f5e5faed-fa03-4106-bf1c-dfd38d06aee2202605010137331777621064588884743.sst" compactIntoNextLevel: true destinationLevel: 2
3029038:COMPACT_START sstable=1 input_files: "sstable1/8b6d3442-296e-4641-8dee-bf3361889571202605010137331777621058333798805.sst" input_files: "sstable1/f5e5faed-fa03-4106-bf1c-dfd38d06aee2202605010137331777621064588884743.sst" compactIntoNextLevel: true destinationLevel: 2
3029038:COMPACT_ABORT input_files: "sstable1/8b6d3442-296e-4641-8dee-bf3361889571202605010137331777621058333798805.sst" input_files: "sstable1/f5e5faed-fa03-4106-bf1c-dfd38d06aee2202605010137331777621064588884743.sst" compactIntoNextLevel: true destinationLevel: 2
3029038:COMPACT_START sstable=1 input_files: "sstable2/8b6d3442-296e-4641-8dee-bf3361889571202605010137331777621069870517581.sst" input_files: "sstable2/f5e5faed-fa03-4106-bf1c-dfd38d06aee2202605010137331777621069928483152.sst" compactIntoNextLevel: false destinationLevel: 2
2026-05-01 07:38:11:312 - Compaction started: 
140677333534272:Compacting sstable2/8b6d3442-296e-4641-8dee-bf3361889571202605010137331777621069870517581.sst sstable2/f5e5faed-fa03-4106-bf1c-dfd38d06aee2202605010137331777621069928483152.sst into:sstable2/0_f5e5faed-fa03-4106-bf1c-dfd38d06aee2202605010137331777621091366359666.sst
2026-05-01 07:38:11:449 - Compaction completed: 
3029038:COMPACT_START sstable=1 input_files: "sstable2/8b6d3442-296e-4641-8dee-bf3361889571202605010137331777621080321402426.sst" input_files: "sstable2/3e54c6e3-f034-41d2-8504-c176d41dc32d202605010137331777621074152491192.sst" compactIntoNextLevel: false destinationLevel: 2
2026-05-01 07:38:11:527 - Compaction started: 
140677333534272:Compacting sstable2/8b6d3442-296e-4641-8dee-bf3361889571202605010137331777621080321402426.sst sstable2/3e54c6e3-f034-41d2-8504-c176d41dc32d202605010137331777621074152491192.sst into:sstable2/0_f5e5faed-fa03-4106-bf1c-dfd38d06aee2202605010137331777621091573920286.sst
2026-05-01 07:38:11:650 - Compaction completed: 
3029038:COMPACT_START sstable=1 input_files: "sstable2/305ab122-2a52-4afe-9c9a-47c2657383fd202605010137331777621078194309050.sst" input_files: "sstable2/3e54c6e3-f034-41d2-8504-c176d41dc32d202605010137331777621078208681603.sst" compactIntoNextLevel: false destinationLevel: 2
3029038:COMPACT_ABORT input_files: "sstable2/305ab122-2a52-4afe-9c9a-47c2657383fd202605010137331777621078194309050.sst" input_files: "sstable2/3e54c6e3-f034-41d2-8504-c176d41dc32d202605010137331777621078208681603.sst" compactIntoNextLevel: false destinationLevel: 2
3029038:COMPACT_START sstable=1 input_files: "sstable2/f5e5faed-fa03-4106-bf1c-dfd38d06aee2202605010137331777621078230090756.sst" input_files: "sstable2/8b6d3442-296e-4641-8dee-bf3361889571202605010137331777621078286693072.sst" compactIntoNextLevel: false destinationLevel: 2
3029038:COMPACT_ABORT input_files: "sstable2/f5e5faed-fa03-4106-bf1c-dfd38d06aee2202605010137331777621078230090756.sst" input_files: "sstable2/8b6d3442-296e-4641-8dee-bf3361889571202605010137331777621078286693072.sst" compactIntoNextLevel: false destinationLevel: 2
3029038:COMPACT_START sstable=1 input_files: "sstable2/8b6d3442-296e-4641-8dee-bf3361889571202605010137331777621081441323542.sst" input_files: "sstable2/305ab122-2a52-4afe-9c9a-47c2657383fd202605010137331777621081444319108.sst" compactIntoNextLevel: false destinationLevel: 2
3029038:COMPACT_ABORT input_files: "sstable2/8b6d3442-296e-4641-8dee-bf3361889571202605010137331777621081441323542.sst" input_files: "sstable2/305ab122-2a52-4afe-9c9a-47c2657383fd202605010137331777621081444319108.sst" compactIntoNextLevel: false destinationLevel: 2
3029038:COMPACT_START sstable=1 input_files: "sstable2/f5e5faed-fa03-4106-bf1c-dfd38d06aee2202605010137331777621078530764054.sst" input_files: "sstable2/8b6d3442-296e-4641-8dee-bf3361889571202605010137331777621078592919770.sst" compactIntoNextLevel: false destinationLevel: 2
2026-05-01 07:38:12:014 - Compaction started: 
140677333534272:Compacting sstable2/f5e5faed-fa03-4106-bf1c-dfd38d06aee2202605010137331777621078530764054.sst sstable2/8b6d3442-296e-4641-8dee-bf3361889571202605010137331777621078592919770.sst into:sstable2/0_f5e5faed-fa03-4106-bf1c-dfd38d06aee2202605010137331777621092061133247.sst
2026-05-01 07:38:12:131 - Compaction completed: 
3029038:COMPACT_START sstable=1 input_files: "sstable2/3e54c6e3-f034-41d2-8504-c176d41dc32d202605010137331777621078713680586.sst" input_files: "sstable2/f5e5faed-fa03-4106-bf1c-dfd38d06aee2202605010137331777621078735086383.sst" compactIntoNextLevel: false destinationLevel: 2
2026-05-01 07:38:12:242 - Compaction started: 
140677333534272:Compacting sstable2/3e54c6e3-f034-41d2-8504-c176d41dc32d202605010137331777621078713680586.sst sstable2/f5e5faed-fa03-4106-bf1c-dfd38d06aee2202605010137331777621078735086383.sst into:sstable2/0_f5e5faed-fa03-4106-bf1c-dfd38d06aee2202605010137331777621092285938123.sst
2026-05-01 07:38:12:355 - Compaction completed: 
3029038:Task input_files: "sstable1/f5e5faed-fa03-4106-bf1c-dfd38d06aee2202605010137331777621071224927797.sst" input_files: "sstable1/f5e5faed-fa03-4106-bf1c-dfd38d06aee2202605010137331777621068181853487.sst" compactIntoNextLevel: true destinationLevel: 2 is dead (hb=30)
3029038:Found dead task input_files: "sstable1/f5e5faed-fa03-4106-bf1c-dfd38d06aee2202605010137331777621071224927797.sst" input_files: "sstable1/f5e5faed-fa03-4106-bf1c-dfd38d06aee2202605010137331777621068181853487.sst" compactIntoNextLevel: true destinationLevel: 2
3029038:COMPACT_START sstable=1 input_files: "sstable1/f5e5faed-fa03-4106-bf1c-dfd38d06aee2202605010137331777621071224927797.sst" input_files: "sstable1/f5e5faed-fa03-4106-bf1c-dfd38d06aee2202605010137331777621068181853487.sst" compactIntoNextLevel: true destinationLevel: 2
2026-05-01 07:38:12:573 - Compaction started: 
140677333534272:Compacting sstable1/f5e5faed-fa03-4106-bf1c-dfd38d06aee2202605010137331777621071224927797.sst sstable1/f5e5faed-fa03-4106-bf1c-dfd38d06aee2202605010137331777621068181853487.sst into:sstable2/f5e5faed-fa03-4106-bf1c-dfd38d06aee2202605010137331777621092591958003.sst
2026-05-01 07:38:12:619 - Compaction completed: 
3029038:Task input_files: "sstable2/305ab122-2a52-4afe-9c9a-47c2657383fd202605010137331777621069662568783.sst" input_files: "sstable2/8b6d3442-296e-4641-8dee-bf3361889571202605010137331777621072806074620.sst" compactIntoNextLevel: false destinationLevel: 2 is dead (hb=30)
3029038:Found dead task input_files: "sstable2/305ab122-2a52-4afe-9c9a-47c2657383fd202605010137331777621069662568783.sst" input_files: "sstable2/8b6d3442-296e-4641-8dee-bf3361889571202605010137331777621072806074620.sst" compactIntoNextLevel: false destinationLevel: 2
3029038:COMPACT_START sstable=1 input_files: "sstable2/305ab122-2a52-4afe-9c9a-47c2657383fd202605010137331777621069662568783.sst" input_files: "sstable2/8b6d3442-296e-4641-8dee-bf3361889571202605010137331777621072806074620.sst" compactIntoNextLevel: false destinationLevel: 2
2026-05-01 07:38:14:096 - Compaction started: 
140677333534272:Compacting sstable2/305ab122-2a52-4afe-9c9a-47c2657383fd202605010137331777621069662568783.sst sstable2/8b6d3442-296e-4641-8dee-bf3361889571202605010137331777621072806074620.sst into:sstable2/f5e5faed-fa03-4106-bf1c-dfd38d06aee2202605010137331777621094147401462.sst
2026-05-01 07:38:14:221 - Compaction completed: 
3029038:Task input_files: "sstable1/8b6d3442-296e-4641-8dee-bf3361889571202605010137331777621058333798805.sst" input_files: "sstable1/f5e5faed-fa03-4106-bf1c-dfd38d06aee2202605010137331777621064588884743.sst" compactIntoNextLevel: true destinationLevel: 2 is dead (hb=30)
3029038:Found dead task input_files: "sstable1/8b6d3442-296e-4641-8dee-bf3361889571202605010137331777621058333798805.sst" input_files: "sstable1/f5e5faed-fa03-4106-bf1c-dfd38d06aee2202605010137331777621064588884743.sst" compactIntoNextLevel: true destinationLevel: 2
3029038:COMPACT_START sstable=1 input_files: "sstable1/8b6d3442-296e-4641-8dee-bf3361889571202605010137331777621058333798805.sst" input_files: "sstable1/f5e5faed-fa03-4106-bf1c-dfd38d06aee2202605010137331777621064588884743.sst" compactIntoNextLevel: true destinationLevel: 2
2026-05-01 07:38:14:298 - Compaction started: 
140677333534272:Compacting sstable1/8b6d3442-296e-4641-8dee-bf3361889571202605010137331777621058333798805.sst sstable1/f5e5faed-fa03-4106-bf1c-dfd38d06aee2202605010137331777621064588884743.sst into:sstable2/f5e5faed-fa03-4106-bf1c-dfd38d06aee2202605010137331777621094318888108.sst
2026-05-01 07:38:14:350 - Compaction completed: 
3029038:COMPACT_START sstable=1 input_files: "sstable2/3e54c6e3-f034-41d2-8504-c176d41dc32d202605010137331777621078918210224.sst" input_files: "sstable2/f5e5faed-fa03-4106-bf1c-dfd38d06aee2202605010137331777621094318888108.sst" compactIntoNextLevel: false destinationLevel: 2
3029038:COMPACT_ABORT input_files: "sstable2/3e54c6e3-f034-41d2-8504-c176d41dc32d202605010137331777621078918210224.sst" input_files: "sstable2/f5e5faed-fa03-4106-bf1c-dfd38d06aee2202605010137331777621094318888108.sst" compactIntoNextLevel: false destinationLevel: 2
3029038:Task input_files: "sstable2/305ab122-2a52-4afe-9c9a-47c2657383fd202605010137331777621073111896139.sst" input_files: "sstable2/f5e5faed-fa03-4106-bf1c-dfd38d06aee2202605010137331777621070027002946.sst" compactIntoNextLevel: false destinationLevel: 2 is dead (hb=30)
3029038:Found dead task input_files: "sstable2/305ab122-2a52-4afe-9c9a-47c2657383fd202605010137331777621073111896139.sst" input_files: "sstable2/f5e5faed-fa03-4106-bf1c-dfd38d06aee2202605010137331777621070027002946.sst" compactIntoNextLevel: false destinationLevel: 2
3029038:COMPACT_START sstable=1 input_files: "sstable2/305ab122-2a52-4afe-9c9a-47c2657383fd202605010137331777621073111896139.sst" input_files: "sstable2/f5e5faed-fa03-4106-bf1c-dfd38d06aee2202605010137331777621070027002946.sst" compactIntoNextLevel: false destinationLevel: 2
2026-05-01 07:38:14:546 - Compaction started: 
140677333534272:Compacting sstable2/305ab122-2a52-4afe-9c9a-47c2657383fd202605010137331777621073111896139.sst sstable2/f5e5faed-fa03-4106-bf1c-dfd38d06aee2202605010137331777621070027002946.sst into:sstable2/f5e5faed-fa03-4106-bf1c-dfd38d06aee2202605010137331777621094595728999.sst
2026-05-01 07:38:14:669 - Compaction completed: 
3029038:Task input_files: "sstable2/305ab122-2a52-4afe-9c9a-47c2657383fd202605010137331777621078194309050.sst" input_files: "sstable2/3e54c6e3-f034-41d2-8504-c176d41dc32d202605010137331777621078208681603.sst" compactIntoNextLevel: false destinationLevel: 2 is dead (hb=30)
3029038:Found dead task input_files: "sstable2/305ab122-2a52-4afe-9c9a-47c2657383fd202605010137331777621078194309050.sst" input_files: "sstable2/3e54c6e3-f034-41d2-8504-c176d41dc32d202605010137331777621078208681603.sst" compactIntoNextLevel: false destinationLevel: 2
3029038:COMPACT_START sstable=1 input_files: "sstable2/305ab122-2a52-4afe-9c9a-47c2657383fd202605010137331777621078194309050.sst" input_files: "sstable2/3e54c6e3-f034-41d2-8504-c176d41dc32d202605010137331777621078208681603.sst" compactIntoNextLevel: false destinationLevel: 2
2026-05-01 07:38:14:748 - Compaction started: 
140677333534272:Compacting sstable2/305ab122-2a52-4afe-9c9a-47c2657383fd202605010137331777621078194309050.sst sstable2/3e54c6e3-f034-41d2-8504-c176d41dc32d202605010137331777621078208681603.sst into:sstable2/f5e5faed-fa03-4106-bf1c-dfd38d06aee2202605010137331777621094795462036.sst
2026-05-01 07:38:14:868 - Compaction completed: 
3029038:Task input_files: "sstable2/f5e5faed-fa03-4106-bf1c-dfd38d06aee2202605010137331777621078230090756.sst" input_files: "sstable2/8b6d3442-296e-4641-8dee-bf3361889571202605010137331777621078286693072.sst" compactIntoNextLevel: false destinationLevel: 2 is dead (hb=31)
3029038:Found dead task input_files: "sstable2/f5e5faed-fa03-4106-bf1c-dfd38d06aee2202605010137331777621078230090756.sst" input_files: "sstable2/8b6d3442-296e-4641-8dee-bf3361889571202605010137331777621078286693072.sst" compactIntoNextLevel: false destinationLevel: 2
3029038:COMPACT_START sstable=1 input_files: "sstable2/f5e5faed-fa03-4106-bf1c-dfd38d06aee2202605010137331777621078230090756.sst" input_files: "sstable2/8b6d3442-296e-4641-8dee-bf3361889571202605010137331777621078286693072.sst" compactIntoNextLevel: false destinationLevel: 2
3029038:COMPACT_ABORT input_files: "sstable2/f5e5faed-fa03-4106-bf1c-dfd38d06aee2202605010137331777621078230090756.sst" input_files: "sstable2/8b6d3442-296e-4641-8dee-bf3361889571202605010137331777621078286693072.sst" compactIntoNextLevel: false destinationLevel: 2
3029038:Task input_files: "sstable2/8b6d3442-296e-4641-8dee-bf3361889571202605010137331777621081441323542.sst" input_files: "sstable2/305ab122-2a52-4afe-9c9a-47c2657383fd202605010137331777621081444319108.sst" compactIntoNextLevel: false destinationLevel: 2 is dead (hb=30)
3029038:COMPACT_START sstable=1 input_files: "sstable2/3e54c6e3-f034-41d2-8504-c176d41dc32d202605010137331777621085392771343.sst" input_files: "sstable2/f5e5faed-fa03-4106-bf1c-dfd38d06aee2202605010137331777621082288998470.sst" compactIntoNextLevel: false destinationLevel: 2
2026-05-01 07:38:14:998 - Compaction started: 
140677333534272:Compacting sstable2/3e54c6e3-f034-41d2-8504-c176d41dc32d202605010137331777621085392771343.sst sstable2/f5e5faed-fa03-4106-bf1c-dfd38d06aee2202605010137331777621082288998470.sst into:sstable2/0_f5e5faed-fa03-4106-bf1c-dfd38d06aee2202605010137331777621095037720750.sst
2026-05-01 07:38:15:099 - Compaction completed: 
3029038:COMPACT_START sstable=1 input_files: "sstable2/8b6d3442-296e-4641-8dee-bf3361889571202605010137331777621079305598636.sst" input_files: "sstable2/305ab122-2a52-4afe-9c9a-47c2657383fd202605010137331777621079308194422.sst" compactIntoNextLevel: false destinationLevel: 2
3029038:COMPACT_ABORT input_files: "sstable2/8b6d3442-296e-4641-8dee-bf3361889571202605010137331777621079305598636.sst" input_files: "sstable2/305ab122-2a52-4afe-9c9a-47c2657383fd202605010137331777621079308194422.sst" compactIntoNextLevel: false destinationLevel: 2
3029038:COMPACT_START sstable=1 input_files: "sstable2/305ab122-2a52-4afe-9c9a-47c2657383fd202605010137331777621082557034887.sst" input_files: "sstable2/8b6d3442-296e-4641-8dee-bf3361889571202605010137331777621088530000683.sst" compactIntoNextLevel: false destinationLevel: 2
2026-05-01 07:38:15:204 - Compaction started: 
140677333534272:Compacting sstable2/305ab122-2a52-4afe-9c9a-47c2657383fd202605010137331777621082557034887.sst sstable2/8b6d3442-296e-4641-8dee-bf3361889571202605010137331777621088530000683.sst into:sstable2/0_f5e5faed-fa03-4106-bf1c-dfd38d06aee2202605010137331777621095245578417.sst
2026-05-01 07:38:15:311 - Compaction completed: 
3029038:Task input_files: "sstable2/3e54c6e3-f034-41d2-8504-c176d41dc32d202605010137331777621078813826879.sst" input_files: "sstable2/8b6d3442-296e-4641-8dee-bf3361889571202605010137331777621090957974554.sst" compactIntoNextLevel: false destinationLevel: 2 is dead (hb=30)
3029038:Task input_files: "sstable2/8b6d3442-296e-4641-8dee-bf3361889571202605010137331777621087826018800.sst" input_files: "sstable2/8b6d3442-296e-4641-8dee-bf3361889571202605010137331777621078796950943.sst" compactIntoNextLevel: false destinationLevel: 2 is dead (hb=30)
3029038:Found dead task input_files: "sstable2/8b6d3442-296e-4641-8dee-bf3361889571202605010137331777621087826018800.sst" input_files: "sstable2/8b6d3442-296e-4641-8dee-bf3361889571202605010137331777621078796950943.sst" compactIntoNextLevel: false destinationLevel: 2
3029038:COMPACT_START sstable=1 input_files: "sstable2/8b6d3442-296e-4641-8dee-bf3361889571202605010137331777621087826018800.sst" input_files: "sstable2/8b6d3442-296e-4641-8dee-bf3361889571202605010137331777621078796950943.sst" compactIntoNextLevel: false destinationLevel: 2
2026-05-01 07:38:15:407 - Compaction started: 
140677333534272:Compacting sstable2/8b6d3442-296e-4641-8dee-bf3361889571202605010137331777621087826018800.sst sstable2/8b6d3442-296e-4641-8dee-bf3361889571202605010137331777621078796950943.sst into:sstable2/f5e5faed-fa03-4106-bf1c-dfd38d06aee2202605010137331777621095451763467.sst
2026-05-01 07:38:15:522 - Compaction completed: 
3029038:Task input_files: "sstable1/305ab122-2a52-4afe-9c9a-47c2657383fd202605010137331777621086185915709.sst" input_files: "sstable1/f5e5faed-fa03-4106-bf1c-dfd38d06aee2202605010137331777621071326759049.sst" compactIntoNextLevel: true destinationLevel: 2 is dead (hb=30)
3029038:Found dead task input_files: "sstable1/305ab122-2a52-4afe-9c9a-47c2657383fd202605010137331777621086185915709.sst" input_files: "sstable1/f5e5faed-fa03-4106-bf1c-dfd38d06aee2202605010137331777621071326759049.sst" compactIntoNextLevel: true destinationLevel: 2
3029038:COMPACT_START sstable=1 input_files: "sstable1/305ab122-2a52-4afe-9c9a-47c2657383fd202605010137331777621086185915709.sst" input_files: "sstable1/f5e5faed-fa03-4106-bf1c-dfd38d06aee2202605010137331777621071326759049.sst" compactIntoNextLevel: true destinationLevel: 2
3029038:COMPACT_ABORT input_files: "sstable1/305ab122-2a52-4afe-9c9a-47c2657383fd202605010137331777621086185915709.sst" input_files: "sstable1/f5e5faed-fa03-4106-bf1c-dfd38d06aee2202605010137331777621071326759049.sst" compactIntoNextLevel: true destinationLevel: 2
3029038:Task input_files: "sstable1/8b6d3442-296e-4641-8dee-bf3361889571202605010137331777621072887182123.sst" input_files: "sstable1/8b6d3442-296e-4641-8dee-bf3361889571202605010137331777621066792439904.sst" compactIntoNextLevel: true destinationLevel: 2 is dead (hb=30)
3029038:Found dead task input_files: "sstable1/8b6d3442-296e-4641-8dee-bf3361889571202605010137331777621072887182123.sst" input_files: "sstable1/8b6d3442-296e-4641-8dee-bf3361889571202605010137331777621066792439904.sst" compactIntoNextLevel: true destinationLevel: 2
3029038:COMPACT_START sstable=1 input_files: "sstable1/8b6d3442-296e-4641-8dee-bf3361889571202605010137331777621072887182123.sst" input_files: "sstable1/8b6d3442-296e-4641-8dee-bf3361889571202605010137331777621066792439904.sst" compactIntoNextLevel: true destinationLevel: 2
2026-05-01 07:38:16:931 - Compaction started: 
140677333534272:Compacting sstable1/8b6d3442-296e-4641-8dee-bf3361889571202605010137331777621072887182123.sst sstable1/8b6d3442-296e-4641-8dee-bf3361889571202605010137331777621066792439904.sst into:sstable2/f5e5faed-fa03-4106-bf1c-dfd38d06aee2202605010137331777621096955270357.sst
2026-05-01 07:38:16:984 - Compaction completed: 
3029038:Task input_files: "sstable2/3e54c6e3-f034-41d2-8504-c176d41dc32d202605010137331777621078918210224.sst" input_files: "sstable2/f5e5faed-fa03-4106-bf1c-dfd38d06aee2202605010137331777621094318888108.sst" compactIntoNextLevel: false destinationLevel: 2 is dead (hb=30)
3029038:Found dead task input_files: "sstable2/3e54c6e3-f034-41d2-8504-c176d41dc32d202605010137331777621078918210224.sst" input_files: "sstable2/f5e5faed-fa03-4106-bf1c-dfd38d06aee2202605010137331777621094318888108.sst" compactIntoNextLevel: false destinationLevel: 2
3029038:COMPACT_START sstable=1 input_files: "sstable2/3e54c6e3-f034-41d2-8504-c176d41dc32d202605010137331777621078918210224.sst" input_files: "sstable2/f5e5faed-fa03-4106-bf1c-dfd38d06aee2202605010137331777621094318888108.sst" compactIntoNextLevel: false destinationLevel: 2
2026-05-01 07:38:17:494 - Compaction started: 
140677333534272:Compacting sstable2/3e54c6e3-f034-41d2-8504-c176d41dc32d202605010137331777621078918210224.sst sstable2/f5e5faed-fa03-4106-bf1c-dfd38d06aee2202605010137331777621094318888108.sst into:sstable2/f5e5faed-fa03-4106-bf1c-dfd38d06aee2202605010137331777621097540364585.sst
2026-05-01 07:38:17:608 - Compaction completed: 
3029038:Task input_files: "sstable2/8b6d3442-296e-4641-8dee-bf3361889571202605010137331777621080220516998.sst" input_files: "sstable2/8b6d3442-296e-4641-8dee-bf3361889571202605010137331777621074124154623.sst" compactIntoNextLevel: false destinationLevel: 2 is dead (hb=30)
3029038:Found dead task input_files: "sstable2/8b6d3442-296e-4641-8dee-bf3361889571202605010137331777621080220516998.sst" input_files: "sstable2/8b6d3442-296e-4641-8dee-bf3361889571202605010137331777621074124154623.sst" compactIntoNextLevel: false destinationLevel: 2
3029038:COMPACT_START sstable=1 input_files: "sstable2/8b6d3442-296e-4641-8dee-bf3361889571202605010137331777621080220516998.sst" input_files: "sstable2/8b6d3442-296e-4641-8dee-bf3361889571202605010137331777621074124154623.sst" compactIntoNextLevel: false destinationLevel: 2
3029038:COMPACT_ABORT input_files: "sstable2/8b6d3442-296e-4641-8dee-bf3361889571202605010137331777621080220516998.sst" input_files: "sstable2/8b6d3442-296e-4641-8dee-bf3361889571202605010137331777621074124154623.sst" compactIntoNextLevel: false destinationLevel: 2
3029038:Task input_files: "sstable2/f5e5faed-fa03-4106-bf1c-dfd38d06aee2202605010137331777621078230090756.sst" input_files: "sstable2/8b6d3442-296e-4641-8dee-bf3361889571202605010137331777621078286693072.sst" compactIntoNextLevel: false destinationLevel: 2 is dead (hb=30)
3029038:Task input_files: "sstable2/f5e5faed-fa03-4106-bf1c-dfd38d06aee2202605010137331777621077212554769.sst" input_files: "sstable2/f5e5faed-fa03-4106-bf1c-dfd38d06aee2202605010137331777621074273478864.sst" compactIntoNextLevel: false destinationLevel: 2 is dead (hb=30)
3029038:Task input_files: "sstable2/8b6d3442-296e-4641-8dee-bf3361889571202605010137331777621079101440394.sst" input_files: "sstable2/f5e5faed-fa03-4106-bf1c-dfd38d06aee2202605010137331777621082185981997.sst" compactIntoNextLevel: false destinationLevel: 2 is dead (hb=30)
3029038:Task input_files: "sstable2/8b6d3442-296e-4641-8dee-bf3361889571202605010137331777621078061203974.sst" input_files: "sstable2/8b6d3442-296e-4641-8dee-bf3361889571202605010137331777621078182760672.sst" compactIntoNextLevel: false destinationLevel: 2 is dead (hb=30)
3029038:Found dead task input_files: "sstable2/8b6d3442-296e-4641-8dee-bf3361889571202605010137331777621078061203974.sst" input_files: "sstable2/8b6d3442-296e-4641-8dee-bf3361889571202605010137331777621078182760672.sst" compactIntoNextLevel: false destinationLevel: 2
3029038:COMPACT_START sstable=1 input_files: "sstable2/8b6d3442-296e-4641-8dee-bf3361889571202605010137331777621078061203974.sst" input_files: "sstable2/8b6d3442-296e-4641-8dee-bf3361889571202605010137331777621078182760672.sst" compactIntoNextLevel: false destinationLevel: 2
3029038:COMPACT_ABORT input_files: "sstable2/8b6d3442-296e-4641-8dee-bf3361889571202605010137331777621078061203974.sst" input_files: "sstable2/8b6d3442-296e-4641-8dee-bf3361889571202605010137331777621078182760672.sst" compactIntoNextLevel: false destinationLevel: 2
3029038:Task input_files: "sstable2/f5e5faed-fa03-4106-bf1c-dfd38d06aee2202605010137331777621085339242229.sst" input_files: "sstable2/f5e5faed-fa03-4106-bf1c-dfd38d06aee2202605010137331777621079248641555.sst" compactIntoNextLevel: false destinationLevel: 2 is dead (hb=30)
3029038:Task input_files: "sstable2/8b6d3442-296e-4641-8dee-bf3361889571202605010137331777621079305598636.sst" input_files: "sstable2/305ab122-2a52-4afe-9c9a-47c2657383fd202605010137331777621079308194422.sst" compactIntoNextLevel: false destinationLevel: 2 is dead (hb=30)
3029038:COMPACT_START sstable=1 input_files: "sstable2/8b6d3442-296e-4641-8dee-bf3361889571202605010137331777621097781535971.sst" input_files: "sstable2/f5e5faed-fa03-4106-bf1c-dfd38d06aee2202605010137331777621082596220564.sst" compactIntoNextLevel: false destinationLevel: 2
3029038:COMPACT_ABORT input_files: "sstable2/8b6d3442-296e-4641-8dee-bf3361889571202605010137331777621097781535971.sst" input_files: "sstable2/f5e5faed-fa03-4106-bf1c-dfd38d06aee2202605010137331777621082596220564.sst" compactIntoNextLevel: false destinationLevel: 2
3029038:Found dead task input_files: "sstable2/8b6d3442-296e-4641-8dee-bf3361889571202605010137331777621079305598636.sst" input_files: "sstable2/305ab122-2a52-4afe-9c9a-47c2657383fd202605010137331777621079308194422.sst" compactIntoNextLevel: false destinationLevel: 2
3029038:COMPACT_START sstable=1 input_files: "sstable2/8b6d3442-296e-4641-8dee-bf3361889571202605010137331777621079305598636.sst" input_files: "sstable2/305ab122-2a52-4afe-9c9a-47c2657383fd202605010137331777621079308194422.sst" compactIntoNextLevel: false destinationLevel: 2
3029038:COMPACT_ABORT input_files: "sstable2/8b6d3442-296e-4641-8dee-bf3361889571202605010137331777621079305598636.sst" input_files: "sstable2/305ab122-2a52-4afe-9c9a-47c2657383fd202605010137331777621079308194422.sst" compactIntoNextLevel: false destinationLevel: 2
3029038:Found dead task input_files: "sstable2/f5e5faed-fa03-4106-bf1c-dfd38d06aee2202605010137331777621085339242229.sst" input_files: "sstable2/f5e5faed-fa03-4106-bf1c-dfd38d06aee2202605010137331777621079248641555.sst" compactIntoNextLevel: false destinationLevel: 2
3029038:COMPACT_START sstable=1 input_files: "sstable2/f5e5faed-fa03-4106-bf1c-dfd38d06aee2202605010137331777621085339242229.sst" input_files: "sstable2/f5e5faed-fa03-4106-bf1c-dfd38d06aee2202605010137331777621079248641555.sst" compactIntoNextLevel: false destinationLevel: 2
3029038:COMPACT_ABORT input_files: "sstable2/f5e5faed-fa03-4106-bf1c-dfd38d06aee2202605010137331777621085339242229.sst" input_files: "sstable2/f5e5faed-fa03-4106-bf1c-dfd38d06aee2202605010137331777621079248641555.sst" compactIntoNextLevel: false destinationLevel: 2
3029038:Task input_files: "sstable2/8b6d3442-296e-4641-8dee-bf3361889571202605010137331777621081441323542.sst" input_files: "sstable2/305ab122-2a52-4afe-9c9a-47c2657383fd202605010137331777621081444319108.sst" compactIntoNextLevel: false destinationLevel: 2 is dead (hb=30)
3029038:Found dead task input_files: "sstable2/8b6d3442-296e-4641-8dee-bf3361889571202605010137331777621081441323542.sst" input_files: "sstable2/305ab122-2a52-4afe-9c9a-47c2657383fd202605010137331777621081444319108.sst" compactIntoNextLevel: false destinationLevel: 2
3029038:COMPACT_START sstable=1 input_files: "sstable2/8b6d3442-296e-4641-8dee-bf3361889571202605010137331777621081441323542.sst" input_files: "sstable2/305ab122-2a52-4afe-9c9a-47c2657383fd202605010137331777621081444319108.sst" compactIntoNextLevel: false destinationLevel: 2
2026-05-01 07:38:18:211 - Compaction started: 
140677333534272:Compacting sstable2/8b6d3442-296e-4641-8dee-bf3361889571202605010137331777621081441323542.sst sstable2/305ab122-2a52-4afe-9c9a-47c2657383fd202605010137331777621081444319108.sst into:sstable2/f5e5faed-fa03-4106-bf1c-dfd38d06aee2202605010137331777621098259850912.sst
2026-05-01 07:38:18:334 - Compaction completed: 
3029038:COMPACT_START sstable=1 input_files: "sstable2/305ab122-2a52-4afe-9c9a-47c2657383fd202605010137331777621089641934506.sst" input_files: "sstable2/f5e5faed-fa03-4106-bf1c-dfd38d06aee2202605010137331777621083511570755.sst" compactIntoNextLevel: false destinationLevel: 2
2026-05-01 07:38:18:480 - Compaction started: 
140677333534272:Compacting sstable2/305ab122-2a52-4afe-9c9a-47c2657383fd202605010137331777621089641934506.sst sstable2/f5e5faed-fa03-4106-bf1c-dfd38d06aee2202605010137331777621083511570755.sst into:sstable2/0_f5e5faed-fa03-4106-bf1c-dfd38d06aee2202605010137331777621098522087968.sst
2026-05-01 07:38:18:588 - Compaction completed: 
3029038:Task input_files: "sstable1/305ab122-2a52-4afe-9c9a-47c2657383fd202605010137331777621086185915709.sst" input_files: "sstable1/f5e5faed-fa03-4106-bf1c-dfd38d06aee2202605010137331777621071326759049.sst" compactIntoNextLevel: true destinationLevel: 2 is dead (hb=30)
3029038:COMPACT_START sstable=1 input_files: "sstable2/305ab122-2a52-4afe-9c9a-47c2657383fd202605010137331777621080631499239.sst" input_files: "sstable2/3e54c6e3-f034-41d2-8504-c176d41dc32d202605010137331777621080638668969.sst" compactIntoNextLevel: false destinationLevel: 2
3029038:COMPACT_ABORT input_files: "sstable2/305ab122-2a52-4afe-9c9a-47c2657383fd202605010137331777621080631499239.sst" input_files: "sstable2/3e54c6e3-f034-41d2-8504-c176d41dc32d202605010137331777621080638668969.sst" compactIntoNextLevel: false destinationLevel: 2
3029038:Found dead task input_files: "sstable1/305ab122-2a52-4afe-9c9a-47c2657383fd202605010137331777621086185915709.sst" input_files: "sstable1/f5e5faed-fa03-4106-bf1c-dfd38d06aee2202605010137331777621071326759049.sst" compactIntoNextLevel: true destinationLevel: 2
3029038:COMPACT_START sstable=1 input_files: "sstable1/305ab122-2a52-4afe-9c9a-47c2657383fd202605010137331777621086185915709.sst" input_files: "sstable1/f5e5faed-fa03-4106-bf1c-dfd38d06aee2202605010137331777621071326759049.sst" compactIntoNextLevel: true destinationLevel: 2
3029038:COMPACT_ABORT input_files: "sstable1/305ab122-2a52-4afe-9c9a-47c2657383fd202605010137331777621086185915709.sst" input_files: "sstable1/f5e5faed-fa03-4106-bf1c-dfd38d06aee2202605010137331777621071326759049.sst" compactIntoNextLevel: true destinationLevel: 2
3029038:COMPACT_START sstable=1 input_files: "sstable2/305ab122-2a52-4afe-9c9a-47c2657383fd202605010137331777621080837461773.sst" input_files: "sstable2/f5e5faed-fa03-4106-bf1c-dfd38d06aee2202605010137331777621083916424247.sst" compactIntoNextLevel: false destinationLevel: 2
2026-05-01 07:38:18:928 - Compaction started: 
140677333534272:Compacting sstable2/305ab122-2a52-4afe-9c9a-47c2657383fd202605010137331777621080837461773.sst sstable2/f5e5faed-fa03-4106-bf1c-dfd38d06aee2202605010137331777621083916424247.sst into:sstable2/0_f5e5faed-fa03-4106-bf1c-dfd38d06aee2202605010137331777621098968807511.sst
2026-05-01 07:38:19:032 - Compaction completed: 
3029038:COMPACT_START sstable=1 input_files: "sstable2/305ab122-2a52-4afe-9c9a-47c2657383fd202605010137331777621082857245367.sst" input_files: "sstable2/3e54c6e3-f034-41d2-8504-c176d41dc32d202605010137331777621088938493337.sst" compactIntoNextLevel: false destinationLevel: 2
3029038:COMPACT_ABORT input_files: "sstable2/305ab122-2a52-4afe-9c9a-47c2657383fd202605010137331777621082857245367.sst" input_files: "sstable2/3e54c6e3-f034-41d2-8504-c176d41dc32d202605010137331777621088938493337.sst" compactIntoNextLevel: false destinationLevel: 2
3029038:COMPACT_START sstable=1 input_files: "sstable2/3e54c6e3-f034-41d2-8504-c176d41dc32d202605010137331777621082966068545.sst" input_files: "sstable2/f5e5faed-fa03-4106-bf1c-dfd38d06aee2202605010137331777621083001299709.sst" compactIntoNextLevel: false destinationLevel: 2
3029038:COMPACT_ABORT input_files: "sstable2/3e54c6e3-f034-41d2-8504-c176d41dc32d202605010137331777621082966068545.sst" input_files: "sstable2/f5e5faed-fa03-4106-bf1c-dfd38d06aee2202605010137331777621083001299709.sst" compactIntoNextLevel: false destinationLevel: 2
3029038:COMPACT_START sstable=1 input_files: "sstable2/8b6d3442-296e-4641-8dee-bf3361889571202605010137331777621083167121345.sst" input_files: "sstable2/305ab122-2a52-4afe-9c9a-47c2657383fd202605010137331777621092329634936.sst" compactIntoNextLevel: false destinationLevel: 2
3029038:COMPACT_ABORT input_files: "sstable2/8b6d3442-296e-4641-8dee-bf3361889571202605010137331777621083167121345.sst" input_files: "sstable2/305ab122-2a52-4afe-9c9a-47c2657383fd202605010137331777621092329634936.sst" compactIntoNextLevel: false destinationLevel: 2
3029038:COMPACT_START sstable=1 input_files: "sstable2/305ab122-2a52-4afe-9c9a-47c2657383fd202605010137331777621098548805572.sst" input_files: "sstable2/3e54c6e3-f034-41d2-8504-c176d41dc32d202605010137331777621086405934783.sst" compactIntoNextLevel: false destinationLevel: 2
2026-05-01 07:38:19:729 - Compaction started: 
140677333534272:Compacting sstable2/305ab122-2a52-4afe-9c9a-47c2657383fd202605010137331777621098548805572.sst sstable2/3e54c6e3-f034-41d2-8504-c176d41dc32d202605010137331777621086405934783.sst into:sstable2/0_f5e5faed-fa03-4106-bf1c-dfd38d06aee2202605010137331777621099765552065.sst
2026-05-01 07:38:19:823 - Compaction completed: 
3029038:COMPACT_START sstable=1 input_files: "sstable2/3e54c6e3-f034-41d2-8504-c176d41dc32d202605010137331777621084379351162.sst" input_files: "sstable2/8b6d3442-296e-4641-8dee-bf3361889571202605010137331777621087417235271.sst" compactIntoNextLevel: false destinationLevel: 2
3029038:COMPACT_ABORT input_files: "sstable2/3e54c6e3-f034-41d2-8504-c176d41dc32d202605010137331777621084379351162.sst" input_files: "sstable2/8b6d3442-296e-4641-8dee-bf3361889571202605010137331777621087417235271.sst" compactIntoNextLevel: false destinationLevel: 2
3029038:COMPACT_START sstable=1 input_files: "sstable2/305ab122-2a52-4afe-9c9a-47c2657383fd202605010137331777621087620813255.sst" input_files: "sstable2/f5e5faed-fa03-4106-bf1c-dfd38d06aee2202605010137331777621096955270357.sst" compactIntoNextLevel: false destinationLevel: 2
2026-05-01 07:38:20:123 - Compaction started: 
140677333534272:Compacting sstable2/305ab122-2a52-4afe-9c9a-47c2657383fd202605010137331777621087620813255.sst sstable2/f5e5faed-fa03-4106-bf1c-dfd38d06aee2202605010137331777621096955270357.sst into:sstable2/0_f5e5faed-fa03-4106-bf1c-dfd38d06aee2202605010137331777621100159967439.sst
2026-05-01 07:38:20:215 - Compaction completed: 
3029038:COMPACT_START sstable=1 input_files: "sstable2/8b6d3442-296e-4641-8dee-bf3361889571202605010137331777621088829910870.sst" input_files: "sstable2/f5e5faed-fa03-4106-bf1c-dfd38d06aee2202605010137331777621088869542863.sst" compactIntoNextLevel: false destinationLevel: 2
3029038:COMPACT_ABORT input_files: "sstable2/8b6d3442-296e-4641-8dee-bf3361889571202605010137331777621088829910870.sst" input_files: "sstable2/f5e5faed-fa03-4106-bf1c-dfd38d06aee2202605010137331777621088869542863.sst" compactIntoNextLevel: false destinationLevel: 2
3029038:COMPACT_START sstable=1 input_files: "sstable2/8b6d3442-296e-4641-8dee-bf3361889571202605010137331777621092408376815.sst" input_files: "sstable2/3e54c6e3-f034-41d2-8504-c176d41dc32d202605010137331777621086301930128.sst" compactIntoNextLevel: false destinationLevel: 2
3029038:COMPACT_ABORT input_files: "sstable2/8b6d3442-296e-4641-8dee-bf3361889571202605010137331777621092408376815.sst" input_files: "sstable2/3e54c6e3-f034-41d2-8504-c176d41dc32d202605010137331777621086301930128.sst" compactIntoNextLevel: false destinationLevel: 2
3029038:Task input_files: "sstable2/8b6d3442-296e-4641-8dee-bf3361889571202605010137331777621079101440394.sst" input_files: "sstable2/f5e5faed-fa03-4106-bf1c-dfd38d06aee2202605010137331777621082185981997.sst" compactIntoNextLevel: false destinationLevel: 2 is dead (hb=31)
3029038:Task input_files: "sstable2/8b6d3442-296e-4641-8dee-bf3361889571202605010137331777621097781535971.sst" input_files: "sstable2/f5e5faed-fa03-4106-bf1c-dfd38d06aee2202605010137331777621082596220564.sst" compactIntoNextLevel: false destinationLevel: 2 is dead (hb=30)
3029038:Task input_files: "sstable2/8b6d3442-296e-4641-8dee-bf3361889571202605010137331777621079305598636.sst" input_files: "sstable2/305ab122-2a52-4afe-9c9a-47c2657383fd202605010137331777621079308194422.sst" compactIntoNextLevel: false destinationLevel: 2 is dead (hb=30)
3029038:Task input_files: "sstable2/8b6d3442-296e-4641-8dee-bf3361889571202605010137331777621078061203974.sst" input_files: "sstable2/8b6d3442-296e-4641-8dee-bf3361889571202605010137331777621078182760672.sst" compactIntoNextLevel: false destinationLevel: 2 is dead (hb=31)
3029038:Found dead task input_files: "sstable2/8b6d3442-296e-4641-8dee-bf3361889571202605010137331777621078061203974.sst" input_files: "sstable2/8b6d3442-296e-4641-8dee-bf3361889571202605010137331777621078182760672.sst" compactIntoNextLevel: false destinationLevel: 2
3029038:COMPACT_START sstable=1 input_files: "sstable2/8b6d3442-296e-4641-8dee-bf3361889571202605010137331777621078061203974.sst" input_files: "sstable2/8b6d3442-296e-4641-8dee-bf3361889571202605010137331777621078182760672.sst" compactIntoNextLevel: false destinationLevel: 2
2026-05-01 07:38:21:153 - Compaction started: 
140677333534272:Compacting sstable2/8b6d3442-296e-4641-8dee-bf3361889571202605010137331777621078061203974.sst sstable2/8b6d3442-296e-4641-8dee-bf3361889571202605010137331777621078182760672.sst into:sstable2/f5e5faed-fa03-4106-bf1c-dfd38d06aee2202605010137331777621101200459098.sst
2026-05-01 07:38:21:277 - Compaction completed: 
3029038:Task input_files: "sstable2/f5e5faed-fa03-4106-bf1c-dfd38d06aee2202605010137331777621079547256214.sst" input_files: "sstable2/305ab122-2a52-4afe-9c9a-47c2657383fd202605010137331777621082655463760.sst" compactIntoNextLevel: false destinationLevel: 2 is dead (hb=31)
3029038:Task input_files: "sstable2/3e54c6e3-f034-41d2-8504-c176d41dc32d202605010137331777621082663379008.sst" input_files: "sstable2/f5e5faed-fa03-4106-bf1c-dfd38d06aee2202605010137331777621082492658298.sst" compactIntoNextLevel: false destinationLevel: 2 is dead (hb=31)
3029038:Task input_files: "sstable2/f5e5faed-fa03-4106-bf1c-dfd38d06aee2202605010137331777621085339242229.sst" input_files: "sstable2/f5e5faed-fa03-4106-bf1c-dfd38d06aee2202605010137331777621079248641555.sst" compactIntoNextLevel: false destinationLevel: 2 is dead (hb=31)
3029038:Task input_files: "sstable2/f5e5faed-fa03-4106-bf1c-dfd38d06aee2202605010137331777621078230090756.sst" input_files: "sstable2/8b6d3442-296e-4641-8dee-bf3361889571202605010137331777621078286693072.sst" compactIntoNextLevel: false destinationLevel: 2 is dead (hb=31)
3029038:Task input_files: "sstable2/f5e5faed-fa03-4106-bf1c-dfd38d06aee2202605010137331777621077212554769.sst" input_files: "sstable2/f5e5faed-fa03-4106-bf1c-dfd38d06aee2202605010137331777621074273478864.sst" compactIntoNextLevel: false destinationLevel: 2 is dead (hb=31)
3029038:Found dead task input_files: "sstable2/f5e5faed-fa03-4106-bf1c-dfd38d06aee2202605010137331777621077212554769.sst" input_files: "sstable2/f5e5faed-fa03-4106-bf1c-dfd38d06aee2202605010137331777621074273478864.sst" compactIntoNextLevel: false destinationLevel: 2
3029038:COMPACT_START sstable=1 input_files: "sstable2/f5e5faed-fa03-4106-bf1c-dfd38d06aee2202605010137331777621077212554769.sst" input_files: "sstable2/f5e5faed-fa03-4106-bf1c-dfd38d06aee2202605010137331777621074273478864.sst" compactIntoNextLevel: false destinationLevel: 2
2026-05-01 07:38:21:355 - Compaction started: 
140677333534272:Compacting sstable2/f5e5faed-fa03-4106-bf1c-dfd38d06aee2202605010137331777621077212554769.sst sstable2/f5e5faed-fa03-4106-bf1c-dfd38d06aee2202605010137331777621074273478864.sst into:sstable2/f5e5faed-fa03-4106-bf1c-dfd38d06aee2202605010137331777621101404369405.sst
2026-05-01 07:38:21:483 - Compaction completed: 
3029038:Found dead task input_files: "sstable2/f5e5faed-fa03-4106-bf1c-dfd38d06aee2202605010137331777621079547256214.sst" input_files: "sstable2/305ab122-2a52-4afe-9c9a-47c2657383fd202605010137331777621082655463760.sst" compactIntoNextLevel: false destinationLevel: 2
3029038:COMPACT_START sstable=1 input_files: "sstable2/f5e5faed-fa03-4106-bf1c-dfd38d06aee2202605010137331777621079547256214.sst" input_files: "sstable2/305ab122-2a52-4afe-9c9a-47c2657383fd202605010137331777621082655463760.sst" compactIntoNextLevel: false destinationLevel: 2
2026-05-01 07:38:21:558 - Compaction started: 
140677333534272:Compacting sstable2/f5e5faed-fa03-4106-bf1c-dfd38d06aee2202605010137331777621079547256214.sst sstable2/305ab122-2a52-4afe-9c9a-47c2657383fd202605010137331777621082655463760.sst into:sstable2/f5e5faed-fa03-4106-bf1c-dfd38d06aee2202605010137331777621101597011309.sst
2026-05-01 07:38:21:661 - Compaction completed: 
3029038:Task input_files: "sstable2/3e54c6e3-f034-41d2-8504-c176d41dc32d202605010137331777621082966068545.sst" input_files: "sstable2/f5e5faed-fa03-4106-bf1c-dfd38d06aee2202605010137331777621083001299709.sst" compactIntoNextLevel: false destinationLevel: 2 is dead (hb=30)
3029038:Task input_files: "sstable2/305ab122-2a52-4afe-9c9a-47c2657383fd202605010137331777621082959382111.sst" input_files: "sstable2/8b6d3442-296e-4641-8dee-bf3361889571202605010137331777621086099797243.sst" compactIntoNextLevel: false destinationLevel: 2 is dead (hb=30)
3029038:Found dead task input_files: "sstable2/305ab122-2a52-4afe-9c9a-47c2657383fd202605010137331777621082959382111.sst" input_files: "sstable2/8b6d3442-296e-4641-8dee-bf3361889571202605010137331777621086099797243.sst" compactIntoNextLevel: false destinationLevel: 2
3029038:COMPACT_START sstable=1 input_files: "sstable2/305ab122-2a52-4afe-9c9a-47c2657383fd202605010137331777621082959382111.sst" input_files: "sstable2/8b6d3442-296e-4641-8dee-bf3361889571202605010137331777621086099797243.sst" compactIntoNextLevel: false destinationLevel: 2
3029038:COMPACT_ABORT input_files: "sstable2/305ab122-2a52-4afe-9c9a-47c2657383fd202605010137331777621082959382111.sst" input_files: "sstable2/8b6d3442-296e-4641-8dee-bf3361889571202605010137331777621086099797243.sst" compactIntoNextLevel: false destinationLevel: 2
3029038:Task input_files: "sstable2/8b6d3442-296e-4641-8dee-bf3361889571202605010137331777621083167121345.sst" input_files: "sstable2/305ab122-2a52-4afe-9c9a-47c2657383fd202605010137331777621092329634936.sst" compactIntoNextLevel: false destinationLevel: 2 is dead (hb=30)
3029038:Task input_files: "sstable2/3e54c6e3-f034-41d2-8504-c176d41dc32d202605010137331777621083066922023.sst" input_files: "sstable2/3e54c6e3-f034-41d2-8504-c176d41dc32d202605010137331777621086202297108.sst" compactIntoNextLevel: false destinationLevel: 2 is dead (hb=30)
3029038:Found dead task input_files: "sstable2/3e54c6e3-f034-41d2-8504-c176d41dc32d202605010137331777621083066922023.sst" input_files: "sstable2/3e54c6e3-f034-41d2-8504-c176d41dc32d202605010137331777621086202297108.sst" compactIntoNextLevel: false destinationLevel: 2
3029038:COMPACT_START sstable=1 input_files: "sstable2/3e54c6e3-f034-41d2-8504-c176d41dc32d202605010137331777621083066922023.sst" input_files: "sstable2/3e54c6e3-f034-41d2-8504-c176d41dc32d202605010137331777621086202297108.sst" compactIntoNextLevel: false destinationLevel: 2
2026-05-01 07:38:22:592 - Compaction started: 
140677333534272:Compacting sstable2/3e54c6e3-f034-41d2-8504-c176d41dc32d202605010137331777621083066922023.sst sstable2/3e54c6e3-f034-41d2-8504-c176d41dc32d202605010137331777621086202297108.sst into:sstable2/f5e5faed-fa03-4106-bf1c-dfd38d06aee2202605010137331777621102630711876.sst
2026-05-01 07:38:22:688 - Compaction completed: 
3029038:Task input_files: "sstable2/305ab122-2a52-4afe-9c9a-47c2657383fd202605010137331777621069257530996.sst" input_files: "sstable2/8b6d3442-296e-4641-8dee-bf3361889571202605010137331777621069262396777.sst" compactIntoNextLevel: false destinationLevel: 2 is dead (hb=30)
3029038:Found dead task input_files: "sstable2/305ab122-2a52-4afe-9c9a-47c2657383fd202605010137331777621069257530996.sst" input_files: "sstable2/8b6d3442-296e-4641-8dee-bf3361889571202605010137331777621069262396777.sst" compactIntoNextLevel: false destinationLevel: 2
3029038:COMPACT_START sstable=1 input_files: "sstable2/305ab122-2a52-4afe-9c9a-47c2657383fd202605010137331777621069257530996.sst" input_files: "sstable2/8b6d3442-296e-4641-8dee-bf3361889571202605010137331777621069262396777.sst" compactIntoNextLevel: false destinationLevel: 2
3029038:COMPACT_ABORT input_files: "sstable2/305ab122-2a52-4afe-9c9a-47c2657383fd202605010137331777621069257530996.sst" input_files: "sstable2/8b6d3442-296e-4641-8dee-bf3361889571202605010137331777621069262396777.sst" compactIntoNextLevel: false destinationLevel: 2
3029038:Task input_files: "sstable2/305ab122-2a52-4afe-9c9a-47c2657383fd202605010137331777621086911629520.sst" input_files: "sstable2/8b6d3442-296e-4641-8dee-bf3361889571202605010137331777621086808077724.sst" compactIntoNextLevel: false destinationLevel: 2 is dead (hb=30)
3029038:Found dead task input_files: "sstable2/305ab122-2a52-4afe-9c9a-47c2657383fd202605010137331777621086911629520.sst" input_files: "sstable2/8b6d3442-296e-4641-8dee-bf3361889571202605010137331777621086808077724.sst" compactIntoNextLevel: false destinationLevel: 2
3029038:COMPACT_START sstable=1 input_files: "sstable2/305ab122-2a52-4afe-9c9a-47c2657383fd202605010137331777621086911629520.sst" input_files: "sstable2/8b6d3442-296e-4641-8dee-bf3361889571202605010137331777621086808077724.sst" compactIntoNextLevel: false destinationLevel: 2
3029038:COMPACT_ABORT input_files: "sstable2/305ab122-2a52-4afe-9c9a-47c2657383fd202605010137331777621086911629520.sst" input_files: "sstable2/8b6d3442-296e-4641-8dee-bf3361889571202605010137331777621086808077724.sst" compactIntoNextLevel: false destinationLevel: 2
3029038:Task input_files: "sstable2/f5e5faed-fa03-4106-bf1c-dfd38d06aee2202605010137331777621090688801075.sst" input_files: "sstable2/8b6d3442-296e-4641-8dee-bf3361889571202605010137331777621087620591960.sst" compactIntoNextLevel: false destinationLevel: 2 is dead (hb=30)
3029038:Found dead task input_files: "sstable2/f5e5faed-fa03-4106-bf1c-dfd38d06aee2202605010137331777621090688801075.sst" input_files: "sstable2/8b6d3442-296e-4641-8dee-bf3361889571202605010137331777621087620591960.sst" compactIntoNextLevel: false destinationLevel: 2
3029038:COMPACT_START sstable=1 input_files: "sstable2/f5e5faed-fa03-4106-bf1c-dfd38d06aee2202605010137331777621090688801075.sst" input_files: "sstable2/8b6d3442-296e-4641-8dee-bf3361889571202605010137331777621087620591960.sst" compactIntoNextLevel: false destinationLevel: 2
2026-05-01 07:38:23:108 - Compaction started: 
140677333534272:Compacting sstable2/f5e5faed-fa03-4106-bf1c-dfd38d06aee2202605010137331777621090688801075.sst sstable2/8b6d3442-296e-4641-8dee-bf3361889571202605010137331777621087620591960.sst into:sstable2/f5e5faed-fa03-4106-bf1c-dfd38d06aee2202605010137331777621103144395078.sst
2026-05-01 07:38:23:197 - Compaction completed: 
3029038:Task input_files: "sstable2/8b6d3442-296e-4641-8dee-bf3361889571202605010137331777621088829910870.sst" input_files: "sstable2/f5e5faed-fa03-4106-bf1c-dfd38d06aee2202605010137331777621088869542863.sst" compactIntoNextLevel: false destinationLevel: 2 is dead (hb=30)
3029038:Found dead task input_files: "sstable2/8b6d3442-296e-4641-8dee-bf3361889571202605010137331777621088829910870.sst" input_files: "sstable2/f5e5faed-fa03-4106-bf1c-dfd38d06aee2202605010137331777621088869542863.sst" compactIntoNextLevel: false destinationLevel: 2
3029038:COMPACT_START sstable=1 input_files: "sstable2/8b6d3442-296e-4641-8dee-bf3361889571202605010137331777621088829910870.sst" input_files: "sstable2/f5e5faed-fa03-4106-bf1c-dfd38d06aee2202605010137331777621088869542863.sst" compactIntoNextLevel: false destinationLevel: 2
3029038:COMPACT_ABORT input_files: "sstable2/8b6d3442-296e-4641-8dee-bf3361889571202605010137331777621088829910870.sst" input_files: "sstable2/f5e5faed-fa03-4106-bf1c-dfd38d06aee2202605010137331777621088869542863.sst" compactIntoNextLevel: false destinationLevel: 2
3029038:Task input_files: "sstable2/8b6d3442-296e-4641-8dee-bf3361889571202605010137331777621092408376815.sst" input_files: "sstable2/3e54c6e3-f034-41d2-8504-c176d41dc32d202605010137331777621086301930128.sst" compactIntoNextLevel: false destinationLevel: 2 is dead (hb=31)
3029038:Found dead task input_files: "sstable2/8b6d3442-296e-4641-8dee-bf3361889571202605010137331777621092408376815.sst" input_files: "sstable2/3e54c6e3-f034-41d2-8504-c176d41dc32d202605010137331777621086301930128.sst" compactIntoNextLevel: false destinationLevel: 2
3029038:COMPACT_START sstable=1 input_files: "sstable2/8b6d3442-296e-4641-8dee-bf3361889571202605010137331777621092408376815.sst" input_files: "sstable2/3e54c6e3-f034-41d2-8504-c176d41dc32d202605010137331777621086301930128.sst" compactIntoNextLevel: false destinationLevel: 2
2026-05-01 07:38:23:623 - Compaction started: 
140677333534272:Compacting sstable2/8b6d3442-296e-4641-8dee-bf3361889571202605010137331777621092408376815.sst sstable2/3e54c6e3-f034-41d2-8504-c176d41dc32d202605010137331777621086301930128.sst into:sstable2/f5e5faed-fa03-4106-bf1c-dfd38d06aee2202605010137331777621103657195746.sst
2026-05-01 07:38:23:710 - Compaction completed: 
3029038:Task input_files: "sstable2/3e54c6e3-f034-41d2-8504-c176d41dc32d202605010137331777621085496044678.sst" input_files: "sstable2/305ab122-2a52-4afe-9c9a-47c2657383fd202605010137331777621091637535768.sst" compactIntoNextLevel: false destinationLevel: 2 is dead (hb=30)
3029038:Task input_files: "sstable2/f5e5faed-fa03-4106-bf1c-dfd38d06aee2202605010137331777621078230090756.sst" input_files: "sstable2/8b6d3442-296e-4641-8dee-bf3361889571202605010137331777621078286693072.sst" compactIntoNextLevel: false destinationLevel: 2 is dead (hb=30)
3029038:Found dead task input_files: "sstable2/f5e5faed-fa03-4106-bf1c-dfd38d06aee2202605010137331777621078230090756.sst" input_files: "sstable2/8b6d3442-296e-4641-8dee-bf3361889571202605010137331777621078286693072.sst" compactIntoNextLevel: false destinationLevel: 2
3029038:COMPACT_START sstable=1 input_files: "sstable2/f5e5faed-fa03-4106-bf1c-dfd38d06aee2202605010137331777621078230090756.sst" input_files: "sstable2/8b6d3442-296e-4641-8dee-bf3361889571202605010137331777621078286693072.sst" compactIntoNextLevel: false destinationLevel: 2
2026-05-01 07:38:24:548 - Compaction started: 
140677333534272:Compacting sstable2/f5e5faed-fa03-4106-bf1c-dfd38d06aee2202605010137331777621078230090756.sst sstable2/8b6d3442-296e-4641-8dee-bf3361889571202605010137331777621078286693072.sst into:sstable2/f5e5faed-fa03-4106-bf1c-dfd38d06aee2202605010137331777621104595894365.sst
2026-05-01 07:38:24:668 - Compaction completed: 
3029038:Task input_files: "sstable2/305ab122-2a52-4afe-9c9a-47c2657383fd202605010137331777621086911629520.sst" input_files: "sstable2/8b6d3442-296e-4641-8dee-bf3361889571202605010137331777621086808077724.sst" compactIntoNextLevel: false destinationLevel: 2 is dead (hb=30)
3029038:Found dead task input_files: "sstable2/305ab122-2a52-4afe-9c9a-47c2657383fd202605010137331777621086911629520.sst" input_files: "sstable2/8b6d3442-296e-4641-8dee-bf3361889571202605010137331777621086808077724.sst" compactIntoNextLevel: false destinationLevel: 2
3029038:COMPACT_START sstable=1 input_files: "sstable2/305ab122-2a52-4afe-9c9a-47c2657383fd202605010137331777621086911629520.sst" input_files: "sstable2/8b6d3442-296e-4641-8dee-bf3361889571202605010137331777621086808077724.sst" compactIntoNextLevel: false destinationLevel: 2
2026-05-01 07:38:25:984 - Compaction started: 
140677333534272:Compacting sstable2/305ab122-2a52-4afe-9c9a-47c2657383fd202605010137331777621086911629520.sst sstable2/8b6d3442-296e-4641-8dee-bf3361889571202605010137331777621086808077724.sst into:sstable2/f5e5faed-fa03-4106-bf1c-dfd38d06aee2202605010137331777621106020914354.sst
2026-05-01 07:38:26:075 - Compaction completed: 
3029038:Task input_files: "sstable2/8b6d3442-296e-4641-8dee-bf3361889571202605010137331777621088829910870.sst" input_files: "sstable2/f5e5faed-fa03-4106-bf1c-dfd38d06aee2202605010137331777621088869542863.sst" compactIntoNextLevel: false destinationLevel: 2 is dead (hb=31)
3029038:Found dead task input_files: "sstable2/8b6d3442-296e-4641-8dee-bf3361889571202605010137331777621088829910870.sst" input_files: "sstable2/f5e5faed-fa03-4106-bf1c-dfd38d06aee2202605010137331777621088869542863.sst" compactIntoNextLevel: false destinationLevel: 2
3029038:COMPACT_START sstable=1 input_files: "sstable2/8b6d3442-296e-4641-8dee-bf3361889571202605010137331777621088829910870.sst" input_files: "sstable2/f5e5faed-fa03-4106-bf1c-dfd38d06aee2202605010137331777621088869542863.sst" compactIntoNextLevel: false destinationLevel: 2
2026-05-01 07:38:26:498 - Compaction started: 
140677333534272:Compacting sstable2/8b6d3442-296e-4641-8dee-bf3361889571202605010137331777621088829910870.sst sstable2/f5e5faed-fa03-4106-bf1c-dfd38d06aee2202605010137331777621088869542863.sst into:sstable2/f5e5faed-fa03-4106-bf1c-dfd38d06aee2202605010137331777621106532962631.sst
2026-05-01 07:38:26:585 - Compaction completed: 
3029038:Task input_files: "sstable2/305ab122-2a52-4afe-9c9a-47c2657383fd202605010137331777621094963644909.sst" input_files: "sstable2/f5e5faed-fa03-4106-bf1c-dfd38d06aee2202605010137331777621085844653755.sst" compactIntoNextLevel: false destinationLevel: 2 is dead (hb=30)
3029038:Found dead task input_files: "sstable2/305ab122-2a52-4afe-9c9a-47c2657383fd202605010137331777621094963644909.sst" input_files: "sstable2/f5e5faed-fa03-4106-bf1c-dfd38d06aee2202605010137331777621085844653755.sst" compactIntoNextLevel: false destinationLevel: 2
3029038:COMPACT_START sstable=1 input_files: "sstable2/305ab122-2a52-4afe-9c9a-47c2657383fd202605010137331777621094963644909.sst" input_files: "sstable2/f5e5faed-fa03-4106-bf1c-dfd38d06aee2202605010137331777621085844653755.sst" compactIntoNextLevel: false destinationLevel: 2
3029038:COMPACT_ABORT input_files: "sstable2/305ab122-2a52-4afe-9c9a-47c2657383fd202605010137331777621094963644909.sst" input_files: "sstable2/f5e5faed-fa03-4106-bf1c-dfd38d06aee2202605010137331777621085844653755.sst" compactIntoNextLevel: false destinationLevel: 2
3029038:Task input_files: "sstable2/305ab122-2a52-4afe-9c9a-47c2657383fd202605010137331777621083672444847.sst" input_files: "sstable2/f5e5faed-fa03-4106-bf1c-dfd38d06aee2202605010137331777621083612613839.sst" compactIntoNextLevel: false destinationLevel: 2 is dead (hb=31)
3029038:Found dead task input_files: "sstable2/305ab122-2a52-4afe-9c9a-47c2657383fd202605010137331777621083672444847.sst" input_files: "sstable2/f5e5faed-fa03-4106-bf1c-dfd38d06aee2202605010137331777621083612613839.sst" compactIntoNextLevel: false destinationLevel: 2
3029038:COMPACT_START sstable=1 input_files: "sstable2/305ab122-2a52-4afe-9c9a-47c2657383fd202605010137331777621083672444847.sst" input_files: "sstable2/f5e5faed-fa03-4106-bf1c-dfd38d06aee2202605010137331777621083612613839.sst" compactIntoNextLevel: false destinationLevel: 2
2026-05-01 07:38:28:047 - Compaction started: 
140677333534272:Compacting sstable2/305ab122-2a52-4afe-9c9a-47c2657383fd202605010137331777621083672444847.sst sstable2/f5e5faed-fa03-4106-bf1c-dfd38d06aee2202605010137331777621083612613839.sst into:sstable2/f5e5faed-fa03-4106-bf1c-dfd38d06aee2202605010137331777621108088776874.sst
2026-05-01 07:38:28:150 - Compaction completed: 
3029038:Task input_files: "sstable2/3e54c6e3-f034-41d2-8504-c176d41dc32d202605010137331777621082966068545.sst" input_files: "sstable2/f5e5faed-fa03-4106-bf1c-dfd38d06aee2202605010137331777621083001299709.sst" compactIntoNextLevel: false destinationLevel: 2 is dead (hb=30)
3029038:Found dead task input_files: "sstable2/3e54c6e3-f034-41d2-8504-c176d41dc32d202605010137331777621082966068545.sst" input_files: "sstable2/f5e5faed-fa03-4106-bf1c-dfd38d06aee2202605010137331777621083001299709.sst" compactIntoNextLevel: false destinationLevel: 2
3029038:COMPACT_START sstable=1 input_files: "sstable2/3e54c6e3-f034-41d2-8504-c176d41dc32d202605010137331777621082966068545.sst" input_files: "sstable2/f5e5faed-fa03-4106-bf1c-dfd38d06aee2202605010137331777621083001299709.sst" compactIntoNextLevel: false destinationLevel: 2
2026-05-01 07:38:28:770 - Compaction started: 
140677333534272:Compacting sstable2/3e54c6e3-f034-41d2-8504-c176d41dc32d202605010137331777621082966068545.sst sstable2/f5e5faed-fa03-4106-bf1c-dfd38d06aee2202605010137331777621083001299709.sst into:sstable2/f5e5faed-fa03-4106-bf1c-dfd38d06aee2202605010137331777621108808239417.sst
2026-05-01 07:38:28:867 - Compaction completed: 
3029038:Task input_files: "sstable2/305ab122-2a52-4afe-9c9a-47c2657383fd202605010137331777621094963644909.sst" input_files: "sstable2/f5e5faed-fa03-4106-bf1c-dfd38d06aee2202605010137331777621085844653755.sst" compactIntoNextLevel: false destinationLevel: 2 is dead (hb=30)
3029038:Found dead task input_files: "sstable2/305ab122-2a52-4afe-9c9a-47c2657383fd202605010137331777621094963644909.sst" input_files: "sstable2/f5e5faed-fa03-4106-bf1c-dfd38d06aee2202605010137331777621085844653755.sst" compactIntoNextLevel: false destinationLevel: 2
3029038:COMPACT_START sstable=1 input_files: "sstable2/305ab122-2a52-4afe-9c9a-47c2657383fd202605010137331777621094963644909.sst" input_files: "sstable2/f5e5faed-fa03-4106-bf1c-dfd38d06aee2202605010137331777621085844653755.sst" compactIntoNextLevel: false destinationLevel: 2
3029038:COMPACT_ABORT input_files: "sstable2/305ab122-2a52-4afe-9c9a-47c2657383fd202605010137331777621094963644909.sst" input_files: "sstable2/f5e5faed-fa03-4106-bf1c-dfd38d06aee2202605010137331777621085844653755.sst" compactIntoNextLevel: false destinationLevel: 2
3029038:Task input_files: "sstable1/305ab122-2a52-4afe-9c9a-47c2657383fd202605010137331777621086185915709.sst" input_files: "sstable1/f5e5faed-fa03-4106-bf1c-dfd38d06aee2202605010137331777621071326759049.sst" compactIntoNextLevel: true destinationLevel: 2 is dead (hb=30)
3029038:Found dead task input_files: "sstable1/305ab122-2a52-4afe-9c9a-47c2657383fd202605010137331777621086185915709.sst" input_files: "sstable1/f5e5faed-fa03-4106-bf1c-dfd38d06aee2202605010137331777621071326759049.sst" compactIntoNextLevel: true destinationLevel: 2
3029038:COMPACT_START sstable=1 input_files: "sstable1/305ab122-2a52-4afe-9c9a-47c2657383fd202605010137331777621086185915709.sst" input_files: "sstable1/f5e5faed-fa03-4106-bf1c-dfd38d06aee2202605010137331777621071326759049.sst" compactIntoNextLevel: true destinationLevel: 2
2026-05-01 07:38:31:135 - Compaction started: 
140677333534272:Compacting sstable1/305ab122-2a52-4afe-9c9a-47c2657383fd202605010137331777621086185915709.sst sstable1/f5e5faed-fa03-4106-bf1c-dfd38d06aee2202605010137331777621071326759049.sst into:sstable2/f5e5faed-fa03-4106-bf1c-dfd38d06aee2202605010137331777621111154231244.sst
2026-05-01 07:38:31:182 - Compaction completed: 
3029038:Task input_files: "sstable2/305ab122-2a52-4afe-9c9a-47c2657383fd202605010137331777621094963644909.sst" input_files: "sstable2/f5e5faed-fa03-4106-bf1c-dfd38d06aee2202605010137331777621085844653755.sst" compactIntoNextLevel: false destinationLevel: 2 is dead (hb=30)
3029038:Found dead task input_files: "sstable2/305ab122-2a52-4afe-9c9a-47c2657383fd202605010137331777621094963644909.sst" input_files: "sstable2/f5e5faed-fa03-4106-bf1c-dfd38d06aee2202605010137331777621085844653755.sst" compactIntoNextLevel: false destinationLevel: 2
3029038:COMPACT_START sstable=1 input_files: "sstable2/305ab122-2a52-4afe-9c9a-47c2657383fd202605010137331777621094963644909.sst" input_files: "sstable2/f5e5faed-fa03-4106-bf1c-dfd38d06aee2202605010137331777621085844653755.sst" compactIntoNextLevel: false destinationLevel: 2
2026-05-01 07:38:32:684 - Compaction started: 
140677333534272:Compacting sstable2/305ab122-2a52-4afe-9c9a-47c2657383fd202605010137331777621094963644909.sst sstable2/f5e5faed-fa03-4106-bf1c-dfd38d06aee2202605010137331777621085844653755.sst into:sstable2/f5e5faed-fa03-4106-bf1c-dfd38d06aee2202605010137331777621112721590178.sst
2026-05-01 07:38:32:778 - Compaction completed: 
2026-05-01 07:38:33:517 60 sec: 264303 operations; 4689.4 current ops/sec; est completion in 2 days 15 hours [READ: Count=140681, Max=53119, Min=40, Avg=212.06, 90=312, 99=399, 99.9=556, 99.99=15135] 
3029038:Task input_files: "sstable2/f5e5faed-fa03-4106-bf1c-dfd38d06aee2202605010137331777621086348677480.sst" input_files: "sstable2/f5e5faed-fa03-4106-bf1c-dfd38d06aee2202605010137331777621111154231244.sst" compactIntoNextLevel: false destinationLevel: 2 is dead (hb=30)
3029038:Found dead task input_files: "sstable2/f5e5faed-fa03-4106-bf1c-dfd38d06aee2202605010137331777621086348677480.sst" input_files: "sstable2/f5e5faed-fa03-4106-bf1c-dfd38d06aee2202605010137331777621111154231244.sst" compactIntoNextLevel: false destinationLevel: 2
3029038:COMPACT_START sstable=1 input_files: "sstable2/f5e5faed-fa03-4106-bf1c-dfd38d06aee2202605010137331777621086348677480.sst" input_files: "sstable2/f5e5faed-fa03-4106-bf1c-dfd38d06aee2202605010137331777621111154231244.sst" compactIntoNextLevel: false destinationLevel: 2
3029038:COMPACT_ABORT input_files: "sstable2/f5e5faed-fa03-4106-bf1c-dfd38d06aee2202605010137331777621086348677480.sst" input_files: "sstable2/f5e5faed-fa03-4106-bf1c-dfd38d06aee2202605010137331777621111154231244.sst" compactIntoNextLevel: false destinationLevel: 2
3029038:Task input_files: "sstable2/f5e5faed-fa03-4106-bf1c-dfd38d06aee2202605010137331777621086348677480.sst" input_files: "sstable2/f5e5faed-fa03-4106-bf1c-dfd38d06aee2202605010137331777621111154231244.sst" compactIntoNextLevel: false destinationLevel: 2 is dead (hb=31)
3029038:Found dead task input_files: "sstable2/f5e5faed-fa03-4106-bf1c-dfd38d06aee2202605010137331777621086348677480.sst" input_files: "sstable2/f5e5faed-fa03-4106-bf1c-dfd38d06aee2202605010137331777621111154231244.sst" compactIntoNextLevel: false destinationLevel: 2
