# CMD: /usr/lib/jvm/java-8-openjdk-amd64/bin/java -cp /users/Xinying/ozonedb/ycsb/ozonedb/conf:/users/Xinying/ozonedb/ycsb/ozonedb/target/ozonedb-binding-0.18.0-SNAPSHOT.jar:/users/Xinying/.m2/repository/org/apache/htrace/htrace-core4/4.1.0-incubating/htrace-core4-4.1.0-incubating.jar:/users/Xinying/.m2/repository/org/slf4j/slf4j-api/1.7.25/slf4j-api-1.7.25.jar:/users/Xinying/.m2/repository/org/hdrhistogram/HdrHistogram/2.1.12/HdrHistogram-2.1.12.jar:/users/Xinying/.m2/repository/ch/qos/logback/logback-classic/1.2.3/logback-classic-1.2.3.jar:/users/Xinying/.m2/repository/ozonedbjnimaven/demoproc-jni/1.0/demoproc-jni-1.0.jar:/users/Xinying/.m2/repository/ch/qos/logback/logback-core/1.2.3/logback-core-1.2.3.jar:/users/Xinying/.m2/repository/org/codehaus/jackson/jackson-mapper-asl/1.9.4/jackson-mapper-asl-1.9.4.jar:/users/Xinying/.m2/repository/org/slf4j/slf4j-simple/1.7.25/slf4j-simple-1.7.25.jar:/users/Xinying/.m2/repository/org/codehaus/jackson/jackson-core-asl/1.9.4/jackson-core-asl-1.9.4.jar:/users/Xinying/ozonedb/ycsb/core/target/core-0.18.0-SNAPSHOT.jar site.ycsb.Client -db site.ycsb.db.OzoneDBClient -threads 1 -s -P /users/Xinying/ozonedb/ycsb/workloads/generated_workloads/workloadc_1KB_1000000_1000000 -p status.interval=30 -p requestdistribution=uniform -p operationcount=1000000000 -p maxexecutiontime=660 -p shared_config=/tmp/churn_v4_configs/shared_config_varyR_n4_r50pct_rep2.json -t
# env OZONEDB_CHURN_ABORT_RATE=0.5
Command line: -db site.ycsb.db.OzoneDBClient -threads 1 -s -P /users/Xinying/ozonedb/ycsb/workloads/generated_workloads/workloadc_1KB_1000000_1000000 -p status.interval=30 -p requestdistribution=uniform -p operationcount=1000000000 -p maxexecutiontime=660 -p shared_config=/tmp/churn_v4_configs/shared_config_varyR_n4_r50pct_rep2.json -t
YCSB Client 0.18.0-SNAPSHOT

Loading workload...
Starting test.
SLF4J: Class path contains multiple SLF4J bindings.
SLF4J: Found binding in [jar:file:/users/Xinying/.m2/repository/ch/qos/logback/logback-classic/1.2.3/logback-classic-1.2.3.jar!/org/slf4j/impl/StaticLoggerBinder.class]
SLF4J: Found binding in [jar:file:/users/Xinying/.m2/repository/org/slf4j/slf4j-simple/1.7.25/slf4j-simple-1.7.25.jar!/org/slf4j/impl/StaticLoggerBinder.class]
SLF4J: See http://www.slf4j.org/codes.html#multiple_bindings for an explanation.
SLF4J: Actual binding is of type [ch.qos.logback.classic.util.ContextSelectorStaticBinder]
Maximum execution time specified as: 660 secs
2026-05-01 07:37:33:523 0 sec: 0 operations; est completion in 0 second 
Starting compaction watcher
DBWrapper: report latency for each error is false and specific error codes to track for latency are: []
3029041:COMPACT_START sstable=0 input_files: "datalog/3" input_files: "datalog/4" compactIntoNextLevel: true destinationLevel: 1
2026-05-01 07:37:33:595 - Compaction started: 
139803785844288:Compacting datalog/3 datalog/4 into:sstable1/3e54c6e3-f034-41d2-8504-c176d41dc32d202605010137331777621053730093929.sst
2026-05-01 07:37:33:801 - Compaction completed: 
3029041:COMPACT_START sstable=0 input_files: "datalog/15" input_files: "datalog/16" compactIntoNextLevel: true destinationLevel: 1
2026-05-01 07:37:33:802 - Compaction started: 
139803785844288:Compacting datalog/15 datalog/16 into:sstable1/3e54c6e3-f034-41d2-8504-c176d41dc32d202605010137331777621053847982141.sst
2026-05-01 07:37:33:865 - Compaction completed: 
3029041:COMPACT_START sstable=0 input_files: "datalog/23" input_files: "datalog/24" compactIntoNextLevel: true destinationLevel: 1
2026-05-01 07:37:33:904 - Compaction started: 
139803785844288:Compacting datalog/23 datalog/24 into:sstable1/3e54c6e3-f034-41d2-8504-c176d41dc32d202605010137331777621053913509527.sst
2026-05-01 07:37:33:934 - Compaction completed: 
3029041:COMPACT_START sstable=0 input_files: "datalog/29" input_files: "datalog/30" compactIntoNextLevel: true destinationLevel: 1
3029041:COMPACT_ABORT input_files: "datalog/29" input_files: "datalog/30" compactIntoNextLevel: true destinationLevel: 1
3029041:COMPACT_START sstable=0 input_files: "datalog/35" input_files: "datalog/36" compactIntoNextLevel: true destinationLevel: 1
3029041:COMPACT_ABORT input_files: "datalog/35" input_files: "datalog/36" compactIntoNextLevel: true destinationLevel: 1
3029041:COMPACT_START sstable=0 input_files: "datalog/41" input_files: "datalog/42" compactIntoNextLevel: true destinationLevel: 1
2026-05-01 07:37:34:254 - Compaction started: 
139803785844288:Compacting datalog/41 datalog/42 into:sstable1/3e54c6e3-f034-41d2-8504-c176d41dc32d202605010137331777621054353197049.sst
2026-05-01 07:37:34:376 - Compaction completed: 
3029041:COMPACT_START sstable=0 input_files: "datalog/55" input_files: "datalog/56" compactIntoNextLevel: true destinationLevel: 1
3029041:COMPACT_ABORT input_files: "datalog/55" input_files: "datalog/56" compactIntoNextLevel: true destinationLevel: 1
3029041:COMPACT_START sstable=0 input_files: "datalog/61" input_files: "datalog/62" compactIntoNextLevel: true destinationLevel: 1
3029041:COMPACT_ABORT input_files: "datalog/61" input_files: "datalog/62" compactIntoNextLevel: true destinationLevel: 1
3029041:COMPACT_START sstable=0 input_files: "datalog/67" input_files: "datalog/68" compactIntoNextLevel: true destinationLevel: 1
3029041:COMPACT_ABORT input_files: "datalog/67" input_files: "datalog/68" compactIntoNextLevel: true destinationLevel: 1
3029041:COMPACT_START sstable=0 input_files: "datalog/75" input_files: "datalog/76" compactIntoNextLevel: true destinationLevel: 1
3029041:COMPACT_ABORT input_files: "datalog/75" input_files: "datalog/76" compactIntoNextLevel: true destinationLevel: 1
3029041:COMPACT_START sstable=0 input_files: "datalog/83" input_files: "datalog/84" compactIntoNextLevel: true destinationLevel: 1
3029041:COMPACT_ABORT input_files: "datalog/83" input_files: "datalog/84" compactIntoNextLevel: true destinationLevel: 1
3029041:COMPACT_START sstable=0 input_files: "datalog/91" input_files: "datalog/92" compactIntoNextLevel: true destinationLevel: 1
2026-05-01 07:37:34:963 - Compaction started: 
139803785844288:Compacting datalog/91 datalog/92 into:sstable1/3e54c6e3-f034-41d2-8504-c176d41dc32d202605010137331777621054999944813.sst
2026-05-01 07:37:35:019 - Compaction completed: 
3029041:COMPACT_START sstable=0 input_files: "datalog/99" input_files: "datalog/100" compactIntoNextLevel: true destinationLevel: 1
3029041:COMPACT_ABORT input_files: "datalog/99" input_files: "datalog/100" compactIntoNextLevel: true destinationLevel: 1
3029041:COMPACT_START sstable=0 input_files: "datalog/107" input_files: "datalog/108" compactIntoNextLevel: true destinationLevel: 1
3029041:COMPACT_ABORT input_files: "datalog/107" input_files: "datalog/108" compactIntoNextLevel: true destinationLevel: 1
3029041:COMPACT_START sstable=0 input_files: "datalog/115" input_files: "datalog/116" compactIntoNextLevel: true destinationLevel: 1
3029041:COMPACT_ABORT input_files: "datalog/115" input_files: "datalog/116" compactIntoNextLevel: true destinationLevel: 1
3029041:COMPACT_START sstable=0 input_files: "datalog/123" input_files: "datalog/124" compactIntoNextLevel: true destinationLevel: 1
3029041:COMPACT_ABORT input_files: "datalog/123" input_files: "datalog/124" compactIntoNextLevel: true destinationLevel: 1
3029041:COMPACT_START sstable=0 input_files: "datalog/131" input_files: "datalog/132" compactIntoNextLevel: true destinationLevel: 1
3029041:COMPACT_ABORT input_files: "datalog/131" input_files: "datalog/132" compactIntoNextLevel: true destinationLevel: 1
3029041:COMPACT_START sstable=0 input_files: "datalog/139" input_files: "datalog/140" compactIntoNextLevel: true destinationLevel: 1
3029041:COMPACT_ABORT input_files: "datalog/139" input_files: "datalog/140" compactIntoNextLevel: true destinationLevel: 1
3029041:COMPACT_START sstable=0 input_files: "datalog/147" input_files: "datalog/148" compactIntoNextLevel: true destinationLevel: 1
2026-05-01 07:37:35:670 - Compaction started: 
139803785844288:Compacting datalog/147 datalog/148 into:sstable1/3e54c6e3-f034-41d2-8504-c176d41dc32d202605010137331777621055673818857.sst
2026-05-01 07:37:35:690 - Compaction completed: 
3029041:COMPACT_START sstable=0 input_files: "datalog/155" input_files: "datalog/156" compactIntoNextLevel: true destinationLevel: 1
2026-05-01 07:37:35:772 - Compaction started: 
139803785844288:Compacting datalog/155 datalog/156 into:sstable1/3e54c6e3-f034-41d2-8504-c176d41dc32d202605010137331777621055774587957.sst
2026-05-01 07:37:35:791 - Compaction completed: 
3029041:COMPACT_START sstable=0 input_files: "datalog/167" input_files: "datalog/168" compactIntoNextLevel: true destinationLevel: 1
2026-05-01 07:37:35:873 - Compaction started: 
139803785844288:Compacting datalog/167 datalog/168 into:sstable1/3e54c6e3-f034-41d2-8504-c176d41dc32d202605010137331777621055875750695.sst
2026-05-01 07:37:35:902 - Compaction completed: 
3029041:COMPACT_START sstable=0 input_files: "datalog/175" input_files: "datalog/176" compactIntoNextLevel: true destinationLevel: 1
2026-05-01 07:37:35:976 - Compaction started: 
139803785844288:Compacting datalog/175 datalog/176 into:sstable1/3e54c6e3-f034-41d2-8504-c176d41dc32d202605010137331777621055979439909.sst
2026-05-01 07:37:35:996 - Compaction completed: 
3029041:COMPACT_START sstable=0 input_files: "datalog/183" input_files: "datalog/184" compactIntoNextLevel: true destinationLevel: 1
3029041:COMPACT_ABORT input_files: "datalog/183" input_files: "datalog/184" compactIntoNextLevel: true destinationLevel: 1
3029041:COMPACT_START sstable=0 input_files: "datalog/191" input_files: "datalog/192" compactIntoNextLevel: true destinationLevel: 1
3029041:COMPACT_ABORT input_files: "datalog/191" input_files: "datalog/192" compactIntoNextLevel: true destinationLevel: 1
3029041:COMPACT_START sstable=0 input_files: "datalog/199" input_files: "datalog/200" compactIntoNextLevel: true destinationLevel: 1
3029041:COMPACT_ABORT input_files: "datalog/199" input_files: "datalog/200" compactIntoNextLevel: true destinationLevel: 1
3029041:COMPACT_START sstable=0 input_files: "datalog/201" input_files: "datalog/202" compactIntoNextLevel: true destinationLevel: 1
3029041:COMPACT_ABORT input_files: "datalog/201" input_files: "datalog/202" compactIntoNextLevel: true destinationLevel: 1
3029041:COMPACT_START sstable=0 input_files: "datalog/209" input_files: "datalog/210" compactIntoNextLevel: true destinationLevel: 1
3029041:COMPACT_ABORT input_files: "datalog/209" input_files: "datalog/210" compactIntoNextLevel: true destinationLevel: 1
3029041:COMPACT_START sstable=0 input_files: "datalog/217" input_files: "datalog/218" compactIntoNextLevel: true destinationLevel: 1
3029041:COMPACT_ABORT input_files: "datalog/217" input_files: "datalog/218" compactIntoNextLevel: true destinationLevel: 1
3029041:COMPACT_START sstable=0 input_files: "datalog/227" input_files: "datalog/228" compactIntoNextLevel: true destinationLevel: 1
2026-05-01 07:37:36:587 - Compaction started: 
139803785844288:Compacting datalog/227 datalog/228 into:sstable1/3e54c6e3-f034-41d2-8504-c176d41dc32d202605010137331777621056591697828.sst
2026-05-01 07:37:36:615 - Compaction completed: 
3029041:COMPACT_START sstable=0 input_files: "datalog/231" input_files: "datalog/232" compactIntoNextLevel: true destinationLevel: 1
3029041:COMPACT_ABORT input_files: "datalog/231" input_files: "datalog/232" compactIntoNextLevel: true destinationLevel: 1
3029041:COMPACT_START sstable=0 input_files: "datalog/239" input_files: "datalog/240" compactIntoNextLevel: true destinationLevel: 1
3029041:COMPACT_ABORT input_files: "datalog/239" input_files: "datalog/240" compactIntoNextLevel: true destinationLevel: 1
3029041:COMPACT_START sstable=0 input_files: "datalog/247" input_files: "datalog/248" compactIntoNextLevel: true destinationLevel: 1
3029041:COMPACT_ABORT input_files: "datalog/247" input_files: "datalog/248" compactIntoNextLevel: true destinationLevel: 1
3029041:COMPACT_START sstable=0 input_files: "datalog/257" input_files: "datalog/258" compactIntoNextLevel: true destinationLevel: 1
2026-05-01 07:37:36:995 - Compaction started: 
139803785844288:Compacting datalog/257 datalog/258 into:sstable1/3e54c6e3-f034-41d2-8504-c176d41dc32d202605010137331777621056998314837.sst
2026-05-01 07:37:37:015 - Compaction completed: 
3029041:COMPACT_START sstable=0 input_files: "datalog/263" input_files: "datalog/264" compactIntoNextLevel: true destinationLevel: 1
3029041:COMPACT_ABORT input_files: "datalog/263" input_files: "datalog/264" compactIntoNextLevel: true destinationLevel: 1
3029041:Task input_files: "datalog/29" input_files: "datalog/30" compactIntoNextLevel: true destinationLevel: 1 is dead (hb=30)
3029041:Found dead task input_files: "datalog/29" input_files: "datalog/30" compactIntoNextLevel: true destinationLevel: 1
3029041:COMPACT_START sstable=0 input_files: "datalog/29" input_files: "datalog/30" compactIntoNextLevel: true destinationLevel: 1
2026-05-01 07:37:37:199 - Compaction started: 
139803785844288:Compacting datalog/29 datalog/30 into:sstable1/3e54c6e3-f034-41d2-8504-c176d41dc32d202605010137331777621057202380776.sst
2026-05-01 07:37:37:221 - Compaction completed: 
3029041:Task input_files: "datalog/35" input_files: "datalog/36" compactIntoNextLevel: true destinationLevel: 1 is dead (hb=30)
3029041:Found dead task input_files: "datalog/35" input_files: "datalog/36" compactIntoNextLevel: true destinationLevel: 1
3029041:COMPACT_START sstable=0 input_files: "datalog/35" input_files: "datalog/36" compactIntoNextLevel: true destinationLevel: 1
3029041:COMPACT_ABORT input_files: "datalog/35" input_files: "datalog/36" compactIntoNextLevel: true destinationLevel: 1
3029041:COMPACT_START sstable=0 input_files: "datalog/275" input_files: "datalog/276" compactIntoNextLevel: true destinationLevel: 1
2026-05-01 07:37:37:302 - Compaction started: 
139803785844288:Compacting datalog/275 datalog/276 into:sstable1/3e54c6e3-f034-41d2-8504-c176d41dc32d202605010137331777621057305256365.sst
2026-05-01 07:37:37:320 - Compaction completed: 
3029041:COMPACT_START sstable=0 input_files: "datalog/281" input_files: "datalog/282" compactIntoNextLevel: true destinationLevel: 1
2026-05-01 07:37:37:404 - Compaction started: 
139803785844288:Compacting datalog/281 datalog/282 into:sstable1/3e54c6e3-f034-41d2-8504-c176d41dc32d202605010137331777621057407409229.sst
2026-05-01 07:37:37:423 - Compaction completed: 
3029041:COMPACT_START sstable=0 input_files: "datalog/285" input_files: "datalog/286" compactIntoNextLevel: true destinationLevel: 1
3029041:COMPACT_ABORT input_files: "datalog/285" input_files: "datalog/286" compactIntoNextLevel: true destinationLevel: 1
3029041:COMPACT_START sstable=0 input_files: "datalog/291" input_files: "datalog/292" compactIntoNextLevel: true destinationLevel: 1
3029041:COMPACT_ABORT input_files: "datalog/291" input_files: "datalog/292" compactIntoNextLevel: true destinationLevel: 1
3029041:COMPACT_START sstable=0 input_files: "datalog/293" input_files: "datalog/294" compactIntoNextLevel: true destinationLevel: 1
3029041:COMPACT_ABORT input_files: "datalog/293" input_files: "datalog/294" compactIntoNextLevel: true destinationLevel: 1
3029041:COMPACT_START sstable=0 input_files: "datalog/295" input_files: "datalog/296" compactIntoNextLevel: true destinationLevel: 1
3029041:COMPACT_ABORT input_files: "datalog/295" input_files: "datalog/296" compactIntoNextLevel: true destinationLevel: 1
3029041:COMPACT_START sstable=0 input_files: "datalog/303" input_files: "datalog/304" compactIntoNextLevel: true destinationLevel: 1
2026-05-01 07:37:37:709 - Compaction started: 
139803785844288:Compacting datalog/303 datalog/304 into:sstable1/3e54c6e3-f034-41d2-8504-c176d41dc32d202605010137331777621057712372408.sst
2026-05-01 07:37:37:728 - Compaction completed: 
3029041:COMPACT_START sstable=0 input_files: "datalog/309" input_files: "datalog/310" compactIntoNextLevel: true destinationLevel: 1
3029041:COMPACT_ABORT input_files: "datalog/309" input_files: "datalog/310" compactIntoNextLevel: true destinationLevel: 1
3029041:COMPACT_START sstable=0 input_files: "datalog/313" input_files: "datalog/314" compactIntoNextLevel: true destinationLevel: 1
2026-05-01 07:37:37:911 - Compaction started: 
139803785844288:Compacting datalog/313 datalog/314 into:sstable1/3e54c6e3-f034-41d2-8504-c176d41dc32d202605010137331777621057914408662.sst
2026-05-01 07:37:37:930 - Compaction completed: 
3029041:COMPACT_START sstable=0 input_files: "datalog/319" input_files: "datalog/320" compactIntoNextLevel: true destinationLevel: 1
2026-05-01 07:37:38:013 - Compaction started: 
139803785844288:Compacting datalog/319 datalog/320 into:sstable1/3e54c6e3-f034-41d2-8504-c176d41dc32d202605010137331777621058015715120.sst
2026-05-01 07:37:38:032 - Compaction completed: 
3029041:COMPACT_START sstable=0 input_files: "datalog/327" input_files: "datalog/328" compactIntoNextLevel: true destinationLevel: 1
3029041:COMPACT_ABORT input_files: "datalog/327" input_files: "datalog/328" compactIntoNextLevel: true destinationLevel: 1
3029041:COMPACT_START sstable=0 input_files: "datalog/333" input_files: "datalog/334" compactIntoNextLevel: true destinationLevel: 1
2026-05-01 07:37:38:216 - Compaction started: 
139803785844288:Compacting datalog/333 datalog/334 into:sstable1/3e54c6e3-f034-41d2-8504-c176d41dc32d202605010137331777621058218236243.sst
2026-05-01 07:37:38:234 - Compaction completed: 
3029041:COMPACT_START sstable=0 input_files: "datalog/339" input_files: "datalog/340" compactIntoNextLevel: true destinationLevel: 1
2026-05-01 07:37:38:317 - Compaction started: 
139803785844288:Compacting datalog/339 datalog/340 into:sstable1/3e54c6e3-f034-41d2-8504-c176d41dc32d202605010137331777621058319498628.sst
2026-05-01 07:37:38:336 - Compaction completed: 
3029041:COMPACT_START sstable=0 input_files: "datalog/347" input_files: "datalog/348" compactIntoNextLevel: true destinationLevel: 1
2026-05-01 07:37:38:418 - Compaction started: 
139803785844288:Compacting datalog/347 datalog/348 into:sstable1/3e54c6e3-f034-41d2-8504-c176d41dc32d202605010137331777621058420631460.sst
2026-05-01 07:37:38:436 - Compaction completed: 
3029041:Task input_files: "datalog/123" input_files: "datalog/124" compactIntoNextLevel: true destinationLevel: 1 is dead (hb=30)
3029041:Found dead task input_files: "datalog/123" input_files: "datalog/124" compactIntoNextLevel: true destinationLevel: 1
3029041:COMPACT_START sstable=0 input_files: "datalog/123" input_files: "datalog/124" compactIntoNextLevel: true destinationLevel: 1
2026-05-01 07:37:38:519 - Compaction started: 
139803785844288:Compacting datalog/123 datalog/124 into:sstable1/3e54c6e3-f034-41d2-8504-c176d41dc32d202605010137331777621058522582376.sst
2026-05-01 07:37:38:541 - Compaction completed: 
3029041:COMPACT_START sstable=0 input_files: "datalog/357" input_files: "datalog/358" compactIntoNextLevel: true destinationLevel: 1
2026-05-01 07:37:38:621 - Compaction started: 
139803785844288:Compacting datalog/357 datalog/358 into:sstable1/3e54c6e3-f034-41d2-8504-c176d41dc32d202605010137331777621058623388505.sst
2026-05-01 07:37:38:639 - Compaction completed: 
3029041:Task input_files: "datalog/139" input_files: "datalog/140" compactIntoNextLevel: true destinationLevel: 1 is dead (hb=30)
3029041:Found dead task input_files: "datalog/139" input_files: "datalog/140" compactIntoNextLevel: true destinationLevel: 1
3029041:COMPACT_START sstable=0 input_files: "datalog/139" input_files: "datalog/140" compactIntoNextLevel: true destinationLevel: 1
2026-05-01 07:37:38:722 - Compaction started: 
139803785844288:Compacting datalog/139 datalog/140 into:sstable1/3e54c6e3-f034-41d2-8504-c176d41dc32d202605010137331777621058724914595.sst
2026-05-01 07:37:38:742 - Compaction completed: 
3029041:COMPACT_START sstable=0 input_files: "datalog/367" input_files: "datalog/368" compactIntoNextLevel: true destinationLevel: 1
2026-05-01 07:37:38:823 - Compaction started: 
139803785844288:Compacting datalog/367 datalog/368 into:sstable1/3e54c6e3-f034-41d2-8504-c176d41dc32d202605010137331777621058825727306.sst
2026-05-01 07:37:38:841 - Compaction completed: 
3029041:COMPACT_START sstable=0 input_files: "datalog/375" input_files: "datalog/376" compactIntoNextLevel: true destinationLevel: 1
2026-05-01 07:37:38:924 - Compaction started: 
139803785844288:Compacting datalog/375 datalog/376 into:sstable1/3e54c6e3-f034-41d2-8504-c176d41dc32d202605010137331777621058926510222.sst
2026-05-01 07:37:38:941 - Compaction completed: 
3029041:COMPACT_START sstable=0 input_files: "datalog/383" input_files: "datalog/384" compactIntoNextLevel: true destinationLevel: 1
2026-05-01 07:37:39:025 - Compaction started: 
139803785844288:Compacting datalog/383 datalog/384 into:sstable1/3e54c6e3-f034-41d2-8504-c176d41dc32d202605010137331777621059027627696.sst
2026-05-01 07:37:39:042 - Compaction completed: 
3029041:COMPACT_START sstable=0 input_files: "datalog/393" input_files: "datalog/394" compactIntoNextLevel: true destinationLevel: 1
2026-05-01 07:37:39:126 - Compaction started: 
139803785844288:Compacting datalog/393 datalog/394 into:sstable1/3e54c6e3-f034-41d2-8504-c176d41dc32d202605010137331777621059129006920.sst
2026-05-01 07:37:39:143 - Compaction completed: 
3029041:COMPACT_START sstable=0 input_files: "datalog/399" input_files: "datalog/400" compactIntoNextLevel: true destinationLevel: 1
3029041:COMPACT_ABORT input_files: "datalog/399" input_files: "datalog/400" compactIntoNextLevel: true destinationLevel: 1
3029041:Task input_files: "datalog/191" input_files: "datalog/192" compactIntoNextLevel: true destinationLevel: 1 is dead (hb=30)
3029041:Task input_files: "datalog/199" input_files: "datalog/200" compactIntoNextLevel: true destinationLevel: 1 is dead (hb=30)
3029041:Found dead task input_files: "datalog/199" input_files: "datalog/200" compactIntoNextLevel: true destinationLevel: 1
3029041:COMPACT_START sstable=0 input_files: "datalog/199" input_files: "datalog/200" compactIntoNextLevel: true destinationLevel: 1
3029041:COMPACT_ABORT input_files: "datalog/199" input_files: "datalog/200" compactIntoNextLevel: true destinationLevel: 1
3029041:Found dead task input_files: "datalog/191" input_files: "datalog/192" compactIntoNextLevel: true destinationLevel: 1
3029041:COMPACT_START sstable=0 input_files: "datalog/191" input_files: "datalog/192" compactIntoNextLevel: true destinationLevel: 1
2026-05-01 07:37:39:328 - Compaction started: 
139803785844288:Compacting datalog/191 datalog/192 into:sstable1/3e54c6e3-f034-41d2-8504-c176d41dc32d202605010137331777621059331581583.sst
2026-05-01 07:37:39:348 - Compaction completed: 
3029041:Task input_files: "datalog/201" input_files: "datalog/202" compactIntoNextLevel: true destinationLevel: 1 is dead (hb=30)
3029041:Found dead task input_files: "datalog/201" input_files: "datalog/202" compactIntoNextLevel: true destinationLevel: 1
3029041:COMPACT_START sstable=0 input_files: "datalog/201" input_files: "datalog/202" compactIntoNextLevel: true destinationLevel: 1
3029041:COMPACT_ABORT input_files: "datalog/201" input_files: "datalog/202" compactIntoNextLevel: true destinationLevel: 1
3029041:Task input_files: "datalog/209" input_files: "datalog/210" compactIntoNextLevel: true destinationLevel: 1 is dead (hb=30)
3029041:Found dead task input_files: "datalog/209" input_files: "datalog/210" compactIntoNextLevel: true destinationLevel: 1
3029041:COMPACT_START sstable=0 input_files: "datalog/209" input_files: "datalog/210" compactIntoNextLevel: true destinationLevel: 1
3029041:COMPACT_ABORT input_files: "datalog/209" input_files: "datalog/210" compactIntoNextLevel: true destinationLevel: 1
3029041:COMPACT_START sstable=0 input_files: "datalog/411" input_files: "datalog/412" compactIntoNextLevel: true destinationLevel: 1
2026-05-01 07:37:39:532 - Compaction started: 
139803785844288:Compacting datalog/411 datalog/412 into:sstable1/3e54c6e3-f034-41d2-8504-c176d41dc32d202605010137331777621059534593436.sst
2026-05-01 07:37:39:550 - Compaction completed: 
3029041:Task input_files: "datalog/217" input_files: "datalog/218" compactIntoNextLevel: true destinationLevel: 1 is dead (hb=30)
3029041:Found dead task input_files: "datalog/217" input_files: "datalog/218" compactIntoNextLevel: true destinationLevel: 1
3029041:COMPACT_START sstable=0 input_files: "datalog/217" input_files: "datalog/218" compactIntoNextLevel: true destinationLevel: 1
3029041:COMPACT_ABORT input_files: "datalog/217" input_files: "datalog/218" compactIntoNextLevel: true destinationLevel: 1
3029041:COMPACT_START sstable=0 input_files: "datalog/421" input_files: "datalog/422" compactIntoNextLevel: true destinationLevel: 1
3029041:COMPACT_ABORT input_files: "datalog/421" input_files: "datalog/422" compactIntoNextLevel: true destinationLevel: 1
3029041:COMPACT_START sstable=0 input_files: "datalog/427" input_files: "datalog/428" compactIntoNextLevel: true destinationLevel: 1
2026-05-01 07:37:39:835 - Compaction started: 
139803785844288:Compacting datalog/427 datalog/428 into:sstable1/3e54c6e3-f034-41d2-8504-c176d41dc32d202605010137331777621059837959311.sst
2026-05-01 07:37:39:852 - Compaction completed: 
3029041:Task input_files: "datalog/237" input_files: "datalog/238" compactIntoNextLevel: true destinationLevel: 1 is dead (hb=30)
3029041:Found dead task input_files: "datalog/237" input_files: "datalog/238" compactIntoNextLevel: true destinationLevel: 1
3029041:COMPACT_START sstable=0 input_files: "datalog/237" input_files: "datalog/238" compactIntoNextLevel: true destinationLevel: 1
3029041:COMPACT_ABORT input_files: "datalog/237" input_files: "datalog/238" compactIntoNextLevel: true destinationLevel: 1
3029041:Task input_files: "datalog/247" input_files: "datalog/248" compactIntoNextLevel: true destinationLevel: 1 is dead (hb=30)
3029041:Task input_files: "datalog/253" input_files: "datalog/254" compactIntoNextLevel: true destinationLevel: 1 is dead (hb=30)
3029041:Found dead task input_files: "datalog/253" input_files: "datalog/254" compactIntoNextLevel: true destinationLevel: 1
3029041:COMPACT_START sstable=0 input_files: "datalog/253" input_files: "datalog/254" compactIntoNextLevel: true destinationLevel: 1
3029041:COMPACT_ABORT input_files: "datalog/253" input_files: "datalog/254" compactIntoNextLevel: true destinationLevel: 1
3029041:Found dead task input_files: "datalog/247" input_files: "datalog/248" compactIntoNextLevel: true destinationLevel: 1
3029041:COMPACT_START sstable=0 input_files: "datalog/247" input_files: "datalog/248" compactIntoNextLevel: true destinationLevel: 1
3029041:COMPACT_ABORT input_files: "datalog/247" input_files: "datalog/248" compactIntoNextLevel: true destinationLevel: 1
3029041:COMPACT_START sstable=0 input_files: "datalog/437" input_files: "datalog/438" compactIntoNextLevel: true destinationLevel: 1
2026-05-01 07:37:40:139 - Compaction started: 
139803785844288:Compacting datalog/437 datalog/438 into:sstable1/3e54c6e3-f034-41d2-8504-c176d41dc32d202605010137331777621060142185629.sst
2026-05-01 07:37:40:156 - Compaction completed: 
3029041:Task input_files: "datalog/267" input_files: "datalog/268" compactIntoNextLevel: true destinationLevel: 1 is dead (hb=30)
3029041:Task input_files: "datalog/263" input_files: "datalog/264" compactIntoNextLevel: true destinationLevel: 1 is dead (hb=31)
3029041:Task input_files: "datalog/35" input_files: "datalog/36" compactIntoNextLevel: true destinationLevel: 1 is dead (hb=30)
3029041:Found dead task input_files: "datalog/35" input_files: "datalog/36" compactIntoNextLevel: true destinationLevel: 1
3029041:COMPACT_START sstable=0 input_files: "datalog/35" input_files: "datalog/36" compactIntoNextLevel: true destinationLevel: 1
3029041:COMPACT_ABORT input_files: "datalog/35" input_files: "datalog/36" compactIntoNextLevel: true destinationLevel: 1
3029041:Task input_files: "datalog/273" input_files: "datalog/274" compactIntoNextLevel: true destinationLevel: 1 is dead (hb=30)
3029041:Found dead task input_files: "datalog/273" input_files: "datalog/274" compactIntoNextLevel: true destinationLevel: 1
3029041:COMPACT_START sstable=0 input_files: "datalog/273" input_files: "datalog/274" compactIntoNextLevel: true destinationLevel: 1
3029041:COMPACT_ABORT input_files: "datalog/273" input_files: "datalog/274" compactIntoNextLevel: true destinationLevel: 1
3029041:COMPACT_START sstable=0 input_files: "datalog/447" input_files: "datalog/448" compactIntoNextLevel: true destinationLevel: 1
3029041:COMPACT_ABORT input_files: "datalog/447" input_files: "datalog/448" compactIntoNextLevel: true destinationLevel: 1
3029041:Task input_files: "datalog/293" input_files: "datalog/294" compactIntoNextLevel: true destinationLevel: 1 is dead (hb=30)
3029041:Task input_files: "datalog/291" input_files: "datalog/292" compactIntoNextLevel: true destinationLevel: 1 is dead (hb=30)
3029041:Task input_files: "datalog/285" input_files: "datalog/286" compactIntoNextLevel: true destinationLevel: 1 is dead (hb=30)
3029041:Task input_files: "datalog/47" input_files: "datalog/48" compactIntoNextLevel: true destinationLevel: 1 is dead (hb=30)
3029041:Task input_files: "datalog/45" input_files: "datalog/46" compactIntoNextLevel: true destinationLevel: 1 is dead (hb=30)
3029041:Found dead task input_files: "datalog/45" input_files: "datalog/46" compactIntoNextLevel: true destinationLevel: 1
3029041:COMPACT_START sstable=0 input_files: "datalog/45" input_files: "datalog/46" compactIntoNextLevel: true destinationLevel: 1
3029041:COMPACT_ABORT input_files: "datalog/45" input_files: "datalog/46" compactIntoNextLevel: true destinationLevel: 1
3029041:Task input_files: "datalog/297" input_files: "datalog/298" compactIntoNextLevel: true destinationLevel: 1 is dead (hb=30)
3029041:Task input_files: "datalog/289" input_files: "datalog/290" compactIntoNextLevel: true destinationLevel: 1 is dead (hb=30)
3029041:Task input_files: "datalog/295" input_files: "datalog/296" compactIntoNextLevel: true destinationLevel: 1 is dead (hb=30)
3029041:Found dead task input_files: "datalog/295" input_files: "datalog/296" compactIntoNextLevel: true destinationLevel: 1
3029041:COMPACT_START sstable=0 input_files: "datalog/295" input_files: "datalog/296" compactIntoNextLevel: true destinationLevel: 1
2026-05-01 07:37:40:645 - Compaction started: 
139803785844288:Compacting datalog/295 datalog/296 into:sstable1/3e54c6e3-f034-41d2-8504-c176d41dc32d202605010137331777621060648244429.sst
2026-05-01 07:37:40:664 - Compaction completed: 
3029041:Task input_files: "datalog/61" input_files: "datalog/62" compactIntoNextLevel: true destinationLevel: 1 is dead (hb=30)
3029041:Found dead task input_files: "datalog/61" input_files: "datalog/62" compactIntoNextLevel: true destinationLevel: 1
3029041:COMPACT_START sstable=0 input_files: "datalog/457" input_files: "datalog/458" compactIntoNextLevel: true destinationLevel: 1
2026-05-01 07:37:40:747 - Compaction started: 
139803785844288:Compacting datalog/457 datalog/458 into:sstable1/3e54c6e3-f034-41d2-8504-c176d41dc32d202605010137331777621060750132828.sst
2026-05-01 07:37:40:764 - Compaction completed: 
3029041:Task input_files: "datalog/309" input_files: "datalog/310" compactIntoNextLevel: true destinationLevel: 1 is dead (hb=30)
3029041:Task input_files: "datalog/73" input_files: "datalog/74" compactIntoNextLevel: true destinationLevel: 1 is dead (hb=30)
3029041:Found dead task input_files: "datalog/73" input_files: "datalog/74" compactIntoNextLevel: true destinationLevel: 1
3029041:COMPACT_START sstable=0 input_files: "datalog/73" input_files: "datalog/74" compactIntoNextLevel: true destinationLevel: 1
2026-05-01 07:37:40:849 - Compaction started: 
139803785844288:Compacting datalog/73 datalog/74 into:sstable1/3e54c6e3-f034-41d2-8504-c176d41dc32d202605010137331777621060852031726.sst
2026-05-01 07:37:40:870 - Compaction completed: 
3029041:COMPACT_START sstable=0 input_files: "datalog/463" input_files: "datalog/464" compactIntoNextLevel: true destinationLevel: 1
2026-05-01 07:37:40:950 - Compaction started: 
139803785844288:Compacting datalog/463 datalog/464 into:sstable1/3e54c6e3-f034-41d2-8504-c176d41dc32d202605010137331777621060953207659.sst
2026-05-01 07:37:40:968 - Compaction completed: 
3029041:Task input_files: "datalog/321" input_files: "datalog/322" compactIntoNextLevel: true destinationLevel: 1 is dead (hb=30)
3029041:Found dead task input_files: "datalog/321" input_files: "datalog/322" compactIntoNextLevel: true destinationLevel: 1
3029041:COMPACT_START sstable=0 input_files: "datalog/321" input_files: "datalog/322" compactIntoNextLevel: true destinationLevel: 1
2026-05-01 07:37:41:051 - Compaction started: 
139803785844288:Compacting datalog/321 datalog/322 into:sstable1/3e54c6e3-f034-41d2-8504-c176d41dc32d202605010137331777621061054163289.sst
2026-05-01 07:37:41:069 - Compaction completed: 
3029041:Task input_files: "datalog/327" input_files: "datalog/328" compactIntoNextLevel: true destinationLevel: 1 is dead (hb=30)
3029041:Found dead task input_files: "datalog/327" input_files: "datalog/328" compactIntoNextLevel: true destinationLevel: 1
3029041:COMPACT_START sstable=0 input_files: "datalog/327" input_files: "datalog/328" compactIntoNextLevel: true destinationLevel: 1
2026-05-01 07:37:41:155 - Compaction started: 
139803785844288:Compacting datalog/327 datalog/328 into:sstable1/3e54c6e3-f034-41d2-8504-c176d41dc32d202605010137331777621061157825863.sst
2026-05-01 07:37:41:173 - Compaction completed: 
3029041:Task input_files: "datalog/105" input_files: "datalog/106" compactIntoNextLevel: true destinationLevel: 1 is dead (hb=30)
3029041:Found dead task input_files: "datalog/105" input_files: "datalog/106" compactIntoNextLevel: true destinationLevel: 1
3029041:COMPACT_START sstable=0 input_files: "datalog/105" input_files: "datalog/106" compactIntoNextLevel: true destinationLevel: 1
3029041:COMPACT_ABORT input_files: "datalog/105" input_files: "datalog/106" compactIntoNextLevel: true destinationLevel: 1
3029041:Task input_files: "datalog/111" input_files: "datalog/112" compactIntoNextLevel: true destinationLevel: 1 is dead (hb=30)
3029041:Task input_files: "datalog/115" input_files: "datalog/116" compactIntoNextLevel: true destinationLevel: 1 is dead (hb=30)
3029041:Task input_files: "datalog/113" input_files: "datalog/114" compactIntoNextLevel: true destinationLevel: 1 is dead (hb=30)
3029041:Task input_files: "datalog/107" input_files: "datalog/108" compactIntoNextLevel: true destinationLevel: 1 is dead (hb=30)
3029041:Found dead task input_files: "datalog/107" input_files: "datalog/108" compactIntoNextLevel: true destinationLevel: 1
3029041:COMPACT_START sstable=0 input_files: "datalog/107" input_files: "datalog/108" compactIntoNextLevel: true destinationLevel: 1
2026-05-01 07:37:41:358 - Compaction started: 
139803785844288:Compacting datalog/107 datalog/108 into:sstable1/3e54c6e3-f034-41d2-8504-c176d41dc32d202605010137331777621061362049738.sst
2026-05-01 07:37:41:379 - Compaction completed: 
3029041:Task input_files: "datalog/343" input_files: "datalog/344" compactIntoNextLevel: true destinationLevel: 1 is dead (hb=30)
3029041:Found dead task input_files: "datalog/343" input_files: "datalog/344" compactIntoNextLevel: true destinationLevel: 1
3029041:COMPACT_START sstable=0 input_files: "datalog/343" input_files: "datalog/344" compactIntoNextLevel: true destinationLevel: 1
3029041:COMPACT_ABORT input_files: "datalog/343" input_files: "datalog/344" compactIntoNextLevel: true destinationLevel: 1
3029041:Task input_files: "datalog/131" input_files: "datalog/132" compactIntoNextLevel: true destinationLevel: 1 is dead (hb=30)
3029041:Found dead task input_files: "datalog/131" input_files: "datalog/132" compactIntoNextLevel: true destinationLevel: 1
3029041:COMPACT_START sstable=0 input_files: "datalog/131" input_files: "datalog/132" compactIntoNextLevel: true destinationLevel: 1
2026-05-01 07:37:41:563 - Compaction started: 
139803785844288:Compacting datalog/131 datalog/132 into:sstable1/3e54c6e3-f034-41d2-8504-c176d41dc32d202605010137331777621061566014237.sst
2026-05-01 07:37:41:584 - Compaction completed: 
3029041:Task input_files: "datalog/355" input_files: "datalog/356" compactIntoNextLevel: true destinationLevel: 1 is dead (hb=30)
3029041:Task input_files: "datalog/359" input_files: "datalog/360" compactIntoNextLevel: true destinationLevel: 1 is dead (hb=30)
3029041:Task input_files: "datalog/135" input_files: "datalog/136" compactIntoNextLevel: true destinationLevel: 1 is dead (hb=30)
3029041:Found dead task input_files: "datalog/135" input_files: "datalog/136" compactIntoNextLevel: true destinationLevel: 1
3029041:Found dead task input_files: "datalog/359" input_files: "datalog/360" compactIntoNextLevel: true destinationLevel: 1
3029041:COMPACT_START sstable=0 input_files: "datalog/359" input_files: "datalog/360" compactIntoNextLevel: true destinationLevel: 1
3029041:COMPACT_ABORT input_files: "datalog/359" input_files: "datalog/360" compactIntoNextLevel: true destinationLevel: 1
3029041:Task input_files: "datalog/365" input_files: "datalog/366" compactIntoNextLevel: true destinationLevel: 1 is dead (hb=30)
3029041:Found dead task input_files: "datalog/365" input_files: "datalog/366" compactIntoNextLevel: true destinationLevel: 1
3029041:COMPACT_START sstable=0 input_files: "datalog/365" input_files: "datalog/366" compactIntoNextLevel: true destinationLevel: 1
3029041:COMPACT_ABORT input_files: "datalog/365" input_files: "datalog/366" compactIntoNextLevel: true destinationLevel: 1
3029041:Task input_files: "datalog/161" input_files: "datalog/162" compactIntoNextLevel: true destinationLevel: 1 is dead (hb=30)
3029041:Task input_files: "datalog/163" input_files: "datalog/164" compactIntoNextLevel: true destinationLevel: 1 is dead (hb=30)
3029041:Found dead task input_files: "datalog/163" input_files: "datalog/164" compactIntoNextLevel: true destinationLevel: 1
3029041:COMPACT_START sstable=0 input_files: "datalog/163" input_files: "datalog/164" compactIntoNextLevel: true destinationLevel: 1
2026-05-01 07:37:41:870 - Compaction started: 
139803785844288:Compacting datalog/163 datalog/164 into:sstable1/3e54c6e3-f034-41d2-8504-c176d41dc32d202605010137331777621061873953505.sst
2026-05-01 07:37:41:891 - Compaction completed: 
3029041:COMPACT_START sstable=0 input_files: "datalog/507" input_files: "datalog/508" compactIntoNextLevel: true destinationLevel: 1
3029041:COMPACT_ABORT input_files: "datalog/507" input_files: "datalog/508" compactIntoNextLevel: true destinationLevel: 1
3029041:Task input_files: "datalog/381" input_files: "datalog/382" compactIntoNextLevel: true destinationLevel: 1 is dead (hb=30)
3029041:Found dead task input_files: "datalog/381" input_files: "datalog/382" compactIntoNextLevel: true destinationLevel: 1
3029041:COMPACT_START sstable=0 input_files: "datalog/381" input_files: "datalog/382" compactIntoNextLevel: true destinationLevel: 1
2026-05-01 07:37:42:072 - Compaction started: 
139803785844288:Compacting datalog/381 datalog/382 into:sstable1/3e54c6e3-f034-41d2-8504-c176d41dc32d202605010137331777621062075057752.sst
2026-05-01 07:37:42:090 - Compaction completed: 
3029041:Task input_files: "datalog/391" input_files: "datalog/392" compactIntoNextLevel: true destinationLevel: 1 is dead (hb=30)
3029041:Found dead task input_files: "datalog/391" input_files: "datalog/392" compactIntoNextLevel: true destinationLevel: 1
3029041:COMPACT_START sstable=0 input_files: "datalog/391" input_files: "datalog/392" compactIntoNextLevel: true destinationLevel: 1
2026-05-01 07:37:42:174 - Compaction started: 
139803785844288:Compacting datalog/391 datalog/392 into:sstable1/3e54c6e3-f034-41d2-8504-c176d41dc32d202605010137331777621062177354987.sst
2026-05-01 07:37:42:192 - Compaction completed: 
3029041:Task input_files: "datalog/199" input_files: "datalog/200" compactIntoNextLevel: true destinationLevel: 1 is dead (hb=30)
3029041:Task input_files: "datalog/397" input_files: "datalog/398" compactIntoNextLevel: true destinationLevel: 1 is dead (hb=30)
3029041:Task input_files: "datalog/399" input_files: "datalog/400" compactIntoNextLevel: true destinationLevel: 1 is dead (hb=30)
3029041:Found dead task input_files: "datalog/399" input_files: "datalog/400" compactIntoNextLevel: true destinationLevel: 1
3029041:COMPACT_START sstable=0 input_files: "datalog/399" input_files: "datalog/400" compactIntoNextLevel: true destinationLevel: 1
2026-05-01 07:37:42:276 - Compaction started: 
139803785844288:Compacting datalog/399 datalog/400 into:sstable1/3e54c6e3-f034-41d2-8504-c176d41dc32d202605010137331777621062279151202.sst
2026-05-01 07:37:42:295 - Compaction completed: 
3029041:Task input_files: "datalog/401" input_files: "datalog/402" compactIntoNextLevel: true destinationLevel: 1 is dead (hb=30)
3029041:Found dead task input_files: "datalog/401" input_files: "datalog/402" compactIntoNextLevel: true destinationLevel: 1
3029041:COMPACT_START sstable=0 input_files: "datalog/401" input_files: "datalog/402" compactIntoNextLevel: true destinationLevel: 1
3029041:COMPACT_ABORT input_files: "datalog/401" input_files: "datalog/402" compactIntoNextLevel: true destinationLevel: 1
3029041:Task input_files: "datalog/209" input_files: "datalog/210" compactIntoNextLevel: true destinationLevel: 1 is dead (hb=30)
3029041:Task input_files: "datalog/201" input_files: "datalog/202" compactIntoNextLevel: true destinationLevel: 1 is dead (hb=30)
3029041:Task input_files: "datalog/405" input_files: "datalog/406" compactIntoNextLevel: true destinationLevel: 1 is dead (hb=30)
3029041:Found dead task input_files: "datalog/405" input_files: "datalog/406" compactIntoNextLevel: true destinationLevel: 1
3029041:COMPACT_START sstable=0 input_files: "datalog/405" input_files: "datalog/406" compactIntoNextLevel: true destinationLevel: 1
2026-05-01 07:37:42:479 - Compaction started: 
139803785844288:Compacting datalog/405 datalog/406 into:sstable1/3e54c6e3-f034-41d2-8504-c176d41dc32d202605010137331777621062482600716.sst
2026-05-01 07:37:42:499 - Compaction completed: 
3029041:Task input_files: "datalog/205" input_files: "datalog/206" compactIntoNextLevel: true destinationLevel: 1 is dead (hb=30)
3029041:Found dead task input_files: "datalog/205" input_files: "datalog/206" compactIntoNextLevel: true destinationLevel: 1
3029041:COMPACT_START sstable=0 input_files: "datalog/205" input_files: "datalog/206" compactIntoNextLevel: true destinationLevel: 1
2026-05-01 07:37:42:580 - Compaction started: 
139803785844288:Compacting datalog/205 datalog/206 into:sstable1/3e54c6e3-f034-41d2-8504-c176d41dc32d202605010137331777621062583442362.sst
2026-05-01 07:37:42:601 - Compaction completed: 
3029041:Task input_files: "datalog/217" input_files: "datalog/218" compactIntoNextLevel: true destinationLevel: 1 is dead (hb=30)
3029041:Found dead task input_files: "datalog/217" input_files: "datalog/218" compactIntoNextLevel: true destinationLevel: 1
3029041:COMPACT_START sstable=0 input_files: "datalog/217" input_files: "datalog/218" compactIntoNextLevel: true destinationLevel: 1
3029041:COMPACT_ABORT input_files: "datalog/217" input_files: "datalog/218" compactIntoNextLevel: true destinationLevel: 1
3029041:Task input_files: "datalog/231" input_files: "datalog/232" compactIntoNextLevel: true destinationLevel: 1 is dead (hb=30)
3029041:Task input_files: "datalog/421" input_files: "datalog/422" compactIntoNextLevel: true destinationLevel: 1 is dead (hb=30)
3029041:Task input_files: "datalog/221" input_files: "datalog/222" compactIntoNextLevel: true destinationLevel: 1 is dead (hb=30)
3029041:Found dead task input_files: "datalog/221" input_files: "datalog/222" compactIntoNextLevel: true destinationLevel: 1
3029041:COMPACT_START sstable=0 input_files: "datalog/221" input_files: "datalog/222" compactIntoNextLevel: true destinationLevel: 1
3029041:COMPACT_ABORT input_files: "datalog/221" input_files: "datalog/222" compactIntoNextLevel: true destinationLevel: 1
3029041:Found dead task input_files: "datalog/421" input_files: "datalog/422" compactIntoNextLevel: true destinationLevel: 1
3029041:COMPACT_START sstable=0 input_files: "datalog/421" input_files: "datalog/422" compactIntoNextLevel: true destinationLevel: 1
3029041:COMPACT_ABORT input_files: "datalog/421" input_files: "datalog/422" compactIntoNextLevel: true destinationLevel: 1
3029041:COMPACT_START sstable=0 input_files: "datalog/559" input_files: "datalog/560" compactIntoNextLevel: true destinationLevel: 1
2026-05-01 07:37:42:884 - Compaction started: 
139803785844288:Compacting datalog/559 datalog/560 into:sstable1/3e54c6e3-f034-41d2-8504-c176d41dc32d202605010137331777621062887809764.sst
2026-05-01 07:37:42:902 - Compaction completed: 
3029041:Task input_files: "datalog/253" input_files: "datalog/254" compactIntoNextLevel: true destinationLevel: 1 is dead (hb=30)
3029041:Task input_files: "datalog/237" input_files: "datalog/238" compactIntoNextLevel: true destinationLevel: 1 is dead (hb=30)
3029041:Found dead task input_files: "datalog/237" input_files: "datalog/238" compactIntoNextLevel: true destinationLevel: 1
3029041:Found dead task input_files: "datalog/253" input_files: "datalog/254" compactIntoNextLevel: true destinationLevel: 1
3029041:COMPACT_START sstable=0 input_files: "datalog/565" input_files: "datalog/566" compactIntoNextLevel: true destinationLevel: 1
3029041:COMPACT_ABORT input_files: "datalog/565" input_files: "datalog/566" compactIntoNextLevel: true destinationLevel: 1
3029041:COMPACT_START sstable=0 input_files: "datalog/569" input_files: "datalog/570" compactIntoNextLevel: true destinationLevel: 1
2026-05-01 07:37:43:088 - Compaction started: 
139803785844288:Compacting datalog/569 datalog/570 into:sstable1/3e54c6e3-f034-41d2-8504-c176d41dc32d202605010137331777621063091125717.sst
2026-05-01 07:37:43:105 - Compaction completed: 
3029041:COMPACT_START sstable=0 input_files: "datalog/573" input_files: "datalog/574" compactIntoNextLevel: true destinationLevel: 1
2026-05-01 07:37:43:189 - Compaction started: 
139803785844288:Compacting datalog/573 datalog/574 into:sstable1/3e54c6e3-f034-41d2-8504-c176d41dc32d202605010137331777621063192795356.sst
2026-05-01 07:37:43:207 - Compaction completed: 
3029041:COMPACT_START sstable=0 input_files: "datalog/579" input_files: "datalog/580" compactIntoNextLevel: true destinationLevel: 1
2026-05-01 07:37:43:291 - Compaction started: 
139803785844288:Compacting datalog/579 datalog/580 into:sstable1/3e54c6e3-f034-41d2-8504-c176d41dc32d202605010137331777621063293722833.sst
2026-05-01 07:37:43:308 - Compaction completed: 
3029041:COMPACT_START sstable=0 input_files: "datalog/585" input_files: "datalog/586" compactIntoNextLevel: true destinationLevel: 1
3029041:COMPACT_ABORT input_files: "datalog/585" input_files: "datalog/586" compactIntoNextLevel: true destinationLevel: 1
3029041:COMPACT_START sstable=0 input_files: "datalog/587" input_files: "datalog/588" compactIntoNextLevel: true destinationLevel: 1
2026-05-01 07:37:43:393 - Compaction started: 
139803785844288:Compacting datalog/587 datalog/588 into:sstable1/3e54c6e3-f034-41d2-8504-c176d41dc32d202605010137331777621063395909941.sst
2026-05-01 07:37:43:410 - Compaction completed: 
3029041:COMPACT_START sstable=0 input_files: "datalog/597" input_files: "datalog/598" compactIntoNextLevel: true destinationLevel: 1
2026-05-01 07:37:43:494 - Compaction started: 
139803785844288:Compacting datalog/597 datalog/598 into:sstable1/3e54c6e3-f034-41d2-8504-c176d41dc32d202605010137331777621063497057471.sst
2026-05-01 07:37:43:511 - Compaction completed: 
3029041:COMPACT_START sstable=0 input_files: "datalog/603" input_files: "datalog/604" compactIntoNextLevel: true destinationLevel: 1
2026-05-01 07:37:43:595 - Compaction started: 
139803785844288:Compacting datalog/603 datalog/604 into:sstable1/3e54c6e3-f034-41d2-8504-c176d41dc32d202605010137331777621063598549717.sst
2026-05-01 07:37:43:613 - Compaction completed: 
3029041:Task input_files: "datalog/453" input_files: "datalog/454" compactIntoNextLevel: true destinationLevel: 1 is dead (hb=30)
3029041:Found dead task input_files: "datalog/453" input_files: "datalog/454" compactIntoNextLevel: true destinationLevel: 1
3029041:COMPACT_START sstable=0 input_files: "datalog/453" input_files: "datalog/454" compactIntoNextLevel: true destinationLevel: 1
2026-05-01 07:37:43:697 - Compaction started: 
139803785844288:Compacting datalog/453 datalog/454 into:sstable1/3e54c6e3-f034-41d2-8504-c176d41dc32d202605010137331777621063699697326.sst
2026-05-01 07:37:43:714 - Compaction completed: 
3029041:COMPACT_START sstable=0 input_files: "datalog/611" input_files: "datalog/612" compactIntoNextLevel: true destinationLevel: 1
2026-05-01 07:37:43:798 - Compaction started: 
139803785844288:Compacting datalog/611 datalog/612 into:sstable1/3e54c6e3-f034-41d2-8504-c176d41dc32d202605010137331777621063801172290.sst
2026-05-01 07:37:43:815 - Compaction completed: 
3029041:COMPACT_START sstable=0 input_files: "datalog/617" input_files: "datalog/618" compactIntoNextLevel: true destinationLevel: 1
3029041:COMPACT_ABORT input_files: "datalog/617" input_files: "datalog/618" compactIntoNextLevel: true destinationLevel: 1
3029041:COMPACT_START sstable=0 input_files: "datalog/619" input_files: "datalog/620" compactIntoNextLevel: true destinationLevel: 1
2026-05-01 07:37:43:900 - Compaction started: 
139803785844288:Compacting datalog/619 datalog/620 into:sstable1/3e54c6e3-f034-41d2-8504-c176d41dc32d202605010137331777621063902691977.sst
2026-05-01 07:37:43:916 - Compaction completed: 
3029041:COMPACT_START sstable=0 input_files: "datalog/625" input_files: "datalog/626" compactIntoNextLevel: true destinationLevel: 1
2026-05-01 07:37:44:001 - Compaction started: 
139803785844288:Compacting datalog/625 datalog/626 into:sstable1/3e54c6e3-f034-41d2-8504-c176d41dc32d202605010137331777621064004155379.sst
2026-05-01 07:37:44:017 - Compaction completed: 
3029041:COMPACT_START sstable=0 input_files: "datalog/631" input_files: "datalog/632" compactIntoNextLevel: true destinationLevel: 1
2026-05-01 07:37:44:102 - Compaction started: 
139803785844288:Compacting datalog/631 datalog/632 into:sstable1/3e54c6e3-f034-41d2-8504-c176d41dc32d202605010137331777621064105539813.sst
2026-05-01 07:37:44:120 - Compaction completed: 
3029041:Task input_files: "datalog/465" input_files: "datalog/466" compactIntoNextLevel: true destinationLevel: 1 is dead (hb=30)
3029041:Found dead task input_files: "datalog/465" input_files: "datalog/466" compactIntoNextLevel: true destinationLevel: 1
3029041:COMPACT_START sstable=0 input_files: "datalog/465" input_files: "datalog/466" compactIntoNextLevel: true destinationLevel: 1
3029041:COMPACT_ABORT input_files: "datalog/465" input_files: "datalog/466" compactIntoNextLevel: true destinationLevel: 1
3029041:COMPACT_START sstable=0 input_files: "datalog/633" input_files: "datalog/634" compactIntoNextLevel: true destinationLevel: 1
3029041:COMPACT_ABORT input_files: "datalog/633" input_files: "datalog/634" compactIntoNextLevel: true destinationLevel: 1
3029041:COMPACT_START sstable=0 input_files: "datalog/639" input_files: "datalog/640" compactIntoNextLevel: true destinationLevel: 1
2026-05-01 07:37:44:305 - Compaction started: 
139803785844288:Compacting datalog/639 datalog/640 into:sstable1/3e54c6e3-f034-41d2-8504-c176d41dc32d202605010137331777621064308423936.sst
2026-05-01 07:37:44:322 - Compaction completed: 
3029041:Task input_files: "datalog/105" input_files: "datalog/106" compactIntoNextLevel: true destinationLevel: 1 is dead (hb=30)
3029041:Found dead task input_files: "datalog/105" input_files: "datalog/106" compactIntoNextLevel: true destinationLevel: 1
3029041:COMPACT_START sstable=0 input_files: "datalog/105" input_files: "datalog/106" compactIntoNextLevel: true destinationLevel: 1
2026-05-01 07:37:44:407 - Compaction started: 
139803785844288:Compacting datalog/105 datalog/106 into:sstable1/3e54c6e3-f034-41d2-8504-c176d41dc32d202605010137331777621064410683360.sst
2026-05-01 07:37:44:428 - Compaction completed: 
3029041:COMPACT_START sstable=0 input_files: "datalog/649" input_files: "datalog/650" compactIntoNextLevel: true destinationLevel: 1
3029041:COMPACT_ABORT input_files: "datalog/649" input_files: "datalog/650" compactIntoNextLevel: true destinationLevel: 1
3029041:COMPACT_START sstable=0 input_files: "datalog/651" input_files: "datalog/652" compactIntoNextLevel: true destinationLevel: 1
3029041:COMPACT_ABORT input_files: "datalog/651" input_files: "datalog/652" compactIntoNextLevel: true destinationLevel: 1
3029041:COMPACT_START sstable=0 input_files: "datalog/655" input_files: "datalog/656" compactIntoNextLevel: true destinationLevel: 1
2026-05-01 07:37:44:611 - Compaction started: 
139803785844288:Compacting datalog/655 datalog/656 into:sstable1/3e54c6e3-f034-41d2-8504-c176d41dc32d202605010137331777621064613895048.sst
2026-05-01 07:37:44:627 - Compaction completed: 
3029041:COMPACT_START sstable=0 input_files: "datalog/663" input_files: "datalog/664" compactIntoNextLevel: true destinationLevel: 1
3029041:COMPACT_ABORT input_files: "datalog/663" input_files: "datalog/664" compactIntoNextLevel: true destinationLevel: 1
3029041:Task input_files: "datalog/359" input_files: "datalog/360" compactIntoNextLevel: true destinationLevel: 1 is dead (hb=30)
3029041:Found dead task input_files: "datalog/359" input_files: "datalog/360" compactIntoNextLevel: true destinationLevel: 1
3029041:COMPACT_START sstable=0 input_files: "datalog/359" input_files: "datalog/360" compactIntoNextLevel: true destinationLevel: 1
2026-05-01 07:37:44:814 - Compaction started: 
139803785844288:Compacting datalog/359 datalog/360 into:sstable1/3e54c6e3-f034-41d2-8504-c176d41dc32d202605010137331777621064817649282.sst
2026-05-01 07:37:44:834 - Compaction completed: 
3029041:COMPACT_START sstable=0 input_files: "datalog/677" input_files: "datalog/678" compactIntoNextLevel: true destinationLevel: 1
2026-05-01 07:37:44:917 - Compaction started: 
139803785844288:Compacting datalog/677 datalog/678 into:sstable1/3e54c6e3-f034-41d2-8504-c176d41dc32d202605010137331777621064919982465.sst
2026-05-01 07:37:44:933 - Compaction completed: 
3029041:COMPACT_START sstable=0 input_files: "datalog/687" input_files: "datalog/688" compactIntoNextLevel: true destinationLevel: 1
3029041:COMPACT_ABORT input_files: "datalog/687" input_files: "datalog/688" compactIntoNextLevel: true destinationLevel: 1
3029041:Task input_files: "datalog/385" input_files: "datalog/386" compactIntoNextLevel: true destinationLevel: 1 is dead (hb=30)
3029041:Task input_files: "datalog/507" input_files: "datalog/508" compactIntoNextLevel: true destinationLevel: 1 is dead (hb=30)
3029041:Found dead task input_files: "datalog/507" input_files: "datalog/508" compactIntoNextLevel: true destinationLevel: 1
3029041:COMPACT_START sstable=0 input_files: "datalog/507" input_files: "datalog/508" compactIntoNextLevel: true destinationLevel: 1
3029041:COMPACT_ABORT input_files: "datalog/507" input_files: "datalog/508" compactIntoNextLevel: true destinationLevel: 1
3029041:Found dead task input_files: "datalog/385" input_files: "datalog/386" compactIntoNextLevel: true destinationLevel: 1
3029041:COMPACT_START sstable=0 input_files: "datalog/385" input_files: "datalog/386" compactIntoNextLevel: true destinationLevel: 1
2026-05-01 07:37:45:120 - Compaction started: 
139803785844288:Compacting datalog/385 datalog/386 into:sstable1/3e54c6e3-f034-41d2-8504-c176d41dc32d202605010137331777621065124309973.sst
2026-05-01 07:37:45:140 - Compaction completed: 
3029041:COMPACT_START sstable=0 input_files: "datalog/691" input_files: "datalog/692" compactIntoNextLevel: true destinationLevel: 1
2026-05-01 07:37:45:223 - Compaction started: 
139803785844288:Compacting datalog/691 datalog/692 into:sstable1/3e54c6e3-f034-41d2-8504-c176d41dc32d202605010137331777621065225905443.sst
2026-05-01 07:37:45:240 - Compaction completed: 
3029041:COMPACT_START sstable=0 input_files: "datalog/693" input_files: "datalog/694" compactIntoNextLevel: true destinationLevel: 1
2026-05-01 07:37:45:325 - Compaction started: 
139803785844288:Compacting datalog/693 datalog/694 into:sstable1/3e54c6e3-f034-41d2-8504-c176d41dc32d202605010137331777621065328528107.sst
2026-05-01 07:37:45:343 - Compaction completed: 
3029041:COMPACT_START sstable=0 input_files: "datalog/707" input_files: "datalog/708" compactIntoNextLevel: true destinationLevel: 1
3029041:COMPACT_ABORT input_files: "datalog/707" input_files: "datalog/708" compactIntoNextLevel: true destinationLevel: 1
3029041:COMPACT_START sstable=0 input_files: "datalog/725" input_files: "datalog/726" compactIntoNextLevel: true destinationLevel: 1
2026-05-01 07:37:45:529 - Compaction started: 
139803785844288:Compacting datalog/725 datalog/726 into:sstable1/3e54c6e3-f034-41d2-8504-c176d41dc32d202605010137331777621065531738513.sst
2026-05-01 07:37:45:545 - Compaction completed: 
3029041:COMPACT_START sstable=0 input_files: "datalog/731" input_files: "datalog/732" compactIntoNextLevel: true destinationLevel: 1
3029041:COMPACT_ABORT input_files: "datalog/731" input_files: "datalog/732" compactIntoNextLevel: true destinationLevel: 1
3029041:COMPACT_START sstable=0 input_files: "datalog/733" input_files: "datalog/734" compactIntoNextLevel: true destinationLevel: 1
3029041:COMPACT_ABORT input_files: "datalog/733" input_files: "datalog/734" compactIntoNextLevel: true destinationLevel: 1
3029041:COMPACT_START sstable=0 input_files: "datalog/737" input_files: "datalog/738" compactIntoNextLevel: true destinationLevel: 1
3029041:COMPACT_ABORT input_files: "datalog/737" input_files: "datalog/738" compactIntoNextLevel: true destinationLevel: 1
3029041:COMPACT_START sstable=0 input_files: "datalog/743" input_files: "datalog/744" compactIntoNextLevel: true destinationLevel: 1
2026-05-01 07:37:45:935 - Compaction started: 
139803785844288:Compacting datalog/743 datalog/744 into:sstable1/3e54c6e3-f034-41d2-8504-c176d41dc32d202605010137331777621065938154714.sst
2026-05-01 07:37:45:951 - Compaction completed: 
3029041:COMPACT_START sstable=0 input_files: "datalog/749" input_files: "datalog/750" compactIntoNextLevel: true destinationLevel: 1
3029041:COMPACT_ABORT input_files: "datalog/749" input_files: "datalog/750" compactIntoNextLevel: true destinationLevel: 1
3029041:COMPACT_START sstable=0 input_files: "datalog/751" input_files: "datalog/752" compactIntoNextLevel: true destinationLevel: 1
3029041:COMPACT_ABORT input_files: "datalog/751" input_files: "datalog/752" compactIntoNextLevel: true destinationLevel: 1
3029041:COMPACT_START sstable=0 input_files: "datalog/753" input_files: "datalog/754" compactIntoNextLevel: true destinationLevel: 1
2026-05-01 07:37:46:139 - Compaction started: 
139803785844288:Compacting datalog/753 datalog/754 into:sstable1/3e54c6e3-f034-41d2-8504-c176d41dc32d202605010137331777621066141982998.sst
2026-05-01 07:37:46:154 - Compaction completed: 
3029041:COMPACT_START sstable=0 input_files: "datalog/757" input_files: "datalog/758" compactIntoNextLevel: true destinationLevel: 1
2026-05-01 07:37:46:241 - Compaction started: 
139803785844288:Compacting datalog/757 datalog/758 into:sstable1/3e54c6e3-f034-41d2-8504-c176d41dc32d202605010137331777621066244422670.sst
2026-05-01 07:37:46:257 - Compaction completed: 
3029041:COMPACT_START sstable=0 input_files: "datalog/765" input_files: "datalog/766" compactIntoNextLevel: true destinationLevel: 1
2026-05-01 07:37:46:344 - Compaction started: 
139803785844288:Compacting datalog/765 datalog/766 into:sstable1/3e54c6e3-f034-41d2-8504-c176d41dc32d202605010137331777621066346933315.sst
2026-05-01 07:37:46:360 - Compaction completed: 
3029041:COMPACT_START sstable=0 input_files: "datalog/771" input_files: "datalog/772" compactIntoNextLevel: true destinationLevel: 1
3029041:COMPACT_ABORT input_files: "datalog/771" input_files: "datalog/772" compactIntoNextLevel: true destinationLevel: 1
3029041:Task input_files: "datalog/583" input_files: "datalog/584" compactIntoNextLevel: true destinationLevel: 1 is dead (hb=30)
3029041:Found dead task input_files: "datalog/583" input_files: "datalog/584" compactIntoNextLevel: true destinationLevel: 1
3029041:Task input_files: "datalog/599" input_files: "datalog/600" compactIntoNextLevel: true destinationLevel: 1 is dead (hb=30)
3029041:Task input_files: "datalog/589" input_files: "datalog/590" compactIntoNextLevel: true destinationLevel: 1 is dead (hb=30)
3029041:COMPACT_START sstable=0 input_files: "datalog/583" input_files: "datalog/584" compactIntoNextLevel: true destinationLevel: 1
3029041:COMPACT_ABORT input_files: "datalog/583" input_files: "datalog/584" compactIntoNextLevel: true destinationLevel: 1
3029041:Found dead task input_files: "datalog/589" input_files: "datalog/590" compactIntoNextLevel: true destinationLevel: 1
3029041:COMPACT_START sstable=0 input_files: "datalog/589" input_files: "datalog/590" compactIntoNextLevel: true destinationLevel: 1
2026-05-01 07:37:46:549 - Compaction started: 
139803785844288:Compacting datalog/589 datalog/590 into:sstable1/3e54c6e3-f034-41d2-8504-c176d41dc32d202605010137331777621066552237184.sst
2026-05-01 07:37:46:568 - Compaction completed: 
3029041:Found dead task input_files: "datalog/599" input_files: "datalog/600" compactIntoNextLevel: true destinationLevel: 1
3029041:COMPACT_START sstable=0 input_files: "datalog/599" input_files: "datalog/600" compactIntoNextLevel: true destinationLevel: 1
2026-05-01 07:37:46:687 - Compaction started: 
139803785844288:Compacting datalog/599 datalog/600 into:sstable1/3e54c6e3-f034-41d2-8504-c176d41dc32d202605010137331777621066690311987.sst
2026-05-01 07:37:46:704 - Compaction completed: 
3029041:COMPACT_START sstable=0 input_files: "datalog/777" input_files: "datalog/778" compactIntoNextLevel: true destinationLevel: 1
2026-05-01 07:37:46:790 - Compaction started: 
139803785844288:Compacting datalog/777 datalog/778 into:sstable1/3e54c6e3-f034-41d2-8504-c176d41dc32d202605010137331777621066792854511.sst
2026-05-01 07:37:46:807 - Compaction completed: 
3029041:COMPACT_START sstable=0 input_files: "datalog/779" input_files: "datalog/780" compactIntoNextLevel: true destinationLevel: 1
2026-05-01 07:37:46:892 - Compaction started: 
139803785844288:Compacting datalog/779 datalog/780 into:sstable1/3e54c6e3-f034-41d2-8504-c176d41dc32d202605010137331777621066897392196.sst
2026-05-01 07:37:46:967 - Compaction completed: 
3029041:COMPACT_START sstable=0 input_files: "datalog/787" input_files: "datalog/788" compactIntoNextLevel: true destinationLevel: 1
2026-05-01 07:37:46:995 - Compaction started: 
139803785844288:Compacting datalog/787 datalog/788 into:sstable1/3e54c6e3-f034-41d2-8504-c176d41dc32d202605010137331777621066998690148.sst
2026-05-01 07:37:47:012 - Compaction completed: 
3029041:COMPACT_START sstable=0 input_files: "datalog/793" input_files: "datalog/794" compactIntoNextLevel: true destinationLevel: 1
3029041:COMPACT_ABORT input_files: "datalog/793" input_files: "datalog/794" compactIntoNextLevel: true destinationLevel: 1
3029041:COMPACT_START sstable=0 input_files: "datalog/803" input_files: "datalog/804" compactIntoNextLevel: true destinationLevel: 1
3029041:COMPACT_ABORT input_files: "datalog/803" input_files: "datalog/804" compactIntoNextLevel: true destinationLevel: 1
3029041:Task input_files: "datalog/635" input_files: "datalog/636" compactIntoNextLevel: true destinationLevel: 1 is dead (hb=30)
3029041:Found dead task input_files: "datalog/635" input_files: "datalog/636" compactIntoNextLevel: true destinationLevel: 1
3029041:COMPACT_START sstable=0 input_files: "datalog/635" input_files: "datalog/636" compactIntoNextLevel: true destinationLevel: 1
3029041:COMPACT_ABORT input_files: "datalog/635" input_files: "datalog/636" compactIntoNextLevel: true destinationLevel: 1
3029041:COMPACT_START sstable=0 input_files: "datalog/805" input_files: "datalog/806" compactIntoNextLevel: true destinationLevel: 1
2026-05-01 07:37:47:325 - Compaction started: 
139803785844288:Compacting datalog/805 datalog/806 into:sstable1/3e54c6e3-f034-41d2-8504-c176d41dc32d202605010137331777621067328278970.sst
2026-05-01 07:37:47:340 - Compaction completed: 
3029041:COMPACT_START sstable=0 input_files: "datalog/815" input_files: "datalog/816" compactIntoNextLevel: true destinationLevel: 1
3029041:COMPACT_ABORT input_files: "datalog/815" input_files: "datalog/816" compactIntoNextLevel: true destinationLevel: 1
3029041:COMPACT_START sstable=0 input_files: "datalog/819" input_files: "datalog/820" compactIntoNextLevel: true destinationLevel: 1
3029041:COMPACT_ABORT input_files: "datalog/819" input_files: "datalog/820" compactIntoNextLevel: true destinationLevel: 1
3029041:COMPACT_START sstable=0 input_files: "datalog/827" input_files: "datalog/828" compactIntoNextLevel: true destinationLevel: 1
3029041:COMPACT_ABORT input_files: "datalog/827" input_files: "datalog/828" compactIntoNextLevel: true destinationLevel: 1
3029041:COMPACT_START sstable=0 input_files: "datalog/833" input_files: "datalog/834" compactIntoNextLevel: true destinationLevel: 1
2026-05-01 07:37:47:732 - Compaction started: 
139803785844288:Compacting datalog/833 datalog/834 into:sstable1/3e54c6e3-f034-41d2-8504-c176d41dc32d202605010137331777621067734894194.sst
2026-05-01 07:37:47:747 - Compaction completed: 
3029041:COMPACT_START sstable=0 input_files: "datalog/839" input_files: "datalog/840" compactIntoNextLevel: true destinationLevel: 1
2026-05-01 07:37:47:834 - Compaction started: 
139803785844288:Compacting datalog/839 datalog/840 into:sstable1/3e54c6e3-f034-41d2-8504-c176d41dc32d202605010137331777621067837302237.sst
2026-05-01 07:37:47:850 - Compaction completed: 
3029041:COMPACT_START sstable=0 input_files: "datalog/843" input_files: "datalog/844" compactIntoNextLevel: true destinationLevel: 1
2026-05-01 07:37:47:936 - Compaction started: 
139803785844288:Compacting datalog/843 datalog/844 into:sstable1/3e54c6e3-f034-41d2-8504-c176d41dc32d202605010137331777621067938979610.sst
2026-05-01 07:37:47:951 - Compaction completed: 
3029041:Task input_files: "datalog/671" input_files: "datalog/672" compactIntoNextLevel: true destinationLevel: 1 is dead (hb=30)
3029041:Found dead task input_files: "datalog/671" input_files: "datalog/672" compactIntoNextLevel: true destinationLevel: 1
3029041:COMPACT_START sstable=0 input_files: "datalog/671" input_files: "datalog/672" compactIntoNextLevel: true destinationLevel: 1
2026-05-01 07:37:48:037 - Compaction started: 
139803785844288:Compacting datalog/671 datalog/672 into:sstable1/3e54c6e3-f034-41d2-8504-c176d41dc32d202605010137331777621068040966433.sst
2026-05-01 07:37:48:056 - Compaction completed: 
3029041:Task input_files: "datalog/507" input_files: "datalog/508" compactIntoNextLevel: true destinationLevel: 1 is dead (hb=30)
3029041:Found dead task input_files: "datalog/507" input_files: "datalog/508" compactIntoNextLevel: true destinationLevel: 1
3029041:COMPACT_START sstable=0 input_files: "datalog/507" input_files: "datalog/508" compactIntoNextLevel: true destinationLevel: 1
3029041:COMPACT_ABORT input_files: "datalog/507" input_files: "datalog/508" compactIntoNextLevel: true destinationLevel: 1
3029041:COMPACT_START sstable=0 input_files: "datalog/861" input_files: "datalog/862" compactIntoNextLevel: true destinationLevel: 1
3029041:COMPACT_ABORT input_files: "datalog/861" input_files: "datalog/862" compactIntoNextLevel: true destinationLevel: 1
3029041:Task input_files: "datalog/689" input_files: "datalog/690" compactIntoNextLevel: true destinationLevel: 1 is dead (hb=30)
3029041:Found dead task input_files: "datalog/689" input_files: "datalog/690" compactIntoNextLevel: true destinationLevel: 1
3029041:COMPACT_START sstable=0 input_files: "datalog/689" input_files: "datalog/690" compactIntoNextLevel: true destinationLevel: 1
2026-05-01 07:37:48:342 - Compaction started: 
139803785844288:Compacting datalog/689 datalog/690 into:sstable1/3e54c6e3-f034-41d2-8504-c176d41dc32d202605010137331777621068345572022.sst
2026-05-01 07:37:48:360 - Compaction completed: 
3029041:Task input_files: "datalog/703" input_files: "datalog/704" compactIntoNextLevel: true destinationLevel: 1 is dead (hb=30)
3029041:Task input_files: "datalog/701" input_files: "datalog/702" compactIntoNextLevel: true destinationLevel: 1 is dead (hb=30)
3029041:Task input_files: "datalog/699" input_files: "datalog/700" compactIntoNextLevel: true destinationLevel: 1 is dead (hb=30)
3029041:Found dead task input_files: "datalog/699" input_files: "datalog/700" compactIntoNextLevel: true destinationLevel: 1
3029041:COMPACT_START sstable=0 input_files: "datalog/699" input_files: "datalog/700" compactIntoNextLevel: true destinationLevel: 1
2026-05-01 07:37:48:444 - Compaction started: 
139803785844288:Compacting datalog/699 datalog/700 into:sstable1/3e54c6e3-f034-41d2-8504-c176d41dc32d202605010137331777621068447956450.sst
2026-05-01 07:37:48:462 - Compaction completed: 
3029041:Task input_files: "datalog/721" input_files: "datalog/722" compactIntoNextLevel: true destinationLevel: 1 is dead (hb=30)
3029041:Task input_files: "datalog/719" input_files: "datalog/720" compactIntoNextLevel: true destinationLevel: 1 is dead (hb=30)
3029041:Task input_files: "datalog/713" input_files: "datalog/714" compactIntoNextLevel: true destinationLevel: 1 is dead (hb=30)
3029041:Task input_files: "datalog/711" input_files: "datalog/712" compactIntoNextLevel: true destinationLevel: 1 is dead (hb=30)
3029041:Task input_files: "datalog/709" input_files: "datalog/710" compactIntoNextLevel: true destinationLevel: 1 is dead (hb=30)
3029041:Task input_files: "datalog/537" input_files: "datalog/538" compactIntoNextLevel: true destinationLevel: 1 is dead (hb=30)
3029041:Task input_files: "datalog/715" input_files: "datalog/716" compactIntoNextLevel: true destinationLevel: 1 is dead (hb=30)
3029041:Found dead task input_files: "datalog/711" input_files: "datalog/712" compactIntoNextLevel: true destinationLevel: 1
3029041:COMPACT_START sstable=0 input_files: "datalog/711" input_files: "datalog/712" compactIntoNextLevel: true destinationLevel: 1
3029041:COMPACT_ABORT input_files: "datalog/711" input_files: "datalog/712" compactIntoNextLevel: true destinationLevel: 1
3029041:Found dead task input_files: "datalog/713" input_files: "datalog/714" compactIntoNextLevel: true destinationLevel: 1
3029041:COMPACT_START sstable=0 input_files: "datalog/713" input_files: "datalog/714" compactIntoNextLevel: true destinationLevel: 1
2026-05-01 07:37:48:546 - Compaction started: 
139803785844288:Compacting datalog/713 datalog/714 into:sstable1/3e54c6e3-f034-41d2-8504-c176d41dc32d202605010137331777621068549652357.sst
2026-05-01 07:37:48:563 - Compaction completed: 
3029041:Found dead task input_files: "datalog/703" input_files: "datalog/704" compactIntoNextLevel: true destinationLevel: 1
3029041:COMPACT_START sstable=0 input_files: "datalog/703" input_files: "datalog/704" compactIntoNextLevel: true destinationLevel: 1
2026-05-01 07:37:48:648 - Compaction started: 
139803785844288:Compacting datalog/703 datalog/704 into:sstable1/3e54c6e3-f034-41d2-8504-c176d41dc32d202605010137331777621068651348215.sst
2026-05-01 07:37:48:665 - Compaction completed: 
3029041:Task input_files: "datalog/731" input_files: "datalog/732" compactIntoNextLevel: true destinationLevel: 1 is dead (hb=30)
3029041:Found dead task input_files: "datalog/731" input_files: "datalog/732" compactIntoNextLevel: true destinationLevel: 1
3029041:COMPACT_START sstable=0 input_files: "datalog/731" input_files: "datalog/732" compactIntoNextLevel: true destinationLevel: 1
3029041:COMPACT_ABORT input_files: "datalog/731" input_files: "datalog/732" compactIntoNextLevel: true destinationLevel: 1
3029041:Task input_files: "datalog/737" input_files: "datalog/738" compactIntoNextLevel: true destinationLevel: 1 is dead (hb=30)
3029041:Task input_files: "datalog/735" input_files: "datalog/736" compactIntoNextLevel: true destinationLevel: 1 is dead (hb=30)
3029041:Task input_files: "datalog/555" input_files: "datalog/556" compactIntoNextLevel: true destinationLevel: 1 is dead (hb=30)
3029041:Task input_files: "datalog/231" input_files: "datalog/232" compactIntoNextLevel: true destinationLevel: 1 is dead (hb=30)
3029041:Task input_files: "datalog/215" input_files: "datalog/216" compactIntoNextLevel: true destinationLevel: 1 is dead (hb=31)
3029041:Task input_files: "datalog/221" input_files: "datalog/222" compactIntoNextLevel: true destinationLevel: 1 is dead (hb=30)
3029041:Found dead task input_files: "datalog/221" input_files: "datalog/222" compactIntoNextLevel: true destinationLevel: 1
3029041:COMPACT_START sstable=0 input_files: "datalog/221" input_files: "datalog/222" compactIntoNextLevel: true destinationLevel: 1
3029041:COMPACT_ABORT input_files: "datalog/221" input_files: "datalog/222" compactIntoNextLevel: true destinationLevel: 1
3029041:Found dead task input_files: "datalog/215" input_files: "datalog/216" compactIntoNextLevel: true destinationLevel: 1
3029041:COMPACT_START sstable=0 input_files: "datalog/215" input_files: "datalog/216" compactIntoNextLevel: true destinationLevel: 1
2026-05-01 07:37:48:852 - Compaction started: 
139803785844288:Compacting datalog/215 datalog/216 into:sstable1/3e54c6e3-f034-41d2-8504-c176d41dc32d202605010137331777621068856004380.sst
2026-05-01 07:37:48:873 - Compaction completed: 
3029041:Task input_files: "datalog/421" input_files: "datalog/422" compactIntoNextLevel: true destinationLevel: 1 is dead (hb=30)
3029041:Task input_files: "datalog/237" input_files: "datalog/238" compactIntoNextLevel: true destinationLevel: 1 is dead (hb=30)
3029041:Found dead task input_files: "datalog/735" input_files: "datalog/736" compactIntoNextLevel: true destinationLevel: 1
3029041:COMPACT_START sstable=0 input_files: "datalog/735" input_files: "datalog/736" compactIntoNextLevel: true destinationLevel: 1
2026-05-01 07:37:48:954 - Compaction started: 
139803785844288:Compacting datalog/735 datalog/736 into:sstable1/3e54c6e3-f034-41d2-8504-c176d41dc32d202605010137331777621068957003592.sst
2026-05-01 07:37:48:970 - Compaction completed: 
3029041:Task input_files: "datalog/747" input_files: "datalog/748" compactIntoNextLevel: true destinationLevel: 1 is dead (hb=30)
3029041:Task input_files: "datalog/745" input_files: "datalog/746" compactIntoNextLevel: true destinationLevel: 1 is dead (hb=30)
3029041:Task input_files: "datalog/749" input_files: "datalog/750" compactIntoNextLevel: true destinationLevel: 1 is dead (hb=30)
3029041:Task input_files: "datalog/565" input_files: "datalog/566" compactIntoNextLevel: true destinationLevel: 1 is dead (hb=30)
3029041:Task input_files: "datalog/751" input_files: "datalog/752" compactIntoNextLevel: true destinationLevel: 1 is dead (hb=30)
3029041:Found dead task input_files: "datalog/565" input_files: "datalog/566" compactIntoNextLevel: true destinationLevel: 1
3029041:COMPACT_START sstable=0 input_files: "datalog/565" input_files: "datalog/566" compactIntoNextLevel: true destinationLevel: 1
3029041:COMPACT_ABORT input_files: "datalog/565" input_files: "datalog/566" compactIntoNextLevel: true destinationLevel: 1
3029041:Found dead task input_files: "datalog/751" input_files: "datalog/752" compactIntoNextLevel: true destinationLevel: 1
3029041:COMPACT_START sstable=0 input_files: "datalog/751" input_files: "datalog/752" compactIntoNextLevel: true destinationLevel: 1
2026-05-01 07:37:49:057 - Compaction started: 
139803785844288:Compacting datalog/751 datalog/752 into:sstable1/3e54c6e3-f034-41d2-8504-c176d41dc32d202605010137331777621069059380306.sst
2026-05-01 07:37:49:072 - Compaction completed: 
3029041:Task input_files: "datalog/563" input_files: "datalog/564" compactIntoNextLevel: true destinationLevel: 1 is dead (hb=30)
3029041:Task input_files: "datalog/239" input_files: "datalog/240" compactIntoNextLevel: true destinationLevel: 1 is dead (hb=30)
3029041:Task input_files: "datalog/251" input_files: "datalog/252" compactIntoNextLevel: true destinationLevel: 1 is dead (hb=30)
3029041:Found dead task input_files: "datalog/251" input_files: "datalog/252" compactIntoNextLevel: true destinationLevel: 1
3029041:COMPACT_START sstable=0 input_files: "datalog/251" input_files: "datalog/252" compactIntoNextLevel: true destinationLevel: 1
3029041:COMPACT_ABORT input_files: "datalog/251" input_files: "datalog/252" compactIntoNextLevel: true destinationLevel: 1
3029041:Found dead task input_files: "datalog/563" input_files: "datalog/564" compactIntoNextLevel: true destinationLevel: 1
3029041:COMPACT_START sstable=0 input_files: "datalog/563" input_files: "datalog/564" compactIntoNextLevel: true destinationLevel: 1
3029041:COMPACT_ABORT input_files: "datalog/563" input_files: "datalog/564" compactIntoNextLevel: true destinationLevel: 1
3029041:Found dead task input_files: "datalog/239" input_files: "datalog/240" compactIntoNextLevel: true destinationLevel: 1
3029041:COMPACT_START sstable=0 input_files: "datalog/239" input_files: "datalog/240" compactIntoNextLevel: true destinationLevel: 1
2026-05-01 07:37:49:159 - Compaction started: 
139803785844288:Compacting datalog/239 datalog/240 into:sstable1/3e54c6e3-f034-41d2-8504-c176d41dc32d202605010137331777621069162828378.sst
2026-05-01 07:37:49:180 - Compaction completed: 
3029041:Task input_files: "datalog/567" input_files: "datalog/568" compactIntoNextLevel: true destinationLevel: 1 is dead (hb=30)
3029041:Found dead task input_files: "datalog/567" input_files: "datalog/568" compactIntoNextLevel: true destinationLevel: 1
3029041:COMPACT_START sstable=0 input_files: "datalog/567" input_files: "datalog/568" compactIntoNextLevel: true destinationLevel: 1
3029041:COMPACT_ABORT input_files: "datalog/567" input_files: "datalog/568" compactIntoNextLevel: true destinationLevel: 1
3029041:COMPACT_START sstable=1 input_files: "sstable1/8b6d3442-296e-4641-8dee-bf3361889571202605010137331777621054367120299.sst" input_files: "sstable1/f5e5faed-fa03-4106-bf1c-dfd38d06aee2202605010137331777621054521939571.sst" compactIntoNextLevel: true destinationLevel: 2
3029041:COMPACT_ABORT input_files: "sstable1/8b6d3442-296e-4641-8dee-bf3361889571202605010137331777621054367120299.sst" input_files: "sstable1/f5e5faed-fa03-4106-bf1c-dfd38d06aee2202605010137331777621054521939571.sst" compactIntoNextLevel: true destinationLevel: 2
3029041:Task input_files: "datalog/759" input_files: "datalog/760" compactIntoNextLevel: true destinationLevel: 1 is dead (hb=30)
3029041:Task input_files: "datalog/761" input_files: "datalog/762" compactIntoNextLevel: true destinationLevel: 1 is dead (hb=30)
3029041:Task input_files: "datalog/763" input_files: "datalog/764" compactIntoNextLevel: true destinationLevel: 1 is dead (hb=30)
3029041:Found dead task input_files: "datalog/763" input_files: "datalog/764" compactIntoNextLevel: true destinationLevel: 1
3029041:COMPACT_START sstable=0 input_files: "datalog/763" input_files: "datalog/764" compactIntoNextLevel: true destinationLevel: 1
3029041:COMPACT_ABORT input_files: "datalog/763" input_files: "datalog/764" compactIntoNextLevel: true destinationLevel: 1
3029041:Found dead task input_files: "datalog/761" input_files: "datalog/762" compactIntoNextLevel: true destinationLevel: 1
3029041:COMPACT_START sstable=0 input_files: "datalog/761" input_files: "datalog/762" compactIntoNextLevel: true destinationLevel: 1
3029041:COMPACT_ABORT input_files: "datalog/761" input_files: "datalog/762" compactIntoNextLevel: true destinationLevel: 1
3029041:Found dead task input_files: "datalog/759" input_files: "datalog/760" compactIntoNextLevel: true destinationLevel: 1
3029041:COMPACT_START sstable=0 input_files: "datalog/759" input_files: "datalog/760" compactIntoNextLevel: true destinationLevel: 1
2026-05-01 07:37:49:365 - Compaction started: 
139803785844288:Compacting datalog/759 datalog/760 into:sstable1/3e54c6e3-f034-41d2-8504-c176d41dc32d202605010137331777621069367495023.sst
2026-05-01 07:37:49:380 - Compaction completed: 
3029041:Task input_files: "datalog/771" input_files: "datalog/772" compactIntoNextLevel: true destinationLevel: 1 is dead (hb=30)
3029041:Task input_files: "datalog/769" input_files: "datalog/770" compactIntoNextLevel: true destinationLevel: 1 is dead (hb=30)
3029041:Found dead task input_files: "datalog/769" input_files: "datalog/770" compactIntoNextLevel: true destinationLevel: 1
3029041:COMPACT_START sstable=0 input_files: "datalog/769" input_files: "datalog/770" compactIntoNextLevel: true destinationLevel: 1
2026-05-01 07:37:49:467 - Compaction started: 
139803785844288:Compacting datalog/769 datalog/770 into:sstable1/3e54c6e3-f034-41d2-8504-c176d41dc32d202605010137331777621069469423216.sst
2026-05-01 07:37:49:482 - Compaction completed: 
3029041:Task input_files: "datalog/583" input_files: "datalog/584" compactIntoNextLevel: true destinationLevel: 1 is dead (hb=30)
3029041:Found dead task input_files: "datalog/583" input_files: "datalog/584" compactIntoNextLevel: true destinationLevel: 1
3029041:COMPACT_START sstable=0 input_files: "datalog/583" input_files: "datalog/584" compactIntoNextLevel: true destinationLevel: 1
3029041:COMPACT_ABORT input_files: "datalog/583" input_files: "datalog/584" compactIntoNextLevel: true destinationLevel: 1
3029041:COMPACT_START sstable=1 input_files: "sstable1/8b6d3442-296e-4641-8dee-bf3361889571202605010137331777621055076371010.sst" input_files: "sstable1/f5e5faed-fa03-4106-bf1c-dfd38d06aee2202605010137331777621055113106263.sst" compactIntoNextLevel: true destinationLevel: 2
3029041:COMPACT_ABORT input_files: "sstable1/8b6d3442-296e-4641-8dee-bf3361889571202605010137331777621055076371010.sst" input_files: "sstable1/f5e5faed-fa03-4106-bf1c-dfd38d06aee2202605010137331777621055113106263.sst" compactIntoNextLevel: true destinationLevel: 2
3029041:Task input_files: "datalog/447" input_files: "datalog/448" compactIntoNextLevel: true destinationLevel: 1 is dead (hb=30)
3029041:Found dead task input_files: "datalog/447" input_files: "datalog/448" compactIntoNextLevel: true destinationLevel: 1
3029041:COMPACT_START sstable=0 input_files: "datalog/447" input_files: "datalog/448" compactIntoNextLevel: true destinationLevel: 1
2026-05-01 07:37:49:772 - Compaction started: 
139803785844288:Compacting datalog/447 datalog/448 into:sstable1/3e54c6e3-f034-41d2-8504-c176d41dc32d202605010137331777621069774966182.sst
2026-05-01 07:37:49:790 - Compaction completed: 
3029041:Task input_files: "datalog/773" input_files: "datalog/774" compactIntoNextLevel: true destinationLevel: 1 is dead (hb=30)
3029041:Task input_files: "datalog/289" input_files: "datalog/290" compactIntoNextLevel: true destinationLevel: 1 is dead (hb=30)
3029041:Task input_files: "datalog/459" input_files: "datalog/460" compactIntoNextLevel: true destinationLevel: 1 is dead (hb=30)
3029041:Found dead task input_files: "datalog/459" input_files: "datalog/460" compactIntoNextLevel: true destinationLevel: 1
3029041:COMPACT_START sstable=0 input_files: "datalog/459" input_files: "datalog/460" compactIntoNextLevel: true destinationLevel: 1
2026-05-01 07:37:49:874 - Compaction started: 
139803785844288:Compacting datalog/459 datalog/460 into:sstable1/3e54c6e3-f034-41d2-8504-c176d41dc32d202605010137331777621069876961561.sst
2026-05-01 07:37:49:892 - Compaction completed: 
3029041:Task input_files: "datalog/783" input_files: "datalog/784" compactIntoNextLevel: true destinationLevel: 1 is dead (hb=30)
3029041:Task input_files: "datalog/617" input_files: "datalog/618" compactIntoNextLevel: true destinationLevel: 1 is dead (hb=30)
3029041:Task input_files: "datalog/613" input_files: "datalog/614" compactIntoNextLevel: true destinationLevel: 1 is dead (hb=30)
3029041:Found dead task input_files: "datalog/613" input_files: "datalog/614" compactIntoNextLevel: true destinationLevel: 1
3029041:COMPACT_START sstable=0 input_files: "datalog/613" input_files: "datalog/614" compactIntoNextLevel: true destinationLevel: 1
3029041:COMPACT_ABORT input_files: "datalog/613" input_files: "datalog/614" compactIntoNextLevel: true destinationLevel: 1
3029041:Found dead task input_files: "datalog/617" input_files: "datalog/618" compactIntoNextLevel: true destinationLevel: 1
3029041:COMPACT_START sstable=0 input_files: "datalog/617" input_files: "datalog/618" compactIntoNextLevel: true destinationLevel: 1
2026-05-01 07:37:49:976 - Compaction started: 
139803785844288:Compacting datalog/617 datalog/618 into:sstable1/3e54c6e3-f034-41d2-8504-c176d41dc32d202605010137331777621069979236123.sst
2026-05-01 07:37:49:993 - Compaction completed: 
3029041:Task input_files: "datalog/615" input_files: "datalog/616" compactIntoNextLevel: true destinationLevel: 1 is dead (hb=30)
3029041:Task input_files: "datalog/781" input_files: "datalog/782" compactIntoNextLevel: true destinationLevel: 1 is dead (hb=30)
3029041:Found dead task input_files: "datalog/781" input_files: "datalog/782" compactIntoNextLevel: true destinationLevel: 1
3029041:COMPACT_START sstable=0 input_files: "datalog/781" input_files: "datalog/782" compactIntoNextLevel: true destinationLevel: 1
3029041:COMPACT_ABORT input_files: "datalog/781" input_files: "datalog/782" compactIntoNextLevel: true destinationLevel: 1
3029041:Found dead task input_files: "datalog/615" input_files: "datalog/616" compactIntoNextLevel: true destinationLevel: 1
3029041:COMPACT_START sstable=0 input_files: "datalog/615" input_files: "datalog/616" compactIntoNextLevel: true destinationLevel: 1
3029041:COMPACT_ABORT input_files: "datalog/615" input_files: "datalog/616" compactIntoNextLevel: true destinationLevel: 1
3029041:COMPACT_START sstable=1 input_files: "sstable1/8b6d3442-296e-4641-8dee-bf3361889571202605010137331777621055683533838.sst" input_files: "sstable1/f5e5faed-fa03-4106-bf1c-dfd38d06aee2202605010137331777621058777920579.sst" compactIntoNextLevel: true destinationLevel: 2
3029041:COMPACT_ABORT input_files: "sstable1/8b6d3442-296e-4641-8dee-bf3361889571202605010137331777621055683533838.sst" input_files: "sstable1/f5e5faed-fa03-4106-bf1c-dfd38d06aee2202605010137331777621058777920579.sst" compactIntoNextLevel: true destinationLevel: 2
3029041:Task input_files: "datalog/799" input_files: "datalog/800" compactIntoNextLevel: true destinationLevel: 1 is dead (hb=30)
3029041:Task input_files: "datalog/797" input_files: "datalog/798" compactIntoNextLevel: true destinationLevel: 1 is dead (hb=30)
3029041:Task input_files: "datalog/789" input_files: "datalog/790" compactIntoNextLevel: true destinationLevel: 1 is dead (hb=30)
3029041:Task input_files: "datalog/465" input_files: "datalog/466" compactIntoNextLevel: true destinationLevel: 1 is dead (hb=30)
3029041:Task input_files: "datalog/793" input_files: "datalog/794" compactIntoNextLevel: true destinationLevel: 1 is dead (hb=30)
3029041:Found dead task input_files: "datalog/793" input_files: "datalog/794" compactIntoNextLevel: true destinationLevel: 1
3029041:COMPACT_START sstable=0 input_files: "datalog/793" input_files: "datalog/794" compactIntoNextLevel: true destinationLevel: 1
2026-05-01 07:37:50:180 - Compaction started: 
139803785844288:Compacting datalog/793 datalog/794 into:sstable1/3e54c6e3-f034-41d2-8504-c176d41dc32d202605010137331777621070183378936.sst
2026-05-01 07:37:50:196 - Compaction completed: 
3029041:Task input_files: "datalog/803" input_files: "datalog/804" compactIntoNextLevel: true destinationLevel: 1 is dead (hb=30)
3029041:Task input_files: "datalog/635" input_files: "datalog/636" compactIntoNextLevel: true destinationLevel: 1 is dead (hb=30)
3029041:Task input_files: "datalog/795" input_files: "datalog/796" compactIntoNextLevel: true destinationLevel: 1 is dead (hb=30)
3029041:Found dead task input_files: "datalog/795" input_files: "datalog/796" compactIntoNextLevel: true destinationLevel: 1
3029041:COMPACT_START sstable=0 input_files: "datalog/795" input_files: "datalog/796" compactIntoNextLevel: true destinationLevel: 1
2026-05-01 07:37:50:282 - Compaction started: 
139803785844288:Compacting datalog/795 datalog/796 into:sstable1/3e54c6e3-f034-41d2-8504-c176d41dc32d202605010137331777621070285545807.sst
2026-05-01 07:37:50:300 - Compaction completed: 
3029041:Task input_files: "datalog/809" input_files: "datalog/810" compactIntoNextLevel: true destinationLevel: 1 is dead (hb=30)
3029041:Task input_files: "datalog/811" input_files: "datalog/812" compactIntoNextLevel: true destinationLevel: 1 is dead (hb=30)
3029041:Task input_files: "datalog/329" input_files: "datalog/330" compactIntoNextLevel: true destinationLevel: 1 is dead (hb=30)
3029041:Found dead task input_files: "datalog/329" input_files: "datalog/330" compactIntoNextLevel: true destinationLevel: 1
3029041:COMPACT_START sstable=0 input_files: "datalog/329" input_files: "datalog/330" compactIntoNextLevel: true destinationLevel: 1
3029041:COMPACT_ABORT input_files: "datalog/329" input_files: "datalog/330" compactIntoNextLevel: true destinationLevel: 1
3029041:Found dead task input_files: "datalog/811" input_files: "datalog/812" compactIntoNextLevel: true destinationLevel: 1
3029041:COMPACT_START sstable=0 input_files: "datalog/811" input_files: "datalog/812" compactIntoNextLevel: true destinationLevel: 1
3029041:COMPACT_ABORT input_files: "datalog/811" input_files: "datalog/812" compactIntoNextLevel: true destinationLevel: 1
3029041:Task input_files: "datalog/813" input_files: "datalog/814" compactIntoNextLevel: true destinationLevel: 1 is dead (hb=30)
3029041:Task input_files: "datalog/807" input_files: "datalog/808" compactIntoNextLevel: true destinationLevel: 1 is dead (hb=30)
3029041:Task input_files: "datalog/815" input_files: "datalog/816" compactIntoNextLevel: true destinationLevel: 1 is dead (hb=30)
3029041:Found dead task input_files: "datalog/815" input_files: "datalog/816" compactIntoNextLevel: true destinationLevel: 1
3029041:COMPACT_START sstable=0 input_files: "datalog/815" input_files: "datalog/816" compactIntoNextLevel: true destinationLevel: 1
2026-05-01 07:37:50:485 - Compaction started: 
139803785844288:Compacting datalog/815 datalog/816 into:sstable1/3e54c6e3-f034-41d2-8504-c176d41dc32d202605010137331777621070489009226.sst
2026-05-01 07:37:50:502 - Compaction completed: 
3029041:Task input_files: "datalog/819" input_files: "datalog/820" compactIntoNextLevel: true destinationLevel: 1 is dead (hb=30)
3029041:Task input_files: "datalog/659" input_files: "datalog/660" compactIntoNextLevel: true destinationLevel: 1 is dead (hb=30)
3029041:Task input_files: "datalog/651" input_files: "datalog/652" compactIntoNextLevel: true destinationLevel: 1 is dead (hb=30)
3029041:Task input_files: "datalog/657" input_files: "datalog/658" compactIntoNextLevel: true destinationLevel: 1 is dead (hb=30)
3029041:Found dead task input_files: "datalog/657" input_files: "datalog/658" compactIntoNextLevel: true destinationLevel: 1
3029041:COMPACT_START sstable=0 input_files: "datalog/657" input_files: "datalog/658" compactIntoNextLevel: true destinationLevel: 1
3029041:COMPACT_ABORT input_files: "datalog/657" input_files: "datalog/658" compactIntoNextLevel: true destinationLevel: 1
3029041:Task input_files: "datalog/653" input_files: "datalog/654" compactIntoNextLevel: true destinationLevel: 1 is dead (hb=30)
3029041:Task input_files: "datalog/821" input_files: "datalog/822" compactIntoNextLevel: true destinationLevel: 1 is dead (hb=30)
3029041:Task input_files: "datalog/827" input_files: "datalog/828" compactIntoNextLevel: true destinationLevel: 1 is dead (hb=30)
3029041:Found dead task input_files: "datalog/827" input_files: "datalog/828" compactIntoNextLevel: true destinationLevel: 1
3029041:COMPACT_START sstable=0 input_files: "datalog/827" input_files: "datalog/828" compactIntoNextLevel: true destinationLevel: 1
2026-05-01 07:37:50:688 - Compaction started: 
139803785844288:Compacting datalog/827 datalog/828 into:sstable1/3e54c6e3-f034-41d2-8504-c176d41dc32d202605010137331777621070691810454.sst
2026-05-01 07:37:50:704 - Compaction completed: 
3029041:Task input_files: "datalog/829" input_files: "datalog/830" compactIntoNextLevel: true destinationLevel: 1 is dead (hb=30)
3029041:Task input_files: "datalog/831" input_files: "datalog/832" compactIntoNextLevel: true destinationLevel: 1 is dead (hb=30)
3029041:Found dead task input_files: "datalog/831" input_files: "datalog/832" compactIntoNextLevel: true destinationLevel: 1
3029041:COMPACT_START sstable=0 input_files: "datalog/831" input_files: "datalog/832" compactIntoNextLevel: true destinationLevel: 1
3029041:COMPACT_ABORT input_files: "datalog/831" input_files: "datalog/832" compactIntoNextLevel: true destinationLevel: 1
3029041:Found dead task input_files: "datalog/829" input_files: "datalog/830" compactIntoNextLevel: true destinationLevel: 1
3029041:COMPACT_START sstable=0 input_files: "datalog/829" input_files: "datalog/830" compactIntoNextLevel: true destinationLevel: 1
3029041:COMPACT_ABORT input_files: "datalog/829" input_files: "datalog/830" compactIntoNextLevel: true destinationLevel: 1
3029041:Task input_files: "datalog/837" input_files: "datalog/838" compactIntoNextLevel: true destinationLevel: 1 is dead (hb=30)
3029041:Task input_files: "datalog/161" input_files: "datalog/162" compactIntoNextLevel: true destinationLevel: 1 is dead (hb=30)
3029041:Task input_files: "datalog/835" input_files: "datalog/836" compactIntoNextLevel: true destinationLevel: 1 is dead (hb=30)
3029041:Task input_files: "datalog/663" input_files: "datalog/664" compactIntoNextLevel: true destinationLevel: 1 is dead (hb=30)
3029041:Found dead task input_files: "datalog/663" input_files: "datalog/664" compactIntoNextLevel: true destinationLevel: 1
3029041:COMPACT_START sstable=0 input_files: "datalog/663" input_files: "datalog/664" compactIntoNextLevel: true destinationLevel: 1
2026-05-01 07:37:50:892 - Compaction started: 
139803785844288:Compacting datalog/663 datalog/664 into:sstable1/3e54c6e3-f034-41d2-8504-c176d41dc32d202605010137331777621070895210154.sst
2026-05-01 07:37:50:908 - Compaction completed: 
3029041:Task input_files: "datalog/679" input_files: "datalog/680" compactIntoNextLevel: true destinationLevel: 1 is dead (hb=30)
3029041:Task input_files: "datalog/673" input_files: "datalog/674" compactIntoNextLevel: true destinationLevel: 1 is dead (hb=30)
3029041:Found dead task input_files: "datalog/673" input_files: "datalog/674" compactIntoNextLevel: true destinationLevel: 1
3029041:COMPACT_START sstable=0 input_files: "datalog/673" input_files: "datalog/674" compactIntoNextLevel: true destinationLevel: 1
2026-05-01 07:37:50:993 - Compaction started: 
139803785844288:Compacting datalog/673 datalog/674 into:sstable1/3e54c6e3-f034-41d2-8504-c176d41dc32d202605010137331777621070996852441.sst
2026-05-01 07:37:51:011 - Compaction completed: 
3029041:Task input_files: "datalog/845" input_files: "datalog/846" compactIntoNextLevel: true destinationLevel: 1 is dead (hb=30)
3029041:Task input_files: "datalog/683" input_files: "datalog/684" compactIntoNextLevel: true destinationLevel: 1 is dead (hb=30)
3029041:Task input_files: "datalog/503" input_files: "datalog/504" compactIntoNextLevel: true destinationLevel: 1 is dead (hb=30)
3029041:Found dead task input_files: "datalog/683" input_files: "datalog/684" compactIntoNextLevel: true destinationLevel: 1
3029041:COMPACT_START sstable=0 input_files: "datalog/683" input_files: "datalog/684" compactIntoNextLevel: true destinationLevel: 1
3029041:COMPACT_ABORT input_files: "datalog/683" input_files: "datalog/684" compactIntoNextLevel: true destinationLevel: 1
3029041:Task input_files: "datalog/847" input_files: "datalog/848" compactIntoNextLevel: true destinationLevel: 1 is dead (hb=30)
3029041:Task input_files: "datalog/687" input_files: "datalog/688" compactIntoNextLevel: true destinationLevel: 1 is dead (hb=30)
3029041:Task input_files: "datalog/857" input_files: "datalog/858" compactIntoNextLevel: true destinationLevel: 1 is dead (hb=30)
3029041:Task input_files: "datalog/851" input_files: "datalog/852" compactIntoNextLevel: true destinationLevel: 1 is dead (hb=30)
3029041:Task input_files: "datalog/853" input_files: "datalog/854" compactIntoNextLevel: true destinationLevel: 1 is dead (hb=30)
3029041:Task input_files: "datalog/525" input_files: "datalog/526" compactIntoNextLevel: true destinationLevel: 1 is dead (hb=30)
3029041:Task input_files: "datalog/527" input_files: "datalog/528" compactIntoNextLevel: true destinationLevel: 1 is dead (hb=30)
3029041:Task input_files: "datalog/507" input_files: "datalog/508" compactIntoNextLevel: true destinationLevel: 1 is dead (hb=30)
3029041:Found dead task input_files: "datalog/527" input_files: "datalog/528" compactIntoNextLevel: true destinationLevel: 1
3029041:COMPACT_START sstable=0 input_files: "datalog/527" input_files: "datalog/528" compactIntoNextLevel: true destinationLevel: 1
2026-05-01 07:37:51:196 - Compaction started: 
139803785844288:Compacting datalog/527 datalog/528 into:sstable1/3e54c6e3-f034-41d2-8504-c176d41dc32d202605010137331777621071200110165.sst
2026-05-01 07:37:51:214 - Compaction completed: 
3029041:Task input_files: "datalog/861" input_files: "datalog/862" compactIntoNextLevel: true destinationLevel: 1 is dead (hb=30)
3029041:Found dead task input_files: "datalog/861" input_files: "datalog/862" compactIntoNextLevel: true destinationLevel: 1
3029041:COMPACT_START sstable=0 input_files: "datalog/861" input_files: "datalog/862" compactIntoNextLevel: true destinationLevel: 1
3029041:COMPACT_ABORT input_files: "datalog/861" input_files: "datalog/862" compactIntoNextLevel: true destinationLevel: 1
3029041:Found dead task input_files: "datalog/507" input_files: "datalog/508" compactIntoNextLevel: true destinationLevel: 1
3029041:COMPACT_START sstable=0 input_files: "datalog/507" input_files: "datalog/508" compactIntoNextLevel: true destinationLevel: 1
2026-05-01 07:37:51:299 - Compaction started: 
139803785844288:Compacting datalog/507 datalog/508 into:sstable1/3e54c6e3-f034-41d2-8504-c176d41dc32d202605010137331777621071302499642.sst
2026-05-01 07:37:51:318 - Compaction completed: 
3029041:Task input_files: "datalog/711" input_files: "datalog/712" compactIntoNextLevel: true destinationLevel: 1 is dead (hb=30)
3029041:Found dead task input_files: "datalog/711" input_files: "datalog/712" compactIntoNextLevel: true destinationLevel: 1
3029041:COMPACT_START sstable=0 input_files: "datalog/711" input_files: "datalog/712" compactIntoNextLevel: true destinationLevel: 1
3029041:COMPACT_ABORT input_files: "datalog/711" input_files: "datalog/712" compactIntoNextLevel: true destinationLevel: 1
3029041:Task input_files: "datalog/727" input_files: "datalog/728" compactIntoNextLevel: true destinationLevel: 1 is dead (hb=30)
3029041:Found dead task input_files: "datalog/727" input_files: "datalog/728" compactIntoNextLevel: true destinationLevel: 1
3029041:COMPACT_START sstable=0 input_files: "datalog/727" input_files: "datalog/728" compactIntoNextLevel: true destinationLevel: 1
3029041:COMPACT_ABORT input_files: "datalog/727" input_files: "datalog/728" compactIntoNextLevel: true destinationLevel: 1
3029041:Task input_files: "sstable1/f5e5faed-fa03-4106-bf1c-dfd38d06aee2202605010137331777621062755977313.sst" input_files: "sstable1/8b6d3442-296e-4641-8dee-bf3361889571202605010137331777621053720899594.sst" compactIntoNextLevel: true destinationLevel: 2 is dead (hb=30)
3029041:Found dead task input_files: "sstable1/f5e5faed-fa03-4106-bf1c-dfd38d06aee2202605010137331777621062755977313.sst" input_files: "sstable1/8b6d3442-296e-4641-8dee-bf3361889571202605010137331777621053720899594.sst" compactIntoNextLevel: true destinationLevel: 2
3029041:COMPACT_START sstable=1 input_files: "sstable1/f5e5faed-fa03-4106-bf1c-dfd38d06aee2202605010137331777621062755977313.sst" input_files: "sstable1/8b6d3442-296e-4641-8dee-bf3361889571202605010137331777621053720899594.sst" compactIntoNextLevel: true destinationLevel: 2
3029041:COMPACT_ABORT input_files: "sstable1/f5e5faed-fa03-4106-bf1c-dfd38d06aee2202605010137331777621062755977313.sst" input_files: "sstable1/8b6d3442-296e-4641-8dee-bf3361889571202605010137331777621053720899594.sst" compactIntoNextLevel: true destinationLevel: 2
3029041:Task input_files: "sstable1/f5e5faed-fa03-4106-bf1c-dfd38d06aee2202605010137331777621053793057059.sst" input_files: "sstable1/3e54c6e3-f034-41d2-8504-c176d41dc32d202605010137331777621053847982141.sst" compactIntoNextLevel: true destinationLevel: 2 is dead (hb=30)
3029041:Found dead task input_files: "sstable1/f5e5faed-fa03-4106-bf1c-dfd38d06aee2202605010137331777621053793057059.sst" input_files: "sstable1/3e54c6e3-f034-41d2-8504-c176d41dc32d202605010137331777621053847982141.sst" compactIntoNextLevel: true destinationLevel: 2
3029041:COMPACT_START sstable=1 input_files: "sstable1/f5e5faed-fa03-4106-bf1c-dfd38d06aee2202605010137331777621053793057059.sst" input_files: "sstable1/3e54c6e3-f034-41d2-8504-c176d41dc32d202605010137331777621053847982141.sst" compactIntoNextLevel: true destinationLevel: 2
2026-05-01 07:37:52:009 - Compaction started: 
139803785844288:Compacting sstable1/f5e5faed-fa03-4106-bf1c-dfd38d06aee2202605010137331777621053793057059.sst sstable1/3e54c6e3-f034-41d2-8504-c176d41dc32d202605010137331777621053847982141.sst into:sstable2/3e54c6e3-f034-41d2-8504-c176d41dc32d202605010137331777621072032372290.sst
2026-05-01 07:37:52:066 - Compaction completed: 
3029041:Task input_files: "sstable1/8b6d3442-296e-4641-8dee-bf3361889571202605010137331777621054367120299.sst" input_files: "sstable1/f5e5faed-fa03-4106-bf1c-dfd38d06aee2202605010137331777621054521939571.sst" compactIntoNextLevel: true destinationLevel: 2 is dead (hb=30)
3029041:Found dead task input_files: "sstable1/8b6d3442-296e-4641-8dee-bf3361889571202605010137331777621054367120299.sst" input_files: "sstable1/f5e5faed-fa03-4106-bf1c-dfd38d06aee2202605010137331777621054521939571.sst" compactIntoNextLevel: true destinationLevel: 2
3029041:COMPACT_START sstable=1 input_files: "sstable1/8b6d3442-296e-4641-8dee-bf3361889571202605010137331777621054367120299.sst" input_files: "sstable1/f5e5faed-fa03-4106-bf1c-dfd38d06aee2202605010137331777621054521939571.sst" compactIntoNextLevel: true destinationLevel: 2
3029041:COMPACT_ABORT input_files: "sstable1/8b6d3442-296e-4641-8dee-bf3361889571202605010137331777621054367120299.sst" input_files: "sstable1/f5e5faed-fa03-4106-bf1c-dfd38d06aee2202605010137331777621054521939571.sst" compactIntoNextLevel: true destinationLevel: 2
3029041:Task input_files: "sstable1/8b6d3442-296e-4641-8dee-bf3361889571202605010137331777621055683533838.sst" input_files: "sstable1/f5e5faed-fa03-4106-bf1c-dfd38d06aee2202605010137331777621058777920579.sst" compactIntoNextLevel: true destinationLevel: 2 is dead (hb=30)
3029041:Found dead task input_files: "sstable1/8b6d3442-296e-4641-8dee-bf3361889571202605010137331777621055683533838.sst" input_files: "sstable1/f5e5faed-fa03-4106-bf1c-dfd38d06aee2202605010137331777621058777920579.sst" compactIntoNextLevel: true destinationLevel: 2
3029041:COMPACT_START sstable=1 input_files: "sstable1/8b6d3442-296e-4641-8dee-bf3361889571202605010137331777621055683533838.sst" input_files: "sstable1/f5e5faed-fa03-4106-bf1c-dfd38d06aee2202605010137331777621058777920579.sst" compactIntoNextLevel: true destinationLevel: 2
2026-05-01 07:37:53:220 - Compaction started: 
139803785844288:Compacting sstable1/8b6d3442-296e-4641-8dee-bf3361889571202605010137331777621055683533838.sst sstable1/f5e5faed-fa03-4106-bf1c-dfd38d06aee2202605010137331777621058777920579.sst into:sstable2/3e54c6e3-f034-41d2-8504-c176d41dc32d202605010137331777621073242184265.sst
2026-05-01 07:37:53:276 - Compaction completed: 
3029041:COMPACT_START sstable=1 input_files: "sstable1/305ab122-2a52-4afe-9c9a-47c2657383fd202605010137331777621073901174437.sst" input_files: "sstable1/3e54c6e3-f034-41d2-8504-c176d41dc32d202605010137331777621061873953505.sst" compactIntoNextLevel: true destinationLevel: 2
3029041:COMPACT_ABORT input_files: "sstable1/305ab122-2a52-4afe-9c9a-47c2657383fd202605010137331777621073901174437.sst" input_files: "sstable1/3e54c6e3-f034-41d2-8504-c176d41dc32d202605010137331777621061873953505.sst" compactIntoNextLevel: true destinationLevel: 2
3029041:COMPACT_START sstable=1 input_files: "sstable1/305ab122-2a52-4afe-9c9a-47c2657383fd202605010137331777621056078910375.sst" input_files: "sstable1/8b6d3442-296e-4641-8dee-bf3361889571202605010137331777621059148090824.sst" compactIntoNextLevel: true destinationLevel: 2
2026-05-01 07:37:54:130 - Compaction started: 
139803785844288:Compacting sstable1/305ab122-2a52-4afe-9c9a-47c2657383fd202605010137331777621056078910375.sst sstable1/8b6d3442-296e-4641-8dee-bf3361889571202605010137331777621059148090824.sst into:sstable2/3e54c6e3-f034-41d2-8504-c176d41dc32d202605010137331777621074152491192.sst
2026-05-01 07:37:54:187 - Compaction completed: 
3029041:Task input_files: "datalog/683" input_files: "datalog/684" compactIntoNextLevel: true destinationLevel: 1 is dead (hb=30)
3029041:Found dead task input_files: "datalog/683" input_files: "datalog/684" compactIntoNextLevel: true destinationLevel: 1
3029041:COMPACT_START sstable=0 input_files: "datalog/683" input_files: "datalog/684" compactIntoNextLevel: true destinationLevel: 1
3029041:COMPACT_ABORT input_files: "datalog/683" input_files: "datalog/684" compactIntoNextLevel: true destinationLevel: 1
3029041:COMPACT_START sstable=1 input_files: "sstable1/305ab122-2a52-4afe-9c9a-47c2657383fd202605010137331777621056282374716.sst" input_files: "sstable1/f5e5faed-fa03-4106-bf1c-dfd38d06aee2202605010137331777621062347880632.sst" compactIntoNextLevel: true destinationLevel: 2
3029041:COMPACT_ABORT input_files: "sstable1/305ab122-2a52-4afe-9c9a-47c2657383fd202605010137331777621056282374716.sst" input_files: "sstable1/f5e5faed-fa03-4106-bf1c-dfd38d06aee2202605010137331777621062347880632.sst" compactIntoNextLevel: true destinationLevel: 2
3029041:Task input_files: "sstable1/8b6d3442-296e-4641-8dee-bf3361889571202605010137331777621054367120299.sst" input_files: "sstable1/f5e5faed-fa03-4106-bf1c-dfd38d06aee2202605010137331777621054521939571.sst" compactIntoNextLevel: true destinationLevel: 2 is dead (hb=30)
3029041:Found dead task input_files: "sstable1/8b6d3442-296e-4641-8dee-bf3361889571202605010137331777621054367120299.sst" input_files: "sstable1/f5e5faed-fa03-4106-bf1c-dfd38d06aee2202605010137331777621054521939571.sst" compactIntoNextLevel: true destinationLevel: 2
3029041:COMPACT_START sstable=1 input_files: "sstable1/8b6d3442-296e-4641-8dee-bf3361889571202605010137331777621054367120299.sst" input_files: "sstable1/f5e5faed-fa03-4106-bf1c-dfd38d06aee2202605010137331777621054521939571.sst" compactIntoNextLevel: true destinationLevel: 2
2026-05-01 07:37:55:545 - Compaction started: 
139803785844288:Compacting sstable1/8b6d3442-296e-4641-8dee-bf3361889571202605010137331777621054367120299.sst sstable1/f5e5faed-fa03-4106-bf1c-dfd38d06aee2202605010137331777621054521939571.sst into:sstable2/3e54c6e3-f034-41d2-8504-c176d41dc32d202605010137331777621075569981457.sst
2026-05-01 07:37:55:608 - Compaction completed: 
3029041:Task input_files: "sstable1/305ab122-2a52-4afe-9c9a-47c2657383fd202605010137331777621073901174437.sst" input_files: "sstable1/3e54c6e3-f034-41d2-8504-c176d41dc32d202605010137331777621061873953505.sst" compactIntoNextLevel: true destinationLevel: 2 is dead (hb=30)
3029041:Found dead task input_files: "sstable1/305ab122-2a52-4afe-9c9a-47c2657383fd202605010137331777621073901174437.sst" input_files: "sstable1/3e54c6e3-f034-41d2-8504-c176d41dc32d202605010137331777621061873953505.sst" compactIntoNextLevel: true destinationLevel: 2
3029041:COMPACT_START sstable=1 input_files: "sstable1/305ab122-2a52-4afe-9c9a-47c2657383fd202605010137331777621073901174437.sst" input_files: "sstable1/3e54c6e3-f034-41d2-8504-c176d41dc32d202605010137331777621061873953505.sst" compactIntoNextLevel: true destinationLevel: 2
2026-05-01 07:37:57:158 - Compaction started: 
139803785844288:Compacting sstable1/305ab122-2a52-4afe-9c9a-47c2657383fd202605010137331777621073901174437.sst sstable1/3e54c6e3-f034-41d2-8504-c176d41dc32d202605010137331777621061873953505.sst into:sstable2/3e54c6e3-f034-41d2-8504-c176d41dc32d202605010137331777621077181552894.sst
2026-05-01 07:37:57:216 - Compaction completed: 
3029041:Task input_files: "sstable1/305ab122-2a52-4afe-9c9a-47c2657383fd202605010137331777621056282374716.sst" input_files: "sstable1/f5e5faed-fa03-4106-bf1c-dfd38d06aee2202605010137331777621062347880632.sst" compactIntoNextLevel: true destinationLevel: 2 is dead (hb=30)
3029041:Found dead task input_files: "sstable1/305ab122-2a52-4afe-9c9a-47c2657383fd202605010137331777621056282374716.sst" input_files: "sstable1/f5e5faed-fa03-4106-bf1c-dfd38d06aee2202605010137331777621062347880632.sst" compactIntoNextLevel: true destinationLevel: 2
3029041:COMPACT_START sstable=1 input_files: "sstable1/305ab122-2a52-4afe-9c9a-47c2657383fd202605010137331777621056282374716.sst" input_files: "sstable1/f5e5faed-fa03-4106-bf1c-dfd38d06aee2202605010137331777621062347880632.sst" compactIntoNextLevel: true destinationLevel: 2
2026-05-01 07:37:57:462 - Compaction started: 
139803785844288:Compacting sstable1/305ab122-2a52-4afe-9c9a-47c2657383fd202605010137331777621056282374716.sst sstable1/f5e5faed-fa03-4106-bf1c-dfd38d06aee2202605010137331777621062347880632.sst into:sstable2/3e54c6e3-f034-41d2-8504-c176d41dc32d202605010137331777621077485367369.sst
2026-05-01 07:37:57:520 - Compaction completed: 
3029041:Task input_files: "sstable1/f5e5faed-fa03-4106-bf1c-dfd38d06aee2202605010137331777621053762972823.sst" input_files: "sstable1/305ab122-2a52-4afe-9c9a-47c2657383fd202605010137331777621053742732892.sst" compactIntoNextLevel: true destinationLevel: 2 is dead (hb=30)
3029041:Found dead task input_files: "sstable1/f5e5faed-fa03-4106-bf1c-dfd38d06aee2202605010137331777621053762972823.sst" input_files: "sstable1/305ab122-2a52-4afe-9c9a-47c2657383fd202605010137331777621053742732892.sst" compactIntoNextLevel: true destinationLevel: 2
3029041:COMPACT_START sstable=1 input_files: "sstable1/f5e5faed-fa03-4106-bf1c-dfd38d06aee2202605010137331777621053762972823.sst" input_files: "sstable1/305ab122-2a52-4afe-9c9a-47c2657383fd202605010137331777621053742732892.sst" compactIntoNextLevel: true destinationLevel: 2
3029041:COMPACT_ABORT input_files: "sstable1/f5e5faed-fa03-4106-bf1c-dfd38d06aee2202605010137331777621053762972823.sst" input_files: "sstable1/305ab122-2a52-4afe-9c9a-47c2657383fd202605010137331777621053742732892.sst" compactIntoNextLevel: true destinationLevel: 2
3029041:Task input_files: "datalog/231" input_files: "datalog/232" compactIntoNextLevel: true destinationLevel: 1 is dead (hb=30)
3029041:Found dead task input_files: "datalog/231" input_files: "datalog/232" compactIntoNextLevel: true destinationLevel: 1
3029041:COMPACT_START sstable=0 input_files: "datalog/231" input_files: "datalog/232" compactIntoNextLevel: true destinationLevel: 1
2026-05-01 07:37:58:069 - Compaction started: 
139803785844288:Compacting datalog/231 datalog/232 into:sstable1/3e54c6e3-f034-41d2-8504-c176d41dc32d202605010137331777621078073270203.sst
2026-05-01 07:37:58:092 - Compaction completed: 
3029041:Task input_files: "datalog/747" input_files: "datalog/748" compactIntoNextLevel: true destinationLevel: 1 is dead (hb=30)
3029041:Found dead task input_files: "datalog/747" input_files: "datalog/748" compactIntoNextLevel: true destinationLevel: 1
3029041:COMPACT_START sstable=0 input_files: "datalog/747" input_files: "datalog/748" compactIntoNextLevel: true destinationLevel: 1
3029041:COMPACT_ABORT input_files: "datalog/747" input_files: "datalog/748" compactIntoNextLevel: true destinationLevel: 1
3029041:COMPACT_START sstable=1 input_files: "sstable1/8b6d3442-296e-4641-8dee-bf3361889571202605010137331777621056602579878.sst" input_files: "sstable1/3e54c6e3-f034-41d2-8504-c176d41dc32d202605010137331777621078073270203.sst" compactIntoNextLevel: true destinationLevel: 2
2026-05-01 07:37:58:181 - Compaction started: 
139803785844288:Compacting sstable1/8b6d3442-296e-4641-8dee-bf3361889571202605010137331777621056602579878.sst sstable1/3e54c6e3-f034-41d2-8504-c176d41dc32d202605010137331777621078073270203.sst into:sstable2/3e54c6e3-f034-41d2-8504-c176d41dc32d202605010137331777621078208681603.sst
2026-05-01 07:37:58:246 - Compaction completed: 
3029041:COMPACT_START sstable=1 input_files: "sstable1/8b6d3442-296e-4641-8dee-bf3361889571202605010137331777621056805889179.sst" input_files: "sstable1/f5e5faed-fa03-4106-bf1c-dfd38d06aee2202605010137331777621063060823443.sst" compactIntoNextLevel: true destinationLevel: 2
3029041:COMPACT_ABORT input_files: "sstable1/8b6d3442-296e-4641-8dee-bf3361889571202605010137331777621056805889179.sst" input_files: "sstable1/f5e5faed-fa03-4106-bf1c-dfd38d06aee2202605010137331777621063060823443.sst" compactIntoNextLevel: true destinationLevel: 2
3029041:COMPACT_START sstable=1 input_files: "sstable1/8b6d3442-296e-4641-8dee-bf3361889571202605010137331777621060159997950.sst" input_files: "sstable1/f5e5faed-fa03-4106-bf1c-dfd38d06aee2202605010137331777621063264134477.sst" compactIntoNextLevel: true destinationLevel: 2
2026-05-01 07:37:58:385 - Compaction started: 
139803785844288:Compacting sstable1/8b6d3442-296e-4641-8dee-bf3361889571202605010137331777621060159997950.sst sstable1/f5e5faed-fa03-4106-bf1c-dfd38d06aee2202605010137331777621063264134477.sst into:sstable2/3e54c6e3-f034-41d2-8504-c176d41dc32d202605010137331777621078407642712.sst
2026-05-01 07:37:58:443 - Compaction completed: 
3029041:COMPACT_START sstable=1 input_files: "sstable1/8b6d3442-296e-4641-8dee-bf3361889571202605010137331777621060363466048.sst" input_files: "sstable1/305ab122-2a52-4afe-9c9a-47c2657383fd202605010137331777621057403785466.sst" compactIntoNextLevel: true destinationLevel: 2
2026-05-01 07:37:58:487 - Compaction started: 
139803785844288:Compacting sstable1/8b6d3442-296e-4641-8dee-bf3361889571202605010137331777621060363466048.sst sstable1/305ab122-2a52-4afe-9c9a-47c2657383fd202605010137331777621057403785466.sst into:sstable2/3e54c6e3-f034-41d2-8504-c176d41dc32d202605010137331777621078508087264.sst
2026-05-01 07:37:58:542 - Compaction completed: 
3029041:COMPACT_START sstable=1 input_files: "sstable1/305ab122-2a52-4afe-9c9a-47c2657383fd202605010137331777621069948041266.sst" input_files: "sstable1/305ab122-2a52-4afe-9c9a-47c2657383fd202605010137331777621060649178029.sst" compactIntoNextLevel: true destinationLevel: 2
3029041:COMPACT_ABORT input_files: "sstable1/305ab122-2a52-4afe-9c9a-47c2657383fd202605010137331777621069948041266.sst" input_files: "sstable1/305ab122-2a52-4afe-9c9a-47c2657383fd202605010137331777621060649178029.sst" compactIntoNextLevel: true destinationLevel: 2
3029041:COMPACT_START sstable=1 input_files: "sstable1/8b6d3442-296e-4641-8dee-bf3361889571202605010137331777621060769399495.sst" input_files: "sstable1/305ab122-2a52-4afe-9c9a-47c2657383fd202605010137331777621057809097277.sst" compactIntoNextLevel: true destinationLevel: 2
2026-05-01 07:37:58:691 - Compaction started: 
139803785844288:Compacting sstable1/8b6d3442-296e-4641-8dee-bf3361889571202605010137331777621060769399495.sst sstable1/305ab122-2a52-4afe-9c9a-47c2657383fd202605010137331777621057809097277.sst into:sstable2/3e54c6e3-f034-41d2-8504-c176d41dc32d202605010137331777621078713680586.sst
2026-05-01 07:37:58:749 - Compaction completed: 
3029041:COMPACT_START sstable=1 input_files: "sstable1/3e54c6e3-f034-41d2-8504-c176d41dc32d202605010137331777621061054163289.sst" input_files: "sstable1/f5e5faed-fa03-4106-bf1c-dfd38d06aee2202605010137331777621064078340095.sst" compactIntoNextLevel: true destinationLevel: 2
2026-05-01 07:37:58:793 - Compaction started: 
139803785844288:Compacting sstable1/3e54c6e3-f034-41d2-8504-c176d41dc32d202605010137331777621061054163289.sst sstable1/f5e5faed-fa03-4106-bf1c-dfd38d06aee2202605010137331777621064078340095.sst into:sstable2/3e54c6e3-f034-41d2-8504-c176d41dc32d202605010137331777621078813826879.sst
2026-05-01 07:37:58:846 - Compaction completed: 
3029041:COMPACT_START sstable=1 input_files: "sstable1/3e54c6e3-f034-41d2-8504-c176d41dc32d202605010137331777621058218236243.sst" input_files: "sstable1/8b6d3442-296e-4641-8dee-bf3361889571202605010137331777621061277076338.sst" compactIntoNextLevel: true destinationLevel: 2
3029041:COMPACT_ABORT input_files: "sstable1/3e54c6e3-f034-41d2-8504-c176d41dc32d202605010137331777621058218236243.sst" input_files: "sstable1/8b6d3442-296e-4641-8dee-bf3361889571202605010137331777621061277076338.sst" compactIntoNextLevel: true destinationLevel: 2
3029041:COMPACT_START sstable=1 input_files: "sstable1/305ab122-2a52-4afe-9c9a-47c2657383fd202605010137331777621058316405069.sst" input_files: "sstable1/3e54c6e3-f034-41d2-8504-c176d41dc32d202605010137331777621058319498628.sst" compactIntoNextLevel: true destinationLevel: 2
2026-05-01 07:37:58:896 - Compaction started: 
139803785844288:Compacting sstable1/305ab122-2a52-4afe-9c9a-47c2657383fd202605010137331777621058316405069.sst sstable1/3e54c6e3-f034-41d2-8504-c176d41dc32d202605010137331777621058319498628.sst into:sstable2/3e54c6e3-f034-41d2-8504-c176d41dc32d202605010137331777621078918210224.sst
2026-05-01 07:37:58:952 - Compaction completed: 
3029041:COMPACT_START sstable=1 input_files: "sstable1/3e54c6e3-f034-41d2-8504-c176d41dc32d202605010137331777621058623388505.sst" input_files: "sstable1/3e54c6e3-f034-41d2-8504-c176d41dc32d202605010137331777621064817649282.sst" compactIntoNextLevel: true destinationLevel: 2
2026-05-01 07:37:58:998 - Compaction started: 
139803785844288:Compacting sstable1/3e54c6e3-f034-41d2-8504-c176d41dc32d202605010137331777621058623388505.sst sstable1/3e54c6e3-f034-41d2-8504-c176d41dc32d202605010137331777621064817649282.sst into:sstable2/3e54c6e3-f034-41d2-8504-c176d41dc32d202605010137331777621079020363349.sst
2026-05-01 07:37:59:054 - Compaction completed: 
3029041:COMPACT_START sstable=1 input_files: "sstable1/8b6d3442-296e-4641-8dee-bf3361889571202605010137331777621061993071912.sst" input_files: "sstable1/f5e5faed-fa03-4106-bf1c-dfd38d06aee2202605010137331777621058981372637.sst" compactIntoNextLevel: true destinationLevel: 2
3029041:COMPACT_ABORT input_files: "sstable1/8b6d3442-296e-4641-8dee-bf3361889571202605010137331777621061993071912.sst" input_files: "sstable1/f5e5faed-fa03-4106-bf1c-dfd38d06aee2202605010137331777621058981372637.sst" compactIntoNextLevel: true destinationLevel: 2
3029041:COMPACT_START sstable=1 input_files: "sstable1/3e54c6e3-f034-41d2-8504-c176d41dc32d202605010137331777621059129006920.sst" input_files: "sstable1/f5e5faed-fa03-4106-bf1c-dfd38d06aee2202605010137331777621065302932026.sst" compactIntoNextLevel: true destinationLevel: 2
3029041:COMPACT_ABORT input_files: "sstable1/3e54c6e3-f034-41d2-8504-c176d41dc32d202605010137331777621059129006920.sst" input_files: "sstable1/f5e5faed-fa03-4106-bf1c-dfd38d06aee2202605010137331777621065302932026.sst" compactIntoNextLevel: true destinationLevel: 2
3029041:COMPACT_START sstable=1 input_files: "sstable1/305ab122-2a52-4afe-9c9a-47c2657383fd202605010137331777621059534000925.sst" input_files: "sstable1/3e54c6e3-f034-41d2-8504-c176d41dc32d202605010137331777621059534593436.sst" compactIntoNextLevel: true destinationLevel: 2
3029041:COMPACT_ABORT input_files: "sstable1/305ab122-2a52-4afe-9c9a-47c2657383fd202605010137331777621059534000925.sst" input_files: "sstable1/3e54c6e3-f034-41d2-8504-c176d41dc32d202605010137331777621059534593436.sst" compactIntoNextLevel: true destinationLevel: 2
3029041:COMPACT_START sstable=1 input_files: "sstable1/305ab122-2a52-4afe-9c9a-47c2657383fd202605010137331777621059838201665.sst" input_files: "sstable1/305ab122-2a52-4afe-9c9a-47c2657383fd202605010137331777621059939514816.sst" compactIntoNextLevel: true destinationLevel: 2
3029041:COMPACT_ABORT input_files: "sstable1/305ab122-2a52-4afe-9c9a-47c2657383fd202605010137331777621059838201665.sst" input_files: "sstable1/305ab122-2a52-4afe-9c9a-47c2657383fd202605010137331777621059939514816.sst" compactIntoNextLevel: true destinationLevel: 2
3029041:COMPACT_START sstable=1 input_files: "sstable1/f5e5faed-fa03-4106-bf1c-dfd38d06aee2202605010137331777621066652847456.sst" input_files: "sstable1/f5e5faed-fa03-4106-bf1c-dfd38d06aee2202605010137331777621060503703826.sst" compactIntoNextLevel: true destinationLevel: 2
3029041:COMPACT_ABORT input_files: "sstable1/f5e5faed-fa03-4106-bf1c-dfd38d06aee2202605010137331777621066652847456.sst" input_files: "sstable1/f5e5faed-fa03-4106-bf1c-dfd38d06aee2202605010137331777621060503703826.sst" compactIntoNextLevel: true destinationLevel: 2
3029041:COMPACT_START sstable=1 input_files: "sstable1/305ab122-2a52-4afe-9c9a-47c2657383fd202605010137331777621061260512929.sst" input_files: "sstable1/f5e5faed-fa03-4106-bf1c-dfd38d06aee2202605010137331777621061323988098.sst" compactIntoNextLevel: true destinationLevel: 2
2026-05-01 07:37:59:608 - Compaction started: 
139803785844288:Compacting sstable1/305ab122-2a52-4afe-9c9a-47c2657383fd202605010137331777621061260512929.sst sstable1/f5e5faed-fa03-4106-bf1c-dfd38d06aee2202605010137331777621061323988098.sst into:sstable2/3e54c6e3-f034-41d2-8504-c176d41dc32d202605010137331777621079628732428.sst
2026-05-01 07:37:59:660 - Compaction completed: 
3029041:COMPACT_START sstable=1 input_files: "sstable1/f5e5faed-fa03-4106-bf1c-dfd38d06aee2202605010137331777621067671425958.sst" input_files: "sstable1/f5e5faed-fa03-4106-bf1c-dfd38d06aee2202605010137331777621064794071473.sst" compactIntoNextLevel: true destinationLevel: 2
2026-05-01 07:38:00:215 - Compaction started: 
139803785844288:Compacting sstable1/f5e5faed-fa03-4106-bf1c-dfd38d06aee2202605010137331777621067671425958.sst sstable1/f5e5faed-fa03-4106-bf1c-dfd38d06aee2202605010137331777621064794071473.sst into:sstable2/3e54c6e3-f034-41d2-8504-c176d41dc32d202605010137331777621080235323664.sst
2026-05-01 07:38:00:266 - Compaction completed: 
3029041:COMPACT_START sstable=1 input_files: "sstable1/305ab122-2a52-4afe-9c9a-47c2657383fd202605010137331777621068219203443.sst" input_files: "sstable1/8b6d3442-296e-4641-8dee-bf3361889571202605010137331777621065061422115.sst" compactIntoNextLevel: true destinationLevel: 2
3029041:COMPACT_ABORT input_files: "sstable1/305ab122-2a52-4afe-9c9a-47c2657383fd202605010137331777621068219203443.sst" input_files: "sstable1/8b6d3442-296e-4641-8dee-bf3361889571202605010137331777621065061422115.sst" compactIntoNextLevel: true destinationLevel: 2
3029041:COMPACT_START sstable=1 input_files: "sstable1/8b6d3442-296e-4641-8dee-bf3361889571202605010137331777621065163809289.sst" input_files: "sstable1/305ab122-2a52-4afe-9c9a-47c2657383fd202605010137331777621062178747367.sst" compactIntoNextLevel: true destinationLevel: 2
2026-05-01 07:38:00:417 - Compaction started: 
139803785844288:Compacting sstable1/8b6d3442-296e-4641-8dee-bf3361889571202605010137331777621065163809289.sst sstable1/305ab122-2a52-4afe-9c9a-47c2657383fd202605010137331777621062178747367.sst into:sstable2/3e54c6e3-f034-41d2-8504-c176d41dc32d202605010137331777621080436825136.sst
2026-05-01 07:38:00:468 - Compaction completed: 
3029041:COMPACT_START sstable=1 input_files: "sstable1/8b6d3442-296e-4641-8dee-bf3361889571202605010137331777621065468474629.sst" input_files: "sstable1/8b6d3442-296e-4641-8dee-bf3361889571202605010137331777621062500713439.sst" compactIntoNextLevel: true destinationLevel: 2
3029041:COMPACT_ABORT input_files: "sstable1/8b6d3442-296e-4641-8dee-bf3361889571202605010137331777621065468474629.sst" input_files: "sstable1/8b6d3442-296e-4641-8dee-bf3361889571202605010137331777621062500713439.sst" compactIntoNextLevel: true destinationLevel: 2
3029041:COMPACT_START sstable=1 input_files: "sstable1/f5e5faed-fa03-4106-bf1c-dfd38d06aee2202605010137331777621075064294444.sst" input_files: "sstable1/8b6d3442-296e-4641-8dee-bf3361889571202605010137331777621072279402199.sst" compactIntoNextLevel: true destinationLevel: 2
2026-05-01 07:38:00:619 - Compaction started: 
139803785844288:Compacting sstable1/f5e5faed-fa03-4106-bf1c-dfd38d06aee2202605010137331777621075064294444.sst sstable1/8b6d3442-296e-4641-8dee-bf3361889571202605010137331777621072279402199.sst into:sstable2/3e54c6e3-f034-41d2-8504-c176d41dc32d202605010137331777621080638668969.sst
2026-05-01 07:38:00:671 - Compaction completed: 
3029041:COMPACT_START sstable=1 input_files: "sstable1/305ab122-2a52-4afe-9c9a-47c2657383fd202605010137331777621063292796997.sst" input_files: "sstable1/3e54c6e3-f034-41d2-8504-c176d41dc32d202605010137331777621063293722833.sst" compactIntoNextLevel: true destinationLevel: 2
2026-05-01 07:38:00:721 - Compaction started: 
139803785844288:Compacting sstable1/305ab122-2a52-4afe-9c9a-47c2657383fd202605010137331777621063292796997.sst sstable1/3e54c6e3-f034-41d2-8504-c176d41dc32d202605010137331777621063293722833.sst into:sstable2/3e54c6e3-f034-41d2-8504-c176d41dc32d202605010137331777621080740287421.sst
2026-05-01 07:38:00:770 - Compaction completed: 
3029041:COMPACT_START sstable=1 input_files: "sstable1/3e54c6e3-f034-41d2-8504-c176d41dc32d202605010137331777621063497057471.sst" input_files: "sstable1/3e54c6e3-f034-41d2-8504-c176d41dc32d202605010137331777621066690311987.sst" compactIntoNextLevel: true destinationLevel: 2
3029041:COMPACT_ABORT input_files: "sstable1/3e54c6e3-f034-41d2-8504-c176d41dc32d202605010137331777621063497057471.sst" input_files: "sstable1/3e54c6e3-f034-41d2-8504-c176d41dc32d202605010137331777621066690311987.sst" compactIntoNextLevel: true destinationLevel: 2
3029041:COMPACT_START sstable=1 input_files: "sstable1/8b6d3442-296e-4641-8dee-bf3361889571202605010137331777621072988611782.sst" input_files: "sstable1/f5e5faed-fa03-4106-bf1c-dfd38d06aee2202605010137331777621076076995768.sst" compactIntoNextLevel: true destinationLevel: 2
3029041:COMPACT_ABORT input_files: "sstable1/8b6d3442-296e-4641-8dee-bf3361889571202605010137331777621072988611782.sst" input_files: "sstable1/f5e5faed-fa03-4106-bf1c-dfd38d06aee2202605010137331777621076076995768.sst" compactIntoNextLevel: true destinationLevel: 2
3029041:Task input_files: "sstable1/8b6d3442-296e-4641-8dee-bf3361889571202605010137331777621056805889179.sst" input_files: "sstable1/f5e5faed-fa03-4106-bf1c-dfd38d06aee2202605010137331777621063060823443.sst" compactIntoNextLevel: true destinationLevel: 2 is dead (hb=30)
3029041:Found dead task input_files: "sstable1/8b6d3442-296e-4641-8dee-bf3361889571202605010137331777621056805889179.sst" input_files: "sstable1/f5e5faed-fa03-4106-bf1c-dfd38d06aee2202605010137331777621063060823443.sst" compactIntoNextLevel: true destinationLevel: 2
3029041:COMPACT_START sstable=1 input_files: "sstable1/8b6d3442-296e-4641-8dee-bf3361889571202605010137331777621056805889179.sst" input_files: "sstable1/f5e5faed-fa03-4106-bf1c-dfd38d06aee2202605010137331777621063060823443.sst" compactIntoNextLevel: true destinationLevel: 2
3029041:COMPACT_ABORT input_files: "sstable1/8b6d3442-296e-4641-8dee-bf3361889571202605010137331777621056805889179.sst" input_files: "sstable1/f5e5faed-fa03-4106-bf1c-dfd38d06aee2202605010137331777621063060823443.sst" compactIntoNextLevel: true destinationLevel: 2
3029041:Task input_files: "sstable1/305ab122-2a52-4afe-9c9a-47c2657383fd202605010137331777621069948041266.sst" input_files: "sstable1/305ab122-2a52-4afe-9c9a-47c2657383fd202605010137331777621060649178029.sst" compactIntoNextLevel: true destinationLevel: 2 is dead (hb=30)
3029041:Found dead task input_files: "sstable1/305ab122-2a52-4afe-9c9a-47c2657383fd202605010137331777621069948041266.sst" input_files: "sstable1/305ab122-2a52-4afe-9c9a-47c2657383fd202605010137331777621060649178029.sst" compactIntoNextLevel: true destinationLevel: 2
3029041:COMPACT_START sstable=1 input_files: "sstable1/305ab122-2a52-4afe-9c9a-47c2657383fd202605010137331777621069948041266.sst" input_files: "sstable1/305ab122-2a52-4afe-9c9a-47c2657383fd202605010137331777621060649178029.sst" compactIntoNextLevel: true destinationLevel: 2
2026-05-01 07:38:01:731 - Compaction started: 
139803785844288:Compacting sstable1/305ab122-2a52-4afe-9c9a-47c2657383fd202605010137331777621069948041266.sst sstable1/305ab122-2a52-4afe-9c9a-47c2657383fd202605010137331777621060649178029.sst into:sstable2/3e54c6e3-f034-41d2-8504-c176d41dc32d202605010137331777621081753337779.sst
2026-05-01 07:38:01:786 - Compaction completed: 
3029041:Task input_files: "sstable1/3e54c6e3-f034-41d2-8504-c176d41dc32d202605010137331777621058218236243.sst" input_files: "sstable1/8b6d3442-296e-4641-8dee-bf3361889571202605010137331777621061277076338.sst" compactIntoNextLevel: true destinationLevel: 2 is dead (hb=30)
3029041:Found dead task input_files: "sstable1/3e54c6e3-f034-41d2-8504-c176d41dc32d202605010137331777621058218236243.sst" input_files: "sstable1/8b6d3442-296e-4641-8dee-bf3361889571202605010137331777621061277076338.sst" compactIntoNextLevel: true destinationLevel: 2
3029041:COMPACT_START sstable=1 input_files: "sstable1/3e54c6e3-f034-41d2-8504-c176d41dc32d202605010137331777621058218236243.sst" input_files: "sstable1/8b6d3442-296e-4641-8dee-bf3361889571202605010137331777621061277076338.sst" compactIntoNextLevel: true destinationLevel: 2
2026-05-01 07:38:01:934 - Compaction started: 
139803785844288:Compacting sstable1/3e54c6e3-f034-41d2-8504-c176d41dc32d202605010137331777621058218236243.sst sstable1/8b6d3442-296e-4641-8dee-bf3361889571202605010137331777621061277076338.sst into:sstable2/3e54c6e3-f034-41d2-8504-c176d41dc32d202605010137331777621081954791321.sst
2026-05-01 07:38:01:986 - Compaction completed: 
3029041:Task input_files: "sstable1/8b6d3442-296e-4641-8dee-bf3361889571202605010137331777621064754887981.sst" input_files: "sstable1/8b6d3442-296e-4641-8dee-bf3361889571202605010137331777621058639719178.sst" compactIntoNextLevel: true destinationLevel: 2 is dead (hb=30)
3029041:Found dead task input_files: "sstable1/8b6d3442-296e-4641-8dee-bf3361889571202605010137331777621064754887981.sst" input_files: "sstable1/8b6d3442-296e-4641-8dee-bf3361889571202605010137331777621058639719178.sst" compactIntoNextLevel: true destinationLevel: 2
3029041:COMPACT_START sstable=1 input_files: "sstable1/8b6d3442-296e-4641-8dee-bf3361889571202605010137331777621064754887981.sst" input_files: "sstable1/8b6d3442-296e-4641-8dee-bf3361889571202605010137331777621058639719178.sst" compactIntoNextLevel: true destinationLevel: 2
2026-05-01 07:38:02:137 - Compaction started: 
139803785844288:Compacting sstable1/8b6d3442-296e-4641-8dee-bf3361889571202605010137331777621064754887981.sst sstable1/8b6d3442-296e-4641-8dee-bf3361889571202605010137331777621058639719178.sst into:sstable2/3e54c6e3-f034-41d2-8504-c176d41dc32d202605010137331777621082158038775.sst
2026-05-01 07:38:02:191 - Compaction completed: 
3029041:Task input_files: "sstable1/8b6d3442-296e-4641-8dee-bf3361889571202605010137331777621061993071912.sst" input_files: "sstable1/f5e5faed-fa03-4106-bf1c-dfd38d06aee2202605010137331777621058981372637.sst" compactIntoNextLevel: true destinationLevel: 2 is dead (hb=30)
3029041:Found dead task input_files: "sstable1/8b6d3442-296e-4641-8dee-bf3361889571202605010137331777621061993071912.sst" input_files: "sstable1/f5e5faed-fa03-4106-bf1c-dfd38d06aee2202605010137331777621058981372637.sst" compactIntoNextLevel: true destinationLevel: 2
3029041:COMPACT_START sstable=1 input_files: "sstable1/8b6d3442-296e-4641-8dee-bf3361889571202605010137331777621061993071912.sst" input_files: "sstable1/f5e5faed-fa03-4106-bf1c-dfd38d06aee2202605010137331777621058981372637.sst" compactIntoNextLevel: true destinationLevel: 2
3029041:COMPACT_ABORT input_files: "sstable1/8b6d3442-296e-4641-8dee-bf3361889571202605010137331777621061993071912.sst" input_files: "sstable1/f5e5faed-fa03-4106-bf1c-dfd38d06aee2202605010137331777621058981372637.sst" compactIntoNextLevel: true destinationLevel: 2
3029041:Task input_files: "sstable1/305ab122-2a52-4afe-9c9a-47c2657383fd202605010137331777621059534000925.sst" input_files: "sstable1/3e54c6e3-f034-41d2-8504-c176d41dc32d202605010137331777621059534593436.sst" compactIntoNextLevel: true destinationLevel: 2 is dead (hb=30)
3029041:Found dead task input_files: "sstable1/305ab122-2a52-4afe-9c9a-47c2657383fd202605010137331777621059534000925.sst" input_files: "sstable1/3e54c6e3-f034-41d2-8504-c176d41dc32d202605010137331777621059534593436.sst" compactIntoNextLevel: true destinationLevel: 2
3029041:COMPACT_START sstable=1 input_files: "sstable1/305ab122-2a52-4afe-9c9a-47c2657383fd202605010137331777621059534000925.sst" input_files: "sstable1/3e54c6e3-f034-41d2-8504-c176d41dc32d202605010137331777621059534593436.sst" compactIntoNextLevel: true destinationLevel: 2
3029041:COMPACT_ABORT input_files: "sstable1/305ab122-2a52-4afe-9c9a-47c2657383fd202605010137331777621059534000925.sst" input_files: "sstable1/3e54c6e3-f034-41d2-8504-c176d41dc32d202605010137331777621059534593436.sst" compactIntoNextLevel: true destinationLevel: 2
3029041:Task input_files: "sstable1/305ab122-2a52-4afe-9c9a-47c2657383fd202605010137331777621059838201665.sst" input_files: "sstable1/305ab122-2a52-4afe-9c9a-47c2657383fd202605010137331777621059939514816.sst" compactIntoNextLevel: true destinationLevel: 2 is dead (hb=30)
3029041:Task input_files: "sstable1/305ab122-2a52-4afe-9c9a-47c2657383fd202605010137331777621060040815081.sst" input_files: "sstable1/f5e5faed-fa03-4106-bf1c-dfd38d06aee2202605010137331777621063162295481.sst" compactIntoNextLevel: true destinationLevel: 2 is dead (hb=30)
3029041:Task input_files: "sstable1/f5e5faed-fa03-4106-bf1c-dfd38d06aee2202605010137331777621059591033608.sst" input_files: "sstable1/305ab122-2a52-4afe-9c9a-47c2657383fd202605010137331777621059635659684.sst" compactIntoNextLevel: true destinationLevel: 2 is dead (hb=30)
3029041:Found dead task input_files: "sstable1/f5e5faed-fa03-4106-bf1c-dfd38d06aee2202605010137331777621059591033608.sst" input_files: "sstable1/305ab122-2a52-4afe-9c9a-47c2657383fd202605010137331777621059635659684.sst" compactIntoNextLevel: true destinationLevel: 2
3029041:COMPACT_START sstable=1 input_files: "sstable1/f5e5faed-fa03-4106-bf1c-dfd38d06aee2202605010137331777621059591033608.sst" input_files: "sstable1/305ab122-2a52-4afe-9c9a-47c2657383fd202605010137331777621059635659684.sst" compactIntoNextLevel: true destinationLevel: 2
3029041:COMPACT_ABORT input_files: "sstable1/f5e5faed-fa03-4106-bf1c-dfd38d06aee2202605010137331777621059591033608.sst" input_files: "sstable1/305ab122-2a52-4afe-9c9a-47c2657383fd202605010137331777621059635659684.sst" compactIntoNextLevel: true destinationLevel: 2
3029041:Task input_files: "sstable1/f5e5faed-fa03-4106-bf1c-dfd38d06aee2202605010137331777621061118463415.sst" input_files: "sstable1/f5e5faed-fa03-4106-bf1c-dfd38d06aee2202605010137331777621064180442824.sst" compactIntoNextLevel: true destinationLevel: 2 is dead (hb=30)
3029041:Task input_files: "sstable1/8b6d3442-296e-4641-8dee-bf3361889571202605010137331777621073192113192.sst" input_files: "sstable1/8b6d3442-296e-4641-8dee-bf3361889571202605010137331777621064245841540.sst" compactIntoNextLevel: true destinationLevel: 2 is dead (hb=30)
3029041:Task input_files: "sstable1/f5e5faed-fa03-4106-bf1c-dfd38d06aee2202605010137331777621066652847456.sst" input_files: "sstable1/f5e5faed-fa03-4106-bf1c-dfd38d06aee2202605010137331777621060503703826.sst" compactIntoNextLevel: true destinationLevel: 2 is dead (hb=30)
3029041:Found dead task input_files: "sstable1/f5e5faed-fa03-4106-bf1c-dfd38d06aee2202605010137331777621066652847456.sst" input_files: "sstable1/f5e5faed-fa03-4106-bf1c-dfd38d06aee2202605010137331777621060503703826.sst" compactIntoNextLevel: true destinationLevel: 2
3029041:COMPACT_START sstable=1 input_files: "sstable1/f5e5faed-fa03-4106-bf1c-dfd38d06aee2202605010137331777621066652847456.sst" input_files: "sstable1/f5e5faed-fa03-4106-bf1c-dfd38d06aee2202605010137331777621060503703826.sst" compactIntoNextLevel: true destinationLevel: 2
2026-05-01 07:38:02:644 - Compaction started: 
139803785844288:Compacting sstable1/f5e5faed-fa03-4106-bf1c-dfd38d06aee2202605010137331777621066652847456.sst sstable1/f5e5faed-fa03-4106-bf1c-dfd38d06aee2202605010137331777621060503703826.sst into:sstable2/3e54c6e3-f034-41d2-8504-c176d41dc32d202605010137331777621082663379008.sst
2026-05-01 07:38:02:693 - Compaction completed: 
3029041:COMPACT_START sstable=1 input_files: "sstable1/305ab122-2a52-4afe-9c9a-47c2657383fd202605010137331777621064105047029.sst" input_files: "sstable1/3e54c6e3-f034-41d2-8504-c176d41dc32d202605010137331777621064105539813.sst" compactIntoNextLevel: true destinationLevel: 2
2026-05-01 07:38:02:745 - Compaction started: 
139803785844288:Compacting sstable1/305ab122-2a52-4afe-9c9a-47c2657383fd202605010137331777621064105047029.sst sstable1/3e54c6e3-f034-41d2-8504-c176d41dc32d202605010137331777621064105539813.sst into:sstable2/3e54c6e3-f034-41d2-8504-c176d41dc32d202605010137331777621082763476930.sst
2026-05-01 07:38:02:792 - Compaction completed: 
3029041:COMPACT_START sstable=1 input_files: "sstable1/305ab122-2a52-4afe-9c9a-47c2657383fd202605010137331777621064308311014.sst" input_files: "sstable1/8b6d3442-296e-4641-8dee-bf3361889571202605010137331777621067413191726.sst" compactIntoNextLevel: true destinationLevel: 2
2026-05-01 07:38:02:847 - Compaction started: 
139803785844288:Compacting sstable1/305ab122-2a52-4afe-9c9a-47c2657383fd202605010137331777621064308311014.sst sstable1/8b6d3442-296e-4641-8dee-bf3361889571202605010137331777621067413191726.sst into:sstable2/3e54c6e3-f034-41d2-8504-c176d41dc32d202605010137331777621082864868978.sst
2026-05-01 07:38:02:893 - Compaction completed: 
3029041:COMPACT_START sstable=1 input_files: "sstable1/8b6d3442-296e-4641-8dee-bf3361889571202605010137331777621073697931121.sst" input_files: "sstable1/8b6d3442-296e-4641-8dee-bf3361889571202605010137331777621070657460983.sst" compactIntoNextLevel: true destinationLevel: 2
2026-05-01 07:38:02:948 - Compaction started: 
139803785844288:Compacting sstable1/8b6d3442-296e-4641-8dee-bf3361889571202605010137331777621073697931121.sst sstable1/8b6d3442-296e-4641-8dee-bf3361889571202605010137331777621070657460983.sst into:sstable2/3e54c6e3-f034-41d2-8504-c176d41dc32d202605010137331777621082966068545.sst
2026-05-01 07:38:02:994 - Compaction completed: 
3029041:COMPACT_START sstable=1 input_files: "sstable1/3e54c6e3-f034-41d2-8504-c176d41dc32d202605010137331777621070996852441.sst" input_files: "sstable1/305ab122-2a52-4afe-9c9a-47c2657383fd202605010137331777621068016266240.sst" compactIntoNextLevel: true destinationLevel: 2
2026-05-01 07:38:03:049 - Compaction started: 
139803785844288:Compacting sstable1/3e54c6e3-f034-41d2-8504-c176d41dc32d202605010137331777621070996852441.sst sstable1/305ab122-2a52-4afe-9c9a-47c2657383fd202605010137331777621068016266240.sst into:sstable2/3e54c6e3-f034-41d2-8504-c176d41dc32d202605010137331777621083066922023.sst
2026-05-01 07:38:03:095 - Compaction completed: 
3029041:COMPACT_START sstable=1 input_files: "sstable1/305ab122-2a52-4afe-9c9a-47c2657383fd202605010137331777621065020473513.sst" input_files: "sstable1/305ab122-2a52-4afe-9c9a-47c2657383fd202605010137331777621071262767811.sst" compactIntoNextLevel: true destinationLevel: 2
3029041:COMPACT_ABORT input_files: "sstable1/305ab122-2a52-4afe-9c9a-47c2657383fd202605010137331777621065020473513.sst" input_files: "sstable1/305ab122-2a52-4afe-9c9a-47c2657383fd202605010137331777621071262767811.sst" compactIntoNextLevel: true destinationLevel: 2
3029041:COMPACT_START sstable=1 input_files: "sstable1/8b6d3442-296e-4641-8dee-bf3361889571202605010137331777621068530170267.sst" input_files: "sstable1/3e54c6e3-f034-41d2-8504-c176d41dc32d202605010137331777621068651348215.sst" compactIntoNextLevel: true destinationLevel: 2
2026-05-01 07:38:03:251 - Compaction started: 
139803785844288:Compacting sstable1/8b6d3442-296e-4641-8dee-bf3361889571202605010137331777621068530170267.sst sstable1/3e54c6e3-f034-41d2-8504-c176d41dc32d202605010137331777621068651348215.sst into:sstable2/3e54c6e3-f034-41d2-8504-c176d41dc32d202605010137331777621083269224747.sst
2026-05-01 07:38:03:297 - Compaction completed: 
3029041:COMPACT_START sstable=1 input_files: "sstable1/8b6d3442-296e-4641-8dee-bf3361889571202605010137331777621068631637626.sst" input_files: "sstable1/f5e5faed-fa03-4106-bf1c-dfd38d06aee2202605010137331777621074455820318.sst" compactIntoNextLevel: true destinationLevel: 2
3029041:COMPACT_ABORT input_files: "sstable1/8b6d3442-296e-4641-8dee-bf3361889571202605010137331777621068631637626.sst" input_files: "sstable1/f5e5faed-fa03-4106-bf1c-dfd38d06aee2202605010137331777621074455820318.sst" compactIntoNextLevel: true destinationLevel: 2
3029041:Task input_files: "sstable1/305ab122-2a52-4afe-9c9a-47c2657383fd202605010137331777621068219203443.sst" input_files: "sstable1/8b6d3442-296e-4641-8dee-bf3361889571202605010137331777621065061422115.sst" compactIntoNextLevel: true destinationLevel: 2 is dead (hb=30)
3029041:Found dead task input_files: "sstable1/305ab122-2a52-4afe-9c9a-47c2657383fd202605010137331777621068219203443.sst" input_files: "sstable1/8b6d3442-296e-4641-8dee-bf3361889571202605010137331777621065061422115.sst" compactIntoNextLevel: true destinationLevel: 2
3029041:COMPACT_START sstable=1 input_files: "sstable1/305ab122-2a52-4afe-9c9a-47c2657383fd202605010137331777621068219203443.sst" input_files: "sstable1/8b6d3442-296e-4641-8dee-bf3361889571202605010137331777621065061422115.sst" compactIntoNextLevel: true destinationLevel: 2
3029041:COMPACT_ABORT input_files: "sstable1/305ab122-2a52-4afe-9c9a-47c2657383fd202605010137331777621068219203443.sst" input_files: "sstable1/8b6d3442-296e-4641-8dee-bf3361889571202605010137331777621065061422115.sst" compactIntoNextLevel: true destinationLevel: 2
2026-05-01 07:38:03:524 30 sec: 128887 operations; 4296.23 current ops/sec; est completion in 2 days 16 hours [READ: Count=128895, Max=1693695, Min=32, Avg=230.56, 90=348, 99=408, 99.9=483, 99.99=13383] 
3029041:Task input_files: "sstable1/8b6d3442-296e-4641-8dee-bf3361889571202605010137331777621065468474629.sst" input_files: "sstable1/8b6d3442-296e-4641-8dee-bf3361889571202605010137331777621062500713439.sst" compactIntoNextLevel: true destinationLevel: 2 is dead (hb=30)
3029041:Found dead task input_files: "sstable1/8b6d3442-296e-4641-8dee-bf3361889571202605010137331777621065468474629.sst" input_files: "sstable1/8b6d3442-296e-4641-8dee-bf3361889571202605010137331777621062500713439.sst" compactIntoNextLevel: true destinationLevel: 2
3029041:COMPACT_START sstable=1 input_files: "sstable1/8b6d3442-296e-4641-8dee-bf3361889571202605010137331777621065468474629.sst" input_files: "sstable1/8b6d3442-296e-4641-8dee-bf3361889571202605010137331777621062500713439.sst" compactIntoNextLevel: true destinationLevel: 2
3029041:COMPACT_ABORT input_files: "sstable1/8b6d3442-296e-4641-8dee-bf3361889571202605010137331777621065468474629.sst" input_files: "sstable1/8b6d3442-296e-4641-8dee-bf3361889571202605010137331777621062500713439.sst" compactIntoNextLevel: true destinationLevel: 2
3029041:COMPACT_START sstable=1 input_files: "sstable1/f5e5faed-fa03-4106-bf1c-dfd38d06aee2202605010137331777621074658785363.sst" input_files: "sstable1/305ab122-2a52-4afe-9c9a-47c2657383fd202605010137331777621065530727427.sst" compactIntoNextLevel: true destinationLevel: 2
3029041:COMPACT_ABORT input_files: "sstable1/f5e5faed-fa03-4106-bf1c-dfd38d06aee2202605010137331777621074658785363.sst" input_files: "sstable1/305ab122-2a52-4afe-9c9a-47c2657383fd202605010137331777621065530727427.sst" compactIntoNextLevel: true destinationLevel: 2
3029041:Task input_files: "sstable1/8b6d3442-296e-4641-8dee-bf3361889571202605010137331777621072988611782.sst" input_files: "sstable1/f5e5faed-fa03-4106-bf1c-dfd38d06aee2202605010137331777621076076995768.sst" compactIntoNextLevel: true destinationLevel: 2 is dead (hb=30)
3029041:Task input_files: "sstable1/8b6d3442-296e-4641-8dee-bf3361889571202605010137331777621063535429262.sst" input_files: "sstable1/3e54c6e3-f034-41d2-8504-c176d41dc32d202605010137331777621063598549717.sst" compactIntoNextLevel: true destinationLevel: 2 is dead (hb=30)
3029041:Task input_files: "sstable1/8b6d3442-296e-4641-8dee-bf3361889571202605010137331777621066690856798.sst" input_files: "sstable1/f5e5faed-fa03-4106-bf1c-dfd38d06aee2202605010137331777621066857080148.sst" compactIntoNextLevel: true destinationLevel: 2 is dead (hb=30)
3029041:Found dead task input_files: "sstable1/8b6d3442-296e-4641-8dee-bf3361889571202605010137331777621066690856798.sst" input_files: "sstable1/f5e5faed-fa03-4106-bf1c-dfd38d06aee2202605010137331777621066857080148.sst" compactIntoNextLevel: true destinationLevel: 2
3029041:COMPACT_START sstable=1 input_files: "sstable1/8b6d3442-296e-4641-8dee-bf3361889571202605010137331777621066690856798.sst" input_files: "sstable1/f5e5faed-fa03-4106-bf1c-dfd38d06aee2202605010137331777621066857080148.sst" compactIntoNextLevel: true destinationLevel: 2
2026-05-01 07:38:04:059 - Compaction started: 
139803785844288:Compacting sstable1/8b6d3442-296e-4641-8dee-bf3361889571202605010137331777621066690856798.sst sstable1/f5e5faed-fa03-4106-bf1c-dfd38d06aee2202605010137331777621066857080148.sst into:sstable2/3e54c6e3-f034-41d2-8504-c176d41dc32d202605010137331777621084079113962.sst
2026-05-01 07:38:04:109 - Compaction completed: 
3029041:COMPACT_START sstable=1 input_files: "sstable1/8b6d3442-296e-4641-8dee-bf3361889571202605010137331777621075117408511.sst" input_files: "sstable1/f5e5faed-fa03-4106-bf1c-dfd38d06aee2202605010137331777621065914676001.sst" compactIntoNextLevel: true destinationLevel: 2
2026-05-01 07:38:04:362 - Compaction started: 
139803785844288:Compacting sstable1/8b6d3442-296e-4641-8dee-bf3361889571202605010137331777621075117408511.sst sstable1/f5e5faed-fa03-4106-bf1c-dfd38d06aee2202605010137331777621065914676001.sst into:sstable2/3e54c6e3-f034-41d2-8504-c176d41dc32d202605010137331777621084379351162.sst
2026-05-01 07:38:04:405 - Compaction completed: 
3029041:COMPACT_START sstable=1 input_files: "sstable1/f5e5faed-fa03-4106-bf1c-dfd38d06aee2202605010137331777621069095115224.sst" input_files: "sstable1/f5e5faed-fa03-4106-bf1c-dfd38d06aee2202605010137331777621084307692181.sst" compactIntoNextLevel: true destinationLevel: 2
2026-05-01 07:38:04:464 - Compaction started: 
139803785844288:Compacting sstable1/f5e5faed-fa03-4106-bf1c-dfd38d06aee2202605010137331777621069095115224.sst sstable1/f5e5faed-fa03-4106-bf1c-dfd38d06aee2202605010137331777621084307692181.sst into:sstable2/3e54c6e3-f034-41d2-8504-c176d41dc32d202605010137331777621084480697534.sst
2026-05-01 07:38:04:508 - Compaction completed: 
3029041:COMPACT_START sstable=1 input_files: "sstable1/3e54c6e3-f034-41d2-8504-c176d41dc32d202605010137331777621066346933315.sst" input_files: "sstable1/f5e5faed-fa03-4106-bf1c-dfd38d06aee2202605010137331777621066423678910.sst" compactIntoNextLevel: true destinationLevel: 2
2026-05-01 07:38:04:566 - Compaction started: 
139803785844288:Compacting sstable1/3e54c6e3-f034-41d2-8504-c176d41dc32d202605010137331777621066346933315.sst sstable1/f5e5faed-fa03-4106-bf1c-dfd38d06aee2202605010137331777621066423678910.sst into:sstable2/3e54c6e3-f034-41d2-8504-c176d41dc32d202605010137331777621084582628352.sst
2026-05-01 07:38:04:608 - Compaction completed: 
3029041:COMPACT_START sstable=1 input_files: "sstable1/8b6d3442-296e-4641-8dee-bf3361889571202605010137331777621066998803019.sst" input_files: "sstable1/3e54c6e3-f034-41d2-8504-c176d41dc32d202605010137331777621066998690148.sst" compactIntoNextLevel: true destinationLevel: 2
3029041:COMPACT_ABORT input_files: "sstable1/8b6d3442-296e-4641-8dee-bf3361889571202605010137331777621066998803019.sst" input_files: "sstable1/3e54c6e3-f034-41d2-8504-c176d41dc32d202605010137331777621066998690148.sst" compactIntoNextLevel: true destinationLevel: 2
3029041:Task input_files: "sstable1/305ab122-2a52-4afe-9c9a-47c2657383fd202605010137331777621058417728688.sst" input_files: "sstable1/3e54c6e3-f034-41d2-8504-c176d41dc32d202605010137331777621058420631460.sst" compactIntoNextLevel: true destinationLevel: 2 is dead (hb=30)
3029041:Task input_files: "sstable1/8b6d3442-296e-4641-8dee-bf3361889571202605010137331777621055336889804.sst" input_files: "sstable1/f5e5faed-fa03-4106-bf1c-dfd38d06aee2202605010137331777621055316796317.sst" compactIntoNextLevel: true destinationLevel: 2 is dead (hb=30)
3029041:Found dead task input_files: "sstable1/8b6d3442-296e-4641-8dee-bf3361889571202605010137331777621055336889804.sst" input_files: "sstable1/f5e5faed-fa03-4106-bf1c-dfd38d06aee2202605010137331777621055316796317.sst" compactIntoNextLevel: true destinationLevel: 2
3029041:COMPACT_START sstable=1 input_files: "sstable1/8b6d3442-296e-4641-8dee-bf3361889571202605010137331777621055336889804.sst" input_files: "sstable1/f5e5faed-fa03-4106-bf1c-dfd38d06aee2202605010137331777621055316796317.sst" compactIntoNextLevel: true destinationLevel: 2
3029041:COMPACT_ABORT input_files: "sstable1/8b6d3442-296e-4641-8dee-bf3361889571202605010137331777621055336889804.sst" input_files: "sstable1/f5e5faed-fa03-4106-bf1c-dfd38d06aee2202605010137331777621055316796317.sst" compactIntoNextLevel: true destinationLevel: 2
3029041:Task input_files: "sstable1/8b6d3442-296e-4641-8dee-bf3361889571202605010137331777621058333798805.sst" input_files: "sstable1/f5e5faed-fa03-4106-bf1c-dfd38d06aee2202605010137331777621064588884743.sst" compactIntoNextLevel: true destinationLevel: 2 is dead (hb=30)
3029041:Found dead task input_files: "sstable1/8b6d3442-296e-4641-8dee-bf3361889571202605010137331777621058333798805.sst" input_files: "sstable1/f5e5faed-fa03-4106-bf1c-dfd38d06aee2202605010137331777621064588884743.sst" compactIntoNextLevel: true destinationLevel: 2
3029041:COMPACT_START sstable=1 input_files: "sstable1/8b6d3442-296e-4641-8dee-bf3361889571202605010137331777621058333798805.sst" input_files: "sstable1/f5e5faed-fa03-4106-bf1c-dfd38d06aee2202605010137331777621064588884743.sst" compactIntoNextLevel: true destinationLevel: 2
3029041:COMPACT_ABORT input_files: "sstable1/8b6d3442-296e-4641-8dee-bf3361889571202605010137331777621058333798805.sst" input_files: "sstable1/f5e5faed-fa03-4106-bf1c-dfd38d06aee2202605010137331777621064588884743.sst" compactIntoNextLevel: true destinationLevel: 2
3029041:Task input_files: "sstable1/8b6d3442-296e-4641-8dee-bf3361889571202605010137331777621061993071912.sst" input_files: "sstable1/f5e5faed-fa03-4106-bf1c-dfd38d06aee2202605010137331777621058981372637.sst" compactIntoNextLevel: true destinationLevel: 2 is dead (hb=30)
3029041:Found dead task input_files: "sstable1/8b6d3442-296e-4641-8dee-bf3361889571202605010137331777621061993071912.sst" input_files: "sstable1/f5e5faed-fa03-4106-bf1c-dfd38d06aee2202605010137331777621058981372637.sst" compactIntoNextLevel: true destinationLevel: 2
3029041:COMPACT_START sstable=1 input_files: "sstable1/8b6d3442-296e-4641-8dee-bf3361889571202605010137331777621061993071912.sst" input_files: "sstable1/f5e5faed-fa03-4106-bf1c-dfd38d06aee2202605010137331777621058981372637.sst" compactIntoNextLevel: true destinationLevel: 2
2026-05-01 07:38:05:374 - Compaction started: 
139803785844288:Compacting sstable1/8b6d3442-296e-4641-8dee-bf3361889571202605010137331777621061993071912.sst sstable1/f5e5faed-fa03-4106-bf1c-dfd38d06aee2202605010137331777621058981372637.sst into:sstable2/3e54c6e3-f034-41d2-8504-c176d41dc32d202605010137331777621085392771343.sst
2026-05-01 07:38:05:421 - Compaction completed: 
3029041:Task input_files: "sstable1/305ab122-2a52-4afe-9c9a-47c2657383fd202605010137331777621059534000925.sst" input_files: "sstable1/3e54c6e3-f034-41d2-8504-c176d41dc32d202605010137331777621059534593436.sst" compactIntoNextLevel: true destinationLevel: 2 is dead (hb=30)
3029041:Found dead task input_files: "sstable1/305ab122-2a52-4afe-9c9a-47c2657383fd202605010137331777621059534000925.sst" input_files: "sstable1/3e54c6e3-f034-41d2-8504-c176d41dc32d202605010137331777621059534593436.sst" compactIntoNextLevel: true destinationLevel: 2
3029041:COMPACT_START sstable=1 input_files: "sstable1/305ab122-2a52-4afe-9c9a-47c2657383fd202605010137331777621059534000925.sst" input_files: "sstable1/3e54c6e3-f034-41d2-8504-c176d41dc32d202605010137331777621059534593436.sst" compactIntoNextLevel: true destinationLevel: 2
2026-05-01 07:38:05:476 - Compaction started: 
139803785844288:Compacting sstable1/305ab122-2a52-4afe-9c9a-47c2657383fd202605010137331777621059534000925.sst sstable1/3e54c6e3-f034-41d2-8504-c176d41dc32d202605010137331777621059534593436.sst into:sstable2/3e54c6e3-f034-41d2-8504-c176d41dc32d202605010137331777621085496044678.sst
2026-05-01 07:38:05:527 - Compaction completed: 
3029041:Task input_files: "sstable1/f5e5faed-fa03-4106-bf1c-dfd38d06aee2202605010137331777621059591033608.sst" input_files: "sstable1/305ab122-2a52-4afe-9c9a-47c2657383fd202605010137331777621059635659684.sst" compactIntoNextLevel: true destinationLevel: 2 is dead (hb=30)
3029041:Found dead task input_files: "sstable1/f5e5faed-fa03-4106-bf1c-dfd38d06aee2202605010137331777621059591033608.sst" input_files: "sstable1/305ab122-2a52-4afe-9c9a-47c2657383fd202605010137331777621059635659684.sst" compactIntoNextLevel: true destinationLevel: 2
3029041:COMPACT_START sstable=1 input_files: "sstable1/f5e5faed-fa03-4106-bf1c-dfd38d06aee2202605010137331777621059591033608.sst" input_files: "sstable1/305ab122-2a52-4afe-9c9a-47c2657383fd202605010137331777621059635659684.sst" compactIntoNextLevel: true destinationLevel: 2
3029041:COMPACT_ABORT input_files: "sstable1/f5e5faed-fa03-4106-bf1c-dfd38d06aee2202605010137331777621059591033608.sst" input_files: "sstable1/305ab122-2a52-4afe-9c9a-47c2657383fd202605010137331777621059635659684.sst" compactIntoNextLevel: true destinationLevel: 2
3029041:Task input_files: "sstable1/305ab122-2a52-4afe-9c9a-47c2657383fd202605010137331777621060040815081.sst" input_files: "sstable1/f5e5faed-fa03-4106-bf1c-dfd38d06aee2202605010137331777621063162295481.sst" compactIntoNextLevel: true destinationLevel: 2 is dead (hb=30)
3029041:Task input_files: "datalog/807" input_files: "datalog/808" compactIntoNextLevel: true destinationLevel: 1 is dead (hb=30)
3029041:Found dead task input_files: "datalog/807" input_files: "datalog/808" compactIntoNextLevel: true destinationLevel: 1
3029041:COMPACT_START sstable=0 input_files: "datalog/807" input_files: "datalog/808" compactIntoNextLevel: true destinationLevel: 1
2026-05-01 07:38:05:678 - Compaction started: 
139803785844288:Compacting datalog/807 datalog/808 into:sstable1/3e54c6e3-f034-41d2-8504-c176d41dc32d202605010137331777621085681214304.sst
2026-05-01 07:38:05:694 - Compaction completed: 
3029041:COMPACT_START sstable=1 input_files: "sstable1/f5e5faed-fa03-4106-bf1c-dfd38d06aee2202605010137331777621076279224413.sst" input_files: "sstable1/f5e5faed-fa03-4106-bf1c-dfd38d06aee2202605010137331777621070312834191.sst" compactIntoNextLevel: true destinationLevel: 2
2026-05-01 07:38:05:780 - Compaction started: 
139803785844288:Compacting sstable1/f5e5faed-fa03-4106-bf1c-dfd38d06aee2202605010137331777621076279224413.sst sstable1/f5e5faed-fa03-4106-bf1c-dfd38d06aee2202605010137331777621070312834191.sst into:sstable2/3e54c6e3-f034-41d2-8504-c176d41dc32d202605010137331777621085799360950.sst
2026-05-01 07:38:05:826 - Compaction completed: 
3029041:Task input_files: "sstable1/f5e5faed-fa03-4106-bf1c-dfd38d06aee2202605010137331777621064282928112.sst" input_files: "sstable1/3e54c6e3-f034-41d2-8504-c176d41dc32d202605010137331777621064308423936.sst" compactIntoNextLevel: true destinationLevel: 2 is dead (hb=30)
3029041:Found dead task input_files: "sstable1/f5e5faed-fa03-4106-bf1c-dfd38d06aee2202605010137331777621064282928112.sst" input_files: "sstable1/3e54c6e3-f034-41d2-8504-c176d41dc32d202605010137331777621064308423936.sst" compactIntoNextLevel: true destinationLevel: 2
3029041:COMPACT_START sstable=1 input_files: "sstable1/f5e5faed-fa03-4106-bf1c-dfd38d06aee2202605010137331777621064282928112.sst" input_files: "sstable1/3e54c6e3-f034-41d2-8504-c176d41dc32d202605010137331777621064308423936.sst" compactIntoNextLevel: true destinationLevel: 2
3029041:COMPACT_ABORT input_files: "sstable1/f5e5faed-fa03-4106-bf1c-dfd38d06aee2202605010137331777621064282928112.sst" input_files: "sstable1/3e54c6e3-f034-41d2-8504-c176d41dc32d202605010137331777621064308423936.sst" compactIntoNextLevel: true destinationLevel: 2
3029041:Task input_files: "sstable1/305ab122-2a52-4afe-9c9a-47c2657383fd202605010137331777621070757358970.sst" input_files: "sstable1/3e54c6e3-f034-41d2-8504-c176d41dc32d202605010137331777621064613895048.sst" compactIntoNextLevel: true destinationLevel: 2 is dead (hb=30)
3029041:Task input_files: "sstable1/305ab122-2a52-4afe-9c9a-47c2657383fd202605010137331777621067508419619.sst" input_files: "sstable1/305ab122-2a52-4afe-9c9a-47c2657383fd202605010137331777621064511546316.sst" compactIntoNextLevel: true destinationLevel: 2 is dead (hb=30)
3029041:Task input_files: "datalog/837" input_files: "datalog/838" compactIntoNextLevel: true destinationLevel: 1 is dead (hb=30)
3029041:Found dead task input_files: "datalog/837" input_files: "datalog/838" compactIntoNextLevel: true destinationLevel: 1
3029041:COMPACT_START sstable=0 input_files: "datalog/837" input_files: "datalog/838" compactIntoNextLevel: true destinationLevel: 1
2026-05-01 07:38:05:982 - Compaction started: 
139803785844288:Compacting datalog/837 datalog/838 into:sstable1/3e54c6e3-f034-41d2-8504-c176d41dc32d202605010137331777621085985094453.sst
2026-05-01 07:38:05:998 - Compaction completed: 
3029041:COMPACT_START sstable=1 input_files: "sstable1/f5e5faed-fa03-4106-bf1c-dfd38d06aee2202605010137331777621076786824171.sst" input_files: "sstable1/305ab122-2a52-4afe-9c9a-47c2657383fd202605010137331777621073798763690.sst" compactIntoNextLevel: true destinationLevel: 2
2026-05-01 07:38:06:083 - Compaction started: 
139803785844288:Compacting sstable1/f5e5faed-fa03-4106-bf1c-dfd38d06aee2202605010137331777621076786824171.sst sstable1/305ab122-2a52-4afe-9c9a-47c2657383fd202605010137331777621073798763690.sst into:sstable2/3e54c6e3-f034-41d2-8504-c176d41dc32d202605010137331777621086101100446.sst
2026-05-01 07:38:06:128 - Compaction completed: 
3029041:Task input_files: "sstable1/305ab122-2a52-4afe-9c9a-47c2657383fd202605010137331777621065020473513.sst" input_files: "sstable1/305ab122-2a52-4afe-9c9a-47c2657383fd202605010137331777621071262767811.sst" compactIntoNextLevel: true destinationLevel: 2 is dead (hb=30)
3029041:Task input_files: "sstable1/3e54c6e3-f034-41d2-8504-c176d41dc32d202605010137331777621064919982465.sst" input_files: "sstable1/f5e5faed-fa03-4106-bf1c-dfd38d06aee2202605010137331777621076990416042.sst" compactIntoNextLevel: true destinationLevel: 2 is dead (hb=30)
3029041:Found dead task input_files: "sstable1/3e54c6e3-f034-41d2-8504-c176d41dc32d202605010137331777621064919982465.sst" input_files: "sstable1/f5e5faed-fa03-4106-bf1c-dfd38d06aee2202605010137331777621076990416042.sst" compactIntoNextLevel: true destinationLevel: 2
3029041:COMPACT_START sstable=1 input_files: "sstable1/3e54c6e3-f034-41d2-8504-c176d41dc32d202605010137331777621064919982465.sst" input_files: "sstable1/f5e5faed-fa03-4106-bf1c-dfd38d06aee2202605010137331777621076990416042.sst" compactIntoNextLevel: true destinationLevel: 2
2026-05-01 07:38:06:185 - Compaction started: 
139803785844288:Compacting sstable1/3e54c6e3-f034-41d2-8504-c176d41dc32d202605010137331777621064919982465.sst sstable1/f5e5faed-fa03-4106-bf1c-dfd38d06aee2202605010137331777621076990416042.sst into:sstable2/3e54c6e3-f034-41d2-8504-c176d41dc32d202605010137331777621086202297108.sst
2026-05-01 07:38:06:229 - Compaction completed: 
3029041:COMPACT_START sstable=1 input_files: "sstable1/3e54c6e3-f034-41d2-8504-c176d41dc32d202605010137331777621085985094453.sst" input_files: "sstable1/3e54c6e3-f034-41d2-8504-c176d41dc32d202605010137331777621067837302237.sst" compactIntoNextLevel: true destinationLevel: 2
2026-05-01 07:38:06:286 - Compaction started: 
139803785844288:Compacting sstable1/3e54c6e3-f034-41d2-8504-c176d41dc32d202605010137331777621085985094453.sst sstable1/3e54c6e3-f034-41d2-8504-c176d41dc32d202605010137331777621067837302237.sst into:sstable2/3e54c6e3-f034-41d2-8504-c176d41dc32d202605010137331777621086301930128.sst
2026-05-01 07:38:06:328 - Compaction completed: 
3029041:Task input_files: "sstable1/8b6d3442-296e-4641-8dee-bf3361889571202605010137331777621068631637626.sst" input_files: "sstable1/f5e5faed-fa03-4106-bf1c-dfd38d06aee2202605010137331777621074455820318.sst" compactIntoNextLevel: true destinationLevel: 2 is dead (hb=30)
3029041:Task input_files: "sstable1/305ab122-2a52-4afe-9c9a-47c2657383fd202605010137331777621065428180194.sst" input_files: "sstable1/305ab122-2a52-4afe-9c9a-47c2657383fd202605010137331777621068523141030.sst" compactIntoNextLevel: true destinationLevel: 2 is dead (hb=30)
3029041:Found dead task input_files: "sstable1/305ab122-2a52-4afe-9c9a-47c2657383fd202605010137331777621065428180194.sst" input_files: "sstable1/305ab122-2a52-4afe-9c9a-47c2657383fd202605010137331777621068523141030.sst" compactIntoNextLevel: true destinationLevel: 2
3029041:COMPACT_START sstable=1 input_files: "sstable1/305ab122-2a52-4afe-9c9a-47c2657383fd202605010137331777621065428180194.sst" input_files: "sstable1/305ab122-2a52-4afe-9c9a-47c2657383fd202605010137331777621068523141030.sst" compactIntoNextLevel: true destinationLevel: 2
3029041:COMPACT_ABORT input_files: "sstable1/305ab122-2a52-4afe-9c9a-47c2657383fd202605010137331777621065428180194.sst" input_files: "sstable1/305ab122-2a52-4afe-9c9a-47c2657383fd202605010137331777621068523141030.sst" compactIntoNextLevel: true destinationLevel: 2
3029041:Found dead task input_files: "sstable1/8b6d3442-296e-4641-8dee-bf3361889571202605010137331777621068631637626.sst" input_files: "sstable1/f5e5faed-fa03-4106-bf1c-dfd38d06aee2202605010137331777621074455820318.sst" compactIntoNextLevel: true destinationLevel: 2
3029041:COMPACT_START sstable=1 input_files: "sstable1/8b6d3442-296e-4641-8dee-bf3361889571202605010137331777621068631637626.sst" input_files: "sstable1/f5e5faed-fa03-4106-bf1c-dfd38d06aee2202605010137331777621074455820318.sst" compactIntoNextLevel: true destinationLevel: 2
2026-05-01 07:38:06:388 - Compaction started: 
139803785844288:Compacting sstable1/8b6d3442-296e-4641-8dee-bf3361889571202605010137331777621068631637626.sst sstable1/f5e5faed-fa03-4106-bf1c-dfd38d06aee2202605010137331777621074455820318.sst into:sstable2/3e54c6e3-f034-41d2-8504-c176d41dc32d202605010137331777621086405934783.sst
2026-05-01 07:38:06:434 - Compaction completed: 
3029041:Task input_files: "sstable1/305ab122-2a52-4afe-9c9a-47c2657383fd202605010137331777621068219203443.sst" input_files: "sstable1/8b6d3442-296e-4641-8dee-bf3361889571202605010137331777621065061422115.sst" compactIntoNextLevel: true destinationLevel: 2 is dead (hb=30)
3029041:Found dead task input_files: "sstable1/305ab122-2a52-4afe-9c9a-47c2657383fd202605010137331777621068219203443.sst" input_files: "sstable1/8b6d3442-296e-4641-8dee-bf3361889571202605010137331777621065061422115.sst" compactIntoNextLevel: true destinationLevel: 2
3029041:COMPACT_START sstable=1 input_files: "sstable1/305ab122-2a52-4afe-9c9a-47c2657383fd202605010137331777621068219203443.sst" input_files: "sstable1/8b6d3442-296e-4641-8dee-bf3361889571202605010137331777621065061422115.sst" compactIntoNextLevel: true destinationLevel: 2
3029041:COMPACT_ABORT input_files: "sstable1/305ab122-2a52-4afe-9c9a-47c2657383fd202605010137331777621068219203443.sst" input_files: "sstable1/8b6d3442-296e-4641-8dee-bf3361889571202605010137331777621065061422115.sst" compactIntoNextLevel: true destinationLevel: 2
3029041:Task input_files: "sstable1/3e54c6e3-f034-41d2-8504-c176d41dc32d202605010137331777621066552237184.sst" input_files: "sstable1/305ab122-2a52-4afe-9c9a-47c2657383fd202605010137331777621066550085701.sst" compactIntoNextLevel: true destinationLevel: 2 is dead (hb=30)
3029041:Found dead task input_files: "sstable1/3e54c6e3-f034-41d2-8504-c176d41dc32d202605010137331777621066552237184.sst" input_files: "sstable1/305ab122-2a52-4afe-9c9a-47c2657383fd202605010137331777621066550085701.sst" compactIntoNextLevel: true destinationLevel: 2
3029041:COMPACT_START sstable=1 input_files: "sstable1/3e54c6e3-f034-41d2-8504-c176d41dc32d202605010137331777621066552237184.sst" input_files: "sstable1/305ab122-2a52-4afe-9c9a-47c2657383fd202605010137331777621066550085701.sst" compactIntoNextLevel: true destinationLevel: 2
2026-05-01 07:38:06:792 - Compaction started: 
139803785844288:Compacting sstable1/3e54c6e3-f034-41d2-8504-c176d41dc32d202605010137331777621066552237184.sst sstable1/305ab122-2a52-4afe-9c9a-47c2657383fd202605010137331777621066550085701.sst into:sstable2/3e54c6e3-f034-41d2-8504-c176d41dc32d202605010137331777621086813096392.sst
2026-05-01 07:38:06:846 - Compaction completed: 
3029041:Task input_files: "sstable1/8b6d3442-296e-4641-8dee-bf3361889571202605010137331777621063332766904.sst" input_files: "sstable1/f5e5faed-fa03-4106-bf1c-dfd38d06aee2202605010137331777621075672468598.sst" compactIntoNextLevel: true destinationLevel: 2 is dead (hb=30)
3029041:Found dead task input_files: "sstable1/8b6d3442-296e-4641-8dee-bf3361889571202605010137331777621063332766904.sst" input_files: "sstable1/f5e5faed-fa03-4106-bf1c-dfd38d06aee2202605010137331777621075672468598.sst" compactIntoNextLevel: true destinationLevel: 2
3029041:COMPACT_START sstable=1 input_files: "sstable1/8b6d3442-296e-4641-8dee-bf3361889571202605010137331777621063332766904.sst" input_files: "sstable1/f5e5faed-fa03-4106-bf1c-dfd38d06aee2202605010137331777621075672468598.sst" compactIntoNextLevel: true destinationLevel: 2
2026-05-01 07:38:06:995 - Compaction started: 
139803785844288:Compacting sstable1/8b6d3442-296e-4641-8dee-bf3361889571202605010137331777621063332766904.sst sstable1/f5e5faed-fa03-4106-bf1c-dfd38d06aee2202605010137331777621075672468598.sst into:sstable2/3e54c6e3-f034-41d2-8504-c176d41dc32d202605010137331777621087015784909.sst
2026-05-01 07:38:07:047 - Compaction completed: 
3029041:Task input_files: "sstable1/8b6d3442-296e-4641-8dee-bf3361889571202605010137331777621072988611782.sst" input_files: "sstable1/f5e5faed-fa03-4106-bf1c-dfd38d06aee2202605010137331777621076076995768.sst" compactIntoNextLevel: true destinationLevel: 2 is dead (hb=30)
3029041:Task input_files: "sstable1/305ab122-2a52-4afe-9c9a-47c2657383fd202605010137331777621063800434256.sst" input_files: "sstable1/3e54c6e3-f034-41d2-8504-c176d41dc32d202605010137331777621063801172290.sst" compactIntoNextLevel: true destinationLevel: 2 is dead (hb=30)
3029041:Found dead task input_files: "sstable1/305ab122-2a52-4afe-9c9a-47c2657383fd202605010137331777621063800434256.sst" input_files: "sstable1/3e54c6e3-f034-41d2-8504-c176d41dc32d202605010137331777621063801172290.sst" compactIntoNextLevel: true destinationLevel: 2
3029041:COMPACT_START sstable=1 input_files: "sstable1/305ab122-2a52-4afe-9c9a-47c2657383fd202605010137331777621063800434256.sst" input_files: "sstable1/3e54c6e3-f034-41d2-8504-c176d41dc32d202605010137331777621063801172290.sst" compactIntoNextLevel: true destinationLevel: 2
2026-05-01 07:38:07:097 - Compaction started: 
139803785844288:Compacting sstable1/305ab122-2a52-4afe-9c9a-47c2657383fd202605010137331777621063800434256.sst sstable1/3e54c6e3-f034-41d2-8504-c176d41dc32d202605010137331777621063801172290.sst into:sstable2/3e54c6e3-f034-41d2-8504-c176d41dc32d202605010137331777621087115190382.sst
2026-05-01 07:38:07:143 - Compaction completed: 
3029041:Task input_files: "sstable1/305ab122-2a52-4afe-9c9a-47c2657383fd202605010137331777621065937329497.sst" input_files: "sstable1/3e54c6e3-f034-41d2-8504-c176d41dc32d202605010137331777621065938154714.sst" compactIntoNextLevel: true destinationLevel: 2 is dead (hb=30)
3029041:Found dead task input_files: "sstable1/305ab122-2a52-4afe-9c9a-47c2657383fd202605010137331777621065937329497.sst" input_files: "sstable1/3e54c6e3-f034-41d2-8504-c176d41dc32d202605010137331777621065938154714.sst" compactIntoNextLevel: true destinationLevel: 2
3029041:Task input_files: "sstable1/3e54c6e3-f034-41d2-8504-c176d41dc32d202605010137331777621066141982998.sst" input_files: "sstable1/305ab122-2a52-4afe-9c9a-47c2657383fd202605010137331777621066243177916.sst" compactIntoNextLevel: true destinationLevel: 2 is dead (hb=30)
3029041:Task input_files: "sstable1/8b6d3442-296e-4641-8dee-bf3361889571202605010137331777621056805889179.sst" input_files: "sstable1/f5e5faed-fa03-4106-bf1c-dfd38d06aee2202605010137331777621063060823443.sst" compactIntoNextLevel: true destinationLevel: 2 is dead (hb=30)
3029041:Found dead task input_files: "sstable1/8b6d3442-296e-4641-8dee-bf3361889571202605010137331777621056805889179.sst" input_files: "sstable1/f5e5faed-fa03-4106-bf1c-dfd38d06aee2202605010137331777621063060823443.sst" compactIntoNextLevel: true destinationLevel: 2
3029041:COMPACT_START sstable=1 input_files: "sstable1/8b6d3442-296e-4641-8dee-bf3361889571202605010137331777621056805889179.sst" input_files: "sstable1/f5e5faed-fa03-4106-bf1c-dfd38d06aee2202605010137331777621063060823443.sst" compactIntoNextLevel: true destinationLevel: 2
2026-05-01 07:38:07:501 - Compaction started: 
139803785844288:Compacting sstable1/8b6d3442-296e-4641-8dee-bf3361889571202605010137331777621056805889179.sst sstable1/f5e5faed-fa03-4106-bf1c-dfd38d06aee2202605010137331777621063060823443.sst into:sstable2/3e54c6e3-f034-41d2-8504-c176d41dc32d202605010137331777621087524522370.sst
2026-05-01 07:38:07:559 - Compaction completed: 
3029041:Task input_files: "sstable1/8b6d3442-296e-4641-8dee-bf3361889571202605010137331777621072887182123.sst" input_files: "sstable1/8b6d3442-296e-4641-8dee-bf3361889571202605010137331777621066792439904.sst" compactIntoNextLevel: true destinationLevel: 2 is dead (hb=30)
3029041:Task input_files: "sstable1/305ab122-2a52-4afe-9c9a-47c2657383fd202605010137331777621072382943165.sst" input_files: "sstable1/8b6d3442-296e-4641-8dee-bf3361889571202605010137331777621072379750560.sst" compactIntoNextLevel: true destinationLevel: 2 is dead (hb=30)
3029041:Found dead task input_files: "sstable1/305ab122-2a52-4afe-9c9a-47c2657383fd202605010137331777621072382943165.sst" input_files: "sstable1/8b6d3442-296e-4641-8dee-bf3361889571202605010137331777621072379750560.sst" compactIntoNextLevel: true destinationLevel: 2
3029041:COMPACT_START sstable=1 input_files: "sstable1/305ab122-2a52-4afe-9c9a-47c2657383fd202605010137331777621072382943165.sst" input_files: "sstable1/8b6d3442-296e-4641-8dee-bf3361889571202605010137331777621072379750560.sst" compactIntoNextLevel: true destinationLevel: 2
3029041:COMPACT_ABORT input_files: "sstable1/305ab122-2a52-4afe-9c9a-47c2657383fd202605010137331777621072382943165.sst" input_files: "sstable1/8b6d3442-296e-4641-8dee-bf3361889571202605010137331777621072379750560.sst" compactIntoNextLevel: true destinationLevel: 2
3029041:Task input_files: "sstable1/8b6d3442-296e-4641-8dee-bf3361889571202605010137331777621066998803019.sst" input_files: "sstable1/3e54c6e3-f034-41d2-8504-c176d41dc32d202605010137331777621066998690148.sst" compactIntoNextLevel: true destinationLevel: 2 is dead (hb=30)
3029041:Found dead task input_files: "sstable1/8b6d3442-296e-4641-8dee-bf3361889571202605010137331777621066998803019.sst" input_files: "sstable1/3e54c6e3-f034-41d2-8504-c176d41dc32d202605010137331777621066998690148.sst" compactIntoNextLevel: true destinationLevel: 2
3029041:COMPACT_START sstable=1 input_files: "sstable1/8b6d3442-296e-4641-8dee-bf3361889571202605010137331777621066998803019.sst" input_files: "sstable1/3e54c6e3-f034-41d2-8504-c176d41dc32d202605010137331777621066998690148.sst" compactIntoNextLevel: true destinationLevel: 2
3029041:COMPACT_ABORT input_files: "sstable1/8b6d3442-296e-4641-8dee-bf3361889571202605010137331777621066998803019.sst" input_files: "sstable1/3e54c6e3-f034-41d2-8504-c176d41dc32d202605010137331777621066998690148.sst" compactIntoNextLevel: true destinationLevel: 2
3029041:Task input_files: "sstable1/f5e5faed-fa03-4106-bf1c-dfd38d06aee2202605010137331777621060707541777.sst" input_files: "sstable1/8b6d3442-296e-4641-8dee-bf3361889571202605010137331777621057623824087.sst" compactIntoNextLevel: true destinationLevel: 2 is dead (hb=30)
3029041:Found dead task input_files: "sstable1/f5e5faed-fa03-4106-bf1c-dfd38d06aee2202605010137331777621060707541777.sst" input_files: "sstable1/8b6d3442-296e-4641-8dee-bf3361889571202605010137331777621057623824087.sst" compactIntoNextLevel: true destinationLevel: 2
3029041:COMPACT_START sstable=1 input_files: "sstable1/f5e5faed-fa03-4106-bf1c-dfd38d06aee2202605010137331777621060707541777.sst" input_files: "sstable1/8b6d3442-296e-4641-8dee-bf3361889571202605010137331777621057623824087.sst" compactIntoNextLevel: true destinationLevel: 2
3029041:COMPACT_ABORT input_files: "sstable1/f5e5faed-fa03-4106-bf1c-dfd38d06aee2202605010137331777621060707541777.sst" input_files: "sstable1/8b6d3442-296e-4641-8dee-bf3361889571202605010137331777621057623824087.sst" compactIntoNextLevel: true destinationLevel: 2
3029041:Task input_files: "sstable1/f5e5faed-fa03-4106-bf1c-dfd38d06aee2202605010137331777621059591033608.sst" input_files: "sstable1/305ab122-2a52-4afe-9c9a-47c2657383fd202605010137331777621059635659684.sst" compactIntoNextLevel: true destinationLevel: 2 is dead (hb=30)
3029041:Found dead task input_files: "sstable1/f5e5faed-fa03-4106-bf1c-dfd38d06aee2202605010137331777621059591033608.sst" input_files: "sstable1/305ab122-2a52-4afe-9c9a-47c2657383fd202605010137331777621059635659684.sst" compactIntoNextLevel: true destinationLevel: 2
3029041:COMPACT_START sstable=1 input_files: "sstable1/f5e5faed-fa03-4106-bf1c-dfd38d06aee2202605010137331777621059591033608.sst" input_files: "sstable1/305ab122-2a52-4afe-9c9a-47c2657383fd202605010137331777621059635659684.sst" compactIntoNextLevel: true destinationLevel: 2
3029041:COMPACT_ABORT input_files: "sstable1/f5e5faed-fa03-4106-bf1c-dfd38d06aee2202605010137331777621059591033608.sst" input_files: "sstable1/305ab122-2a52-4afe-9c9a-47c2657383fd202605010137331777621059635659684.sst" compactIntoNextLevel: true destinationLevel: 2
3029041:Task input_files: "sstable1/f5e5faed-fa03-4106-bf1c-dfd38d06aee2202605010137331777621067467817316.sst" input_files: "sstable1/8b6d3442-296e-4641-8dee-bf3361889571202605010137331777621073799984268.sst" compactIntoNextLevel: true destinationLevel: 2 is dead (hb=30)
3029041:Task input_files: "sstable1/f5e5faed-fa03-4106-bf1c-dfd38d06aee2202605010137331777621064282928112.sst" input_files: "sstable1/3e54c6e3-f034-41d2-8504-c176d41dc32d202605010137331777621064308423936.sst" compactIntoNextLevel: true destinationLevel: 2 is dead (hb=30)
3029041:Found dead task input_files: "sstable1/f5e5faed-fa03-4106-bf1c-dfd38d06aee2202605010137331777621064282928112.sst" input_files: "sstable1/3e54c6e3-f034-41d2-8504-c176d41dc32d202605010137331777621064308423936.sst" compactIntoNextLevel: true destinationLevel: 2
3029041:COMPACT_START sstable=1 input_files: "sstable1/f5e5faed-fa03-4106-bf1c-dfd38d06aee2202605010137331777621064282928112.sst" input_files: "sstable1/3e54c6e3-f034-41d2-8504-c176d41dc32d202605010137331777621064308423936.sst" compactIntoNextLevel: true destinationLevel: 2
2026-05-01 07:38:08:915 - Compaction started: 
139803785844288:Compacting sstable1/f5e5faed-fa03-4106-bf1c-dfd38d06aee2202605010137331777621064282928112.sst sstable1/3e54c6e3-f034-41d2-8504-c176d41dc32d202605010137331777621064308423936.sst into:sstable2/3e54c6e3-f034-41d2-8504-c176d41dc32d202605010137331777621088938493337.sst
2026-05-01 07:38:08:968 - Compaction completed: 
3029041:Task input_files: "sstable1/305ab122-2a52-4afe-9c9a-47c2657383fd202605010137331777621065020473513.sst" input_files: "sstable1/305ab122-2a52-4afe-9c9a-47c2657383fd202605010137331777621071262767811.sst" compactIntoNextLevel: true destinationLevel: 2 is dead (hb=30)
3029041:Task input_files: "sstable1/3e54c6e3-f034-41d2-8504-c176d41dc32d202605010137331777621065328528107.sst" input_files: "sstable1/f5e5faed-fa03-4106-bf1c-dfd38d06aee2202605010137331777621065404878794.sst" compactIntoNextLevel: true destinationLevel: 2 is dead (hb=30)
3029041:Found dead task input_files: "sstable1/3e54c6e3-f034-41d2-8504-c176d41dc32d202605010137331777621065328528107.sst" input_files: "sstable1/f5e5faed-fa03-4106-bf1c-dfd38d06aee2202605010137331777621065404878794.sst" compactIntoNextLevel: true destinationLevel: 2
3029041:COMPACT_START sstable=1 input_files: "sstable1/3e54c6e3-f034-41d2-8504-c176d41dc32d202605010137331777621065328528107.sst" input_files: "sstable1/f5e5faed-fa03-4106-bf1c-dfd38d06aee2202605010137331777621065404878794.sst" compactIntoNextLevel: true destinationLevel: 2
2026-05-01 07:38:09:318 - Compaction started: 
139803785844288:Compacting sstable1/3e54c6e3-f034-41d2-8504-c176d41dc32d202605010137331777621065328528107.sst sstable1/f5e5faed-fa03-4106-bf1c-dfd38d06aee2202605010137331777621065404878794.sst into:sstable2/3e54c6e3-f034-41d2-8504-c176d41dc32d202605010137331777621089337337344.sst
2026-05-01 07:38:09:366 - Compaction completed: 
3029041:Task input_files: "sstable1/305ab122-2a52-4afe-9c9a-47c2657383fd202605010137331777621065428180194.sst" input_files: "sstable1/305ab122-2a52-4afe-9c9a-47c2657383fd202605010137331777621068523141030.sst" compactIntoNextLevel: true destinationLevel: 2 is dead (hb=30)
3029041:Task input_files: "sstable1/305ab122-2a52-4afe-9c9a-47c2657383fd202605010137331777621055771675257.sst" input_files: "sstable1/3e54c6e3-f034-41d2-8504-c176d41dc32d202605010137331777621055774587957.sst" compactIntoNextLevel: true destinationLevel: 2 is dead (hb=30)
3029041:Found dead task input_files: "sstable1/305ab122-2a52-4afe-9c9a-47c2657383fd202605010137331777621055771675257.sst" input_files: "sstable1/3e54c6e3-f034-41d2-8504-c176d41dc32d202605010137331777621055774587957.sst" compactIntoNextLevel: true destinationLevel: 2
3029041:COMPACT_START sstable=1 input_files: "sstable1/305ab122-2a52-4afe-9c9a-47c2657383fd202605010137331777621055771675257.sst" input_files: "sstable1/3e54c6e3-f034-41d2-8504-c176d41dc32d202605010137331777621055774587957.sst" compactIntoNextLevel: true destinationLevel: 2
2026-05-01 07:38:09:420 - Compaction started: 
139803785844288:Compacting sstable1/305ab122-2a52-4afe-9c9a-47c2657383fd202605010137331777621055771675257.sst sstable1/3e54c6e3-f034-41d2-8504-c176d41dc32d202605010137331777621055774587957.sst into:sstable2/3e54c6e3-f034-41d2-8504-c176d41dc32d202605010137331777621089441853397.sst
2026-05-01 07:38:09:475 - Compaction completed: 
3029041:Task input_files: "sstable1/305ab122-2a52-4afe-9c9a-47c2657383fd202605010137331777621086185915709.sst" input_files: "sstable1/f5e5faed-fa03-4106-bf1c-dfd38d06aee2202605010137331777621071326759049.sst" compactIntoNextLevel: true destinationLevel: 2 is dead (hb=30)
3029041:Task input_files: "sstable1/305ab122-2a52-4afe-9c9a-47c2657383fd202605010137331777621068219203443.sst" input_files: "sstable1/8b6d3442-296e-4641-8dee-bf3361889571202605010137331777621065061422115.sst" compactIntoNextLevel: true destinationLevel: 2 is dead (hb=30)
3029041:Found dead task input_files: "sstable1/305ab122-2a52-4afe-9c9a-47c2657383fd202605010137331777621068219203443.sst" input_files: "sstable1/8b6d3442-296e-4641-8dee-bf3361889571202605010137331777621065061422115.sst" compactIntoNextLevel: true destinationLevel: 2
3029041:COMPACT_START sstable=1 input_files: "sstable1/305ab122-2a52-4afe-9c9a-47c2657383fd202605010137331777621068219203443.sst" input_files: "sstable1/8b6d3442-296e-4641-8dee-bf3361889571202605010137331777621065061422115.sst" compactIntoNextLevel: true destinationLevel: 2
2026-05-01 07:38:09:521 - Compaction started: 
139803785844288:Compacting sstable1/305ab122-2a52-4afe-9c9a-47c2657383fd202605010137331777621068219203443.sst sstable1/8b6d3442-296e-4641-8dee-bf3361889571202605010137331777621065061422115.sst into:sstable2/3e54c6e3-f034-41d2-8504-c176d41dc32d202605010137331777621089540609845.sst
2026-05-01 07:38:09:569 - Compaction completed: 
3029041:Task input_files: "sstable1/8b6d3442-296e-4641-8dee-bf3361889571202605010137331777621065468474629.sst" input_files: "sstable1/8b6d3442-296e-4641-8dee-bf3361889571202605010137331777621062500713439.sst" compactIntoNextLevel: true destinationLevel: 2 is dead (hb=30)
3029041:Found dead task input_files: "sstable1/8b6d3442-296e-4641-8dee-bf3361889571202605010137331777621065468474629.sst" input_files: "sstable1/8b6d3442-296e-4641-8dee-bf3361889571202605010137331777621062500713439.sst" compactIntoNextLevel: true destinationLevel: 2
3029041:COMPACT_START sstable=1 input_files: "sstable1/8b6d3442-296e-4641-8dee-bf3361889571202605010137331777621065468474629.sst" input_files: "sstable1/8b6d3442-296e-4641-8dee-bf3361889571202605010137331777621062500713439.sst" compactIntoNextLevel: true destinationLevel: 2
3029041:COMPACT_ABORT input_files: "sstable1/8b6d3442-296e-4641-8dee-bf3361889571202605010137331777621065468474629.sst" input_files: "sstable1/8b6d3442-296e-4641-8dee-bf3361889571202605010137331777621062500713439.sst" compactIntoNextLevel: true destinationLevel: 2
3029041:Task input_files: "sstable1/8b6d3442-296e-4641-8dee-bf3361889571202605010137331777621072988611782.sst" input_files: "sstable1/f5e5faed-fa03-4106-bf1c-dfd38d06aee2202605010137331777621076076995768.sst" compactIntoNextLevel: true destinationLevel: 2 is dead (hb=30)
3029041:Found dead task input_files: "sstable1/8b6d3442-296e-4641-8dee-bf3361889571202605010137331777621072988611782.sst" input_files: "sstable1/f5e5faed-fa03-4106-bf1c-dfd38d06aee2202605010137331777621076076995768.sst" compactIntoNextLevel: true destinationLevel: 2
3029041:COMPACT_START sstable=1 input_files: "sstable1/8b6d3442-296e-4641-8dee-bf3361889571202605010137331777621072988611782.sst" input_files: "sstable1/f5e5faed-fa03-4106-bf1c-dfd38d06aee2202605010137331777621076076995768.sst" compactIntoNextLevel: true destinationLevel: 2
3029041:COMPACT_ABORT input_files: "sstable1/8b6d3442-296e-4641-8dee-bf3361889571202605010137331777621072988611782.sst" input_files: "sstable1/f5e5faed-fa03-4106-bf1c-dfd38d06aee2202605010137331777621076076995768.sst" compactIntoNextLevel: true destinationLevel: 2
3029041:COMPACT_START sstable=1 input_files: "sstable2/305ab122-2a52-4afe-9c9a-47c2657383fd202605010137331777621075136626747.sst" input_files: "sstable2/8b6d3442-296e-4641-8dee-bf3361889571202605010137331777621069160033028.sst" compactIntoNextLevel: false destinationLevel: 2
2026-05-01 07:38:10:332 - Compaction started: 
139803785844288:Compacting sstable2/305ab122-2a52-4afe-9c9a-47c2657383fd202605010137331777621075136626747.sst sstable2/8b6d3442-296e-4641-8dee-bf3361889571202605010137331777621069160033028.sst into:sstable2/0_3e54c6e3-f034-41d2-8504-c176d41dc32d202605010137331777621090390293378.sst
2026-05-01 07:38:10:467 - Compaction completed: 
3029041:COMPACT_START sstable=1 input_files: "sstable2/3e54c6e3-f034-41d2-8504-c176d41dc32d202605010137331777621075569981457.sst" input_files: "sstable2/f5e5faed-fa03-4106-bf1c-dfd38d06aee2202605010137331777621075388283369.sst" compactIntoNextLevel: false destinationLevel: 2
2026-05-01 07:38:10:536 - Compaction started: 
139803785844288:Compacting sstable2/3e54c6e3-f034-41d2-8504-c176d41dc32d202605010137331777621075569981457.sst sstable2/f5e5faed-fa03-4106-bf1c-dfd38d06aee2202605010137331777621075388283369.sst into:sstable2/0_3e54c6e3-f034-41d2-8504-c176d41dc32d202605010137331777621090585460545.sst
2026-05-01 07:38:10:662 - Compaction completed: 
3029041:Task input_files: "sstable1/8b6d3442-296e-4641-8dee-bf3361889571202605010137331777621072887182123.sst" input_files: "sstable1/8b6d3442-296e-4641-8dee-bf3361889571202605010137331777621066792439904.sst" compactIntoNextLevel: true destinationLevel: 2 is dead (hb=30)
3029041:Task input_files: "sstable1/305ab122-2a52-4afe-9c9a-47c2657383fd202605010137331777621072382943165.sst" input_files: "sstable1/8b6d3442-296e-4641-8dee-bf3361889571202605010137331777621072379750560.sst" compactIntoNextLevel: true destinationLevel: 2 is dead (hb=30)
3029041:Found dead task input_files: "sstable1/305ab122-2a52-4afe-9c9a-47c2657383fd202605010137331777621072382943165.sst" input_files: "sstable1/8b6d3442-296e-4641-8dee-bf3361889571202605010137331777621072379750560.sst" compactIntoNextLevel: true destinationLevel: 2
3029041:COMPACT_START sstable=1 input_files: "sstable1/305ab122-2a52-4afe-9c9a-47c2657383fd202605010137331777621072382943165.sst" input_files: "sstable1/8b6d3442-296e-4641-8dee-bf3361889571202605010137331777621072379750560.sst" compactIntoNextLevel: true destinationLevel: 2
2026-05-01 07:38:10:739 - Compaction started: 
139803785844288:Compacting sstable1/305ab122-2a52-4afe-9c9a-47c2657383fd202605010137331777621072382943165.sst sstable1/8b6d3442-296e-4641-8dee-bf3361889571202605010137331777621072379750560.sst into:sstable2/3e54c6e3-f034-41d2-8504-c176d41dc32d202605010137331777621090755467928.sst
2026-05-01 07:38:10:781 - Compaction completed: 
3029041:COMPACT_START sstable=1 input_files: "sstable2/f5e5faed-fa03-4106-bf1c-dfd38d06aee2202605010137331777621069520997716.sst" input_files: "sstable2/305ab122-2a52-4afe-9c9a-47c2657383fd202605010137331777621069561060888.sst" compactIntoNextLevel: false destinationLevel: 2
2026-05-01 07:38:10:845 - Compaction started: 
139803785844288:Compacting sstable2/f5e5faed-fa03-4106-bf1c-dfd38d06aee2202605010137331777621069520997716.sst sstable2/305ab122-2a52-4afe-9c9a-47c2657383fd202605010137331777621069561060888.sst into:sstable2/0_3e54c6e3-f034-41d2-8504-c176d41dc32d202605010137331777621090892264204.sst
2026-05-01 07:38:10:966 - Compaction completed: 
3029041:COMPACT_START sstable=1 input_files: "sstable2/8b6d3442-296e-4641-8dee-bf3361889571202605010137331777621069768686310.sst" input_files: "sstable2/f5e5faed-fa03-4106-bf1c-dfd38d06aee2202605010137331777621091121239568.sst" compactIntoNextLevel: false destinationLevel: 2
2026-05-01 07:38:11:269 - Compaction started: 
139803785844288:Compacting sstable2/8b6d3442-296e-4641-8dee-bf3361889571202605010137331777621069768686310.sst sstable2/f5e5faed-fa03-4106-bf1c-dfd38d06aee2202605010137331777621091121239568.sst into:sstable2/0_3e54c6e3-f034-41d2-8504-c176d41dc32d202605010137331777621091315963504.sst
2026-05-01 07:38:11:395 - Compaction completed: 
3029041:COMPACT_START sstable=1 input_files: "sstable2/3e54c6e3-f034-41d2-8504-c176d41dc32d202605010137331777621089441853397.sst" input_files: "sstable2/8b6d3442-296e-4641-8dee-bf3361889571202605010137331777621074022202034.sst" compactIntoNextLevel: false destinationLevel: 2
3029041:COMPACT_ABORT input_files: "sstable2/3e54c6e3-f034-41d2-8504-c176d41dc32d202605010137331777621089441853397.sst" input_files: "sstable2/8b6d3442-296e-4641-8dee-bf3361889571202605010137331777621074022202034.sst" compactIntoNextLevel: false destinationLevel: 2
3029041:COMPACT_START sstable=1 input_files: "sstable2/3e54c6e3-f034-41d2-8504-c176d41dc32d202605010137331777621077181552894.sst" input_files: "sstable2/f5e5faed-fa03-4106-bf1c-dfd38d06aee2202605010137331777621077111278348.sst" compactIntoNextLevel: false destinationLevel: 2
2026-05-01 07:38:11:496 - Compaction started: 
139803785844288:Compacting sstable2/3e54c6e3-f034-41d2-8504-c176d41dc32d202605010137331777621077181552894.sst sstable2/f5e5faed-fa03-4106-bf1c-dfd38d06aee2202605010137331777621077111278348.sst into:sstable2/0_3e54c6e3-f034-41d2-8504-c176d41dc32d202605010137331777621091544673590.sst
2026-05-01 07:38:11:620 - Compaction completed: 
3029041:COMPACT_START sstable=1 input_files: "sstable2/f5e5faed-fa03-4106-bf1c-dfd38d06aee2202605010137331777621074373901444.sst" input_files: "sstable2/305ab122-2a52-4afe-9c9a-47c2657383fd202605010137331777621077453776901.sst" compactIntoNextLevel: false destinationLevel: 2
3029041:COMPACT_ABORT input_files: "sstable2/f5e5faed-fa03-4106-bf1c-dfd38d06aee2202605010137331777621074373901444.sst" input_files: "sstable2/305ab122-2a52-4afe-9c9a-47c2657383fd202605010137331777621077453776901.sst" compactIntoNextLevel: false destinationLevel: 2
3029041:Task input_files: "sstable1/305ab122-2a52-4afe-9c9a-47c2657383fd202605010137331777621070452919663.sst" input_files: "sstable1/305ab122-2a52-4afe-9c9a-47c2657383fd202605010137331777621073495897111.sst" compactIntoNextLevel: true destinationLevel: 2 is dead (hb=30)
3029041:Found dead task input_files: "sstable1/305ab122-2a52-4afe-9c9a-47c2657383fd202605010137331777621070452919663.sst" input_files: "sstable1/305ab122-2a52-4afe-9c9a-47c2657383fd202605010137331777621073495897111.sst" compactIntoNextLevel: true destinationLevel: 2
3029041:COMPACT_START sstable=1 input_files: "sstable1/305ab122-2a52-4afe-9c9a-47c2657383fd202605010137331777621070452919663.sst" input_files: "sstable1/305ab122-2a52-4afe-9c9a-47c2657383fd202605010137331777621073495897111.sst" compactIntoNextLevel: true destinationLevel: 2
3029041:COMPACT_ABORT input_files: "sstable1/305ab122-2a52-4afe-9c9a-47c2657383fd202605010137331777621070452919663.sst" input_files: "sstable1/305ab122-2a52-4afe-9c9a-47c2657383fd202605010137331777621073495897111.sst" compactIntoNextLevel: true destinationLevel: 2
3029041:COMPACT_START sstable=1 input_files: "sstable2/305ab122-2a52-4afe-9c9a-47c2657383fd202605010137331777621078396199391.sst" input_files: "sstable2/3e54c6e3-f034-41d2-8504-c176d41dc32d202605010137331777621078407642712.sst" compactIntoNextLevel: false destinationLevel: 2
2026-05-01 07:38:11:937 - Compaction started: 
139803785844288:Compacting sstable2/305ab122-2a52-4afe-9c9a-47c2657383fd202605010137331777621078396199391.sst sstable2/3e54c6e3-f034-41d2-8504-c176d41dc32d202605010137331777621078407642712.sst into:sstable2/0_3e54c6e3-f034-41d2-8504-c176d41dc32d202605010137331777621091983016020.sst
2026-05-01 07:38:12:054 - Compaction completed: 
3029041:COMPACT_START sstable=1 input_files: "sstable2/3e54c6e3-f034-41d2-8504-c176d41dc32d202605010137331777621081753337779.sst" input_files: "sstable2/f5e5faed-fa03-4106-bf1c-dfd38d06aee2202605010137331777621081781677645.sst" compactIntoNextLevel: false destinationLevel: 2
3029041:COMPACT_ABORT input_files: "sstable2/3e54c6e3-f034-41d2-8504-c176d41dc32d202605010137331777621081753337779.sst" input_files: "sstable2/f5e5faed-fa03-4106-bf1c-dfd38d06aee2202605010137331777621081781677645.sst" compactIntoNextLevel: false destinationLevel: 2
3029041:COMPACT_START sstable=1 input_files: "sstable2/3e54c6e3-f034-41d2-8504-c176d41dc32d202605010137331777621078813826879.sst" input_files: "sstable2/8b6d3442-296e-4641-8dee-bf3361889571202605010137331777621090957974554.sst" compactIntoNextLevel: false destinationLevel: 2
3029041:COMPACT_ABORT input_files: "sstable2/3e54c6e3-f034-41d2-8504-c176d41dc32d202605010137331777621078813826879.sst" input_files: "sstable2/8b6d3442-296e-4641-8dee-bf3361889571202605010137331777621090957974554.sst" compactIntoNextLevel: false destinationLevel: 2
3029041:Task input_files: "sstable2/305ab122-2a52-4afe-9c9a-47c2657383fd202605010137331777621069257530996.sst" input_files: "sstable2/8b6d3442-296e-4641-8dee-bf3361889571202605010137331777621069262396777.sst" compactIntoNextLevel: false destinationLevel: 2 is dead (hb=30)
3029041:Found dead task input_files: "sstable2/305ab122-2a52-4afe-9c9a-47c2657383fd202605010137331777621069257530996.sst" input_files: "sstable2/8b6d3442-296e-4641-8dee-bf3361889571202605010137331777621069262396777.sst" compactIntoNextLevel: false destinationLevel: 2
3029041:COMPACT_START sstable=1 input_files: "sstable2/305ab122-2a52-4afe-9c9a-47c2657383fd202605010137331777621069257530996.sst" input_files: "sstable2/8b6d3442-296e-4641-8dee-bf3361889571202605010137331777621069262396777.sst" compactIntoNextLevel: false destinationLevel: 2
3029041:COMPACT_ABORT input_files: "sstable2/305ab122-2a52-4afe-9c9a-47c2657383fd202605010137331777621069257530996.sst" input_files: "sstable2/8b6d3442-296e-4641-8dee-bf3361889571202605010137331777621069262396777.sst" compactIntoNextLevel: false destinationLevel: 2
3029041:Task input_files: "sstable1/8b6d3442-296e-4641-8dee-bf3361889571202605010137331777621072887182123.sst" input_files: "sstable1/8b6d3442-296e-4641-8dee-bf3361889571202605010137331777621066792439904.sst" compactIntoNextLevel: true destinationLevel: 2 is dead (hb=30)
3029041:COMPACT_START sstable=1 input_files: "sstable2/8b6d3442-296e-4641-8dee-bf3361889571202605010137331777621078895433047.sst" input_files: "sstable2/3e54c6e3-f034-41d2-8504-c176d41dc32d202605010137331777621081954791321.sst" compactIntoNextLevel: false destinationLevel: 2
3029041:COMPACT_ABORT input_files: "sstable2/8b6d3442-296e-4641-8dee-bf3361889571202605010137331777621078895433047.sst" input_files: "sstable2/3e54c6e3-f034-41d2-8504-c176d41dc32d202605010137331777621081954791321.sst" compactIntoNextLevel: false destinationLevel: 2
3029041:Found dead task input_files: "sstable1/8b6d3442-296e-4641-8dee-bf3361889571202605010137331777621072887182123.sst" input_files: "sstable1/8b6d3442-296e-4641-8dee-bf3361889571202605010137331777621066792439904.sst" compactIntoNextLevel: true destinationLevel: 2
3029041:COMPACT_START sstable=1 input_files: "sstable1/8b6d3442-296e-4641-8dee-bf3361889571202605010137331777621072887182123.sst" input_files: "sstable1/8b6d3442-296e-4641-8dee-bf3361889571202605010137331777621066792439904.sst" compactIntoNextLevel: true destinationLevel: 2
3029041:COMPACT_ABORT input_files: "sstable1/8b6d3442-296e-4641-8dee-bf3361889571202605010137331777621072887182123.sst" input_files: "sstable1/8b6d3442-296e-4641-8dee-bf3361889571202605010137331777621066792439904.sst" compactIntoNextLevel: true destinationLevel: 2
3029041:Task input_files: "sstable2/3e54c6e3-f034-41d2-8504-c176d41dc32d202605010137331777621089441853397.sst" input_files: "sstable2/8b6d3442-296e-4641-8dee-bf3361889571202605010137331777621074022202034.sst" compactIntoNextLevel: false destinationLevel: 2 is dead (hb=30)
3029041:Found dead task input_files: "sstable2/3e54c6e3-f034-41d2-8504-c176d41dc32d202605010137331777621089441853397.sst" input_files: "sstable2/8b6d3442-296e-4641-8dee-bf3361889571202605010137331777621074022202034.sst" compactIntoNextLevel: false destinationLevel: 2
3029041:COMPACT_START sstable=1 input_files: "sstable2/3e54c6e3-f034-41d2-8504-c176d41dc32d202605010137331777621089441853397.sst" input_files: "sstable2/8b6d3442-296e-4641-8dee-bf3361889571202605010137331777621074022202034.sst" compactIntoNextLevel: false destinationLevel: 2
3029041:COMPACT_ABORT input_files: "sstable2/3e54c6e3-f034-41d2-8504-c176d41dc32d202605010137331777621089441853397.sst" input_files: "sstable2/8b6d3442-296e-4641-8dee-bf3361889571202605010137331777621074022202034.sst" compactIntoNextLevel: false destinationLevel: 2
3029041:Task input_files: "sstable2/305ab122-2a52-4afe-9c9a-47c2657383fd202605010137331777621073111896139.sst" input_files: "sstable2/f5e5faed-fa03-4106-bf1c-dfd38d06aee2202605010137331777621070027002946.sst" compactIntoNextLevel: false destinationLevel: 2 is dead (hb=30)
3029041:COMPACT_START sstable=1 input_files: "sstable2/305ab122-2a52-4afe-9c9a-47c2657383fd202605010137331777621085192282190.sst" input_files: "sstable2/305ab122-2a52-4afe-9c9a-47c2657383fd202605010137331777621082152821876.sst" compactIntoNextLevel: false destinationLevel: 2
2026-05-01 07:38:14:531 - Compaction started: 
139803785844288:Compacting sstable2/305ab122-2a52-4afe-9c9a-47c2657383fd202605010137331777621085192282190.sst sstable2/305ab122-2a52-4afe-9c9a-47c2657383fd202605010137331777621082152821876.sst into:sstable2/0_3e54c6e3-f034-41d2-8504-c176d41dc32d202605010137331777621094576257388.sst
2026-05-01 07:38:14:643 - Compaction completed: 
3029041:Task input_files: "sstable2/f5e5faed-fa03-4106-bf1c-dfd38d06aee2202605010137331777621077212554769.sst" input_files: "sstable2/f5e5faed-fa03-4106-bf1c-dfd38d06aee2202605010137331777621074273478864.sst" compactIntoNextLevel: false destinationLevel: 2 is dead (hb=30)
3029041:Task input_files: "sstable2/8b6d3442-296e-4641-8dee-bf3361889571202605010137331777621080423966781.sst" input_files: "sstable2/3e54c6e3-f034-41d2-8504-c176d41dc32d202605010137331777621077485367369.sst" compactIntoNextLevel: false destinationLevel: 2 is dead (hb=30)
3029041:Found dead task input_files: "sstable2/8b6d3442-296e-4641-8dee-bf3361889571202605010137331777621080423966781.sst" input_files: "sstable2/3e54c6e3-f034-41d2-8504-c176d41dc32d202605010137331777621077485367369.sst" compactIntoNextLevel: false destinationLevel: 2
3029041:COMPACT_START sstable=1 input_files: "sstable2/8b6d3442-296e-4641-8dee-bf3361889571202605010137331777621080423966781.sst" input_files: "sstable2/3e54c6e3-f034-41d2-8504-c176d41dc32d202605010137331777621077485367369.sst" compactIntoNextLevel: false destinationLevel: 2
3029041:COMPACT_ABORT input_files: "sstable2/8b6d3442-296e-4641-8dee-bf3361889571202605010137331777621080423966781.sst" input_files: "sstable2/3e54c6e3-f034-41d2-8504-c176d41dc32d202605010137331777621077485367369.sst" compactIntoNextLevel: false destinationLevel: 2
3029041:Task input_files: "sstable2/f5e5faed-fa03-4106-bf1c-dfd38d06aee2202605010137331777621074373901444.sst" input_files: "sstable2/305ab122-2a52-4afe-9c9a-47c2657383fd202605010137331777621077453776901.sst" compactIntoNextLevel: false destinationLevel: 2 is dead (hb=30)
3029041:Found dead task input_files: "sstable2/f5e5faed-fa03-4106-bf1c-dfd38d06aee2202605010137331777621074373901444.sst" input_files: "sstable2/305ab122-2a52-4afe-9c9a-47c2657383fd202605010137331777621077453776901.sst" compactIntoNextLevel: false destinationLevel: 2
3029041:COMPACT_START sstable=1 input_files: "sstable2/f5e5faed-fa03-4106-bf1c-dfd38d06aee2202605010137331777621074373901444.sst" input_files: "sstable2/305ab122-2a52-4afe-9c9a-47c2657383fd202605010137331777621077453776901.sst" compactIntoNextLevel: false destinationLevel: 2
2026-05-01 07:38:14:835 - Compaction started: 
139803785844288:Compacting sstable2/f5e5faed-fa03-4106-bf1c-dfd38d06aee2202605010137331777621074373901444.sst sstable2/305ab122-2a52-4afe-9c9a-47c2657383fd202605010137331777621077453776901.sst into:sstable2/3e54c6e3-f034-41d2-8504-c176d41dc32d202605010137331777621094882277028.sst
2026-05-01 07:38:14:954 - Compaction completed: 
3029041:COMPACT_START sstable=1 input_files: "sstable2/8b6d3442-296e-4641-8dee-bf3361889571202605010137331777621079201971729.sst" input_files: "sstable2/305ab122-2a52-4afe-9c9a-47c2657383fd202605010137331777621079205732398.sst" compactIntoNextLevel: false destinationLevel: 2
2026-05-01 07:38:15:084 - Compaction started: 
139803785844288:Compacting sstable2/8b6d3442-296e-4641-8dee-bf3361889571202605010137331777621079201971729.sst sstable2/305ab122-2a52-4afe-9c9a-47c2657383fd202605010137331777621079205732398.sst into:sstable2/0_3e54c6e3-f034-41d2-8504-c176d41dc32d202605010137331777621095126727771.sst
2026-05-01 07:38:15:192 - Compaction completed: 
3029041:Task input_files: "sstable2/3e54c6e3-f034-41d2-8504-c176d41dc32d202605010137331777621078813826879.sst" input_files: "sstable2/8b6d3442-296e-4641-8dee-bf3361889571202605010137331777621090957974554.sst" compactIntoNextLevel: false destinationLevel: 2 is dead (hb=30)
3029041:Found dead task input_files: "sstable2/3e54c6e3-f034-41d2-8504-c176d41dc32d202605010137331777621078813826879.sst" input_files: "sstable2/8b6d3442-296e-4641-8dee-bf3361889571202605010137331777621090957974554.sst" compactIntoNextLevel: false destinationLevel: 2
3029041:COMPACT_START sstable=1 input_files: "sstable2/3e54c6e3-f034-41d2-8504-c176d41dc32d202605010137331777621078813826879.sst" input_files: "sstable2/8b6d3442-296e-4641-8dee-bf3361889571202605010137331777621090957974554.sst" compactIntoNextLevel: false destinationLevel: 2
2026-05-01 07:38:15:440 - Compaction started: 
139803785844288:Compacting sstable2/3e54c6e3-f034-41d2-8504-c176d41dc32d202605010137331777621078813826879.sst sstable2/8b6d3442-296e-4641-8dee-bf3361889571202605010137331777621090957974554.sst into:sstable2/3e54c6e3-f034-41d2-8504-c176d41dc32d202605010137331777621095479749169.sst
2026-05-01 07:38:15:543 - Compaction completed: 
3029041:Task input_files: "sstable1/305ab122-2a52-4afe-9c9a-47c2657383fd202605010137331777621065428180194.sst" input_files: "sstable1/305ab122-2a52-4afe-9c9a-47c2657383fd202605010137331777621068523141030.sst" compactIntoNextLevel: true destinationLevel: 2 is dead (hb=30)
3029041:Found dead task input_files: "sstable1/305ab122-2a52-4afe-9c9a-47c2657383fd202605010137331777621065428180194.sst" input_files: "sstable1/305ab122-2a52-4afe-9c9a-47c2657383fd202605010137331777621068523141030.sst" compactIntoNextLevel: true destinationLevel: 2
3029041:COMPACT_START sstable=1 input_files: "sstable1/305ab122-2a52-4afe-9c9a-47c2657383fd202605010137331777621065428180194.sst" input_files: "sstable1/305ab122-2a52-4afe-9c9a-47c2657383fd202605010137331777621068523141030.sst" compactIntoNextLevel: true destinationLevel: 2
3029041:COMPACT_ABORT input_files: "sstable1/305ab122-2a52-4afe-9c9a-47c2657383fd202605010137331777621065428180194.sst" input_files: "sstable1/305ab122-2a52-4afe-9c9a-47c2657383fd202605010137331777621068523141030.sst" compactIntoNextLevel: true destinationLevel: 2
3029041:Task input_files: "sstable1/8b6d3442-296e-4641-8dee-bf3361889571202605010137331777621072988611782.sst" input_files: "sstable1/f5e5faed-fa03-4106-bf1c-dfd38d06aee2202605010137331777621076076995768.sst" compactIntoNextLevel: true destinationLevel: 2 is dead (hb=30)
3029041:Found dead task input_files: "sstable1/8b6d3442-296e-4641-8dee-bf3361889571202605010137331777621072988611782.sst" input_files: "sstable1/f5e5faed-fa03-4106-bf1c-dfd38d06aee2202605010137331777621076076995768.sst" compactIntoNextLevel: true destinationLevel: 2
3029041:COMPACT_START sstable=1 input_files: "sstable1/8b6d3442-296e-4641-8dee-bf3361889571202605010137331777621072988611782.sst" input_files: "sstable1/f5e5faed-fa03-4106-bf1c-dfd38d06aee2202605010137331777621076076995768.sst" compactIntoNextLevel: true destinationLevel: 2
3029041:COMPACT_ABORT input_files: "sstable1/8b6d3442-296e-4641-8dee-bf3361889571202605010137331777621072988611782.sst" input_files: "sstable1/f5e5faed-fa03-4106-bf1c-dfd38d06aee2202605010137331777621076076995768.sst" compactIntoNextLevel: true destinationLevel: 2
3029041:Task input_files: "sstable2/305ab122-2a52-4afe-9c9a-47c2657383fd202605010137331777621069358462691.sst" input_files: "sstable2/305ab122-2a52-4afe-9c9a-47c2657383fd202605010137331777621072506707421.sst" compactIntoNextLevel: false destinationLevel: 2 is dead (hb=30)
3029041:Task input_files: "sstable2/305ab122-2a52-4afe-9c9a-47c2657383fd202605010137331777621069257530996.sst" input_files: "sstable2/8b6d3442-296e-4641-8dee-bf3361889571202605010137331777621069262396777.sst" compactIntoNextLevel: false destinationLevel: 2 is dead (hb=31)
3029041:Found dead task input_files: "sstable2/305ab122-2a52-4afe-9c9a-47c2657383fd202605010137331777621069257530996.sst" input_files: "sstable2/8b6d3442-296e-4641-8dee-bf3361889571202605010137331777621069262396777.sst" compactIntoNextLevel: false destinationLevel: 2
3029041:COMPACT_START sstable=1 input_files: "sstable2/305ab122-2a52-4afe-9c9a-47c2657383fd202605010137331777621069257530996.sst" input_files: "sstable2/8b6d3442-296e-4641-8dee-bf3361889571202605010137331777621069262396777.sst" compactIntoNextLevel: false destinationLevel: 2
3029041:COMPACT_ABORT input_files: "sstable2/305ab122-2a52-4afe-9c9a-47c2657383fd202605010137331777621069257530996.sst" input_files: "sstable2/8b6d3442-296e-4641-8dee-bf3361889571202605010137331777621069262396777.sst" compactIntoNextLevel: false destinationLevel: 2
3029041:Found dead task input_files: "sstable2/305ab122-2a52-4afe-9c9a-47c2657383fd202605010137331777621069358462691.sst" input_files: "sstable2/305ab122-2a52-4afe-9c9a-47c2657383fd202605010137331777621072506707421.sst" compactIntoNextLevel: false destinationLevel: 2
3029041:COMPACT_START sstable=1 input_files: "sstable2/305ab122-2a52-4afe-9c9a-47c2657383fd202605010137331777621069358462691.sst" input_files: "sstable2/305ab122-2a52-4afe-9c9a-47c2657383fd202605010137331777621072506707421.sst" compactIntoNextLevel: false destinationLevel: 2
2026-05-01 07:38:16:615 - Compaction started: 
139803785844288:Compacting sstable2/305ab122-2a52-4afe-9c9a-47c2657383fd202605010137331777621069358462691.sst sstable2/305ab122-2a52-4afe-9c9a-47c2657383fd202605010137331777621072506707421.sst into:sstable2/3e54c6e3-f034-41d2-8504-c176d41dc32d202605010137331777621096665161754.sst
2026-05-01 07:38:16:743 - Compaction completed: 
3029041:Task input_files: "sstable2/8b6d3442-296e-4641-8dee-bf3361889571202605010137331777621078895433047.sst" input_files: "sstable2/3e54c6e3-f034-41d2-8504-c176d41dc32d202605010137331777621081954791321.sst" compactIntoNextLevel: false destinationLevel: 2 is dead (hb=30)
3029041:Found dead task input_files: "sstable2/8b6d3442-296e-4641-8dee-bf3361889571202605010137331777621078895433047.sst" input_files: "sstable2/3e54c6e3-f034-41d2-8504-c176d41dc32d202605010137331777621081954791321.sst" compactIntoNextLevel: false destinationLevel: 2
3029041:COMPACT_START sstable=1 input_files: "sstable2/8b6d3442-296e-4641-8dee-bf3361889571202605010137331777621078895433047.sst" input_files: "sstable2/3e54c6e3-f034-41d2-8504-c176d41dc32d202605010137331777621081954791321.sst" compactIntoNextLevel: false destinationLevel: 2
2026-05-01 07:38:16:818 - Compaction started: 
139803785844288:Compacting sstable2/8b6d3442-296e-4641-8dee-bf3361889571202605010137331777621078895433047.sst sstable2/3e54c6e3-f034-41d2-8504-c176d41dc32d202605010137331777621081954791321.sst into:sstable2/3e54c6e3-f034-41d2-8504-c176d41dc32d202605010137331777621096858564504.sst
2026-05-01 07:38:16:922 - Compaction completed: 
3029041:Task input_files: "sstable2/f5e5faed-fa03-4106-bf1c-dfd38d06aee2202605010137331777621078230090756.sst" input_files: "sstable2/8b6d3442-296e-4641-8dee-bf3361889571202605010137331777621078286693072.sst" compactIntoNextLevel: false destinationLevel: 2 is dead (hb=30)
3029041:Task input_files: "sstable2/f5e5faed-fa03-4106-bf1c-dfd38d06aee2202605010137331777621077212554769.sst" input_files: "sstable2/f5e5faed-fa03-4106-bf1c-dfd38d06aee2202605010137331777621074273478864.sst" compactIntoNextLevel: false destinationLevel: 2 is dead (hb=30)
3029041:Task input_files: "sstable2/8b6d3442-296e-4641-8dee-bf3361889571202605010137331777621079101440394.sst" input_files: "sstable2/f5e5faed-fa03-4106-bf1c-dfd38d06aee2202605010137331777621082185981997.sst" compactIntoNextLevel: false destinationLevel: 2 is dead (hb=30)
3029041:COMPACT_START sstable=1 input_files: "sstable2/305ab122-2a52-4afe-9c9a-47c2657383fd202605010137331777621088833821391.sst" input_files: "sstable2/f5e5faed-fa03-4106-bf1c-dfd38d06aee2202605010137331777621079445850500.sst" compactIntoNextLevel: false destinationLevel: 2
2026-05-01 07:38:17:995 - Compaction started: 
139803785844288:Compacting sstable2/305ab122-2a52-4afe-9c9a-47c2657383fd202605010137331777621088833821391.sst sstable2/f5e5faed-fa03-4106-bf1c-dfd38d06aee2202605010137331777621079445850500.sst into:sstable2/0_3e54c6e3-f034-41d2-8504-c176d41dc32d202605010137331777621098035657664.sst
2026-05-01 07:38:18:096 - Compaction completed: 
3029041:COMPACT_START sstable=1 input_files: "sstable2/3e54c6e3-f034-41d2-8504-c176d41dc32d202605010137331777621082663379008.sst" input_files: "sstable2/f5e5faed-fa03-4106-bf1c-dfd38d06aee2202605010137331777621082492658298.sst" compactIntoNextLevel: false destinationLevel: 2
3029041:COMPACT_ABORT input_files: "sstable2/3e54c6e3-f034-41d2-8504-c176d41dc32d202605010137331777621082663379008.sst" input_files: "sstable2/f5e5faed-fa03-4106-bf1c-dfd38d06aee2202605010137331777621082492658298.sst" compactIntoNextLevel: false destinationLevel: 2
3029041:Task input_files: "sstable2/3e54c6e3-f034-41d2-8504-c176d41dc32d202605010137331777621085496044678.sst" input_files: "sstable2/305ab122-2a52-4afe-9c9a-47c2657383fd202605010137331777621091637535768.sst" compactIntoNextLevel: false destinationLevel: 2 is dead (hb=30)
3029041:Task input_files: "sstable2/8b6d3442-296e-4641-8dee-bf3361889571202605010137331777621081441323542.sst" input_files: "sstable2/305ab122-2a52-4afe-9c9a-47c2657383fd202605010137331777621081444319108.sst" compactIntoNextLevel: false destinationLevel: 2 is dead (hb=30)
3029041:Task input_files: "sstable1/305ab122-2a52-4afe-9c9a-47c2657383fd202605010137331777621067508419619.sst" input_files: "sstable1/305ab122-2a52-4afe-9c9a-47c2657383fd202605010137331777621064511546316.sst" compactIntoNextLevel: true destinationLevel: 2 is dead (hb=30)
3029041:COMPACT_START sstable=1 input_files: "sstable2/305ab122-2a52-4afe-9c9a-47c2657383fd202605010137331777621079612948850.sst" input_files: "sstable2/3e54c6e3-f034-41d2-8504-c176d41dc32d202605010137331777621079628732428.sst" compactIntoNextLevel: false destinationLevel: 2
2026-05-01 07:38:18:213 - Compaction started: 
139803785844288:Compacting sstable2/305ab122-2a52-4afe-9c9a-47c2657383fd202605010137331777621079612948850.sst sstable2/3e54c6e3-f034-41d2-8504-c176d41dc32d202605010137331777621079628732428.sst into:sstable2/0_3e54c6e3-f034-41d2-8504-c176d41dc32d202605010137331777621098253768110.sst
2026-05-01 07:38:18:318 - Compaction completed: 
3029041:COMPACT_START sstable=1 input_files: "sstable2/3e54c6e3-f034-41d2-8504-c176d41dc32d202605010137331777621080436825136.sst" input_files: "sstable2/f5e5faed-fa03-4106-bf1c-dfd38d06aee2202605010137331777621080459779175.sst" compactIntoNextLevel: false destinationLevel: 2
2026-05-01 07:38:18:481 - Compaction started: 
139803785844288:Compacting sstable2/3e54c6e3-f034-41d2-8504-c176d41dc32d202605010137331777621080436825136.sst sstable2/f5e5faed-fa03-4106-bf1c-dfd38d06aee2202605010137331777621080459779175.sst into:sstable2/0_3e54c6e3-f034-41d2-8504-c176d41dc32d202605010137331777621098520667885.sst
2026-05-01 07:38:18:582 - Compaction completed: 
3029041:COMPACT_START sstable=1 input_files: "sstable2/305ab122-2a52-4afe-9c9a-47c2657383fd202605010137331777621080530225673.sst" input_files: "sstable2/305ab122-2a52-4afe-9c9a-47c2657383fd202605010137331777621092764827942.sst" compactIntoNextLevel: false destinationLevel: 2
3029041:COMPACT_ABORT input_files: "sstable2/305ab122-2a52-4afe-9c9a-47c2657383fd202605010137331777621080530225673.sst" input_files: "sstable2/305ab122-2a52-4afe-9c9a-47c2657383fd202605010137331777621092764827942.sst" compactIntoNextLevel: false destinationLevel: 2
3029041:COMPACT_START sstable=1 input_files: "sstable2/305ab122-2a52-4afe-9c9a-47c2657383fd202605010137331777621083672444847.sst" input_files: "sstable2/f5e5faed-fa03-4106-bf1c-dfd38d06aee2202605010137331777621083612613839.sst" compactIntoNextLevel: false destinationLevel: 2
3029041:COMPACT_ABORT input_files: "sstable2/305ab122-2a52-4afe-9c9a-47c2657383fd202605010137331777621083672444847.sst" input_files: "sstable2/f5e5faed-fa03-4106-bf1c-dfd38d06aee2202605010137331777621083612613839.sst" compactIntoNextLevel: false destinationLevel: 2
3029041:COMPACT_START sstable=1 input_files: "sstable2/3e54c6e3-f034-41d2-8504-c176d41dc32d202605010137331777621080740287421.sst" input_files: "sstable2/3e54c6e3-f034-41d2-8504-c176d41dc32d202605010137331777621087015784909.sst" compactIntoNextLevel: false destinationLevel: 2
2026-05-01 07:38:18:795 - Compaction started: 
139803785844288:Compacting sstable2/3e54c6e3-f034-41d2-8504-c176d41dc32d202605010137331777621080740287421.sst sstable2/3e54c6e3-f034-41d2-8504-c176d41dc32d202605010137331777621087015784909.sst into:sstable2/0_3e54c6e3-f034-41d2-8504-c176d41dc32d202605010137331777621098835316681.sst
2026-05-01 07:38:18:897 - Compaction completed: 
3029041:COMPACT_START sstable=1 input_files: "sstable2/3e54c6e3-f034-41d2-8504-c176d41dc32d202605010137331777621087115190382.sst" input_files: "sstable2/305ab122-2a52-4afe-9c9a-47c2657383fd202605010137331777621099183430740.sst" compactIntoNextLevel: false destinationLevel: 2
3029041:COMPACT_ABORT input_files: "sstable2/3e54c6e3-f034-41d2-8504-c176d41dc32d202605010137331777621087115190382.sst" input_files: "sstable2/305ab122-2a52-4afe-9c9a-47c2657383fd202605010137331777621099183430740.sst" compactIntoNextLevel: false destinationLevel: 2
3029041:COMPACT_START sstable=1 input_files: "sstable2/8b6d3442-296e-4641-8dee-bf3361889571202605010137331777621082760740941.sst" input_files: "sstable2/3e54c6e3-f034-41d2-8504-c176d41dc32d202605010137331777621082763476930.sst" compactIntoNextLevel: false destinationLevel: 2
2026-05-01 07:38:19:409 - Compaction started: 
139803785844288:Compacting sstable2/8b6d3442-296e-4641-8dee-bf3361889571202605010137331777621082760740941.sst sstable2/3e54c6e3-f034-41d2-8504-c176d41dc32d202605010137331777621082763476930.sst into:sstable2/0_3e54c6e3-f034-41d2-8504-c176d41dc32d202605010137331777621099447101713.sst
2026-05-01 07:38:19:505 - Compaction completed: 
3029041:COMPACT_START sstable=1 input_files: "sstable2/305ab122-2a52-4afe-9c9a-47c2657383fd202605010137331777621083061031261.sst" input_files: "sstable2/8b6d3442-296e-4641-8dee-bf3361889571202605010137331777621083066583819.sst" compactIntoNextLevel: false destinationLevel: 2
3029041:COMPACT_ABORT input_files: "sstable2/305ab122-2a52-4afe-9c9a-47c2657383fd202605010137331777621083061031261.sst" input_files: "sstable2/8b6d3442-296e-4641-8dee-bf3361889571202605010137331777621083066583819.sst" compactIntoNextLevel: false destinationLevel: 2
3029041:COMPACT_START sstable=1 input_files: "sstable2/8b6d3442-296e-4641-8dee-bf3361889571202605010137331777621083268436589.sst" input_files: "sstable2/3e54c6e3-f034-41d2-8504-c176d41dc32d202605010137331777621083269224747.sst" compactIntoNextLevel: false destinationLevel: 2
2026-05-01 07:38:19:683 - Compaction started: 
139803785844288:Compacting sstable2/8b6d3442-296e-4641-8dee-bf3361889571202605010137331777621083268436589.sst sstable2/3e54c6e3-f034-41d2-8504-c176d41dc32d202605010137331777621083269224747.sst into:sstable2/0_3e54c6e3-f034-41d2-8504-c176d41dc32d202605010137331777621099720217802.sst
2026-05-01 07:38:19:777 - Compaction completed: 
3029041:COMPACT_START sstable=1 input_files: "sstable2/8b6d3442-296e-4641-8dee-bf3361889571202605010137331777621086910931482.sst" input_files: "sstable2/305ab122-2a52-4afe-9c9a-47c2657383fd202605010137331777621084379295839.sst" compactIntoNextLevel: false destinationLevel: 2
3029041:COMPACT_ABORT input_files: "sstable2/8b6d3442-296e-4641-8dee-bf3361889571202605010137331777621086910931482.sst" input_files: "sstable2/305ab122-2a52-4afe-9c9a-47c2657383fd202605010137331777621084379295839.sst" compactIntoNextLevel: false destinationLevel: 2
3029041:COMPACT_START sstable=1 input_files: "sstable2/3e54c6e3-f034-41d2-8504-c176d41dc32d202605010137331777621090755467928.sst" input_files: "sstable2/3e54c6e3-f034-41d2-8504-c176d41dc32d202605010137331777621084582628352.sst" compactIntoNextLevel: false destinationLevel: 2
2026-05-01 07:38:20:077 - Compaction started: 
139803785844288:Compacting sstable2/3e54c6e3-f034-41d2-8504-c176d41dc32d202605010137331777621090755467928.sst sstable2/3e54c6e3-f034-41d2-8504-c176d41dc32d202605010137331777621084582628352.sst into:sstable2/0_3e54c6e3-f034-41d2-8504-c176d41dc32d202605010137331777621100117316747.sst
2026-05-01 07:38:20:174 - Compaction completed: 
3029041:COMPACT_START sstable=1 input_files: "sstable2/305ab122-2a52-4afe-9c9a-47c2657383fd202605010137331777621085794915216.sst" input_files: "sstable2/3e54c6e3-f034-41d2-8504-c176d41dc32d202605010137331777621085799360950.sst" compactIntoNextLevel: false destinationLevel: 2
3029041:COMPACT_ABORT input_files: "sstable2/305ab122-2a52-4afe-9c9a-47c2657383fd202605010137331777621085794915216.sst" input_files: "sstable2/3e54c6e3-f034-41d2-8504-c176d41dc32d202605010137331777621085799360950.sst" compactIntoNextLevel: false destinationLevel: 2
3029041:COMPACT_START sstable=1 input_files: "sstable2/305ab122-2a52-4afe-9c9a-47c2657383fd202605010137331777621088933161071.sst" input_files: "sstable2/8b6d3442-296e-4641-8dee-bf3361889571202605010137331777621088937367316.sst" compactIntoNextLevel: false destinationLevel: 2
3029041:COMPACT_ABORT input_files: "sstable2/305ab122-2a52-4afe-9c9a-47c2657383fd202605010137331777621088933161071.sst" input_files: "sstable2/8b6d3442-296e-4641-8dee-bf3361889571202605010137331777621088937367316.sst" compactIntoNextLevel: false destinationLevel: 2
3029041:Task input_files: "sstable2/f5e5faed-fa03-4106-bf1c-dfd38d06aee2202605010137331777621079547256214.sst" input_files: "sstable2/305ab122-2a52-4afe-9c9a-47c2657383fd202605010137331777621082655463760.sst" compactIntoNextLevel: false destinationLevel: 2 is dead (hb=31)
3029041:Task input_files: "sstable2/3e54c6e3-f034-41d2-8504-c176d41dc32d202605010137331777621082663379008.sst" input_files: "sstable2/f5e5faed-fa03-4106-bf1c-dfd38d06aee2202605010137331777621082492658298.sst" compactIntoNextLevel: false destinationLevel: 2 is dead (hb=32)
3029041:Task input_files: "sstable2/f5e5faed-fa03-4106-bf1c-dfd38d06aee2202605010137331777621085339242229.sst" input_files: "sstable2/f5e5faed-fa03-4106-bf1c-dfd38d06aee2202605010137331777621079248641555.sst" compactIntoNextLevel: false destinationLevel: 2 is dead (hb=31)
3029041:Task input_files: "sstable2/f5e5faed-fa03-4106-bf1c-dfd38d06aee2202605010137331777621078230090756.sst" input_files: "sstable2/8b6d3442-296e-4641-8dee-bf3361889571202605010137331777621078286693072.sst" compactIntoNextLevel: false destinationLevel: 2 is dead (hb=32)
3029041:Task input_files: "sstable2/f5e5faed-fa03-4106-bf1c-dfd38d06aee2202605010137331777621077212554769.sst" input_files: "sstable2/f5e5faed-fa03-4106-bf1c-dfd38d06aee2202605010137331777621074273478864.sst" compactIntoNextLevel: false destinationLevel: 2 is dead (hb=32)
3029041:Task input_files: "sstable2/8b6d3442-296e-4641-8dee-bf3361889571202605010137331777621079101440394.sst" input_files: "sstable2/f5e5faed-fa03-4106-bf1c-dfd38d06aee2202605010137331777621082185981997.sst" compactIntoNextLevel: false destinationLevel: 2 is dead (hb=32)
3029041:Task input_files: "sstable2/8b6d3442-296e-4641-8dee-bf3361889571202605010137331777621097781535971.sst" input_files: "sstable2/f5e5faed-fa03-4106-bf1c-dfd38d06aee2202605010137331777621082596220564.sst" compactIntoNextLevel: false destinationLevel: 2 is dead (hb=32)
3029041:Found dead task input_files: "sstable2/8b6d3442-296e-4641-8dee-bf3361889571202605010137331777621097781535971.sst" input_files: "sstable2/f5e5faed-fa03-4106-bf1c-dfd38d06aee2202605010137331777621082596220564.sst" compactIntoNextLevel: false destinationLevel: 2
3029041:COMPACT_START sstable=1 input_files: "sstable2/8b6d3442-296e-4641-8dee-bf3361889571202605010137331777621097781535971.sst" input_files: "sstable2/f5e5faed-fa03-4106-bf1c-dfd38d06aee2202605010137331777621082596220564.sst" compactIntoNextLevel: false destinationLevel: 2
2026-05-01 07:38:21:307 - Compaction started: 
139803785844288:Compacting sstable2/8b6d3442-296e-4641-8dee-bf3361889571202605010137331777621097781535971.sst sstable2/f5e5faed-fa03-4106-bf1c-dfd38d06aee2202605010137331777621082596220564.sst into:sstable2/3e54c6e3-f034-41d2-8504-c176d41dc32d202605010137331777621101345797377.sst
2026-05-01 07:38:21:410 - Compaction completed: 
3029041:Task input_files: "sstable2/3e54c6e3-f034-41d2-8504-c176d41dc32d202605010137331777621085496044678.sst" input_files: "sstable2/305ab122-2a52-4afe-9c9a-47c2657383fd202605010137331777621091637535768.sst" compactIntoNextLevel: false destinationLevel: 2 is dead (hb=30)
3029041:Task input_files: "sstable2/f5e5faed-fa03-4106-bf1c-dfd38d06aee2202605010137331777621079649485271.sst" input_files: "sstable2/f5e5faed-fa03-4106-bf1c-dfd38d06aee2202605010137331777621082800475827.sst" compactIntoNextLevel: false destinationLevel: 2 is dead (hb=30)
3029041:Found dead task input_files: "sstable2/3e54c6e3-f034-41d2-8504-c176d41dc32d202605010137331777621085496044678.sst" input_files: "sstable2/305ab122-2a52-4afe-9c9a-47c2657383fd202605010137331777621091637535768.sst" compactIntoNextLevel: false destinationLevel: 2
3029041:COMPACT_START sstable=1 input_files: "sstable2/3e54c6e3-f034-41d2-8504-c176d41dc32d202605010137331777621085496044678.sst" input_files: "sstable2/305ab122-2a52-4afe-9c9a-47c2657383fd202605010137331777621091637535768.sst" compactIntoNextLevel: false destinationLevel: 2
3029041:COMPACT_ABORT input_files: "sstable2/3e54c6e3-f034-41d2-8504-c176d41dc32d202605010137331777621085496044678.sst" input_files: "sstable2/305ab122-2a52-4afe-9c9a-47c2657383fd202605010137331777621091637535768.sst" compactIntoNextLevel: false destinationLevel: 2
3029041:Found dead task input_files: "sstable2/f5e5faed-fa03-4106-bf1c-dfd38d06aee2202605010137331777621079649485271.sst" input_files: "sstable2/f5e5faed-fa03-4106-bf1c-dfd38d06aee2202605010137331777621082800475827.sst" compactIntoNextLevel: false destinationLevel: 2
3029041:COMPACT_START sstable=1 input_files: "sstable2/f5e5faed-fa03-4106-bf1c-dfd38d06aee2202605010137331777621079649485271.sst" input_files: "sstable2/f5e5faed-fa03-4106-bf1c-dfd38d06aee2202605010137331777621082800475827.sst" compactIntoNextLevel: false destinationLevel: 2
3029041:COMPACT_ABORT input_files: "sstable2/f5e5faed-fa03-4106-bf1c-dfd38d06aee2202605010137331777621079649485271.sst" input_files: "sstable2/f5e5faed-fa03-4106-bf1c-dfd38d06aee2202605010137331777621082800475827.sst" compactIntoNextLevel: false destinationLevel: 2
3029041:Found dead task input_files: "sstable2/8b6d3442-296e-4641-8dee-bf3361889571202605010137331777621079101440394.sst" input_files: "sstable2/f5e5faed-fa03-4106-bf1c-dfd38d06aee2202605010137331777621082185981997.sst" compactIntoNextLevel: false destinationLevel: 2
3029041:COMPACT_START sstable=1 input_files: "sstable2/8b6d3442-296e-4641-8dee-bf3361889571202605010137331777621079101440394.sst" input_files: "sstable2/f5e5faed-fa03-4106-bf1c-dfd38d06aee2202605010137331777621082185981997.sst" compactIntoNextLevel: false destinationLevel: 2
3029041:COMPACT_ABORT input_files: "sstable2/8b6d3442-296e-4641-8dee-bf3361889571202605010137331777621079101440394.sst" input_files: "sstable2/f5e5faed-fa03-4106-bf1c-dfd38d06aee2202605010137331777621082185981997.sst" compactIntoNextLevel: false destinationLevel: 2
3029041:Found dead task input_files: "sstable2/f5e5faed-fa03-4106-bf1c-dfd38d06aee2202605010137331777621078230090756.sst" input_files: "sstable2/8b6d3442-296e-4641-8dee-bf3361889571202605010137331777621078286693072.sst" compactIntoNextLevel: false destinationLevel: 2
3029041:COMPACT_START sstable=1 input_files: "sstable2/f5e5faed-fa03-4106-bf1c-dfd38d06aee2202605010137331777621078230090756.sst" input_files: "sstable2/8b6d3442-296e-4641-8dee-bf3361889571202605010137331777621078286693072.sst" compactIntoNextLevel: false destinationLevel: 2
3029041:COMPACT_ABORT input_files: "sstable2/f5e5faed-fa03-4106-bf1c-dfd38d06aee2202605010137331777621078230090756.sst" input_files: "sstable2/8b6d3442-296e-4641-8dee-bf3361889571202605010137331777621078286693072.sst" compactIntoNextLevel: false destinationLevel: 2
3029041:Found dead task input_files: "sstable2/3e54c6e3-f034-41d2-8504-c176d41dc32d202605010137331777621082663379008.sst" input_files: "sstable2/f5e5faed-fa03-4106-bf1c-dfd38d06aee2202605010137331777621082492658298.sst" compactIntoNextLevel: false destinationLevel: 2
3029041:COMPACT_START sstable=1 input_files: "sstable2/3e54c6e3-f034-41d2-8504-c176d41dc32d202605010137331777621082663379008.sst" input_files: "sstable2/f5e5faed-fa03-4106-bf1c-dfd38d06aee2202605010137331777621082492658298.sst" compactIntoNextLevel: false destinationLevel: 2
2026-05-01 07:38:21:514 - Compaction started: 
139803785844288:Compacting sstable2/3e54c6e3-f034-41d2-8504-c176d41dc32d202605010137331777621082663379008.sst sstable2/f5e5faed-fa03-4106-bf1c-dfd38d06aee2202605010137331777621082492658298.sst into:sstable2/3e54c6e3-f034-41d2-8504-c176d41dc32d202605010137331777621101554169468.sst
2026-05-01 07:38:21:617 - Compaction completed: 
3029041:Task input_files: "sstable2/305ab122-2a52-4afe-9c9a-47c2657383fd202605010137331777621080631499239.sst" input_files: "sstable2/3e54c6e3-f034-41d2-8504-c176d41dc32d202605010137331777621080638668969.sst" compactIntoNextLevel: false destinationLevel: 2 is dead (hb=31)
3029041:Found dead task input_files: "sstable2/305ab122-2a52-4afe-9c9a-47c2657383fd202605010137331777621080631499239.sst" input_files: "sstable2/3e54c6e3-f034-41d2-8504-c176d41dc32d202605010137331777621080638668969.sst" compactIntoNextLevel: false destinationLevel: 2
3029041:COMPACT_START sstable=1 input_files: "sstable2/305ab122-2a52-4afe-9c9a-47c2657383fd202605010137331777621080631499239.sst" input_files: "sstable2/3e54c6e3-f034-41d2-8504-c176d41dc32d202605010137331777621080638668969.sst" compactIntoNextLevel: false destinationLevel: 2
2026-05-01 07:38:21:826 - Compaction started: 
139803785844288:Compacting sstable2/305ab122-2a52-4afe-9c9a-47c2657383fd202605010137331777621080631499239.sst sstable2/3e54c6e3-f034-41d2-8504-c176d41dc32d202605010137331777621080638668969.sst into:sstable2/3e54c6e3-f034-41d2-8504-c176d41dc32d202605010137331777621101864945273.sst
2026-05-01 07:38:21:929 - Compaction completed: 
3029041:Task input_files: "sstable2/305ab122-2a52-4afe-9c9a-47c2657383fd202605010137331777621083061031261.sst" input_files: "sstable2/8b6d3442-296e-4641-8dee-bf3361889571202605010137331777621083066583819.sst" compactIntoNextLevel: false destinationLevel: 2 is dead (hb=30)
3029041:Found dead task input_files: "sstable2/305ab122-2a52-4afe-9c9a-47c2657383fd202605010137331777621083061031261.sst" input_files: "sstable2/8b6d3442-296e-4641-8dee-bf3361889571202605010137331777621083066583819.sst" compactIntoNextLevel: false destinationLevel: 2
3029041:COMPACT_START sstable=1 input_files: "sstable2/305ab122-2a52-4afe-9c9a-47c2657383fd202605010137331777621083061031261.sst" input_files: "sstable2/8b6d3442-296e-4641-8dee-bf3361889571202605010137331777621083066583819.sst" compactIntoNextLevel: false destinationLevel: 2
3029041:COMPACT_ABORT input_files: "sstable2/305ab122-2a52-4afe-9c9a-47c2657383fd202605010137331777621083061031261.sst" input_files: "sstable2/8b6d3442-296e-4641-8dee-bf3361889571202605010137331777621083066583819.sst" compactIntoNextLevel: false destinationLevel: 2
3029041:Task input_files: "sstable2/305ab122-2a52-4afe-9c9a-47c2657383fd202605010137331777621086303986433.sst" input_files: "sstable2/3e54c6e3-f034-41d2-8504-c176d41dc32d202605010137331777621089337337344.sst" compactIntoNextLevel: false destinationLevel: 2 is dead (hb=30)
3029041:Found dead task input_files: "sstable2/305ab122-2a52-4afe-9c9a-47c2657383fd202605010137331777621086303986433.sst" input_files: "sstable2/3e54c6e3-f034-41d2-8504-c176d41dc32d202605010137331777621089337337344.sst" compactIntoNextLevel: false destinationLevel: 2
3029041:COMPACT_START sstable=1 input_files: "sstable2/305ab122-2a52-4afe-9c9a-47c2657383fd202605010137331777621086303986433.sst" input_files: "sstable2/3e54c6e3-f034-41d2-8504-c176d41dc32d202605010137331777621089337337344.sst" compactIntoNextLevel: false destinationLevel: 2
2026-05-01 07:38:22:653 - Compaction started: 
139803785844288:Compacting sstable2/305ab122-2a52-4afe-9c9a-47c2657383fd202605010137331777621086303986433.sst sstable2/3e54c6e3-f034-41d2-8504-c176d41dc32d202605010137331777621089337337344.sst into:sstable2/3e54c6e3-f034-41d2-8504-c176d41dc32d202605010137331777621102693442330.sst
2026-05-01 07:38:22:756 - Compaction completed: 
3029041:Task input_files: "sstable2/8b6d3442-296e-4641-8dee-bf3361889571202605010137331777621086910931482.sst" input_files: "sstable2/305ab122-2a52-4afe-9c9a-47c2657383fd202605010137331777621084379295839.sst" compactIntoNextLevel: false destinationLevel: 2 is dead (hb=30)
3029041:Found dead task input_files: "sstable2/8b6d3442-296e-4641-8dee-bf3361889571202605010137331777621086910931482.sst" input_files: "sstable2/305ab122-2a52-4afe-9c9a-47c2657383fd202605010137331777621084379295839.sst" compactIntoNextLevel: false destinationLevel: 2
3029041:COMPACT_START sstable=1 input_files: "sstable2/8b6d3442-296e-4641-8dee-bf3361889571202605010137331777621086910931482.sst" input_files: "sstable2/305ab122-2a52-4afe-9c9a-47c2657383fd202605010137331777621084379295839.sst" compactIntoNextLevel: false destinationLevel: 2
2026-05-01 07:38:22:966 - Compaction started: 
139803785844288:Compacting sstable2/8b6d3442-296e-4641-8dee-bf3361889571202605010137331777621086910931482.sst sstable2/305ab122-2a52-4afe-9c9a-47c2657383fd202605010137331777621084379295839.sst into:sstable2/3e54c6e3-f034-41d2-8504-c176d41dc32d202605010137331777621103000403033.sst
2026-05-01 07:38:23:054 - Compaction completed: 
3029041:Task input_files: "sstable2/3e54c6e3-f034-41d2-8504-c176d41dc32d202605010137331777621084379351162.sst" input_files: "sstable2/8b6d3442-296e-4641-8dee-bf3361889571202605010137331777621087417235271.sst" compactIntoNextLevel: false destinationLevel: 2 is dead (hb=30)
3029041:Found dead task input_files: "sstable2/3e54c6e3-f034-41d2-8504-c176d41dc32d202605010137331777621084379351162.sst" input_files: "sstable2/8b6d3442-296e-4641-8dee-bf3361889571202605010137331777621087417235271.sst" compactIntoNextLevel: false destinationLevel: 2
3029041:COMPACT_START sstable=1 input_files: "sstable2/3e54c6e3-f034-41d2-8504-c176d41dc32d202605010137331777621084379351162.sst" input_files: "sstable2/8b6d3442-296e-4641-8dee-bf3361889571202605010137331777621087417235271.sst" compactIntoNextLevel: false destinationLevel: 2
3029041:COMPACT_ABORT input_files: "sstable2/3e54c6e3-f034-41d2-8504-c176d41dc32d202605010137331777621084379351162.sst" input_files: "sstable2/8b6d3442-296e-4641-8dee-bf3361889571202605010137331777621087417235271.sst" compactIntoNextLevel: false destinationLevel: 2
3029041:Task input_files: "sstable2/305ab122-2a52-4afe-9c9a-47c2657383fd202605010137331777621085794915216.sst" input_files: "sstable2/3e54c6e3-f034-41d2-8504-c176d41dc32d202605010137331777621085799360950.sst" compactIntoNextLevel: false destinationLevel: 2 is dead (hb=30)
3029041:Task input_files: "sstable2/f5e5faed-fa03-4106-bf1c-dfd38d06aee2202605010137331777621084626495365.sst" input_files: "sstable2/305ab122-2a52-4afe-9c9a-47c2657383fd202605010137331777621084684211128.sst" compactIntoNextLevel: false destinationLevel: 2 is dead (hb=30)
3029041:Found dead task input_files: "sstable2/f5e5faed-fa03-4106-bf1c-dfd38d06aee2202605010137331777621084626495365.sst" input_files: "sstable2/305ab122-2a52-4afe-9c9a-47c2657383fd202605010137331777621084684211128.sst" compactIntoNextLevel: false destinationLevel: 2
3029041:COMPACT_START sstable=1 input_files: "sstable2/f5e5faed-fa03-4106-bf1c-dfd38d06aee2202605010137331777621084626495365.sst" input_files: "sstable2/305ab122-2a52-4afe-9c9a-47c2657383fd202605010137331777621084684211128.sst" compactIntoNextLevel: false destinationLevel: 2
2026-05-01 07:38:23:275 - Compaction started: 
139803785844288:Compacting sstable2/f5e5faed-fa03-4106-bf1c-dfd38d06aee2202605010137331777621084626495365.sst sstable2/305ab122-2a52-4afe-9c9a-47c2657383fd202605010137331777621084684211128.sst into:sstable2/3e54c6e3-f034-41d2-8504-c176d41dc32d202605010137331777621103309324031.sst
2026-05-01 07:38:23:361 - Compaction completed: 
3029041:Task input_files: "sstable2/8b6d3442-296e-4641-8dee-bf3361889571202605010137331777621092408376815.sst" input_files: "sstable2/3e54c6e3-f034-41d2-8504-c176d41dc32d202605010137331777621086301930128.sst" compactIntoNextLevel: false destinationLevel: 2 is dead (hb=30)
3029041:Task input_files: "sstable2/305ab122-2a52-4afe-9c9a-47c2657383fd202605010137331777621088933161071.sst" input_files: "sstable2/8b6d3442-296e-4641-8dee-bf3361889571202605010137331777621088937367316.sst" compactIntoNextLevel: false destinationLevel: 2 is dead (hb=31)
3029041:Found dead task input_files: "sstable2/305ab122-2a52-4afe-9c9a-47c2657383fd202605010137331777621088933161071.sst" input_files: "sstable2/8b6d3442-296e-4641-8dee-bf3361889571202605010137331777621088937367316.sst" compactIntoNextLevel: false destinationLevel: 2
3029041:COMPACT_START sstable=1 input_files: "sstable2/305ab122-2a52-4afe-9c9a-47c2657383fd202605010137331777621088933161071.sst" input_files: "sstable2/8b6d3442-296e-4641-8dee-bf3361889571202605010137331777621088937367316.sst" compactIntoNextLevel: false destinationLevel: 2
2026-05-01 07:38:23:584 - Compaction started: 
139803785844288:Compacting sstable2/305ab122-2a52-4afe-9c9a-47c2657383fd202605010137331777621088933161071.sst sstable2/8b6d3442-296e-4641-8dee-bf3361889571202605010137331777621088937367316.sst into:sstable2/3e54c6e3-f034-41d2-8504-c176d41dc32d202605010137331777621103620122038.sst
2026-05-01 07:38:23:676 - Compaction completed: 
3029041:Task input_files: "sstable2/3e54c6e3-f034-41d2-8504-c176d41dc32d202605010137331777621082158038775.sst" input_files: "sstable2/f5e5faed-fa03-4106-bf1c-dfd38d06aee2202605010137331777621082084504619.sst" compactIntoNextLevel: false destinationLevel: 2 is dead (hb=30)
3029041:Found dead task input_files: "sstable2/3e54c6e3-f034-41d2-8504-c176d41dc32d202605010137331777621082158038775.sst" input_files: "sstable2/f5e5faed-fa03-4106-bf1c-dfd38d06aee2202605010137331777621082084504619.sst" compactIntoNextLevel: false destinationLevel: 2
3029041:COMPACT_START sstable=1 input_files: "sstable2/3e54c6e3-f034-41d2-8504-c176d41dc32d202605010137331777621082158038775.sst" input_files: "sstable2/f5e5faed-fa03-4106-bf1c-dfd38d06aee2202605010137331777621082084504619.sst" compactIntoNextLevel: false destinationLevel: 2
3029041:COMPACT_ABORT input_files: "sstable2/3e54c6e3-f034-41d2-8504-c176d41dc32d202605010137331777621082158038775.sst" input_files: "sstable2/f5e5faed-fa03-4106-bf1c-dfd38d06aee2202605010137331777621082084504619.sst" compactIntoNextLevel: false destinationLevel: 2
3029041:Task input_files: "sstable2/8b6d3442-296e-4641-8dee-bf3361889571202605010137331777621080220516998.sst" input_files: "sstable2/8b6d3442-296e-4641-8dee-bf3361889571202605010137331777621074124154623.sst" compactIntoNextLevel: false destinationLevel: 2 is dead (hb=30)
3029041:Found dead task input_files: "sstable2/8b6d3442-296e-4641-8dee-bf3361889571202605010137331777621080220516998.sst" input_files: "sstable2/8b6d3442-296e-4641-8dee-bf3361889571202605010137331777621074124154623.sst" compactIntoNextLevel: false destinationLevel: 2
3029041:COMPACT_START sstable=1 input_files: "sstable2/8b6d3442-296e-4641-8dee-bf3361889571202605010137331777621080220516998.sst" input_files: "sstable2/8b6d3442-296e-4641-8dee-bf3361889571202605010137331777621074124154623.sst" compactIntoNextLevel: false destinationLevel: 2
3029041:COMPACT_ABORT input_files: "sstable2/8b6d3442-296e-4641-8dee-bf3361889571202605010137331777621080220516998.sst" input_files: "sstable2/8b6d3442-296e-4641-8dee-bf3361889571202605010137331777621074124154623.sst" compactIntoNextLevel: false destinationLevel: 2
3029041:Task input_files: "sstable2/3e54c6e3-f034-41d2-8504-c176d41dc32d202605010137331777621085496044678.sst" input_files: "sstable2/305ab122-2a52-4afe-9c9a-47c2657383fd202605010137331777621091637535768.sst" compactIntoNextLevel: false destinationLevel: 2 is dead (hb=31)
3029041:Task input_files: "sstable2/f5e5faed-fa03-4106-bf1c-dfd38d06aee2202605010137331777621078230090756.sst" input_files: "sstable2/8b6d3442-296e-4641-8dee-bf3361889571202605010137331777621078286693072.sst" compactIntoNextLevel: false destinationLevel: 2 is dead (hb=30)
3029041:Task input_files: "sstable2/8b6d3442-296e-4641-8dee-bf3361889571202605010137331777621079101440394.sst" input_files: "sstable2/f5e5faed-fa03-4106-bf1c-dfd38d06aee2202605010137331777621082185981997.sst" compactIntoNextLevel: false destinationLevel: 2 is dead (hb=30)
3029041:Task input_files: "sstable2/f5e5faed-fa03-4106-bf1c-dfd38d06aee2202605010137331777621079649485271.sst" input_files: "sstable2/f5e5faed-fa03-4106-bf1c-dfd38d06aee2202605010137331777621082800475827.sst" compactIntoNextLevel: false destinationLevel: 2 is dead (hb=31)
3029041:Found dead task input_files: "sstable2/f5e5faed-fa03-4106-bf1c-dfd38d06aee2202605010137331777621079649485271.sst" input_files: "sstable2/f5e5faed-fa03-4106-bf1c-dfd38d06aee2202605010137331777621082800475827.sst" compactIntoNextLevel: false destinationLevel: 2
3029041:COMPACT_START sstable=1 input_files: "sstable2/f5e5faed-fa03-4106-bf1c-dfd38d06aee2202605010137331777621079649485271.sst" input_files: "sstable2/f5e5faed-fa03-4106-bf1c-dfd38d06aee2202605010137331777621082800475827.sst" compactIntoNextLevel: false destinationLevel: 2
2026-05-01 07:38:24:513 - Compaction started: 
139803785844288:Compacting sstable2/f5e5faed-fa03-4106-bf1c-dfd38d06aee2202605010137331777621079649485271.sst sstable2/f5e5faed-fa03-4106-bf1c-dfd38d06aee2202605010137331777621082800475827.sst into:sstable2/3e54c6e3-f034-41d2-8504-c176d41dc32d202605010137331777621104552175420.sst
2026-05-01 07:38:24:616 - Compaction completed: 
3029041:Found dead task input_files: "sstable2/3e54c6e3-f034-41d2-8504-c176d41dc32d202605010137331777621085496044678.sst" input_files: "sstable2/305ab122-2a52-4afe-9c9a-47c2657383fd202605010137331777621091637535768.sst" compactIntoNextLevel: false destinationLevel: 2
3029041:COMPACT_START sstable=1 input_files: "sstable2/3e54c6e3-f034-41d2-8504-c176d41dc32d202605010137331777621085496044678.sst" input_files: "sstable2/305ab122-2a52-4afe-9c9a-47c2657383fd202605010137331777621091637535768.sst" compactIntoNextLevel: false destinationLevel: 2
3029041:COMPACT_ABORT input_files: "sstable2/3e54c6e3-f034-41d2-8504-c176d41dc32d202605010137331777621085496044678.sst" input_files: "sstable2/305ab122-2a52-4afe-9c9a-47c2657383fd202605010137331777621091637535768.sst" compactIntoNextLevel: false destinationLevel: 2
3029041:Task input_files: "sstable1/305ab122-2a52-4afe-9c9a-47c2657383fd202605010137331777621086185915709.sst" input_files: "sstable1/f5e5faed-fa03-4106-bf1c-dfd38d06aee2202605010137331777621071326759049.sst" compactIntoNextLevel: true destinationLevel: 2 is dead (hb=30)
3029041:Found dead task input_files: "sstable1/305ab122-2a52-4afe-9c9a-47c2657383fd202605010137331777621086185915709.sst" input_files: "sstable1/f5e5faed-fa03-4106-bf1c-dfd38d06aee2202605010137331777621071326759049.sst" compactIntoNextLevel: true destinationLevel: 2
3029041:COMPACT_START sstable=1 input_files: "sstable1/305ab122-2a52-4afe-9c9a-47c2657383fd202605010137331777621086185915709.sst" input_files: "sstable1/f5e5faed-fa03-4106-bf1c-dfd38d06aee2202605010137331777621071326759049.sst" compactIntoNextLevel: true destinationLevel: 2
3029041:COMPACT_ABORT input_files: "sstable1/305ab122-2a52-4afe-9c9a-47c2657383fd202605010137331777621086185915709.sst" input_files: "sstable1/f5e5faed-fa03-4106-bf1c-dfd38d06aee2202605010137331777621071326759049.sst" compactIntoNextLevel: true destinationLevel: 2
3029041:Task input_files: "sstable2/305ab122-2a52-4afe-9c9a-47c2657383fd202605010137331777621083672444847.sst" input_files: "sstable2/f5e5faed-fa03-4106-bf1c-dfd38d06aee2202605010137331777621083612613839.sst" compactIntoNextLevel: false destinationLevel: 2 is dead (hb=30)
3029041:Found dead task input_files: "sstable2/305ab122-2a52-4afe-9c9a-47c2657383fd202605010137331777621083672444847.sst" input_files: "sstable2/f5e5faed-fa03-4106-bf1c-dfd38d06aee2202605010137331777621083612613839.sst" compactIntoNextLevel: false destinationLevel: 2
3029041:COMPACT_START sstable=1 input_files: "sstable2/305ab122-2a52-4afe-9c9a-47c2657383fd202605010137331777621083672444847.sst" input_files: "sstable2/f5e5faed-fa03-4106-bf1c-dfd38d06aee2202605010137331777621083612613839.sst" compactIntoNextLevel: false destinationLevel: 2
3029041:COMPACT_ABORT input_files: "sstable2/305ab122-2a52-4afe-9c9a-47c2657383fd202605010137331777621083672444847.sst" input_files: "sstable2/f5e5faed-fa03-4106-bf1c-dfd38d06aee2202605010137331777621083612613839.sst" compactIntoNextLevel: false destinationLevel: 2
3029041:Task input_files: "sstable2/f5e5faed-fa03-4106-bf1c-dfd38d06aee2202605010137331777621080969265670.sst" input_files: "sstable2/8b6d3442-296e-4641-8dee-bf3361889571202605010137331777621081034149991.sst" compactIntoNextLevel: false destinationLevel: 2 is dead (hb=30)
3029041:Found dead task input_files: "sstable2/f5e5faed-fa03-4106-bf1c-dfd38d06aee2202605010137331777621080969265670.sst" input_files: "sstable2/8b6d3442-296e-4641-8dee-bf3361889571202605010137331777621081034149991.sst" compactIntoNextLevel: false destinationLevel: 2
3029041:COMPACT_START sstable=1 input_files: "sstable2/f5e5faed-fa03-4106-bf1c-dfd38d06aee2202605010137331777621080969265670.sst" input_files: "sstable2/8b6d3442-296e-4641-8dee-bf3361889571202605010137331777621081034149991.sst" compactIntoNextLevel: false destinationLevel: 2
3029041:COMPACT_ABORT input_files: "sstable2/f5e5faed-fa03-4106-bf1c-dfd38d06aee2202605010137331777621080969265670.sst" input_files: "sstable2/8b6d3442-296e-4641-8dee-bf3361889571202605010137331777621081034149991.sst" compactIntoNextLevel: false destinationLevel: 2
3029041:Task input_files: "sstable2/3e54c6e3-f034-41d2-8504-c176d41dc32d202605010137331777621082966068545.sst" input_files: "sstable2/f5e5faed-fa03-4106-bf1c-dfd38d06aee2202605010137331777621083001299709.sst" compactIntoNextLevel: false destinationLevel: 2 is dead (hb=30)
3029041:Task input_files: "sstable2/305ab122-2a52-4afe-9c9a-47c2657383fd202605010137331777621082959382111.sst" input_files: "sstable2/8b6d3442-296e-4641-8dee-bf3361889571202605010137331777621086099797243.sst" compactIntoNextLevel: false destinationLevel: 2 is dead (hb=30)
3029041:Task input_files: "sstable2/305ab122-2a52-4afe-9c9a-47c2657383fd202605010137331777621083061031261.sst" input_files: "sstable2/8b6d3442-296e-4641-8dee-bf3361889571202605010137331777621083066583819.sst" compactIntoNextLevel: false destinationLevel: 2 is dead (hb=30)
3029041:Found dead task input_files: "sstable2/305ab122-2a52-4afe-9c9a-47c2657383fd202605010137331777621083061031261.sst" input_files: "sstable2/8b6d3442-296e-4641-8dee-bf3361889571202605010137331777621083066583819.sst" compactIntoNextLevel: false destinationLevel: 2
3029041:COMPACT_START sstable=1 input_files: "sstable2/305ab122-2a52-4afe-9c9a-47c2657383fd202605010137331777621083061031261.sst" input_files: "sstable2/8b6d3442-296e-4641-8dee-bf3361889571202605010137331777621083066583819.sst" compactIntoNextLevel: false destinationLevel: 2
2026-05-01 07:38:25:647 - Compaction started: 
139803785844288:Compacting sstable2/305ab122-2a52-4afe-9c9a-47c2657383fd202605010137331777621083061031261.sst sstable2/8b6d3442-296e-4641-8dee-bf3361889571202605010137331777621083066583819.sst into:sstable2/3e54c6e3-f034-41d2-8504-c176d41dc32d202605010137331777621105683798091.sst
2026-05-01 07:38:25:741 - Compaction completed: 
3029041:Task input_files: "sstable2/305ab122-2a52-4afe-9c9a-47c2657383fd202605010137331777621069257530996.sst" input_files: "sstable2/8b6d3442-296e-4641-8dee-bf3361889571202605010137331777621069262396777.sst" compactIntoNextLevel: false destinationLevel: 2 is dead (hb=30)
3029041:Found dead task input_files: "sstable2/305ab122-2a52-4afe-9c9a-47c2657383fd202605010137331777621069257530996.sst" input_files: "sstable2/8b6d3442-296e-4641-8dee-bf3361889571202605010137331777621069262396777.sst" compactIntoNextLevel: false destinationLevel: 2
3029041:COMPACT_START sstable=1 input_files: "sstable2/305ab122-2a52-4afe-9c9a-47c2657383fd202605010137331777621069257530996.sst" input_files: "sstable2/8b6d3442-296e-4641-8dee-bf3361889571202605010137331777621069262396777.sst" compactIntoNextLevel: false destinationLevel: 2
3029041:COMPACT_ABORT input_files: "sstable2/305ab122-2a52-4afe-9c9a-47c2657383fd202605010137331777621069257530996.sst" input_files: "sstable2/8b6d3442-296e-4641-8dee-bf3361889571202605010137331777621069262396777.sst" compactIntoNextLevel: false destinationLevel: 2
3029041:Found dead task input_files: "sstable2/305ab122-2a52-4afe-9c9a-47c2657383fd202605010137331777621082959382111.sst" input_files: "sstable2/8b6d3442-296e-4641-8dee-bf3361889571202605010137331777621086099797243.sst" compactIntoNextLevel: false destinationLevel: 2
3029041:COMPACT_START sstable=1 input_files: "sstable2/305ab122-2a52-4afe-9c9a-47c2657383fd202605010137331777621082959382111.sst" input_files: "sstable2/8b6d3442-296e-4641-8dee-bf3361889571202605010137331777621086099797243.sst" compactIntoNextLevel: false destinationLevel: 2
2026-05-01 07:38:25:749 - Compaction started: 
139803785844288:Compacting sstable2/305ab122-2a52-4afe-9c9a-47c2657383fd202605010137331777621082959382111.sst sstable2/8b6d3442-296e-4641-8dee-bf3361889571202605010137331777621086099797243.sst into:sstable2/3e54c6e3-f034-41d2-8504-c176d41dc32d202605010137331777621105785429278.sst
2026-05-01 07:38:25:842 - Compaction completed: 
3029041:Task input_files: "sstable2/3e54c6e3-f034-41d2-8504-c176d41dc32d202605010137331777621084379351162.sst" input_files: "sstable2/8b6d3442-296e-4641-8dee-bf3361889571202605010137331777621087417235271.sst" compactIntoNextLevel: false destinationLevel: 2 is dead (hb=30)
3029041:Found dead task input_files: "sstable2/3e54c6e3-f034-41d2-8504-c176d41dc32d202605010137331777621084379351162.sst" input_files: "sstable2/8b6d3442-296e-4641-8dee-bf3361889571202605010137331777621087417235271.sst" compactIntoNextLevel: false destinationLevel: 2
3029041:COMPACT_START sstable=1 input_files: "sstable2/3e54c6e3-f034-41d2-8504-c176d41dc32d202605010137331777621084379351162.sst" input_files: "sstable2/8b6d3442-296e-4641-8dee-bf3361889571202605010137331777621087417235271.sst" compactIntoNextLevel: false destinationLevel: 2
3029041:COMPACT_ABORT input_files: "sstable2/3e54c6e3-f034-41d2-8504-c176d41dc32d202605010137331777621084379351162.sst" input_files: "sstable2/8b6d3442-296e-4641-8dee-bf3361889571202605010137331777621087417235271.sst" compactIntoNextLevel: false destinationLevel: 2
3029041:Task input_files: "sstable2/3e54c6e3-f034-41d2-8504-c176d41dc32d202605010137331777621085496044678.sst" input_files: "sstable2/305ab122-2a52-4afe-9c9a-47c2657383fd202605010137331777621091637535768.sst" compactIntoNextLevel: false destinationLevel: 2 is dead (hb=30)
3029041:Found dead task input_files: "sstable2/3e54c6e3-f034-41d2-8504-c176d41dc32d202605010137331777621085496044678.sst" input_files: "sstable2/305ab122-2a52-4afe-9c9a-47c2657383fd202605010137331777621091637535768.sst" compactIntoNextLevel: false destinationLevel: 2
3029041:COMPACT_START sstable=1 input_files: "sstable2/3e54c6e3-f034-41d2-8504-c176d41dc32d202605010137331777621085496044678.sst" input_files: "sstable2/305ab122-2a52-4afe-9c9a-47c2657383fd202605010137331777621091637535768.sst" compactIntoNextLevel: false destinationLevel: 2
2026-05-01 07:38:27:708 - Compaction started: 
139803785844288:Compacting sstable2/3e54c6e3-f034-41d2-8504-c176d41dc32d202605010137331777621085496044678.sst sstable2/305ab122-2a52-4afe-9c9a-47c2657383fd202605010137331777621091637535768.sst into:sstable2/3e54c6e3-f034-41d2-8504-c176d41dc32d202605010137331777621107752881631.sst
2026-05-01 07:38:27:819 - Compaction completed: 
3029041:Task input_files: "sstable2/f5e5faed-fa03-4106-bf1c-dfd38d06aee2202605010137331777621080969265670.sst" input_files: "sstable2/8b6d3442-296e-4641-8dee-bf3361889571202605010137331777621081034149991.sst" compactIntoNextLevel: false destinationLevel: 2 is dead (hb=31)
3029041:Found dead task input_files: "sstable2/f5e5faed-fa03-4106-bf1c-dfd38d06aee2202605010137331777621080969265670.sst" input_files: "sstable2/8b6d3442-296e-4641-8dee-bf3361889571202605010137331777621081034149991.sst" compactIntoNextLevel: false destinationLevel: 2
3029041:COMPACT_START sstable=1 input_files: "sstable2/f5e5faed-fa03-4106-bf1c-dfd38d06aee2202605010137331777621080969265670.sst" input_files: "sstable2/8b6d3442-296e-4641-8dee-bf3361889571202605010137331777621081034149991.sst" compactIntoNextLevel: false destinationLevel: 2
2026-05-01 07:38:28:735 - Compaction started: 
139803785844288:Compacting sstable2/f5e5faed-fa03-4106-bf1c-dfd38d06aee2202605010137331777621080969265670.sst sstable2/8b6d3442-296e-4641-8dee-bf3361889571202605010137331777621081034149991.sst into:sstable2/3e54c6e3-f034-41d2-8504-c176d41dc32d202605010137331777621108773444020.sst
2026-05-01 07:38:28:835 - Compaction completed: 
3029041:Task input_files: "sstable2/3e54c6e3-f034-41d2-8504-c176d41dc32d202605010137331777621084379351162.sst" input_files: "sstable2/8b6d3442-296e-4641-8dee-bf3361889571202605010137331777621087417235271.sst" compactIntoNextLevel: false destinationLevel: 2 is dead (hb=30)
3029041:Found dead task input_files: "sstable2/3e54c6e3-f034-41d2-8504-c176d41dc32d202605010137331777621084379351162.sst" input_files: "sstable2/8b6d3442-296e-4641-8dee-bf3361889571202605010137331777621087417235271.sst" compactIntoNextLevel: false destinationLevel: 2
3029041:COMPACT_START sstable=1 input_files: "sstable2/3e54c6e3-f034-41d2-8504-c176d41dc32d202605010137331777621084379351162.sst" input_files: "sstable2/8b6d3442-296e-4641-8dee-bf3361889571202605010137331777621087417235271.sst" compactIntoNextLevel: false destinationLevel: 2
2026-05-01 07:38:29:044 - Compaction started: 
139803785844288:Compacting sstable2/3e54c6e3-f034-41d2-8504-c176d41dc32d202605010137331777621084379351162.sst sstable2/8b6d3442-296e-4641-8dee-bf3361889571202605010137331777621087417235271.sst into:sstable2/3e54c6e3-f034-41d2-8504-c176d41dc32d202605010137331777621109078270623.sst
2026-05-01 07:38:29:131 - Compaction completed: 
2026-05-01 07:38:33:523 60 sec: 273309 operations; 4814.07 current ops/sec; est completion in 2 days 12 hours [READ: Count=144418, Max=70719, Min=39, Avg=206.53, 90=308, 99=393, 99.9=507, 99.99=12671] 
