# CMD: /usr/lib/jvm/java-8-openjdk-amd64/bin/java -cp /users/Xinying/ozonedb/ycsb/ozonedb/conf:/users/Xinying/ozonedb/ycsb/ozonedb/target/ozonedb-binding-0.18.0-SNAPSHOT.jar:/users/Xinying/.m2/repository/org/apache/htrace/htrace-core4/4.1.0-incubating/htrace-core4-4.1.0-incubating.jar:/users/Xinying/.m2/repository/org/slf4j/slf4j-api/1.7.25/slf4j-api-1.7.25.jar:/users/Xinying/.m2/repository/org/hdrhistogram/HdrHistogram/2.1.12/HdrHistogram-2.1.12.jar:/users/Xinying/.m2/repository/ch/qos/logback/logback-classic/1.2.3/logback-classic-1.2.3.jar:/users/Xinying/.m2/repository/ozonedbjnimaven/demoproc-jni/1.0/demoproc-jni-1.0.jar:/users/Xinying/.m2/repository/ch/qos/logback/logback-core/1.2.3/logback-core-1.2.3.jar:/users/Xinying/.m2/repository/org/codehaus/jackson/jackson-mapper-asl/1.9.4/jackson-mapper-asl-1.9.4.jar:/users/Xinying/.m2/repository/org/slf4j/slf4j-simple/1.7.25/slf4j-simple-1.7.25.jar:/users/Xinying/.m2/repository/org/codehaus/jackson/jackson-core-asl/1.9.4/jackson-core-asl-1.9.4.jar:/users/Xinying/ozonedb/ycsb/core/target/core-0.18.0-SNAPSHOT.jar site.ycsb.Client -db site.ycsb.db.OzoneDBClient -threads 1 -s -P /users/Xinying/ozonedb/ycsb/workloads/generated_workloads/workloadc_1KB_1000000_1000000 -p status.interval=30 -p requestdistribution=uniform -p operationcount=1000000000 -p maxexecutiontime=960 -p shared_config=/tmp/churn_v4_configs/shared_config_varyR_n4_r5pct.json -t
# env OZONEDB_CHURN_ABORT_RATE=0.05
Command line: -db site.ycsb.db.OzoneDBClient -threads 1 -s -P /users/Xinying/ozonedb/ycsb/workloads/generated_workloads/workloadc_1KB_1000000_1000000 -p status.interval=30 -p requestdistribution=uniform -p operationcount=1000000000 -p maxexecutiontime=960 -p shared_config=/tmp/churn_v4_configs/shared_config_varyR_n4_r5pct.json -t
YCSB Client 0.18.0-SNAPSHOT

Loading workload...
Starting test.
SLF4J: Class path contains multiple SLF4J bindings.
SLF4J: Found binding in [jar:file:/users/Xinying/.m2/repository/ch/qos/logback/logback-classic/1.2.3/logback-classic-1.2.3.jar!/org/slf4j/impl/StaticLoggerBinder.class]
SLF4J: Found binding in [jar:file:/users/Xinying/.m2/repository/org/slf4j/slf4j-simple/1.7.25/slf4j-simple-1.7.25.jar!/org/slf4j/impl/StaticLoggerBinder.class]
SLF4J: See http://www.slf4j.org/codes.html#multiple_bindings for an explanation.
SLF4J: Actual binding is of type [ch.qos.logback.classic.util.ContextSelectorStaticBinder]
Maximum execution time specified as: 960 secs
2026-05-01 04:31:43:536 0 sec: 0 operations; est completion in 0 second 
Starting compaction watcher
DBWrapper: report latency for each error is false and specific error codes to track for latency are: []
2832518:COMPACT_START sstable=0 input_files: "datalog/7" input_files: "datalog/8" compactIntoNextLevel: true destinationLevel: 1
2026-05-01 04:31:43:609 - Compaction started: 
139980458403392:Compacting datalog/7 datalog/8 into:sstable1/295e5d96-35d5-4858-9636-91ee58c1def0202604302231431777609903787480451.sst
2026-05-01 04:31:43:834 - Compaction completed: 
2832518:COMPACT_START sstable=0 input_files: "datalog/15" input_files: "datalog/16" compactIntoNextLevel: true destinationLevel: 1
2026-05-01 04:31:43:911 - Compaction started: 
139980458403392:Compacting datalog/15 datalog/16 into:sstable1/295e5d96-35d5-4858-9636-91ee58c1def0202604302231431777609903958400556.sst
2026-05-01 04:31:43:976 - Compaction completed: 
2832518:COMPACT_START sstable=0 input_files: "datalog/21" input_files: "datalog/22" compactIntoNextLevel: true destinationLevel: 1
2026-05-01 04:31:44:013 - Compaction started: 
139980458403392:Compacting datalog/21 datalog/22 into:sstable1/295e5d96-35d5-4858-9636-91ee58c1def0202604302231431777609904117833618.sst
2026-05-01 04:31:44:139 - Compaction completed: 
2832518:COMPACT_START sstable=0 input_files: "datalog/31" input_files: "datalog/32" compactIntoNextLevel: true destinationLevel: 1
2026-05-01 04:31:44:217 - Compaction started: 
139980458403392:Compacting datalog/31 datalog/32 into:sstable1/295e5d96-35d5-4858-9636-91ee58c1def0202604302231431777609904410116461.sst
2026-05-01 04:31:44:432 - Compaction completed: 
2832518:COMPACT_START sstable=0 input_files: "datalog/47" input_files: "datalog/48" compactIntoNextLevel: true destinationLevel: 1
2026-05-01 04:31:44:522 - Compaction started: 
139980458403392:Compacting datalog/47 datalog/48 into:sstable1/295e5d96-35d5-4858-9636-91ee58c1def0202604302231431777609904635773311.sst
2026-05-01 04:31:44:676 - Compaction completed: 
2832518:COMPACT_START sstable=0 input_files: "datalog/55" input_files: "datalog/56" compactIntoNextLevel: true destinationLevel: 1
2026-05-01 04:31:44:724 - Compaction started: 
139980458403392:Compacting datalog/55 datalog/56 into:sstable1/295e5d96-35d5-4858-9636-91ee58c1def0202604302231431777609904769725458.sst
2026-05-01 04:31:44:789 - Compaction completed: 
2832518:COMPACT_START sstable=0 input_files: "datalog/63" input_files: "datalog/64" compactIntoNextLevel: true destinationLevel: 1
2026-05-01 04:31:44:825 - Compaction started: 
139980458403392:Compacting datalog/63 datalog/64 into:sstable1/295e5d96-35d5-4858-9636-91ee58c1def0202604302231431777609904846747377.sst
2026-05-01 04:31:44:870 - Compaction completed: 
2832518:COMPACT_START sstable=0 input_files: "datalog/69" input_files: "datalog/70" compactIntoNextLevel: true destinationLevel: 1
2026-05-01 04:31:44:928 - Compaction started: 
139980458403392:Compacting datalog/69 datalog/70 into:sstable1/295e5d96-35d5-4858-9636-91ee58c1def0202604302231431777609904931532540.sst
2026-05-01 04:31:44:954 - Compaction completed: 
2832518:COMPACT_START sstable=0 input_files: "datalog/75" input_files: "datalog/76" compactIntoNextLevel: true destinationLevel: 1
2026-05-01 04:31:45:030 - Compaction started: 
139980458403392:Compacting datalog/75 datalog/76 into:sstable1/295e5d96-35d5-4858-9636-91ee58c1def0202604302231431777609905033996481.sst
2026-05-01 04:31:45:057 - Compaction completed: 
2832518:COMPACT_START sstable=0 input_files: "datalog/83" input_files: "datalog/84" compactIntoNextLevel: true destinationLevel: 1
2026-05-01 04:31:45:131 - Compaction started: 
139980458403392:Compacting datalog/83 datalog/84 into:sstable1/295e5d96-35d5-4858-9636-91ee58c1def0202604302231431777609905135302472.sst
2026-05-01 04:31:45:156 - Compaction completed: 
2832518:COMPACT_START sstable=0 input_files: "datalog/91" input_files: "datalog/92" compactIntoNextLevel: true destinationLevel: 1
2026-05-01 04:31:45:233 - Compaction started: 
139980458403392:Compacting datalog/91 datalog/92 into:sstable1/295e5d96-35d5-4858-9636-91ee58c1def0202604302231431777609905236203804.sst
2026-05-01 04:31:45:254 - Compaction completed: 
2832518:COMPACT_START sstable=0 input_files: "datalog/99" input_files: "datalog/100" compactIntoNextLevel: true destinationLevel: 1
2026-05-01 04:31:45:335 - Compaction started: 
139980458403392:Compacting datalog/99 datalog/100 into:sstable1/295e5d96-35d5-4858-9636-91ee58c1def0202604302231431777609905386528402.sst
2026-05-01 04:31:45:408 - Compaction completed: 
2832518:COMPACT_START sstable=0 input_files: "datalog/107" input_files: "datalog/108" compactIntoNextLevel: true destinationLevel: 1
2026-05-01 04:31:45:436 - Compaction started: 
139980458403392:Compacting datalog/107 datalog/108 into:sstable1/295e5d96-35d5-4858-9636-91ee58c1def0202604302231431777609905440062052.sst
2026-05-01 04:31:45:459 - Compaction completed: 
2832518:COMPACT_START sstable=0 input_files: "datalog/115" input_files: "datalog/116" compactIntoNextLevel: true destinationLevel: 1
2026-05-01 04:31:45:538 - Compaction started: 
139980458403392:Compacting datalog/115 datalog/116 into:sstable1/295e5d96-35d5-4858-9636-91ee58c1def0202604302231431777609905542069398.sst
2026-05-01 04:31:45:561 - Compaction completed: 
2832518:COMPACT_START sstable=0 input_files: "datalog/123" input_files: "datalog/124" compactIntoNextLevel: true destinationLevel: 1
2026-05-01 04:31:45:640 - Compaction started: 
139980458403392:Compacting datalog/123 datalog/124 into:sstable1/295e5d96-35d5-4858-9636-91ee58c1def0202604302231431777609905643124780.sst
2026-05-01 04:31:45:661 - Compaction completed: 
2832518:COMPACT_START sstable=0 input_files: "datalog/131" input_files: "datalog/132" compactIntoNextLevel: true destinationLevel: 1
2026-05-01 04:31:45:741 - Compaction started: 
139980458403392:Compacting datalog/131 datalog/132 into:sstable1/295e5d96-35d5-4858-9636-91ee58c1def0202604302231431777609905744426833.sst
2026-05-01 04:31:45:763 - Compaction completed: 
2832518:COMPACT_START sstable=0 input_files: "datalog/139" input_files: "datalog/140" compactIntoNextLevel: true destinationLevel: 1
2026-05-01 04:31:45:842 - Compaction started: 
139980458403392:Compacting datalog/139 datalog/140 into:sstable1/295e5d96-35d5-4858-9636-91ee58c1def0202604302231431777609905845850845.sst
2026-05-01 04:31:45:864 - Compaction completed: 
2832518:COMPACT_START sstable=0 input_files: "datalog/147" input_files: "datalog/148" compactIntoNextLevel: true destinationLevel: 1
2026-05-01 04:31:45:944 - Compaction started: 
139980458403392:Compacting datalog/147 datalog/148 into:sstable1/295e5d96-35d5-4858-9636-91ee58c1def0202604302231431777609905946979453.sst
2026-05-01 04:31:45:963 - Compaction completed: 
2832518:COMPACT_START sstable=0 input_files: "datalog/155" input_files: "datalog/156" compactIntoNextLevel: true destinationLevel: 1
2026-05-01 04:31:46:045 - Compaction started: 
139980458403392:Compacting datalog/155 datalog/156 into:sstable1/295e5d96-35d5-4858-9636-91ee58c1def0202604302231431777609906047750472.sst
2026-05-01 04:31:46:064 - Compaction completed: 
2832518:COMPACT_START sstable=0 input_files: "datalog/163" input_files: "datalog/164" compactIntoNextLevel: true destinationLevel: 1
2026-05-01 04:31:46:146 - Compaction started: 
139980458403392:Compacting datalog/163 datalog/164 into:sstable1/295e5d96-35d5-4858-9636-91ee58c1def0202604302231431777609906148840358.sst
2026-05-01 04:31:46:165 - Compaction completed: 
2832518:COMPACT_START sstable=0 input_files: "datalog/171" input_files: "datalog/172" compactIntoNextLevel: true destinationLevel: 1
2026-05-01 04:31:46:247 - Compaction started: 
139980458403392:Compacting datalog/171 datalog/172 into:sstable1/295e5d96-35d5-4858-9636-91ee58c1def0202604302231431777609906250128655.sst
2026-05-01 04:31:46:266 - Compaction completed: 
2832518:COMPACT_START sstable=0 input_files: "datalog/179" input_files: "datalog/180" compactIntoNextLevel: true destinationLevel: 1
2026-05-01 04:31:46:348 - Compaction started: 
139980458403392:Compacting datalog/179 datalog/180 into:sstable1/295e5d96-35d5-4858-9636-91ee58c1def0202604302231431777609906351169599.sst
2026-05-01 04:31:46:367 - Compaction completed: 
2832518:COMPACT_START sstable=0 input_files: "datalog/187" input_files: "datalog/188" compactIntoNextLevel: true destinationLevel: 1
2026-05-01 04:31:46:449 - Compaction started: 
139980458403392:Compacting datalog/187 datalog/188 into:sstable1/295e5d96-35d5-4858-9636-91ee58c1def0202604302231431777609906452477564.sst
2026-05-01 04:31:46:470 - Compaction completed: 
2832518:COMPACT_START sstable=0 input_files: "datalog/195" input_files: "datalog/196" compactIntoNextLevel: true destinationLevel: 1
2026-05-01 04:31:46:551 - Compaction started: 
139980458403392:Compacting datalog/195 datalog/196 into:sstable1/295e5d96-35d5-4858-9636-91ee58c1def0202604302231431777609906553745033.sst
2026-05-01 04:31:46:571 - Compaction completed: 
2832518:COMPACT_START sstable=0 input_files: "datalog/203" input_files: "datalog/204" compactIntoNextLevel: true destinationLevel: 1
2026-05-01 04:31:46:652 - Compaction started: 
139980458403392:Compacting datalog/203 datalog/204 into:sstable1/295e5d96-35d5-4858-9636-91ee58c1def0202604302231431777609906655012091.sst
2026-05-01 04:31:46:672 - Compaction completed: 
2832518:COMPACT_START sstable=0 input_files: "datalog/211" input_files: "datalog/212" compactIntoNextLevel: true destinationLevel: 1
2026-05-01 04:31:46:753 - Compaction started: 
139980458403392:Compacting datalog/211 datalog/212 into:sstable1/295e5d96-35d5-4858-9636-91ee58c1def0202604302231431777609906756057373.sst
2026-05-01 04:31:46:773 - Compaction completed: 
2832518:COMPACT_START sstable=0 input_files: "datalog/219" input_files: "datalog/220" compactIntoNextLevel: true destinationLevel: 1
2026-05-01 04:31:46:855 - Compaction started: 
139980458403392:Compacting datalog/219 datalog/220 into:sstable1/295e5d96-35d5-4858-9636-91ee58c1def0202604302231431777609906859177745.sst
2026-05-01 04:31:46:878 - Compaction completed: 
2832518:COMPACT_START sstable=0 input_files: "datalog/227" input_files: "datalog/228" compactIntoNextLevel: true destinationLevel: 1
2026-05-01 04:31:46:958 - Compaction started: 
139980458403392:Compacting datalog/227 datalog/228 into:sstable1/295e5d96-35d5-4858-9636-91ee58c1def0202604302231431777609906962093123.sst
2026-05-01 04:31:46:980 - Compaction completed: 
2832518:COMPACT_START sstable=0 input_files: "datalog/235" input_files: "datalog/236" compactIntoNextLevel: true destinationLevel: 1
2026-05-01 04:31:47:061 - Compaction started: 
139980458403392:Compacting datalog/235 datalog/236 into:sstable1/295e5d96-35d5-4858-9636-91ee58c1def0202604302231431777609907065018349.sst
2026-05-01 04:31:47:083 - Compaction completed: 
2832518:COMPACT_START sstable=0 input_files: "datalog/243" input_files: "datalog/244" compactIntoNextLevel: true destinationLevel: 1
2026-05-01 04:31:47:163 - Compaction started: 
139980458403392:Compacting datalog/243 datalog/244 into:sstable1/295e5d96-35d5-4858-9636-91ee58c1def0202604302231431777609907166575912.sst
2026-05-01 04:31:47:185 - Compaction completed: 
2832518:COMPACT_START sstable=0 input_files: "datalog/251" input_files: "datalog/252" compactIntoNextLevel: true destinationLevel: 1
2026-05-01 04:31:47:266 - Compaction started: 
139980458403392:Compacting datalog/251 datalog/252 into:sstable1/295e5d96-35d5-4858-9636-91ee58c1def0202604302231431777609907269370993.sst
2026-05-01 04:31:47:286 - Compaction completed: 
2832518:COMPACT_START sstable=0 input_files: "datalog/259" input_files: "datalog/260" compactIntoNextLevel: true destinationLevel: 1
2026-05-01 04:31:47:368 - Compaction started: 
139980458403392:Compacting datalog/259 datalog/260 into:sstable1/295e5d96-35d5-4858-9636-91ee58c1def0202604302231431777609907371630101.sst
2026-05-01 04:31:47:388 - Compaction completed: 
2832518:COMPACT_START sstable=0 input_files: "datalog/267" input_files: "datalog/268" compactIntoNextLevel: true destinationLevel: 1
2026-05-01 04:31:47:470 - Compaction started: 
139980458403392:Compacting datalog/267 datalog/268 into:sstable1/295e5d96-35d5-4858-9636-91ee58c1def0202604302231431777609907473685186.sst
2026-05-01 04:31:47:490 - Compaction completed: 
2832518:COMPACT_START sstable=0 input_files: "datalog/275" input_files: "datalog/276" compactIntoNextLevel: true destinationLevel: 1
2026-05-01 04:31:47:573 - Compaction started: 
139980458403392:Compacting datalog/275 datalog/276 into:sstable1/295e5d96-35d5-4858-9636-91ee58c1def0202604302231431777609907575733619.sst
2026-05-01 04:31:47:592 - Compaction completed: 
2832518:COMPACT_START sstable=0 input_files: "datalog/283" input_files: "datalog/284" compactIntoNextLevel: true destinationLevel: 1
2026-05-01 04:31:47:676 - Compaction started: 
139980458403392:Compacting datalog/283 datalog/284 into:sstable1/295e5d96-35d5-4858-9636-91ee58c1def0202604302231431777609907679036042.sst
2026-05-01 04:31:47:696 - Compaction completed: 
2832518:COMPACT_START sstable=0 input_files: "datalog/291" input_files: "datalog/292" compactIntoNextLevel: true destinationLevel: 1
2026-05-01 04:31:47:777 - Compaction started: 
139980458403392:Compacting datalog/291 datalog/292 into:sstable1/295e5d96-35d5-4858-9636-91ee58c1def0202604302231431777609907780925597.sst
2026-05-01 04:31:47:797 - Compaction completed: 
2832518:COMPACT_START sstable=0 input_files: "datalog/297" input_files: "datalog/298" compactIntoNextLevel: true destinationLevel: 1
2026-05-01 04:31:47:880 - Compaction started: 
139980458403392:Compacting datalog/297 datalog/298 into:sstable1/295e5d96-35d5-4858-9636-91ee58c1def0202604302231431777609907882810052.sst
2026-05-01 04:31:47:899 - Compaction completed: 
2832518:COMPACT_START sstable=0 input_files: "datalog/305" input_files: "datalog/306" compactIntoNextLevel: true destinationLevel: 1
2026-05-01 04:31:47:982 - Compaction started: 
139980458403392:Compacting datalog/305 datalog/306 into:sstable1/295e5d96-35d5-4858-9636-91ee58c1def0202604302231431777609907985308328.sst
2026-05-01 04:31:48:002 - Compaction completed: 
2832518:COMPACT_START sstable=0 input_files: "datalog/313" input_files: "datalog/314" compactIntoNextLevel: true destinationLevel: 1
2026-05-01 04:31:48:085 - Compaction started: 
139980458403392:Compacting datalog/313 datalog/314 into:sstable1/295e5d96-35d5-4858-9636-91ee58c1def0202604302231431777609908088444429.sst
2026-05-01 04:31:48:104 - Compaction completed: 
2832518:COMPACT_START sstable=0 input_files: "datalog/321" input_files: "datalog/322" compactIntoNextLevel: true destinationLevel: 1
2026-05-01 04:31:48:188 - Compaction started: 
139980458403392:Compacting datalog/321 datalog/322 into:sstable1/295e5d96-35d5-4858-9636-91ee58c1def0202604302231431777609908191668276.sst
2026-05-01 04:31:48:210 - Compaction completed: 
2832518:COMPACT_START sstable=0 input_files: "datalog/329" input_files: "datalog/330" compactIntoNextLevel: true destinationLevel: 1
2026-05-01 04:31:48:290 - Compaction started: 
139980458403392:Compacting datalog/329 datalog/330 into:sstable1/295e5d96-35d5-4858-9636-91ee58c1def0202604302231431777609908293476849.sst
2026-05-01 04:31:48:309 - Compaction completed: 
2832518:COMPACT_START sstable=0 input_files: "datalog/335" input_files: "datalog/336" compactIntoNextLevel: true destinationLevel: 1
2026-05-01 04:31:48:393 - Compaction started: 
139980458403392:Compacting datalog/335 datalog/336 into:sstable1/295e5d96-35d5-4858-9636-91ee58c1def0202604302231431777609908396452539.sst
2026-05-01 04:31:48:413 - Compaction completed: 
2832518:COMPACT_START sstable=0 input_files: "datalog/343" input_files: "datalog/344" compactIntoNextLevel: true destinationLevel: 1
2026-05-01 04:31:48:495 - Compaction started: 
139980458403392:Compacting datalog/343 datalog/344 into:sstable1/295e5d96-35d5-4858-9636-91ee58c1def0202604302231431777609908498405804.sst
2026-05-01 04:31:48:513 - Compaction completed: 
2832518:COMPACT_START sstable=0 input_files: "datalog/351" input_files: "datalog/352" compactIntoNextLevel: true destinationLevel: 1
2026-05-01 04:31:48:597 - Compaction started: 
139980458403392:Compacting datalog/351 datalog/352 into:sstable1/295e5d96-35d5-4858-9636-91ee58c1def0202604302231431777609908600696560.sst
2026-05-01 04:31:48:620 - Compaction completed: 
2832518:COMPACT_START sstable=0 input_files: "datalog/359" input_files: "datalog/360" compactIntoNextLevel: true destinationLevel: 1
2026-05-01 04:31:48:698 - Compaction started: 
139980458403392:Compacting datalog/359 datalog/360 into:sstable1/295e5d96-35d5-4858-9636-91ee58c1def0202604302231431777609908702195643.sst
2026-05-01 04:31:48:718 - Compaction completed: 
2832518:COMPACT_START sstable=0 input_files: "datalog/367" input_files: "datalog/368" compactIntoNextLevel: true destinationLevel: 1
2026-05-01 04:31:48:800 - Compaction started: 
139980458403392:Compacting datalog/367 datalog/368 into:sstable1/295e5d96-35d5-4858-9636-91ee58c1def0202604302231431777609908803710335.sst
2026-05-01 04:31:48:820 - Compaction completed: 
2832518:COMPACT_START sstable=0 input_files: "datalog/375" input_files: "datalog/376" compactIntoNextLevel: true destinationLevel: 1
2026-05-01 04:31:48:902 - Compaction started: 
139980458403392:Compacting datalog/375 datalog/376 into:sstable1/295e5d96-35d5-4858-9636-91ee58c1def0202604302231431777609908905112166.sst
2026-05-01 04:31:48:920 - Compaction completed: 
2832518:COMPACT_START sstable=0 input_files: "datalog/381" input_files: "datalog/382" compactIntoNextLevel: true destinationLevel: 1
2026-05-01 04:31:49:003 - Compaction started: 
139980458403392:Compacting datalog/381 datalog/382 into:sstable1/295e5d96-35d5-4858-9636-91ee58c1def0202604302231431777609909007499354.sst
2026-05-01 04:31:49:023 - Compaction completed: 
2832518:COMPACT_START sstable=0 input_files: "datalog/389" input_files: "datalog/390" compactIntoNextLevel: true destinationLevel: 1
2026-05-01 04:31:49:105 - Compaction started: 
139980458403392:Compacting datalog/389 datalog/390 into:sstable1/295e5d96-35d5-4858-9636-91ee58c1def0202604302231431777609909107930114.sst
2026-05-01 04:31:49:123 - Compaction completed: 
2832518:COMPACT_START sstable=0 input_files: "datalog/397" input_files: "datalog/398" compactIntoNextLevel: true destinationLevel: 1
2026-05-01 04:31:49:206 - Compaction started: 
139980458403392:Compacting datalog/397 datalog/398 into:sstable1/295e5d96-35d5-4858-9636-91ee58c1def0202604302231431777609909209580801.sst
2026-05-01 04:31:49:225 - Compaction completed: 
2832518:COMPACT_START sstable=0 input_files: "datalog/405" input_files: "datalog/406" compactIntoNextLevel: true destinationLevel: 1
2026-05-01 04:31:49:308 - Compaction started: 
139980458403392:Compacting datalog/405 datalog/406 into:sstable1/295e5d96-35d5-4858-9636-91ee58c1def0202604302231431777609909311138734.sst
2026-05-01 04:31:49:326 - Compaction completed: 
2832518:COMPACT_START sstable=0 input_files: "datalog/413" input_files: "datalog/414" compactIntoNextLevel: true destinationLevel: 1
2026-05-01 04:31:49:409 - Compaction started: 
139980458403392:Compacting datalog/413 datalog/414 into:sstable1/295e5d96-35d5-4858-9636-91ee58c1def0202604302231431777609909412421231.sst
2026-05-01 04:31:49:428 - Compaction completed: 
2832518:COMPACT_START sstable=0 input_files: "datalog/421" input_files: "datalog/422" compactIntoNextLevel: true destinationLevel: 1
2026-05-01 04:31:49:510 - Compaction started: 
139980458403392:Compacting datalog/421 datalog/422 into:sstable1/295e5d96-35d5-4858-9636-91ee58c1def0202604302231431777609909513551773.sst
2026-05-01 04:31:49:528 - Compaction completed: 
2832518:COMPACT_START sstable=0 input_files: "datalog/429" input_files: "datalog/430" compactIntoNextLevel: true destinationLevel: 1
2026-05-01 04:31:49:612 - Compaction started: 
139980458403392:Compacting datalog/429 datalog/430 into:sstable1/295e5d96-35d5-4858-9636-91ee58c1def0202604302231431777609909614618566.sst
2026-05-01 04:31:49:629 - Compaction completed: 
2832518:COMPACT_START sstable=0 input_files: "datalog/437" input_files: "datalog/438" compactIntoNextLevel: true destinationLevel: 1
2026-05-01 04:31:49:713 - Compaction started: 
139980458403392:Compacting datalog/437 datalog/438 into:sstable1/295e5d96-35d5-4858-9636-91ee58c1def0202604302231431777609909716041505.sst
2026-05-01 04:31:49:730 - Compaction completed: 
2832518:COMPACT_START sstable=0 input_files: "datalog/443" input_files: "datalog/444" compactIntoNextLevel: true destinationLevel: 1
2026-05-01 04:31:49:814 - Compaction started: 
139980458403392:Compacting datalog/443 datalog/444 into:sstable1/295e5d96-35d5-4858-9636-91ee58c1def0202604302231431777609909817321167.sst
2026-05-01 04:31:49:832 - Compaction completed: 
2832518:COMPACT_START sstable=0 input_files: "datalog/449" input_files: "datalog/450" compactIntoNextLevel: true destinationLevel: 1
2026-05-01 04:31:49:915 - Compaction started: 
139980458403392:Compacting datalog/449 datalog/450 into:sstable1/295e5d96-35d5-4858-9636-91ee58c1def0202604302231431777609909918586381.sst
2026-05-01 04:31:49:933 - Compaction completed: 
2832518:COMPACT_START sstable=0 input_files: "datalog/457" input_files: "datalog/458" compactIntoNextLevel: true destinationLevel: 1
2026-05-01 04:31:50:017 - Compaction started: 
139980458403392:Compacting datalog/457 datalog/458 into:sstable1/295e5d96-35d5-4858-9636-91ee58c1def0202604302231431777609910019766897.sst
2026-05-01 04:31:50:034 - Compaction completed: 
2832518:COMPACT_START sstable=0 input_files: "datalog/465" input_files: "datalog/466" compactIntoNextLevel: true destinationLevel: 1
2026-05-01 04:31:50:118 - Compaction started: 
139980458403392:Compacting datalog/465 datalog/466 into:sstable1/295e5d96-35d5-4858-9636-91ee58c1def0202604302231431777609910120725817.sst
2026-05-01 04:31:50:134 - Compaction completed: 
2832518:COMPACT_START sstable=0 input_files: "datalog/471" input_files: "datalog/472" compactIntoNextLevel: true destinationLevel: 1
2026-05-01 04:31:50:219 - Compaction started: 
139980458403392:Compacting datalog/471 datalog/472 into:sstable1/295e5d96-35d5-4858-9636-91ee58c1def0202604302231431777609910222263463.sst
2026-05-01 04:31:50:236 - Compaction completed: 
2832518:COMPACT_START sstable=0 input_files: "datalog/477" input_files: "datalog/478" compactIntoNextLevel: true destinationLevel: 1
2026-05-01 04:31:50:321 - Compaction started: 
139980458403392:Compacting datalog/477 datalog/478 into:sstable1/295e5d96-35d5-4858-9636-91ee58c1def0202604302231431777609910323976587.sst
2026-05-01 04:31:50:339 - Compaction completed: 
2832518:COMPACT_START sstable=0 input_files: "datalog/485" input_files: "datalog/486" compactIntoNextLevel: true destinationLevel: 1
2026-05-01 04:31:50:422 - Compaction started: 
139980458403392:Compacting datalog/485 datalog/486 into:sstable1/295e5d96-35d5-4858-9636-91ee58c1def0202604302231431777609910424864584.sst
2026-05-01 04:31:50:439 - Compaction completed: 
2832518:COMPACT_START sstable=0 input_files: "datalog/493" input_files: "datalog/494" compactIntoNextLevel: true destinationLevel: 1
2026-05-01 04:31:50:523 - Compaction started: 
139980458403392:Compacting datalog/493 datalog/494 into:sstable1/295e5d96-35d5-4858-9636-91ee58c1def0202604302231431777609910526251146.sst
2026-05-01 04:31:50:540 - Compaction completed: 
2832518:COMPACT_START sstable=0 input_files: "datalog/501" input_files: "datalog/502" compactIntoNextLevel: true destinationLevel: 1
2026-05-01 04:31:50:624 - Compaction started: 
139980458403392:Compacting datalog/501 datalog/502 into:sstable1/295e5d96-35d5-4858-9636-91ee58c1def0202604302231431777609910627805112.sst
2026-05-01 04:31:50:642 - Compaction completed: 
2832518:COMPACT_START sstable=0 input_files: "datalog/507" input_files: "datalog/508" compactIntoNextLevel: true destinationLevel: 1
2026-05-01 04:31:50:726 - Compaction started: 
139980458403392:Compacting datalog/507 datalog/508 into:sstable1/295e5d96-35d5-4858-9636-91ee58c1def0202604302231431777609910728775704.sst
2026-05-01 04:31:50:743 - Compaction completed: 
2832518:COMPACT_START sstable=0 input_files: "datalog/515" input_files: "datalog/516" compactIntoNextLevel: true destinationLevel: 1
2026-05-01 04:31:50:832 - Compaction started: 
139980458403392:Compacting datalog/515 datalog/516 into:sstable1/295e5d96-35d5-4858-9636-91ee58c1def0202604302231431777609910834446486.sst
2026-05-01 04:31:50:849 - Compaction completed: 
2832518:COMPACT_START sstable=0 input_files: "datalog/523" input_files: "datalog/524" compactIntoNextLevel: true destinationLevel: 1
2026-05-01 04:31:50:933 - Compaction started: 
139980458403392:Compacting datalog/523 datalog/524 into:sstable1/295e5d96-35d5-4858-9636-91ee58c1def0202604302231431777609910936281119.sst
2026-05-01 04:31:50:950 - Compaction completed: 
2832518:COMPACT_START sstable=0 input_files: "datalog/531" input_files: "datalog/532" compactIntoNextLevel: true destinationLevel: 1
2026-05-01 04:31:51:034 - Compaction started: 
139980458403392:Compacting datalog/531 datalog/532 into:sstable1/295e5d96-35d5-4858-9636-91ee58c1def0202604302231431777609911037505567.sst
2026-05-01 04:31:51:052 - Compaction completed: 
2832518:COMPACT_START sstable=0 input_files: "datalog/539" input_files: "datalog/540" compactIntoNextLevel: true destinationLevel: 1
2026-05-01 04:31:51:135 - Compaction started: 
139980458403392:Compacting datalog/539 datalog/540 into:sstable1/295e5d96-35d5-4858-9636-91ee58c1def0202604302231431777609911138678438.sst
2026-05-01 04:31:51:153 - Compaction completed: 
2832518:COMPACT_START sstable=0 input_files: "datalog/547" input_files: "datalog/548" compactIntoNextLevel: true destinationLevel: 1
2026-05-01 04:31:51:237 - Compaction started: 
139980458403392:Compacting datalog/547 datalog/548 into:sstable1/295e5d96-35d5-4858-9636-91ee58c1def0202604302231431777609911240010638.sst
2026-05-01 04:31:51:254 - Compaction completed: 
2832518:COMPACT_START sstable=0 input_files: "datalog/555" input_files: "datalog/556" compactIntoNextLevel: true destinationLevel: 1
2026-05-01 04:31:51:338 - Compaction started: 
139980458403392:Compacting datalog/555 datalog/556 into:sstable1/295e5d96-35d5-4858-9636-91ee58c1def0202604302231431777609911341165405.sst
2026-05-01 04:31:51:356 - Compaction completed: 
2832518:COMPACT_START sstable=0 input_files: "datalog/563" input_files: "datalog/564" compactIntoNextLevel: true destinationLevel: 1
2026-05-01 04:31:51:439 - Compaction started: 
139980458403392:Compacting datalog/563 datalog/564 into:sstable1/295e5d96-35d5-4858-9636-91ee58c1def0202604302231431777609911442603193.sst
2026-05-01 04:31:51:457 - Compaction completed: 
2832518:COMPACT_START sstable=0 input_files: "datalog/571" input_files: "datalog/572" compactIntoNextLevel: true destinationLevel: 1
2026-05-01 04:31:51:541 - Compaction started: 
139980458403392:Compacting datalog/571 datalog/572 into:sstable1/295e5d96-35d5-4858-9636-91ee58c1def0202604302231431777609911544068022.sst
2026-05-01 04:31:51:559 - Compaction completed: 
2832518:COMPACT_START sstable=0 input_files: "datalog/581" input_files: "datalog/582" compactIntoNextLevel: true destinationLevel: 1
2026-05-01 04:31:51:643 - Compaction started: 
139980458403392:Compacting datalog/581 datalog/582 into:sstable1/295e5d96-35d5-4858-9636-91ee58c1def0202604302231431777609911645476986.sst
2026-05-01 04:31:51:660 - Compaction completed: 
2832518:COMPACT_START sstable=0 input_files: "datalog/589" input_files: "datalog/590" compactIntoNextLevel: true destinationLevel: 1
2026-05-01 04:31:51:744 - Compaction started: 
139980458403392:Compacting datalog/589 datalog/590 into:sstable1/295e5d96-35d5-4858-9636-91ee58c1def0202604302231431777609911747674007.sst
2026-05-01 04:31:51:763 - Compaction completed: 
2832518:COMPACT_START sstable=0 input_files: "datalog/597" input_files: "datalog/598" compactIntoNextLevel: true destinationLevel: 1
2832518:COMPACT_ABORT input_files: "datalog/597" input_files: "datalog/598" compactIntoNextLevel: true destinationLevel: 1
2832518:COMPACT_START sstable=0 input_files: "datalog/605" input_files: "datalog/606" compactIntoNextLevel: true destinationLevel: 1
2026-05-01 04:31:51:954 - Compaction started: 
139980458403392:Compacting datalog/605 datalog/606 into:sstable1/295e5d96-35d5-4858-9636-91ee58c1def0202604302231431777609911957594528.sst
2026-05-01 04:31:51:972 - Compaction completed: 
2832518:COMPACT_START sstable=0 input_files: "datalog/613" input_files: "datalog/614" compactIntoNextLevel: true destinationLevel: 1
2026-05-01 04:31:52:060 - Compaction started: 
139980458403392:Compacting datalog/613 datalog/614 into:sstable1/295e5d96-35d5-4858-9636-91ee58c1def0202604302231431777609912064252792.sst
2026-05-01 04:31:52:082 - Compaction completed: 
2832518:COMPACT_START sstable=0 input_files: "datalog/619" input_files: "datalog/620" compactIntoNextLevel: true destinationLevel: 1
2026-05-01 04:31:52:171 - Compaction started: 
139980458403392:Compacting datalog/619 datalog/620 into:sstable1/295e5d96-35d5-4858-9636-91ee58c1def0202604302231431777609912174183891.sst
2026-05-01 04:31:52:188 - Compaction completed: 
2832518:COMPACT_START sstable=0 input_files: "datalog/627" input_files: "datalog/628" compactIntoNextLevel: true destinationLevel: 1
2026-05-01 04:31:52:274 - Compaction started: 
139980458403392:Compacting datalog/627 datalog/628 into:sstable1/295e5d96-35d5-4858-9636-91ee58c1def0202604302231431777609912277374485.sst
2026-05-01 04:31:52:292 - Compaction completed: 
2832518:COMPACT_START sstable=0 input_files: "datalog/635" input_files: "datalog/636" compactIntoNextLevel: true destinationLevel: 1
2026-05-01 04:31:52:376 - Compaction started: 
139980458403392:Compacting datalog/635 datalog/636 into:sstable1/295e5d96-35d5-4858-9636-91ee58c1def0202604302231431777609912379135819.sst
2026-05-01 04:31:52:393 - Compaction completed: 
2832518:COMPACT_START sstable=0 input_files: "datalog/643" input_files: "datalog/644" compactIntoNextLevel: true destinationLevel: 1
2026-05-01 04:31:52:478 - Compaction started: 
139980458403392:Compacting datalog/643 datalog/644 into:sstable1/295e5d96-35d5-4858-9636-91ee58c1def0202604302231431777609912481877511.sst
2026-05-01 04:31:52:496 - Compaction completed: 
2832518:COMPACT_START sstable=0 input_files: "datalog/651" input_files: "datalog/652" compactIntoNextLevel: true destinationLevel: 1
2026-05-01 04:31:52:581 - Compaction started: 
139980458403392:Compacting datalog/651 datalog/652 into:sstable1/295e5d96-35d5-4858-9636-91ee58c1def0202604302231431777609912584527602.sst
2026-05-01 04:31:52:598 - Compaction completed: 
2832518:COMPACT_START sstable=0 input_files: "datalog/659" input_files: "datalog/660" compactIntoNextLevel: true destinationLevel: 1
2026-05-01 04:31:52:684 - Compaction started: 
139980458403392:Compacting datalog/659 datalog/660 into:sstable1/295e5d96-35d5-4858-9636-91ee58c1def0202604302231431777609912687083867.sst
2026-05-01 04:31:52:701 - Compaction completed: 
2832518:COMPACT_START sstable=0 input_files: "datalog/667" input_files: "datalog/668" compactIntoNextLevel: true destinationLevel: 1
2026-05-01 04:31:52:786 - Compaction started: 
139980458403392:Compacting datalog/667 datalog/668 into:sstable1/295e5d96-35d5-4858-9636-91ee58c1def0202604302231431777609912789321273.sst
2026-05-01 04:31:52:803 - Compaction completed: 
2832518:COMPACT_START sstable=0 input_files: "datalog/675" input_files: "datalog/676" compactIntoNextLevel: true destinationLevel: 1
2026-05-01 04:31:52:889 - Compaction started: 
139980458403392:Compacting datalog/675 datalog/676 into:sstable1/295e5d96-35d5-4858-9636-91ee58c1def0202604302231431777609912892077322.sst
2026-05-01 04:31:52:905 - Compaction completed: 
2832518:COMPACT_START sstable=0 input_files: "datalog/683" input_files: "datalog/684" compactIntoNextLevel: true destinationLevel: 1
2026-05-01 04:31:52:990 - Compaction started: 
139980458403392:Compacting datalog/683 datalog/684 into:sstable1/295e5d96-35d5-4858-9636-91ee58c1def0202604302231431777609912993596282.sst
2026-05-01 04:31:53:008 - Compaction completed: 
2832518:COMPACT_START sstable=0 input_files: "datalog/691" input_files: "datalog/692" compactIntoNextLevel: true destinationLevel: 1
2026-05-01 04:31:53:093 - Compaction started: 
139980458403392:Compacting datalog/691 datalog/692 into:sstable1/295e5d96-35d5-4858-9636-91ee58c1def0202604302231431777609913096729498.sst
2026-05-01 04:31:53:111 - Compaction completed: 
2832518:COMPACT_START sstable=0 input_files: "datalog/699" input_files: "datalog/700" compactIntoNextLevel: true destinationLevel: 1
2026-05-01 04:31:53:196 - Compaction started: 
139980458403392:Compacting datalog/699 datalog/700 into:sstable1/295e5d96-35d5-4858-9636-91ee58c1def0202604302231431777609913199428650.sst
2026-05-01 04:31:53:214 - Compaction completed: 
2832518:COMPACT_START sstable=0 input_files: "datalog/707" input_files: "datalog/708" compactIntoNextLevel: true destinationLevel: 1
2026-05-01 04:31:53:299 - Compaction started: 
139980458403392:Compacting datalog/707 datalog/708 into:sstable1/295e5d96-35d5-4858-9636-91ee58c1def0202604302231431777609913301957724.sst
2026-05-01 04:31:53:316 - Compaction completed: 
2832518:COMPACT_START sstable=0 input_files: "datalog/713" input_files: "datalog/714" compactIntoNextLevel: true destinationLevel: 1
2026-05-01 04:31:53:400 - Compaction started: 
139980458403392:Compacting datalog/713 datalog/714 into:sstable1/295e5d96-35d5-4858-9636-91ee58c1def0202604302231431777609913403540644.sst
2026-05-01 04:31:53:417 - Compaction completed: 
2832518:COMPACT_START sstable=0 input_files: "datalog/721" input_files: "datalog/722" compactIntoNextLevel: true destinationLevel: 1
2026-05-01 04:31:53:502 - Compaction started: 
139980458403392:Compacting datalog/721 datalog/722 into:sstable1/295e5d96-35d5-4858-9636-91ee58c1def0202604302231431777609913504617666.sst
2026-05-01 04:31:53:518 - Compaction completed: 
2832518:COMPACT_START sstable=0 input_files: "datalog/729" input_files: "datalog/730" compactIntoNextLevel: true destinationLevel: 1
2026-05-01 04:31:53:603 - Compaction started: 
139980458403392:Compacting datalog/729 datalog/730 into:sstable1/295e5d96-35d5-4858-9636-91ee58c1def0202604302231431777609913605832335.sst
2026-05-01 04:31:53:618 - Compaction completed: 
2832518:COMPACT_START sstable=0 input_files: "datalog/737" input_files: "datalog/738" compactIntoNextLevel: true destinationLevel: 1
2026-05-01 04:31:53:705 - Compaction started: 
139980458403392:Compacting datalog/737 datalog/738 into:sstable1/295e5d96-35d5-4858-9636-91ee58c1def0202604302231431777609913707740535.sst
2026-05-01 04:31:53:720 - Compaction completed: 
2832518:COMPACT_START sstable=0 input_files: "datalog/745" input_files: "datalog/746" compactIntoNextLevel: true destinationLevel: 1
2026-05-01 04:31:53:806 - Compaction started: 
139980458403392:Compacting datalog/745 datalog/746 into:sstable1/295e5d96-35d5-4858-9636-91ee58c1def0202604302231431777609913809383848.sst
2026-05-01 04:31:53:823 - Compaction completed: 
2832518:COMPACT_START sstable=0 input_files: "datalog/753" input_files: "datalog/754" compactIntoNextLevel: true destinationLevel: 1
2832518:COMPACT_ABORT input_files: "datalog/753" input_files: "datalog/754" compactIntoNextLevel: true destinationLevel: 1
2832518:COMPACT_START sstable=0 input_files: "datalog/755" input_files: "datalog/756" compactIntoNextLevel: true destinationLevel: 1
2026-05-01 04:31:53:908 - Compaction started: 
139980458403392:Compacting datalog/755 datalog/756 into:sstable1/295e5d96-35d5-4858-9636-91ee58c1def0202604302231431777609913911110788.sst
2026-05-01 04:31:53:923 - Compaction completed: 
2832518:COMPACT_START sstable=0 input_files: "datalog/763" input_files: "datalog/764" compactIntoNextLevel: true destinationLevel: 1
2832518:COMPACT_ABORT input_files: "datalog/763" input_files: "datalog/764" compactIntoNextLevel: true destinationLevel: 1
2832518:COMPACT_START sstable=0 input_files: "datalog/765" input_files: "datalog/766" compactIntoNextLevel: true destinationLevel: 1
2026-05-01 04:31:54:010 - Compaction started: 
139980458403392:Compacting datalog/765 datalog/766 into:sstable1/295e5d96-35d5-4858-9636-91ee58c1def0202604302231431777609914013132150.sst
2026-05-01 04:31:54:025 - Compaction completed: 
2832518:COMPACT_START sstable=0 input_files: "datalog/773" input_files: "datalog/774" compactIntoNextLevel: true destinationLevel: 1
2026-05-01 04:31:54:112 - Compaction started: 
139980458403392:Compacting datalog/773 datalog/774 into:sstable1/295e5d96-35d5-4858-9636-91ee58c1def0202604302231431777609914114872034.sst
2026-05-01 04:31:54:128 - Compaction completed: 
2832518:COMPACT_START sstable=0 input_files: "datalog/781" input_files: "datalog/782" compactIntoNextLevel: true destinationLevel: 1
2026-05-01 04:31:54:213 - Compaction started: 
139980458403392:Compacting datalog/781 datalog/782 into:sstable1/295e5d96-35d5-4858-9636-91ee58c1def0202604302231431777609914216096833.sst
2026-05-01 04:31:54:228 - Compaction completed: 
2832518:COMPACT_START sstable=0 input_files: "datalog/787" input_files: "datalog/788" compactIntoNextLevel: true destinationLevel: 1
2026-05-01 04:31:54:314 - Compaction started: 
139980458403392:Compacting datalog/787 datalog/788 into:sstable1/295e5d96-35d5-4858-9636-91ee58c1def0202604302231431777609914317091591.sst
2026-05-01 04:31:54:330 - Compaction completed: 
2832518:COMPACT_START sstable=0 input_files: "datalog/795" input_files: "datalog/796" compactIntoNextLevel: true destinationLevel: 1
2026-05-01 04:31:54:416 - Compaction started: 
139980458403392:Compacting datalog/795 datalog/796 into:sstable1/295e5d96-35d5-4858-9636-91ee58c1def0202604302231431777609914418906755.sst
2026-05-01 04:31:54:433 - Compaction completed: 
2832518:COMPACT_START sstable=0 input_files: "datalog/801" input_files: "datalog/802" compactIntoNextLevel: true destinationLevel: 1
2026-05-01 04:31:54:517 - Compaction started: 
139980458403392:Compacting datalog/801 datalog/802 into:sstable1/295e5d96-35d5-4858-9636-91ee58c1def0202604302231431777609914520117308.sst
2026-05-01 04:31:54:532 - Compaction completed: 
2832518:COMPACT_START sstable=0 input_files: "datalog/809" input_files: "datalog/810" compactIntoNextLevel: true destinationLevel: 1
2026-05-01 04:31:54:625 - Compaction started: 
139980458403392:Compacting datalog/809 datalog/810 into:sstable1/295e5d96-35d5-4858-9636-91ee58c1def0202604302231431777609914627489479.sst
2026-05-01 04:31:54:640 - Compaction completed: 
2832518:COMPACT_START sstable=0 input_files: "datalog/817" input_files: "datalog/818" compactIntoNextLevel: true destinationLevel: 1
2026-05-01 04:31:54:726 - Compaction started: 
139980458403392:Compacting datalog/817 datalog/818 into:sstable1/295e5d96-35d5-4858-9636-91ee58c1def0202604302231431777609914728787145.sst
2026-05-01 04:31:54:741 - Compaction completed: 
2832518:COMPACT_START sstable=0 input_files: "datalog/825" input_files: "datalog/826" compactIntoNextLevel: true destinationLevel: 1
2026-05-01 04:31:54:827 - Compaction started: 
139980458403392:Compacting datalog/825 datalog/826 into:sstable1/295e5d96-35d5-4858-9636-91ee58c1def0202604302231431777609914829892189.sst
2026-05-01 04:31:54:842 - Compaction completed: 
2832518:Task input_files: "datalog/597" input_files: "datalog/598" compactIntoNextLevel: true destinationLevel: 1 is dead (hb=30)
2832518:Found dead task input_files: "datalog/597" input_files: "datalog/598" compactIntoNextLevel: true destinationLevel: 1
2832518:COMPACT_START sstable=0 input_files: "datalog/597" input_files: "datalog/598" compactIntoNextLevel: true destinationLevel: 1
2026-05-01 04:31:54:928 - Compaction started: 
139980458403392:Compacting datalog/597 datalog/598 into:sstable1/295e5d96-35d5-4858-9636-91ee58c1def0202604302231431777609914931410849.sst
2026-05-01 04:31:54:945 - Compaction completed: 
2832518:COMPACT_START sstable=0 input_files: "datalog/839" input_files: "datalog/840" compactIntoNextLevel: true destinationLevel: 1
2026-05-01 04:31:55:042 - Compaction started: 
139980458403392:Compacting datalog/839 datalog/840 into:sstable1/295e5d96-35d5-4858-9636-91ee58c1def0202604302231431777609915045021585.sst
2026-05-01 04:31:55:057 - Compaction completed: 
2832518:COMPACT_START sstable=0 input_files: "datalog/847" input_files: "datalog/848" compactIntoNextLevel: true destinationLevel: 1
2026-05-01 04:31:55:144 - Compaction started: 
139980458403392:Compacting datalog/847 datalog/848 into:sstable1/295e5d96-35d5-4858-9636-91ee58c1def0202604302231431777609915146455716.sst
2026-05-01 04:31:55:160 - Compaction completed: 
2832518:COMPACT_START sstable=0 input_files: "datalog/855" input_files: "datalog/856" compactIntoNextLevel: true destinationLevel: 1
2026-05-01 04:31:55:245 - Compaction started: 
139980458403392:Compacting datalog/855 datalog/856 into:sstable1/295e5d96-35d5-4858-9636-91ee58c1def0202604302231431777609915247689772.sst
2026-05-01 04:31:55:261 - Compaction completed: 
2832518:COMPACT_START sstable=0 input_files: "datalog/863" input_files: "datalog/864" compactIntoNextLevel: true destinationLevel: 1
2026-05-01 04:31:55:346 - Compaction started: 
139980458403392:Compacting datalog/863 datalog/864 into:sstable1/295e5d96-35d5-4858-9636-91ee58c1def0202604302231431777609915348780910.sst
2026-05-01 04:31:55:362 - Compaction completed: 
2832518:COMPACT_START sstable=1 input_files: "sstable1/b1b1be36-3b3b-435b-88ef-9b646e0de6fb202604302231431777609903726540388.sst" input_files: "sstable1/d7fd7237-e4f5-42a2-8d7b-f922f26d3dbc202604302231431777609903731631521.sst" compactIntoNextLevel: true destinationLevel: 2
2026-05-01 04:31:55:447 - Compaction started: 
139980458403392:Compacting sstable1/b1b1be36-3b3b-435b-88ef-9b646e0de6fb202604302231431777609903726540388.sst sstable1/d7fd7237-e4f5-42a2-8d7b-f922f26d3dbc202604302231431777609903731631521.sst into:sstable2/295e5d96-35d5-4858-9636-91ee58c1def0202604302231431777609915469346443.sst
2026-05-01 04:31:55:502 - Compaction completed: 
2832518:COMPACT_START sstable=1 input_files: "sstable1/92b1ea01-dd9f-4462-af88-dd93b66bf44e202604302231431777609904030469682.sst" input_files: "sstable1/d7fd7237-e4f5-42a2-8d7b-f922f26d3dbc202604302231431777609904104323694.sst" compactIntoNextLevel: true destinationLevel: 2
2026-05-01 04:31:55:548 - Compaction started: 
139980458403392:Compacting sstable1/92b1ea01-dd9f-4462-af88-dd93b66bf44e202604302231431777609904030469682.sst sstable1/d7fd7237-e4f5-42a2-8d7b-f922f26d3dbc202604302231431777609904104323694.sst into:sstable2/295e5d96-35d5-4858-9636-91ee58c1def0202604302231431777609915570856546.sst
2026-05-01 04:31:55:606 - Compaction completed: 
2832518:COMPACT_START sstable=1 input_files: "sstable1/92b1ea01-dd9f-4462-af88-dd93b66bf44e202604302231431777609904323165608.sst" input_files: "sstable1/b1b1be36-3b3b-435b-88ef-9b646e0de6fb202604302231431777609904371725165.sst" compactIntoNextLevel: true destinationLevel: 2
2026-05-01 04:31:55:650 - Compaction started: 
139980458403392:Compacting sstable1/92b1ea01-dd9f-4462-af88-dd93b66bf44e202604302231431777609904323165608.sst sstable1/b1b1be36-3b3b-435b-88ef-9b646e0de6fb202604302231431777609904371725165.sst into:sstable2/295e5d96-35d5-4858-9636-91ee58c1def0202604302231431777609915673474407.sst
2026-05-01 04:31:55:711 - Compaction completed: 
2832518:COMPACT_START sstable=1 input_files: "sstable1/d7fd7237-e4f5-42a2-8d7b-f922f26d3dbc202604302231431777609904573825077.sst" input_files: "sstable1/b1b1be36-3b3b-435b-88ef-9b646e0de6fb202604302231431777609904722494582.sst" compactIntoNextLevel: true destinationLevel: 2
2026-05-01 04:31:55:751 - Compaction started: 
139980458403392:Compacting sstable1/d7fd7237-e4f5-42a2-8d7b-f922f26d3dbc202604302231431777609904573825077.sst sstable1/b1b1be36-3b3b-435b-88ef-9b646e0de6fb202604302231431777609904722494582.sst into:sstable2/295e5d96-35d5-4858-9636-91ee58c1def0202604302231431777609915775849752.sst
2026-05-01 04:31:55:815 - Compaction completed: 
2832518:COMPACT_START sstable=1 input_files: "sstable1/b1b1be36-3b3b-435b-88ef-9b646e0de6fb202604302231431777609904874107274.sst" input_files: "sstable1/92b1ea01-dd9f-4462-af88-dd93b66bf44e202604302231431777609905017790052.sst" compactIntoNextLevel: true destinationLevel: 2
2026-05-01 04:31:55:853 - Compaction started: 
139980458403392:Compacting sstable1/b1b1be36-3b3b-435b-88ef-9b646e0de6fb202604302231431777609904874107274.sst sstable1/92b1ea01-dd9f-4462-af88-dd93b66bf44e202604302231431777609905017790052.sst into:sstable2/295e5d96-35d5-4858-9636-91ee58c1def0202604302231431777609915878288406.sst
2026-05-01 04:31:55:919 - Compaction completed: 
2832518:COMPACT_START sstable=1 input_files: "sstable1/92b1ea01-dd9f-4462-af88-dd93b66bf44e202604302231431777609905120590765.sst" input_files: "sstable1/295e5d96-35d5-4858-9636-91ee58c1def0202604302231431777609905135302472.sst" compactIntoNextLevel: true destinationLevel: 2
2026-05-01 04:31:55:954 - Compaction started: 
139980458403392:Compacting sstable1/92b1ea01-dd9f-4462-af88-dd93b66bf44e202604302231431777609905120590765.sst sstable1/295e5d96-35d5-4858-9636-91ee58c1def0202604302231431777609905135302472.sst into:sstable2/295e5d96-35d5-4858-9636-91ee58c1def0202604302231431777609915977411825.sst
2026-05-01 04:31:56:013 - Compaction completed: 
2832518:COMPACT_START sstable=1 input_files: "sstable1/92b1ea01-dd9f-4462-af88-dd93b66bf44e202604302231431777609905328394789.sst" input_files: "sstable1/295e5d96-35d5-4858-9636-91ee58c1def0202604302231431777609905386528402.sst" compactIntoNextLevel: true destinationLevel: 2
2026-05-01 04:31:56:056 - Compaction started: 
139980458403392:Compacting sstable1/92b1ea01-dd9f-4462-af88-dd93b66bf44e202604302231431777609905328394789.sst sstable1/295e5d96-35d5-4858-9636-91ee58c1def0202604302231431777609905386528402.sst into:sstable2/295e5d96-35d5-4858-9636-91ee58c1def0202604302231431777609916079713904.sst
2026-05-01 04:31:56:116 - Compaction completed: 
2832518:COMPACT_START sstable=1 input_files: "sstable1/b1b1be36-3b3b-435b-88ef-9b646e0de6fb202604302231431777609905578192582.sst" input_files: "sstable1/d7fd7237-e4f5-42a2-8d7b-f922f26d3dbc202604302231431777609905589703951.sst" compactIntoNextLevel: true destinationLevel: 2
2026-05-01 04:31:56:158 - Compaction started: 
139980458403392:Compacting sstable1/b1b1be36-3b3b-435b-88ef-9b646e0de6fb202604302231431777609905578192582.sst sstable1/d7fd7237-e4f5-42a2-8d7b-f922f26d3dbc202604302231431777609905589703951.sst into:sstable2/295e5d96-35d5-4858-9636-91ee58c1def0202604302231431777609916182393810.sst
2026-05-01 04:31:56:220 - Compaction completed: 
2832518:COMPACT_START sstable=1 input_files: "sstable1/92b1ea01-dd9f-4462-af88-dd93b66bf44e202604302231431777609905730477735.sst" input_files: "sstable1/295e5d96-35d5-4858-9636-91ee58c1def0202604302231431777609905744426833.sst" compactIntoNextLevel: true destinationLevel: 2
2026-05-01 04:31:56:260 - Compaction started: 
139980458403392:Compacting sstable1/92b1ea01-dd9f-4462-af88-dd93b66bf44e202604302231431777609905730477735.sst sstable1/295e5d96-35d5-4858-9636-91ee58c1def0202604302231431777609905744426833.sst into:sstable2/295e5d96-35d5-4858-9636-91ee58c1def0202604302231431777609916283552254.sst
2026-05-01 04:31:56:322 - Compaction completed: 
2832518:COMPACT_START sstable=1 input_files: "sstable1/92b1ea01-dd9f-4462-af88-dd93b66bf44e202604302231431777609905934215056.sst" input_files: "sstable1/295e5d96-35d5-4858-9636-91ee58c1def0202604302231431777609905946979453.sst" compactIntoNextLevel: true destinationLevel: 2
2026-05-01 04:31:56:361 - Compaction started: 
139980458403392:Compacting sstable1/92b1ea01-dd9f-4462-af88-dd93b66bf44e202604302231431777609905934215056.sst sstable1/295e5d96-35d5-4858-9636-91ee58c1def0202604302231431777609905946979453.sst into:sstable2/295e5d96-35d5-4858-9636-91ee58c1def0202604302231431777609916383426040.sst
2026-05-01 04:31:56:418 - Compaction completed: 
2832518:COMPACT_START sstable=1 input_files: "sstable1/92b1ea01-dd9f-4462-af88-dd93b66bf44e202604302231431777609906135175793.sst" input_files: "sstable1/295e5d96-35d5-4858-9636-91ee58c1def0202604302231431777609906148840358.sst" compactIntoNextLevel: true destinationLevel: 2
2026-05-01 04:31:56:463 - Compaction started: 
139980458403392:Compacting sstable1/92b1ea01-dd9f-4462-af88-dd93b66bf44e202604302231431777609906135175793.sst sstable1/295e5d96-35d5-4858-9636-91ee58c1def0202604302231431777609906148840358.sst into:sstable2/295e5d96-35d5-4858-9636-91ee58c1def0202604302231431777609916484967272.sst
2026-05-01 04:31:56:520 - Compaction completed: 
2832518:COMPACT_START sstable=1 input_files: "sstable1/92b1ea01-dd9f-4462-af88-dd93b66bf44e202604302231431777609906338151276.sst" input_files: "sstable1/295e5d96-35d5-4858-9636-91ee58c1def0202604302231431777609906351169599.sst" compactIntoNextLevel: true destinationLevel: 2
2026-05-01 04:31:56:565 - Compaction started: 
139980458403392:Compacting sstable1/92b1ea01-dd9f-4462-af88-dd93b66bf44e202604302231431777609906338151276.sst sstable1/295e5d96-35d5-4858-9636-91ee58c1def0202604302231431777609906351169599.sst into:sstable2/295e5d96-35d5-4858-9636-91ee58c1def0202604302231431777609916587221701.sst
2026-05-01 04:31:56:621 - Compaction completed: 
2832518:COMPACT_START sstable=1 input_files: "sstable1/92b1ea01-dd9f-4462-af88-dd93b66bf44e202604302231431777609906540803623.sst" input_files: "sstable1/295e5d96-35d5-4858-9636-91ee58c1def0202604302231431777609906553745033.sst" compactIntoNextLevel: true destinationLevel: 2
2026-05-01 04:31:56:667 - Compaction started: 
139980458403392:Compacting sstable1/92b1ea01-dd9f-4462-af88-dd93b66bf44e202604302231431777609906540803623.sst sstable1/295e5d96-35d5-4858-9636-91ee58c1def0202604302231431777609906553745033.sst into:sstable2/295e5d96-35d5-4858-9636-91ee58c1def0202604302231431777609916690272261.sst
2026-05-01 04:31:56:727 - Compaction completed: 
2832518:COMPACT_START sstable=1 input_files: "sstable1/92b1ea01-dd9f-4462-af88-dd93b66bf44e202604302231431777609906744433884.sst" input_files: "sstable1/295e5d96-35d5-4858-9636-91ee58c1def0202604302231431777609906756057373.sst" compactIntoNextLevel: true destinationLevel: 2
2026-05-01 04:31:56:768 - Compaction started: 
139980458403392:Compacting sstable1/92b1ea01-dd9f-4462-af88-dd93b66bf44e202604302231431777609906744433884.sst sstable1/295e5d96-35d5-4858-9636-91ee58c1def0202604302231431777609906756057373.sst into:sstable2/295e5d96-35d5-4858-9636-91ee58c1def0202604302231431777609916791445474.sst
2026-05-01 04:31:56:830 - Compaction completed: 
2832518:COMPACT_START sstable=1 input_files: "sstable1/b1b1be36-3b3b-435b-88ef-9b646e0de6fb202604302231431777609906898124031.sst" input_files: "sstable1/d7fd7237-e4f5-42a2-8d7b-f922f26d3dbc202604302231431777609906910803048.sst" compactIntoNextLevel: true destinationLevel: 2
2026-05-01 04:31:56:870 - Compaction started: 
139980458403392:Compacting sstable1/b1b1be36-3b3b-435b-88ef-9b646e0de6fb202604302231431777609906898124031.sst sstable1/d7fd7237-e4f5-42a2-8d7b-f922f26d3dbc202604302231431777609906910803048.sst into:sstable2/295e5d96-35d5-4858-9636-91ee58c1def0202604302231431777609916890605421.sst
2026-05-01 04:31:56:923 - Compaction completed: 
2832518:COMPACT_START sstable=1 input_files: "sstable1/92b1ea01-dd9f-4462-af88-dd93b66bf44e202604302231431777609907052448607.sst" input_files: "sstable1/295e5d96-35d5-4858-9636-91ee58c1def0202604302231431777609907065018349.sst" compactIntoNextLevel: true destinationLevel: 2
2026-05-01 04:31:56:976 - Compaction started: 
139980458403392:Compacting sstable1/92b1ea01-dd9f-4462-af88-dd93b66bf44e202604302231431777609907052448607.sst sstable1/295e5d96-35d5-4858-9636-91ee58c1def0202604302231431777609907065018349.sst into:sstable2/295e5d96-35d5-4858-9636-91ee58c1def0202604302231431777609916997801043.sst
2026-05-01 04:31:57:033 - Compaction completed: 
2832518:COMPACT_START sstable=1 input_files: "sstable1/92b1ea01-dd9f-4462-af88-dd93b66bf44e202604302231431777609907257465446.sst" input_files: "sstable1/295e5d96-35d5-4858-9636-91ee58c1def0202604302231431777609907269370993.sst" compactIntoNextLevel: true destinationLevel: 2
2026-05-01 04:31:57:083 - Compaction started: 
139980458403392:Compacting sstable1/92b1ea01-dd9f-4462-af88-dd93b66bf44e202604302231431777609907257465446.sst sstable1/295e5d96-35d5-4858-9636-91ee58c1def0202604302231431777609907269370993.sst into:sstable2/295e5d96-35d5-4858-9636-91ee58c1def0202604302231431777609917104840902.sst
2026-05-01 04:31:57:139 - Compaction completed: 
2832518:COMPACT_START sstable=1 input_files: "sstable1/92b1ea01-dd9f-4462-af88-dd93b66bf44e202604302231431777609907462679716.sst" input_files: "sstable1/295e5d96-35d5-4858-9636-91ee58c1def0202604302231431777609907473685186.sst" compactIntoNextLevel: true destinationLevel: 2
2026-05-01 04:31:57:186 - Compaction started: 
139980458403392:Compacting sstable1/92b1ea01-dd9f-4462-af88-dd93b66bf44e202604302231431777609907462679716.sst sstable1/295e5d96-35d5-4858-9636-91ee58c1def0202604302231431777609907473685186.sst into:sstable2/295e5d96-35d5-4858-9636-91ee58c1def0202604302231431777609917208888722.sst
2026-05-01 04:31:57:245 - Compaction completed: 
2832518:COMPACT_START sstable=1 input_files: "sstable1/92b1ea01-dd9f-4462-af88-dd93b66bf44e202604302231431777609907666296772.sst" input_files: "sstable1/295e5d96-35d5-4858-9636-91ee58c1def0202604302231431777609907679036042.sst" compactIntoNextLevel: true destinationLevel: 2
2026-05-01 04:31:57:288 - Compaction started: 
139980458403392:Compacting sstable1/92b1ea01-dd9f-4462-af88-dd93b66bf44e202604302231431777609907666296772.sst sstable1/295e5d96-35d5-4858-9636-91ee58c1def0202604302231431777609907679036042.sst into:sstable2/295e5d96-35d5-4858-9636-91ee58c1def0202604302231431777609917309754888.sst
2026-05-01 04:31:57:344 - Compaction completed: 
2832518:COMPACT_START sstable=1 input_files: "sstable1/295e5d96-35d5-4858-9636-91ee58c1def0202604302231431777609907882810052.sst" input_files: "sstable1/b1b1be36-3b3b-435b-88ef-9b646e0de6fb202604302231431777609907920806057.sst" compactIntoNextLevel: true destinationLevel: 2
2026-05-01 04:31:57:393 - Compaction started: 
139980458403392:Compacting sstable1/295e5d96-35d5-4858-9636-91ee58c1def0202604302231431777609907882810052.sst sstable1/b1b1be36-3b3b-435b-88ef-9b646e0de6fb202604302231431777609907920806057.sst into:sstable2/295e5d96-35d5-4858-9636-91ee58c1def0202604302231431777609917414233396.sst
2026-05-01 04:31:57:449 - Compaction completed: 
2832518:COMPACT_START sstable=1 input_files: "sstable1/d7fd7237-e4f5-42a2-8d7b-f922f26d3dbc202604302231431777609908037936491.sst" input_files: "sstable1/92b1ea01-dd9f-4462-af88-dd93b66bf44e202604302231431777609908074608213.sst" compactIntoNextLevel: true destinationLevel: 2
2026-05-01 04:31:57:496 - Compaction started: 
139980458403392:Compacting sstable1/d7fd7237-e4f5-42a2-8d7b-f922f26d3dbc202604302231431777609908037936491.sst sstable1/92b1ea01-dd9f-4462-af88-dd93b66bf44e202604302231431777609908074608213.sst into:sstable2/295e5d96-35d5-4858-9636-91ee58c1def0202604302231431777609917518454391.sst
2026-05-01 04:31:57:552 - Compaction completed: 
2832518:COMPACT_START sstable=1 input_files: "sstable1/295e5d96-35d5-4858-9636-91ee58c1def0202604302231431777609908191668276.sst" input_files: "sstable1/b1b1be36-3b3b-435b-88ef-9b646e0de6fb202604302231431777609908226513824.sst" compactIntoNextLevel: true destinationLevel: 2
2832518:COMPACT_ABORT input_files: "sstable1/295e5d96-35d5-4858-9636-91ee58c1def0202604302231431777609908191668276.sst" input_files: "sstable1/b1b1be36-3b3b-435b-88ef-9b646e0de6fb202604302231431777609908226513824.sst" compactIntoNextLevel: true destinationLevel: 2
2832518:COMPACT_START sstable=1 input_files: "sstable1/d7fd7237-e4f5-42a2-8d7b-f922f26d3dbc202604302231431777609908242709865.sst" input_files: "sstable1/92b1ea01-dd9f-4462-af88-dd93b66bf44e202604302231431777609908279021642.sst" compactIntoNextLevel: true destinationLevel: 2
2026-05-01 04:31:57:601 - Compaction started: 
139980458403392:Compacting sstable1/d7fd7237-e4f5-42a2-8d7b-f922f26d3dbc202604302231431777609908242709865.sst sstable1/92b1ea01-dd9f-4462-af88-dd93b66bf44e202604302231431777609908279021642.sst into:sstable2/295e5d96-35d5-4858-9636-91ee58c1def0202604302231431777609917621309155.sst
2026-05-01 04:31:57:652 - Compaction completed: 
2832518:COMPACT_START sstable=1 input_files: "sstable1/92b1ea01-dd9f-4462-af88-dd93b66bf44e202604302231431777609908483005285.sst" input_files: "sstable1/295e5d96-35d5-4858-9636-91ee58c1def0202604302231431777609908498405804.sst" compactIntoNextLevel: true destinationLevel: 2
2026-05-01 04:31:57:704 - Compaction started: 
139980458403392:Compacting sstable1/92b1ea01-dd9f-4462-af88-dd93b66bf44e202604302231431777609908483005285.sst sstable1/295e5d96-35d5-4858-9636-91ee58c1def0202604302231431777609908498405804.sst into:sstable2/295e5d96-35d5-4858-9636-91ee58c1def0202604302231431777609917724892896.sst
2026-05-01 04:31:57:757 - Compaction completed: 
2832518:COMPACT_START sstable=1 input_files: "sstable1/92b1ea01-dd9f-4462-af88-dd93b66bf44e202604302231431777609908685832670.sst" input_files: "sstable1/295e5d96-35d5-4858-9636-91ee58c1def0202604302231431777609908702195643.sst" compactIntoNextLevel: true destinationLevel: 2
2026-05-01 04:31:57:807 - Compaction started: 
139980458403392:Compacting sstable1/92b1ea01-dd9f-4462-af88-dd93b66bf44e202604302231431777609908685832670.sst sstable1/295e5d96-35d5-4858-9636-91ee58c1def0202604302231431777609908702195643.sst into:sstable2/295e5d96-35d5-4858-9636-91ee58c1def0202604302231431777609917827969756.sst
2026-05-01 04:31:57:862 - Compaction completed: 
2832518:COMPACT_START sstable=1 input_files: "sstable1/92b1ea01-dd9f-4462-af88-dd93b66bf44e202604302231431777609908887840770.sst" input_files: "sstable1/295e5d96-35d5-4858-9636-91ee58c1def0202604302231431777609908905112166.sst" compactIntoNextLevel: true destinationLevel: 2
2026-05-01 04:31:57:908 - Compaction started: 
139980458403392:Compacting sstable1/92b1ea01-dd9f-4462-af88-dd93b66bf44e202604302231431777609908887840770.sst sstable1/295e5d96-35d5-4858-9636-91ee58c1def0202604302231431777609908905112166.sst into:sstable2/295e5d96-35d5-4858-9636-91ee58c1def0202604302231431777609917927949962.sst
2026-05-01 04:31:57:960 - Compaction completed: 
2832518:COMPACT_START sstable=1 input_files: "sstable1/295e5d96-35d5-4858-9636-91ee58c1def0202604302231431777609909107930114.sst" input_files: "sstable1/b1b1be36-3b3b-435b-88ef-9b646e0de6fb202604302231431777609909144205653.sst" compactIntoNextLevel: true destinationLevel: 2
2026-05-01 04:31:58:011 - Compaction started: 
139980458403392:Compacting sstable1/295e5d96-35d5-4858-9636-91ee58c1def0202604302231431777609909107930114.sst sstable1/b1b1be36-3b3b-435b-88ef-9b646e0de6fb202604302231431777609909144205653.sst into:sstable2/295e5d96-35d5-4858-9636-91ee58c1def0202604302231431777609918031442471.sst
2026-05-01 04:31:58:065 - Compaction completed: 
2832518:COMPACT_START sstable=1 input_files: "sstable1/295e5d96-35d5-4858-9636-91ee58c1def0202604302231431777609909311138734.sst" input_files: "sstable1/b1b1be36-3b3b-435b-88ef-9b646e0de6fb202604302231431777609909347501647.sst" compactIntoNextLevel: true destinationLevel: 2
2026-05-01 04:31:58:113 - Compaction started: 
139980458403392:Compacting sstable1/295e5d96-35d5-4858-9636-91ee58c1def0202604302231431777609909311138734.sst sstable1/b1b1be36-3b3b-435b-88ef-9b646e0de6fb202604302231431777609909347501647.sst into:sstable2/295e5d96-35d5-4858-9636-91ee58c1def0202604302231431777609918135387849.sst
2026-05-01 04:31:58:170 - Compaction completed: 
2832518:COMPACT_START sstable=1 input_files: "sstable1/295e5d96-35d5-4858-9636-91ee58c1def0202604302231431777609909513551773.sst" input_files: "sstable1/b1b1be36-3b3b-435b-88ef-9b646e0de6fb202604302231431777609909550116004.sst" compactIntoNextLevel: true destinationLevel: 2
2026-05-01 04:31:58:216 - Compaction started: 
139980458403392:Compacting sstable1/295e5d96-35d5-4858-9636-91ee58c1def0202604302231431777609909513551773.sst sstable1/b1b1be36-3b3b-435b-88ef-9b646e0de6fb202604302231431777609909550116004.sst into:sstable2/295e5d96-35d5-4858-9636-91ee58c1def0202604302231431777609918235466700.sst
2026-05-01 04:31:58:267 - Compaction completed: 
2832518:COMPACT_START sstable=1 input_files: "sstable1/295e5d96-35d5-4858-9636-91ee58c1def0202604302231431777609909716041505.sst" input_files: "sstable1/b1b1be36-3b3b-435b-88ef-9b646e0de6fb202604302231431777609909753763196.sst" compactIntoNextLevel: true destinationLevel: 2
2026-05-01 04:31:58:319 - Compaction started: 
139980458403392:Compacting sstable1/295e5d96-35d5-4858-9636-91ee58c1def0202604302231431777609909716041505.sst sstable1/b1b1be36-3b3b-435b-88ef-9b646e0de6fb202604302231431777609909753763196.sst into:sstable2/295e5d96-35d5-4858-9636-91ee58c1def0202604302231431777609918337958363.sst
2026-05-01 04:31:58:370 - Compaction completed: 
2832518:COMPACT_START sstable=1 input_files: "sstable1/d7fd7237-e4f5-42a2-8d7b-f922f26d3dbc202604302231431777609909970462254.sst" input_files: "sstable1/92b1ea01-dd9f-4462-af88-dd93b66bf44e202604302231431777609910003650426.sst" compactIntoNextLevel: true destinationLevel: 2
2026-05-01 04:31:58:421 - Compaction started: 
139980458403392:Compacting sstable1/d7fd7237-e4f5-42a2-8d7b-f922f26d3dbc202604302231431777609909970462254.sst sstable1/92b1ea01-dd9f-4462-af88-dd93b66bf44e202604302231431777609910003650426.sst into:sstable2/295e5d96-35d5-4858-9636-91ee58c1def0202604302231431777609918440958460.sst
2026-05-01 04:31:58:473 - Compaction completed: 
2832518:COMPACT_START sstable=1 input_files: "sstable1/92b1ea01-dd9f-4462-af88-dd93b66bf44e202604302231431777609910206473524.sst" input_files: "sstable1/295e5d96-35d5-4858-9636-91ee58c1def0202604302231431777609910222263463.sst" compactIntoNextLevel: true destinationLevel: 2
2026-05-01 04:31:58:524 - Compaction started: 
139980458403392:Compacting sstable1/92b1ea01-dd9f-4462-af88-dd93b66bf44e202604302231431777609910206473524.sst sstable1/295e5d96-35d5-4858-9636-91ee58c1def0202604302231431777609910222263463.sst into:sstable2/295e5d96-35d5-4858-9636-91ee58c1def0202604302231431777609918544799974.sst
2026-05-01 04:31:58:579 - Compaction completed: 
2832518:COMPACT_START sstable=1 input_files: "sstable1/295e5d96-35d5-4858-9636-91ee58c1def0202604302231431777609910424864584.sst" input_files: "sstable1/92b1ea01-dd9f-4462-af88-dd93b66bf44e202604302231431777609910436984223.sst" compactIntoNextLevel: true destinationLevel: 2
2026-05-01 04:31:58:627 - Compaction started: 
139980458403392:Compacting sstable1/295e5d96-35d5-4858-9636-91ee58c1def0202604302231431777609910424864584.sst sstable1/92b1ea01-dd9f-4462-af88-dd93b66bf44e202604302231431777609910436984223.sst into:sstable2/295e5d96-35d5-4858-9636-91ee58c1def0202604302231431777609918646509280.sst
2026-05-01 04:31:58:679 - Compaction completed: 
2832518:COMPACT_START sstable=1 input_files: "sstable1/295e5d96-35d5-4858-9636-91ee58c1def0202604302231431777609910627805112.sst" input_files: "sstable1/92b1ea01-dd9f-4462-af88-dd93b66bf44e202604302231431777609910639599260.sst" compactIntoNextLevel: true destinationLevel: 2
2026-05-01 04:31:58:729 - Compaction started: 
139980458403392:Compacting sstable1/295e5d96-35d5-4858-9636-91ee58c1def0202604302231431777609910627805112.sst sstable1/92b1ea01-dd9f-4462-af88-dd93b66bf44e202604302231431777609910639599260.sst into:sstable2/295e5d96-35d5-4858-9636-91ee58c1def0202604302231431777609918748839351.sst
2026-05-01 04:31:58:784 - Compaction completed: 
2832518:COMPACT_START sstable=1 input_files: "sstable1/92b1ea01-dd9f-4462-af88-dd93b66bf44e202604302231431777609910841702238.sst" input_files: "sstable1/b1b1be36-3b3b-435b-88ef-9b646e0de6fb202604302231431777609910870820731.sst" compactIntoNextLevel: true destinationLevel: 2
2832518:COMPACT_ABORT input_files: "sstable1/92b1ea01-dd9f-4462-af88-dd93b66bf44e202604302231431777609910841702238.sst" input_files: "sstable1/b1b1be36-3b3b-435b-88ef-9b646e0de6fb202604302231431777609910870820731.sst" compactIntoNextLevel: true destinationLevel: 2
2832518:COMPACT_START sstable=1 input_files: "sstable1/92b1ea01-dd9f-4462-af88-dd93b66bf44e202604302231431777609911045219437.sst" input_files: "sstable1/b1b1be36-3b3b-435b-88ef-9b646e0de6fb202604302231431777609911074893451.sst" compactIntoNextLevel: true destinationLevel: 2
2026-05-01 04:31:58:934 - Compaction started: 
139980458403392:Compacting sstable1/92b1ea01-dd9f-4462-af88-dd93b66bf44e202604302231431777609911045219437.sst sstable1/b1b1be36-3b3b-435b-88ef-9b646e0de6fb202604302231431777609911074893451.sst into:sstable2/295e5d96-35d5-4858-9636-91ee58c1def0202604302231431777609918955983889.sst
2026-05-01 04:31:58:990 - Compaction completed: 
2832518:COMPACT_START sstable=1 input_files: "sstable1/92b1ea01-dd9f-4462-af88-dd93b66bf44e202604302231431777609911248051601.sst" input_files: "sstable1/b1b1be36-3b3b-435b-88ef-9b646e0de6fb202604302231431777609911277800887.sst" compactIntoNextLevel: true destinationLevel: 2
2026-05-01 04:31:59:037 - Compaction started: 
139980458403392:Compacting sstable1/92b1ea01-dd9f-4462-af88-dd93b66bf44e202604302231431777609911248051601.sst sstable1/b1b1be36-3b3b-435b-88ef-9b646e0de6fb202604302231431777609911277800887.sst into:sstable2/295e5d96-35d5-4858-9636-91ee58c1def0202604302231431777609919058236444.sst
2026-05-01 04:31:59:092 - Compaction completed: 
2832518:Task input_files: "sstable1/b1b1be36-3b3b-435b-88ef-9b646e0de6fb202604302231431777609905375027413.sst" input_files: "sstable1/d7fd7237-e4f5-42a2-8d7b-f922f26d3dbc202604302231431777609905392346078.sst" compactIntoNextLevel: true destinationLevel: 2 is dead (hb=30)
2832518:Found dead task input_files: "sstable1/b1b1be36-3b3b-435b-88ef-9b646e0de6fb202604302231431777609905375027413.sst" input_files: "sstable1/d7fd7237-e4f5-42a2-8d7b-f922f26d3dbc202604302231431777609905392346078.sst" compactIntoNextLevel: true destinationLevel: 2
2832518:COMPACT_START sstable=1 input_files: "sstable1/b1b1be36-3b3b-435b-88ef-9b646e0de6fb202604302231431777609905375027413.sst" input_files: "sstable1/d7fd7237-e4f5-42a2-8d7b-f922f26d3dbc202604302231431777609905392346078.sst" compactIntoNextLevel: true destinationLevel: 2
2026-05-01 04:31:59:140 - Compaction started: 
139980458403392:Compacting sstable1/b1b1be36-3b3b-435b-88ef-9b646e0de6fb202604302231431777609905375027413.sst sstable1/d7fd7237-e4f5-42a2-8d7b-f922f26d3dbc202604302231431777609905392346078.sst into:sstable2/295e5d96-35d5-4858-9636-91ee58c1def0202604302231431777609919164546315.sst
2026-05-01 04:31:59:204 - Compaction completed: 
2832518:COMPACT_START sstable=1 input_files: "sstable1/b1b1be36-3b3b-435b-88ef-9b646e0de6fb202604302231431777609911581873108.sst" input_files: "sstable1/d7fd7237-e4f5-42a2-8d7b-f922f26d3dbc202604302231431777609911617739611.sst" compactIntoNextLevel: true destinationLevel: 2
2026-05-01 04:31:59:242 - Compaction started: 
139980458403392:Compacting sstable1/b1b1be36-3b3b-435b-88ef-9b646e0de6fb202604302231431777609911581873108.sst sstable1/d7fd7237-e4f5-42a2-8d7b-f922f26d3dbc202604302231431777609911617739611.sst into:sstable2/295e5d96-35d5-4858-9636-91ee58c1def0202604302231431777609919263152955.sst
2026-05-01 04:31:59:296 - Compaction completed: 
2832518:COMPACT_START sstable=1 input_files: "sstable1/295e5d96-35d5-4858-9636-91ee58c1def0202604302231431777609914931410849.sst" input_files: "sstable1/b1b1be36-3b3b-435b-88ef-9b646e0de6fb202604302231431777609911886577135.sst" compactIntoNextLevel: true destinationLevel: 2
2026-05-01 04:31:59:346 - Compaction started: 
139980458403392:Compacting sstable1/295e5d96-35d5-4858-9636-91ee58c1def0202604302231431777609914931410849.sst sstable1/b1b1be36-3b3b-435b-88ef-9b646e0de6fb202604302231431777609911886577135.sst into:sstable2/295e5d96-35d5-4858-9636-91ee58c1def0202604302231431777609919365489037.sst
2026-05-01 04:31:59:397 - Compaction completed: 
2832518:COMPACT_START sstable=1 input_files: "sstable1/295e5d96-35d5-4858-9636-91ee58c1def0202604302231431777609912064252792.sst" input_files: "sstable1/d7fd7237-e4f5-42a2-8d7b-f922f26d3dbc202604302231431777609912126777847.sst" compactIntoNextLevel: true destinationLevel: 2
2026-05-01 04:31:59:449 - Compaction started: 
139980458403392:Compacting sstable1/295e5d96-35d5-4858-9636-91ee58c1def0202604302231431777609912064252792.sst sstable1/d7fd7237-e4f5-42a2-8d7b-f922f26d3dbc202604302231431777609912126777847.sst into:sstable2/295e5d96-35d5-4858-9636-91ee58c1def0202604302231431777609919467765627.sst
2026-05-01 04:31:59:499 - Compaction completed: 
2832518:COMPACT_START sstable=1 input_files: "sstable1/b1b1be36-3b3b-435b-88ef-9b646e0de6fb202604302231431777609912296596257.sst" input_files: "sstable1/d7fd7237-e4f5-42a2-8d7b-f922f26d3dbc202604302231431777609912331149197.sst" compactIntoNextLevel: true destinationLevel: 2
2026-05-01 04:31:59:552 - Compaction started: 
139980458403392:Compacting sstable1/b1b1be36-3b3b-435b-88ef-9b646e0de6fb202604302231431777609912296596257.sst sstable1/d7fd7237-e4f5-42a2-8d7b-f922f26d3dbc202604302231431777609912331149197.sst into:sstable2/295e5d96-35d5-4858-9636-91ee58c1def0202604302231431777609919571235384.sst
2026-05-01 04:31:59:602 - Compaction completed: 
2832518:COMPACT_START sstable=1 input_files: "sstable1/b1b1be36-3b3b-435b-88ef-9b646e0de6fb202604302231431777609912501477562.sst" input_files: "sstable1/d7fd7237-e4f5-42a2-8d7b-f922f26d3dbc202604302231431777609912535071104.sst" compactIntoNextLevel: true destinationLevel: 2
2026-05-01 04:31:59:654 - Compaction started: 
139980458403392:Compacting sstable1/b1b1be36-3b3b-435b-88ef-9b646e0de6fb202604302231431777609912501477562.sst sstable1/d7fd7237-e4f5-42a2-8d7b-f922f26d3dbc202604302231431777609912535071104.sst into:sstable2/295e5d96-35d5-4858-9636-91ee58c1def0202604302231431777609919674639117.sst
2026-05-01 04:31:59:707 - Compaction completed: 
2832518:COMPACT_START sstable=1 input_files: "sstable1/b1b1be36-3b3b-435b-88ef-9b646e0de6fb202604302231431777609912706276634.sst" input_files: "sstable1/d7fd7237-e4f5-42a2-8d7b-f922f26d3dbc202604302231431777609912738971912.sst" compactIntoNextLevel: true destinationLevel: 2
2026-05-01 04:31:59:757 - Compaction started: 
139980458403392:Compacting sstable1/b1b1be36-3b3b-435b-88ef-9b646e0de6fb202604302231431777609912706276634.sst sstable1/d7fd7237-e4f5-42a2-8d7b-f922f26d3dbc202604302231431777609912738971912.sst into:sstable2/295e5d96-35d5-4858-9636-91ee58c1def0202604302231431777609919776132118.sst
2026-05-01 04:31:59:806 - Compaction completed: 
2832518:COMPACT_START sstable=1 input_files: "sstable1/b1b1be36-3b3b-435b-88ef-9b646e0de6fb202604302231431777609912909865536.sst" input_files: "sstable1/d7fd7237-e4f5-42a2-8d7b-f922f26d3dbc202604302231431777609912942915109.sst" compactIntoNextLevel: true destinationLevel: 2
2026-05-01 04:31:59:860 - Compaction started: 
139980458403392:Compacting sstable1/b1b1be36-3b3b-435b-88ef-9b646e0de6fb202604302231431777609912909865536.sst sstable1/d7fd7237-e4f5-42a2-8d7b-f922f26d3dbc202604302231431777609912942915109.sst into:sstable2/295e5d96-35d5-4858-9636-91ee58c1def0202604302231431777609919878102665.sst
2026-05-01 04:31:59:907 - Compaction completed: 
2832518:COMPACT_START sstable=1 input_files: "sstable1/92b1ea01-dd9f-4462-af88-dd93b66bf44e202604302231431777609913190700940.sst" input_files: "sstable1/295e5d96-35d5-4858-9636-91ee58c1def0202604302231431777609913199428650.sst" compactIntoNextLevel: true destinationLevel: 2
2026-05-01 04:31:59:962 - Compaction started: 
139980458403392:Compacting sstable1/92b1ea01-dd9f-4462-af88-dd93b66bf44e202604302231431777609913190700940.sst sstable1/295e5d96-35d5-4858-9636-91ee58c1def0202604302231431777609913199428650.sst into:sstable2/295e5d96-35d5-4858-9636-91ee58c1def0202604302231431777609919981523570.sst
2026-05-01 04:32:00:012 - Compaction completed: 
2832518:COMPACT_START sstable=1 input_files: "sstable1/295e5d96-35d5-4858-9636-91ee58c1def0202604302231431777609913403540644.sst" input_files: "sstable1/b1b1be36-3b3b-435b-88ef-9b646e0de6fb202604302231431777609913421703471.sst" compactIntoNextLevel: true destinationLevel: 2
2026-05-01 04:32:00:065 - Compaction started: 
139980458403392:Compacting sstable1/295e5d96-35d5-4858-9636-91ee58c1def0202604302231431777609913403540644.sst sstable1/b1b1be36-3b3b-435b-88ef-9b646e0de6fb202604302231431777609913421703471.sst into:sstable2/295e5d96-35d5-4858-9636-91ee58c1def0202604302231431777609920084132693.sst
2026-05-01 04:32:00:113 - Compaction completed: 
2832518:COMPACT_START sstable=1 input_files: "sstable1/295e5d96-35d5-4858-9636-91ee58c1def0202604302231431777609913504617666.sst" input_files: "sstable1/b1b1be36-3b3b-435b-88ef-9b646e0de6fb202604302231431777609913522978423.sst" compactIntoNextLevel: true destinationLevel: 2
2026-05-01 04:32:00:168 - Compaction started: 
139980458403392:Compacting sstable1/295e5d96-35d5-4858-9636-91ee58c1def0202604302231431777609913504617666.sst sstable1/b1b1be36-3b3b-435b-88ef-9b646e0de6fb202604302231431777609913522978423.sst into:sstable2/295e5d96-35d5-4858-9636-91ee58c1def0202604302231431777609920186900074.sst
2026-05-01 04:32:00:218 - Compaction completed: 
2832518:COMPACT_START sstable=1 input_files: "sstable1/295e5d96-35d5-4858-9636-91ee58c1def0202604302231431777609913707740535.sst" input_files: "sstable1/b1b1be36-3b3b-435b-88ef-9b646e0de6fb202604302231431777609913726927491.sst" compactIntoNextLevel: true destinationLevel: 2
2026-05-01 04:32:00:270 - Compaction started: 
139980458403392:Compacting sstable1/295e5d96-35d5-4858-9636-91ee58c1def0202604302231431777609913707740535.sst sstable1/b1b1be36-3b3b-435b-88ef-9b646e0de6fb202604302231431777609913726927491.sst into:sstable2/295e5d96-35d5-4858-9636-91ee58c1def0202604302231431777609920288407071.sst
2026-05-01 04:32:00:316 - Compaction completed: 
2832518:COMPACT_START sstable=1 input_files: "sstable1/d7fd7237-e4f5-42a2-8d7b-f922f26d3dbc202604302231431777609913855771123.sst" input_files: "sstable1/92b1ea01-dd9f-4462-af88-dd93b66bf44e202604302231431777609913902989745.sst" compactIntoNextLevel: true destinationLevel: 2
2026-05-01 04:32:00:373 - Compaction started: 
139980458403392:Compacting sstable1/d7fd7237-e4f5-42a2-8d7b-f922f26d3dbc202604302231431777609913855771123.sst sstable1/92b1ea01-dd9f-4462-af88-dd93b66bf44e202604302231431777609913902989745.sst into:sstable2/295e5d96-35d5-4858-9636-91ee58c1def0202604302231431777609920391643441.sst
2026-05-01 04:32:00:420 - Compaction completed: 
2832518:COMPACT_START sstable=1 input_files: "sstable1/295e5d96-35d5-4858-9636-91ee58c1def0202604302231431777609914013132150.sst" input_files: "sstable1/b1b1be36-3b3b-435b-88ef-9b646e0de6fb202604302231431777609914031774806.sst" compactIntoNextLevel: true destinationLevel: 2
2026-05-01 04:32:00:476 - Compaction started: 
139980458403392:Compacting sstable1/295e5d96-35d5-4858-9636-91ee58c1def0202604302231431777609914013132150.sst sstable1/b1b1be36-3b3b-435b-88ef-9b646e0de6fb202604302231431777609914031774806.sst into:sstable2/295e5d96-35d5-4858-9636-91ee58c1def0202604302231431777609920494652885.sst
2026-05-01 04:32:00:522 - Compaction completed: 
2832518:COMPACT_START sstable=1 input_files: "sstable1/d7fd7237-e4f5-42a2-8d7b-f922f26d3dbc202604302231431777609914160056944.sst" input_files: "sstable1/92b1ea01-dd9f-4462-af88-dd93b66bf44e202604302231431777609914207420789.sst" compactIntoNextLevel: true destinationLevel: 2
2026-05-01 04:32:00:578 - Compaction started: 
139980458403392:Compacting sstable1/d7fd7237-e4f5-42a2-8d7b-f922f26d3dbc202604302231431777609914160056944.sst sstable1/92b1ea01-dd9f-4462-af88-dd93b66bf44e202604302231431777609914207420789.sst into:sstable2/295e5d96-35d5-4858-9636-91ee58c1def0202604302231431777609920596403238.sst
2026-05-01 04:32:00:625 - Compaction completed: 
2832518:COMPACT_START sstable=1 input_files: "sstable1/b1b1be36-3b3b-435b-88ef-9b646e0de6fb202604302231431777609914336433076.sst" input_files: "sstable1/b1b1be36-3b3b-435b-88ef-9b646e0de6fb202604302231431777609917494838894.sst" compactIntoNextLevel: true destinationLevel: 2
2026-05-01 04:32:00:681 - Compaction started: 
139980458403392:Compacting sstable1/b1b1be36-3b3b-435b-88ef-9b646e0de6fb202604302231431777609914336433076.sst sstable1/b1b1be36-3b3b-435b-88ef-9b646e0de6fb202604302231431777609917494838894.sst into:sstable2/295e5d96-35d5-4858-9636-91ee58c1def0202604302231431777609920700018598.sst
2026-05-01 04:32:00:727 - Compaction completed: 
2832518:COMPACT_START sstable=1 input_files: "sstable1/d7fd7237-e4f5-42a2-8d7b-f922f26d3dbc202604302231431777609914565188164.sst" input_files: "sstable1/92b1ea01-dd9f-4462-af88-dd93b66bf44e202604302231431777609914612836212.sst" compactIntoNextLevel: true destinationLevel: 2
2026-05-01 04:32:00:783 - Compaction started: 
139980458403392:Compacting sstable1/d7fd7237-e4f5-42a2-8d7b-f922f26d3dbc202604302231431777609914565188164.sst sstable1/92b1ea01-dd9f-4462-af88-dd93b66bf44e202604302231431777609914612836212.sst into:sstable2/295e5d96-35d5-4858-9636-91ee58c1def0202604302231431777609920799580600.sst
2026-05-01 04:32:00:825 - Compaction completed: 
2832518:COMPACT_START sstable=1 input_files: "sstable1/d7fd7237-e4f5-42a2-8d7b-f922f26d3dbc202604302231431777609914767654913.sst" input_files: "sstable1/92b1ea01-dd9f-4462-af88-dd93b66bf44e202604302231431777609914815975081.sst" compactIntoNextLevel: true destinationLevel: 2
2026-05-01 04:32:00:885 - Compaction started: 
139980458403392:Compacting sstable1/d7fd7237-e4f5-42a2-8d7b-f922f26d3dbc202604302231431777609914767654913.sst sstable1/92b1ea01-dd9f-4462-af88-dd93b66bf44e202604302231431777609914815975081.sst into:sstable2/295e5d96-35d5-4858-9636-91ee58c1def0202604302231431777609920902171149.sst
2026-05-01 04:32:00:930 - Compaction completed: 
2832518:COMPACT_START sstable=1 input_files: "sstable1/92b1ea01-dd9f-4462-af88-dd93b66bf44e202604302231431777609915018302409.sst" input_files: "sstable1/295e5d96-35d5-4858-9636-91ee58c1def0202604302231431777609915045021585.sst" compactIntoNextLevel: true destinationLevel: 2
2026-05-01 04:32:00:986 - Compaction started: 
139980458403392:Compacting sstable1/92b1ea01-dd9f-4462-af88-dd93b66bf44e202604302231431777609915018302409.sst sstable1/295e5d96-35d5-4858-9636-91ee58c1def0202604302231431777609915045021585.sst into:sstable2/295e5d96-35d5-4858-9636-91ee58c1def0202604302231431777609921002620754.sst
2026-05-01 04:32:01:029 - Compaction completed: 
2832518:COMPACT_START sstable=1 input_files: "sstable1/b1b1be36-3b3b-435b-88ef-9b646e0de6fb202604302231431777609915147187638.sst" input_files: "sstable1/d7fd7237-e4f5-42a2-8d7b-f922f26d3dbc202604302231431777609915172737231.sst" compactIntoNextLevel: true destinationLevel: 2
2026-05-01 04:32:01:091 - Compaction started: 
139980458403392:Compacting sstable1/b1b1be36-3b3b-435b-88ef-9b646e0de6fb202604302231431777609915147187638.sst sstable1/d7fd7237-e4f5-42a2-8d7b-f922f26d3dbc202604302231431777609915172737231.sst into:sstable2/295e5d96-35d5-4858-9636-91ee58c1def0202604302231431777609921109065377.sst
2026-05-01 04:32:01:137 - Compaction completed: 
2832518:COMPACT_START sstable=1 input_files: "sstable2/295e5d96-35d5-4858-9636-91ee58c1def0202604302231431777609915570856546.sst" input_files: "sstable2/b1b1be36-3b3b-435b-88ef-9b646e0de6fb202604302231431777609915571799945.sst" compactIntoNextLevel: false destinationLevel: 2
2026-05-01 04:32:01:195 - Compaction started: 
139980458403392:Compacting sstable2/295e5d96-35d5-4858-9636-91ee58c1def0202604302231431777609915570856546.sst sstable2/b1b1be36-3b3b-435b-88ef-9b646e0de6fb202604302231431777609915571799945.sst into:sstable2/0_295e5d96-35d5-4858-9636-91ee58c1def0202604302231431777609921245681898.sst
2026-05-01 04:32:01:331 - Compaction completed: 
2832518:COMPACT_START sstable=1 input_files: "sstable2/295e5d96-35d5-4858-9636-91ee58c1def0202604302231431777609915673474407.sst" input_files: "sstable2/b1b1be36-3b3b-435b-88ef-9b646e0de6fb202604302231431777609915675360472.sst" compactIntoNextLevel: false destinationLevel: 2
2026-05-01 04:32:01:399 - Compaction started: 
139980458403392:Compacting sstable2/295e5d96-35d5-4858-9636-91ee58c1def0202604302231431777609915673474407.sst sstable2/b1b1be36-3b3b-435b-88ef-9b646e0de6fb202604302231431777609915675360472.sst into:sstable2/0_295e5d96-35d5-4858-9636-91ee58c1def0202604302231431777609921448187431.sst
2026-05-01 04:32:01:528 - Compaction completed: 
2832518:COMPACT_START sstable=1 input_files: "sstable2/0_295e5d96-35d5-4858-9636-91ee58c1def0202604302231431777609921448187431.sst" input_files: "sstable2/0_d7fd7237-e4f5-42a2-8d7b-f922f26d3dbc202604302231431777609921464981191.sst" compactIntoNextLevel: false destinationLevel: 2
2026-05-01 04:32:01:604 - Compaction started: 
139980458403392:Compacting sstable2/0_295e5d96-35d5-4858-9636-91ee58c1def0202604302231431777609921448187431.sst sstable2/0_d7fd7237-e4f5-42a2-8d7b-f922f26d3dbc202604302231431777609921464981191.sst into:sstable2/1_295e5d96-35d5-4858-9636-91ee58c1def0202604302231431777609921707524494.sst
2026-05-01 04:32:01:867 - Compaction completed: 
2832518:Task input_files: "sstable1/92b1ea01-dd9f-4462-af88-dd93b66bf44e202604302231431777609910841702238.sst" input_files: "sstable1/b1b1be36-3b3b-435b-88ef-9b646e0de6fb202604302231431777609910870820731.sst" compactIntoNextLevel: true destinationLevel: 2 is dead (hb=30)
2832518:Found dead task input_files: "sstable1/92b1ea01-dd9f-4462-af88-dd93b66bf44e202604302231431777609910841702238.sst" input_files: "sstable1/b1b1be36-3b3b-435b-88ef-9b646e0de6fb202604302231431777609910870820731.sst" compactIntoNextLevel: true destinationLevel: 2
2832518:COMPACT_START sstable=1 input_files: "sstable1/92b1ea01-dd9f-4462-af88-dd93b66bf44e202604302231431777609910841702238.sst" input_files: "sstable1/b1b1be36-3b3b-435b-88ef-9b646e0de6fb202604302231431777609910870820731.sst" compactIntoNextLevel: true destinationLevel: 2
2026-05-01 04:32:01:908 - Compaction started: 
139980458403392:Compacting sstable1/92b1ea01-dd9f-4462-af88-dd93b66bf44e202604302231431777609910841702238.sst sstable1/b1b1be36-3b3b-435b-88ef-9b646e0de6fb202604302231431777609910870820731.sst into:sstable2/295e5d96-35d5-4858-9636-91ee58c1def0202604302231431777609921927689951.sst
2026-05-01 04:32:01:958 - Compaction completed: 
2832518:COMPACT_START sstable=1 input_files: "sstable2/d7fd7237-e4f5-42a2-8d7b-f922f26d3dbc202604302231431777609915904377912.sst" input_files: "sstable2/92b1ea01-dd9f-4462-af88-dd93b66bf44e202604302231431777609915952533691.sst" compactIntoNextLevel: false destinationLevel: 2
2026-05-01 04:32:02:015 - Compaction started: 
139980458403392:Compacting sstable2/d7fd7237-e4f5-42a2-8d7b-f922f26d3dbc202604302231431777609915904377912.sst sstable2/92b1ea01-dd9f-4462-af88-dd93b66bf44e202604302231431777609915952533691.sst into:sstable2/0_295e5d96-35d5-4858-9636-91ee58c1def0202604302231431777609922063557848.sst
2026-05-01 04:32:02:142 - Compaction completed: 
2832518:COMPACT_START sstable=1 input_files: "sstable2/d7fd7237-e4f5-42a2-8d7b-f922f26d3dbc202604302231431777609916005088055.sst" input_files: "sstable2/92b1ea01-dd9f-4462-af88-dd93b66bf44e202604302231431777609916054639782.sst" compactIntoNextLevel: false destinationLevel: 2
2026-05-01 04:32:02:222 - Compaction started: 
139980458403392:Compacting sstable2/d7fd7237-e4f5-42a2-8d7b-f922f26d3dbc202604302231431777609916005088055.sst sstable2/92b1ea01-dd9f-4462-af88-dd93b66bf44e202604302231431777609916054639782.sst into:sstable2/0_295e5d96-35d5-4858-9636-91ee58c1def0202604302231431777609922270186850.sst
2026-05-01 04:32:02:348 - Compaction completed: 
2832518:Task input_files: "sstable1/295e5d96-35d5-4858-9636-91ee58c1def0202604302231431777609911747674007.sst" input_files: "sstable1/92b1ea01-dd9f-4462-af88-dd93b66bf44e202604302231431777609911754788473.sst" compactIntoNextLevel: true destinationLevel: 2 is dead (hb=31)
2832518:Found dead task input_files: "sstable1/295e5d96-35d5-4858-9636-91ee58c1def0202604302231431777609911747674007.sst" input_files: "sstable1/92b1ea01-dd9f-4462-af88-dd93b66bf44e202604302231431777609911754788473.sst" compactIntoNextLevel: true destinationLevel: 2
2832518:COMPACT_START sstable=1 input_files: "sstable1/295e5d96-35d5-4858-9636-91ee58c1def0202604302231431777609911747674007.sst" input_files: "sstable1/92b1ea01-dd9f-4462-af88-dd93b66bf44e202604302231431777609911754788473.sst" compactIntoNextLevel: true destinationLevel: 2
2026-05-01 04:32:02:425 - Compaction started: 
139980458403392:Compacting sstable1/295e5d96-35d5-4858-9636-91ee58c1def0202604302231431777609911747674007.sst sstable1/92b1ea01-dd9f-4462-af88-dd93b66bf44e202604302231431777609911754788473.sst into:sstable2/295e5d96-35d5-4858-9636-91ee58c1def0202604302231431777609922445193334.sst
2026-05-01 04:32:02:477 - Compaction completed: 
2832518:COMPACT_START sstable=1 input_files: "sstable2/b1b1be36-3b3b-435b-88ef-9b646e0de6fb202604302231431777609916181189202.sst" input_files: "sstable2/295e5d96-35d5-4858-9636-91ee58c1def0202604302231431777609916182393810.sst" compactIntoNextLevel: false destinationLevel: 2
2026-05-01 04:32:02:532 - Compaction started: 
139980458403392:Compacting sstable2/b1b1be36-3b3b-435b-88ef-9b646e0de6fb202604302231431777609916181189202.sst sstable2/295e5d96-35d5-4858-9636-91ee58c1def0202604302231431777609916182393810.sst into:sstable2/0_295e5d96-35d5-4858-9636-91ee58c1def0202604302231431777609922581632583.sst
2026-05-01 04:32:02:661 - Compaction completed: 
2832518:COMPACT_START sstable=1 input_files: "sstable2/1_b1b1be36-3b3b-435b-88ef-9b646e0de6fb202604302231431777609922302945878.sst" input_files: "sstable2/1_d7fd7237-e4f5-42a2-8d7b-f922f26d3dbc202604302231431777609922540379403.sst" compactIntoNextLevel: false destinationLevel: 2
2026-05-01 04:32:02:735 - Compaction started: 
139980458403392:Compacting sstable2/1_b1b1be36-3b3b-435b-88ef-9b646e0de6fb202604302231431777609922302945878.sst sstable2/1_d7fd7237-e4f5-42a2-8d7b-f922f26d3dbc202604302231431777609922540379403.sst into:sstable2/2_295e5d96-35d5-4858-9636-91ee58c1def0202604302231431777609922950412060.sst
2026-05-01 04:32:03:263 - Compaction completed: 
2832518:COMPACT_START sstable=1 input_files: "sstable2/0_92b1ea01-dd9f-4462-af88-dd93b66bf44e202604302231431777609923055301218.sst" input_files: "sstable2/0_d7fd7237-e4f5-42a2-8d7b-f922f26d3dbc202604302231431777609923203132491.sst" compactIntoNextLevel: false destinationLevel: 2
2026-05-01 04:32:03:342 - Compaction started: 
139980458403392:Compacting sstable2/0_92b1ea01-dd9f-4462-af88-dd93b66bf44e202604302231431777609923055301218.sst sstable2/0_d7fd7237-e4f5-42a2-8d7b-f922f26d3dbc202604302231431777609923203132491.sst into:sstable2/1_295e5d96-35d5-4858-9636-91ee58c1def0202604302231431777609923434923249.sst
2026-05-01 04:32:03:592 - Compaction completed: 
2832518:COMPACT_START sstable=1 input_files: "sstable2/295e5d96-35d5-4858-9636-91ee58c1def0202604302231431777609916587221701.sst" input_files: "sstable2/d7fd7237-e4f5-42a2-8d7b-f922f26d3dbc202604302231431777609916614941602.sst" compactIntoNextLevel: false destinationLevel: 2
2832518:COMPACT_ABORT input_files: "sstable2/295e5d96-35d5-4858-9636-91ee58c1def0202604302231431777609916587221701.sst" input_files: "sstable2/d7fd7237-e4f5-42a2-8d7b-f922f26d3dbc202604302231431777609916614941602.sst" compactIntoNextLevel: false destinationLevel: 2
2832518:COMPACT_START sstable=1 input_files: "sstable2/0_92b1ea01-dd9f-4462-af88-dd93b66bf44e202604302231431777609923458156110.sst" input_files: "sstable2/0_92b1ea01-dd9f-4462-af88-dd93b66bf44e202604302231431777609923663061240.sst" compactIntoNextLevel: false destinationLevel: 2
2026-05-01 04:32:03:755 - Compaction started: 
139980458403392:Compacting sstable2/0_92b1ea01-dd9f-4462-af88-dd93b66bf44e202604302231431777609923458156110.sst sstable2/0_92b1ea01-dd9f-4462-af88-dd93b66bf44e202604302231431777609923663061240.sst into:sstable2/1_295e5d96-35d5-4858-9636-91ee58c1def0202604302231431777609923844429920.sst
2026-05-01 04:32:03:997 - Compaction completed: 
2832518:COMPACT_START sstable=1 input_files: "sstable2/92b1ea01-dd9f-4462-af88-dd93b66bf44e202604302231431777609916867989197.sst" input_files: "sstable2/295e5d96-35d5-4858-9636-91ee58c1def0202604302231431777609916890605421.sst" compactIntoNextLevel: false destinationLevel: 2
2026-05-01 04:32:04:068 - Compaction started: 
139980458403392:Compacting sstable2/92b1ea01-dd9f-4462-af88-dd93b66bf44e202604302231431777609916867989197.sst sstable2/295e5d96-35d5-4858-9636-91ee58c1def0202604302231431777609916890605421.sst into:sstable2/0_295e5d96-35d5-4858-9636-91ee58c1def0202604302231431777609924116907787.sst
2026-05-01 04:32:04:201 - Compaction completed: 
2832518:COMPACT_START sstable=1 input_files: "sstable2/295e5d96-35d5-4858-9636-91ee58c1def0202604302231431777609917104840902.sst" input_files: "sstable2/d7fd7237-e4f5-42a2-8d7b-f922f26d3dbc202604302231431777609917123140515.sst" compactIntoNextLevel: false destinationLevel: 2
2026-05-01 04:32:04:286 - Compaction started: 
139980458403392:Compacting sstable2/295e5d96-35d5-4858-9636-91ee58c1def0202604302231431777609917104840902.sst sstable2/d7fd7237-e4f5-42a2-8d7b-f922f26d3dbc202604302231431777609917123140515.sst into:sstable2/0_295e5d96-35d5-4858-9636-91ee58c1def0202604302231431777609924333004195.sst
2026-05-01 04:32:04:408 - Compaction completed: 
2832518:COMPACT_START sstable=1 input_files: "sstable2/295e5d96-35d5-4858-9636-91ee58c1def0202604302231431777609917309754888.sst" input_files: "sstable2/d7fd7237-e4f5-42a2-8d7b-f922f26d3dbc202604302231431777609920390285315.sst" compactIntoNextLevel: false destinationLevel: 2
2026-05-01 04:32:04:509 - Compaction started: 
139980458403392:Compacting sstable2/295e5d96-35d5-4858-9636-91ee58c1def0202604302231431777609917309754888.sst sstable2/d7fd7237-e4f5-42a2-8d7b-f922f26d3dbc202604302231431777609920390285315.sst into:sstable2/0_295e5d96-35d5-4858-9636-91ee58c1def0202604302231431777609924555216087.sst
2026-05-01 04:32:04:629 - Compaction completed: 
2832518:COMPACT_START sstable=1 input_files: "sstable2/d7fd7237-e4f5-42a2-8d7b-f922f26d3dbc202604302231431777609917533047777.sst" input_files: "sstable2/92b1ea01-dd9f-4462-af88-dd93b66bf44e202604302231431777609917579901585.sst" compactIntoNextLevel: false destinationLevel: 2
2026-05-01 04:32:04:735 - Compaction started: 
139980458403392:Compacting sstable2/d7fd7237-e4f5-42a2-8d7b-f922f26d3dbc202604302231431777609917533047777.sst sstable2/92b1ea01-dd9f-4462-af88-dd93b66bf44e202604302231431777609917579901585.sst into:sstable2/0_295e5d96-35d5-4858-9636-91ee58c1def0202604302231431777609924780758332.sst
2026-05-01 04:32:04:854 - Compaction completed: 
2832518:COMPACT_START sstable=1 input_files: "sstable2/d7fd7237-e4f5-42a2-8d7b-f922f26d3dbc202604302231431777609917736606584.sst" input_files: "sstable2/92b1ea01-dd9f-4462-af88-dd93b66bf44e202604302231431777609917786312618.sst" compactIntoNextLevel: false destinationLevel: 2
2026-05-01 04:32:04:966 - Compaction started: 
139980458403392:Compacting sstable2/d7fd7237-e4f5-42a2-8d7b-f922f26d3dbc202604302231431777609917736606584.sst sstable2/92b1ea01-dd9f-4462-af88-dd93b66bf44e202604302231431777609917786312618.sst into:sstable2/0_295e5d96-35d5-4858-9636-91ee58c1def0202604302231431777609925010711756.sst
2026-05-01 04:32:05:081 - Compaction completed: 
2832518:COMPACT_START sstable=1 input_files: "sstable2/d7fd7237-e4f5-42a2-8d7b-f922f26d3dbc202604302231431777609921006001611.sst" input_files: "sstable2/92b1ea01-dd9f-4462-af88-dd93b66bf44e202604302231431777609917992538364.sst" compactIntoNextLevel: false destinationLevel: 2
2026-05-01 04:32:05:202 - Compaction started: 
139980458403392:Compacting sstable2/d7fd7237-e4f5-42a2-8d7b-f922f26d3dbc202604302231431777609921006001611.sst sstable2/92b1ea01-dd9f-4462-af88-dd93b66bf44e202604302231431777609917992538364.sst into:sstable2/0_295e5d96-35d5-4858-9636-91ee58c1def0202604302231431777609925243537393.sst
2026-05-01 04:32:05:310 - Compaction completed: 
2832518:COMPACT_START sstable=1 input_files: "sstable2/d7fd7237-e4f5-42a2-8d7b-f922f26d3dbc202604302231431777609918149356414.sst" input_files: "sstable2/92b1ea01-dd9f-4462-af88-dd93b66bf44e202604302231431777609918200274952.sst" compactIntoNextLevel: false destinationLevel: 2
2026-05-01 04:32:05:441 - Compaction started: 
139980458403392:Compacting sstable2/d7fd7237-e4f5-42a2-8d7b-f922f26d3dbc202604302231431777609918149356414.sst sstable2/92b1ea01-dd9f-4462-af88-dd93b66bf44e202604302231431777609918200274952.sst into:sstable2/0_295e5d96-35d5-4858-9636-91ee58c1def0202604302231431777609925485950332.sst
2026-05-01 04:32:05:557 - Compaction completed: 
2832518:COMPACT_START sstable=1 input_files: "sstable2/d7fd7237-e4f5-42a2-8d7b-f922f26d3dbc202604302231431777609918352703053.sst" input_files: "sstable2/92b1ea01-dd9f-4462-af88-dd93b66bf44e202604302231431777609918404015018.sst" compactIntoNextLevel: false destinationLevel: 2
2026-05-01 04:32:05:685 - Compaction started: 
139980458403392:Compacting sstable2/d7fd7237-e4f5-42a2-8d7b-f922f26d3dbc202604302231431777609918352703053.sst sstable2/92b1ea01-dd9f-4462-af88-dd93b66bf44e202604302231431777609918404015018.sst into:sstable2/0_295e5d96-35d5-4858-9636-91ee58c1def0202604302231431777609925726775936.sst
2026-05-01 04:32:05:793 - Compaction completed: 
2832518:COMPACT_START sstable=1 input_files: "sstable2/b1b1be36-3b3b-435b-88ef-9b646e0de6fb202604302231431777609918642867383.sst" input_files: "sstable2/295e5d96-35d5-4858-9636-91ee58c1def0202604302231431777609918646509280.sst" compactIntoNextLevel: false destinationLevel: 2
2026-05-01 04:32:05:935 - Compaction started: 
139980458403392:Compacting sstable2/b1b1be36-3b3b-435b-88ef-9b646e0de6fb202604302231431777609918642867383.sst sstable2/295e5d96-35d5-4858-9636-91ee58c1def0202604302231431777609918646509280.sst into:sstable2/0_295e5d96-35d5-4858-9636-91ee58c1def0202604302231431777609925977183061.sst
2026-05-01 04:32:06:043 - Compaction completed: 
2832518:COMPACT_START sstable=1 input_files: "sstable2/b1b1be36-3b3b-435b-88ef-9b646e0de6fb202604302231431777609918845519220.sst" input_files: "sstable2/295e5d96-35d5-4858-9636-91ee58c1def0202604302231431777609921927689951.sst" compactIntoNextLevel: false destinationLevel: 2
2026-05-01 04:32:06:189 - Compaction started: 
139980458403392:Compacting sstable2/b1b1be36-3b3b-435b-88ef-9b646e0de6fb202604302231431777609918845519220.sst sstable2/295e5d96-35d5-4858-9636-91ee58c1def0202604302231431777609921927689951.sst into:sstable2/0_295e5d96-35d5-4858-9636-91ee58c1def0202604302231431777609926229090949.sst
2026-05-01 04:32:06:290 - Compaction completed: 
2832518:COMPACT_START sstable=1 input_files: "sstable2/b1b1be36-3b3b-435b-88ef-9b646e0de6fb202604302231431777609918947389618.sst" input_files: "sstable2/295e5d96-35d5-4858-9636-91ee58c1def0202604302231431777609918955983889.sst" compactIntoNextLevel: false destinationLevel: 2
2026-05-01 04:32:06:343 - Compaction started: 
139980458403392:Compacting sstable2/b1b1be36-3b3b-435b-88ef-9b646e0de6fb202604302231431777609918947389618.sst sstable2/295e5d96-35d5-4858-9636-91ee58c1def0202604302231431777609918955983889.sst into:sstable2/0_295e5d96-35d5-4858-9636-91ee58c1def0202604302231431777609926384524814.sst
2026-05-01 04:32:06:450 - Compaction completed: 
2832518:COMPACT_START sstable=1 input_files: "sstable2/d7fd7237-e4f5-42a2-8d7b-f922f26d3dbc202604302231431777609926326483924.sst" input_files: "sstable2/295e5d96-35d5-4858-9636-91ee58c1def0202604302231431777609916587221701.sst" compactIntoNextLevel: false destinationLevel: 2
2026-05-01 04:32:06:559 - Compaction started: 
139980458403392:Compacting sstable2/d7fd7237-e4f5-42a2-8d7b-f922f26d3dbc202604302231431777609926326483924.sst sstable2/295e5d96-35d5-4858-9636-91ee58c1def0202604302231431777609916587221701.sst into:sstable2/0_295e5d96-35d5-4858-9636-91ee58c1def0202604302231431777609926680832841.sst
2026-05-01 04:32:06:875 - Compaction completed: 
2832518:COMPACT_START sstable=1 input_files: "sstable2/295e5d96-35d5-4858-9636-91ee58c1def0202604302231431777609916890605421.sst" input_files: "sstable2/d7fd7237-e4f5-42a2-8d7b-f922f26d3dbc202604302231431777609916921422980.sst" compactIntoNextLevel: false destinationLevel: 2
2832518:COMPACT_ABORT input_files: "sstable2/295e5d96-35d5-4858-9636-91ee58c1def0202604302231431777609916890605421.sst" input_files: "sstable2/d7fd7237-e4f5-42a2-8d7b-f922f26d3dbc202604302231431777609916921422980.sst" compactIntoNextLevel: false destinationLevel: 2
2832518:COMPACT_START sstable=1 input_files: "sstable2/d7fd7237-e4f5-42a2-8d7b-f922f26d3dbc202604302231431777609917022122624.sst" input_files: "sstable2/92b1ea01-dd9f-4462-af88-dd93b66bf44e202604302231431777609920138362118.sst" compactIntoNextLevel: false destinationLevel: 2
2832518:COMPACT_ABORT input_files: "sstable2/d7fd7237-e4f5-42a2-8d7b-f922f26d3dbc202604302231431777609917022122624.sst" input_files: "sstable2/92b1ea01-dd9f-4462-af88-dd93b66bf44e202604302231431777609920138362118.sst" compactIntoNextLevel: false destinationLevel: 2
2832518:COMPACT_START sstable=1 input_files: "sstable2/b1b1be36-3b3b-435b-88ef-9b646e0de6fb202604302231431777609917206005928.sst" input_files: "sstable2/295e5d96-35d5-4858-9636-91ee58c1def0202604302231431777609917208888722.sst" compactIntoNextLevel: false destinationLevel: 2
2026-05-01 04:32:07:372 - Compaction started: 
139980458403392:Compacting sstable2/b1b1be36-3b3b-435b-88ef-9b646e0de6fb202604302231431777609917206005928.sst sstable2/295e5d96-35d5-4858-9636-91ee58c1def0202604302231431777609917208888722.sst into:sstable2/0_295e5d96-35d5-4858-9636-91ee58c1def0202604302231431777609927421021744.sst
2026-05-01 04:32:07:496 - Compaction completed: 
2832518:COMPACT_START sstable=1 input_files: "sstable2/d7fd7237-e4f5-42a2-8d7b-f922f26d3dbc202604302231431777609917226771023.sst" input_files: "sstable2/92b1ea01-dd9f-4462-af88-dd93b66bf44e202604302231431777609917271402275.sst" compactIntoNextLevel: false destinationLevel: 2
2026-05-01 04:32:07:685 - Compaction started: 
139980458403392:Compacting sstable2/d7fd7237-e4f5-42a2-8d7b-f922f26d3dbc202604302231431777609917226771023.sst sstable2/92b1ea01-dd9f-4462-af88-dd93b66bf44e202604302231431777609917271402275.sst into:sstable2/0_295e5d96-35d5-4858-9636-91ee58c1def0202604302231431777609927730583095.sst
2026-05-01 04:32:07:802 - Compaction completed: 
2832518:COMPACT_START sstable=1 input_files: "sstable2/d7fd7237-e4f5-42a2-8d7b-f922f26d3dbc202604302231431777609920390285315.sst" input_files: "sstable2/92b1ea01-dd9f-4462-af88-dd93b66bf44e202604302231431777609917375126449.sst" compactIntoNextLevel: false destinationLevel: 2
2026-05-01 04:32:07:903 - Compaction started: 
139980458403392:Compacting sstable2/d7fd7237-e4f5-42a2-8d7b-f922f26d3dbc202604302231431777609920390285315.sst sstable2/92b1ea01-dd9f-4462-af88-dd93b66bf44e202604302231431777609917375126449.sst into:sstable2/0_295e5d96-35d5-4858-9636-91ee58c1def0202604302231431777609927949899740.sst
2026-05-01 04:32:08:026 - Compaction completed: 
2832518:COMPACT_START sstable=1 input_files: "sstable2/d7fd7237-e4f5-42a2-8d7b-f922f26d3dbc202604302231431777609917430526508.sst" input_files: "sstable2/92b1ea01-dd9f-4462-af88-dd93b66bf44e202604302231431777609917477861639.sst" compactIntoNextLevel: false destinationLevel: 2
2026-05-01 04:32:08:128 - Compaction started: 
139980458403392:Compacting sstable2/d7fd7237-e4f5-42a2-8d7b-f922f26d3dbc202604302231431777609917430526508.sst sstable2/92b1ea01-dd9f-4462-af88-dd93b66bf44e202604302231431777609917477861639.sst into:sstable2/0_295e5d96-35d5-4858-9636-91ee58c1def0202604302231431777609928179337707.sst
2026-05-01 04:32:08:258 - Compaction completed: 
2832518:COMPACT_START sstable=1 input_files: "sstable2/295e5d96-35d5-4858-9636-91ee58c1def0202604302231431777609917621309155.sst" input_files: "sstable2/d7fd7237-e4f5-42a2-8d7b-f922f26d3dbc202604302231431777609917633324709.sst" compactIntoNextLevel: false destinationLevel: 2
2026-05-01 04:32:08:356 - Compaction started: 
139980458403392:Compacting sstable2/295e5d96-35d5-4858-9636-91ee58c1def0202604302231431777609917621309155.sst sstable2/d7fd7237-e4f5-42a2-8d7b-f922f26d3dbc202604302231431777609917633324709.sst into:sstable2/0_295e5d96-35d5-4858-9636-91ee58c1def0202604302231431777609928402682011.sst
2026-05-01 04:32:08:469 - Compaction completed: 
2832518:COMPACT_START sstable=1 input_files: "sstable2/92b1ea01-dd9f-4462-af88-dd93b66bf44e202604302231431777609917786312618.sst" input_files: "sstable2/b1b1be36-3b3b-435b-88ef-9b646e0de6fb202604302231431777609917822344482.sst" compactIntoNextLevel: false destinationLevel: 2
2026-05-01 04:32:08:586 - Compaction started: 
139980458403392:Compacting sstable2/92b1ea01-dd9f-4462-af88-dd93b66bf44e202604302231431777609917786312618.sst sstable2/b1b1be36-3b3b-435b-88ef-9b646e0de6fb202604302231431777609917822344482.sst into:sstable2/0_295e5d96-35d5-4858-9636-91ee58c1def0202604302231431777609928639114069.sst
2026-05-01 04:32:08:716 - Compaction completed: 
2832518:COMPACT_START sstable=1 input_files: "sstable2/295e5d96-35d5-4858-9636-91ee58c1def0202604302231431777609917927949962.sst" input_files: "sstable2/d7fd7237-e4f5-42a2-8d7b-f922f26d3dbc202604302231431777609921006001611.sst" compactIntoNextLevel: false destinationLevel: 2
2026-05-01 04:32:08:821 - Compaction started: 
139980458403392:Compacting sstable2/295e5d96-35d5-4858-9636-91ee58c1def0202604302231431777609917927949962.sst sstable2/d7fd7237-e4f5-42a2-8d7b-f922f26d3dbc202604302231431777609921006001611.sst into:sstable2/0_295e5d96-35d5-4858-9636-91ee58c1def0202604302231431777609928865258112.sst
2026-05-01 04:32:08:931 - Compaction completed: 
2832518:COMPACT_START sstable=1 input_files: "sstable2/92b1ea01-dd9f-4462-af88-dd93b66bf44e202604302231431777609918097199344.sst" input_files: "sstable2/b1b1be36-3b3b-435b-88ef-9b646e0de6fb202604302231431777609918130622547.sst" compactIntoNextLevel: false destinationLevel: 2
2026-05-01 04:32:09:054 - Compaction started: 
139980458403392:Compacting sstable2/92b1ea01-dd9f-4462-af88-dd93b66bf44e202604302231431777609918097199344.sst sstable2/b1b1be36-3b3b-435b-88ef-9b646e0de6fb202604302231431777609918130622547.sst into:sstable2/0_295e5d96-35d5-4858-9636-91ee58c1def0202604302231431777609929100783170.sst
2026-05-01 04:32:09:174 - Compaction completed: 
2832518:COMPACT_START sstable=1 input_files: "sstable2/295e5d96-35d5-4858-9636-91ee58c1def0202604302231431777609918235466700.sst" input_files: "sstable2/d7fd7237-e4f5-42a2-8d7b-f922f26d3dbc202604302231431777609918249455723.sst" compactIntoNextLevel: false destinationLevel: 2
2026-05-01 04:32:09:291 - Compaction started: 
139980458403392:Compacting sstable2/295e5d96-35d5-4858-9636-91ee58c1def0202604302231431777609918235466700.sst sstable2/d7fd7237-e4f5-42a2-8d7b-f922f26d3dbc202604302231431777609918249455723.sst into:sstable2/0_295e5d96-35d5-4858-9636-91ee58c1def0202604302231431777609929333697474.sst
2026-05-01 04:32:09:401 - Compaction completed: 
2832518:COMPACT_START sstable=1 input_files: "sstable2/92b1ea01-dd9f-4462-af88-dd93b66bf44e202604302231431777609918404015018.sst" input_files: "sstable2/b1b1be36-3b3b-435b-88ef-9b646e0de6fb202604302231431777609918436483561.sst" compactIntoNextLevel: false destinationLevel: 2
2026-05-01 04:32:09:532 - Compaction started: 
139980458403392:Compacting sstable2/92b1ea01-dd9f-4462-af88-dd93b66bf44e202604302231431777609918404015018.sst sstable2/b1b1be36-3b3b-435b-88ef-9b646e0de6fb202604302231431777609918436483561.sst into:sstable2/0_295e5d96-35d5-4858-9636-91ee58c1def0202604302231431777609929573688543.sst
2026-05-01 04:32:09:641 - Compaction completed: 
2832518:COMPACT_START sstable=1 input_files: "sstable2/295e5d96-35d5-4858-9636-91ee58c1def0202604302231431777609918544799974.sst" input_files: "sstable2/d7fd7237-e4f5-42a2-8d7b-f922f26d3dbc202604302231431777609918558519411.sst" compactIntoNextLevel: false destinationLevel: 2
2026-05-01 04:32:09:775 - Compaction started: 
139980458403392:Compacting sstable2/295e5d96-35d5-4858-9636-91ee58c1def0202604302231431777609918544799974.sst sstable2/d7fd7237-e4f5-42a2-8d7b-f922f26d3dbc202604302231431777609918558519411.sst into:sstable2/0_295e5d96-35d5-4858-9636-91ee58c1def0202604302231431777609929819321528.sst
2026-05-01 04:32:09:887 - Compaction completed: 
2832518:COMPACT_START sstable=1 input_files: "sstable2/92b1ea01-dd9f-4462-af88-dd93b66bf44e202604302231431777609918712234234.sst" input_files: "sstable2/b1b1be36-3b3b-435b-88ef-9b646e0de6fb202604302231431777609918744003937.sst" compactIntoNextLevel: false destinationLevel: 2
2026-05-01 04:32:10:013 - Compaction started: 
139980458403392:Compacting sstable2/92b1ea01-dd9f-4462-af88-dd93b66bf44e202604302231431777609918712234234.sst sstable2/b1b1be36-3b3b-435b-88ef-9b646e0de6fb202604302231431777609918744003937.sst into:sstable2/0_295e5d96-35d5-4858-9636-91ee58c1def0202604302231431777609930056662530.sst
2026-05-01 04:32:10:122 - Compaction completed: 
2832518:Task input_files: "sstable2/295e5d96-35d5-4858-9636-91ee58c1def0202604302231431777609916890605421.sst" input_files: "sstable2/d7fd7237-e4f5-42a2-8d7b-f922f26d3dbc202604302231431777609916921422980.sst" compactIntoNextLevel: false destinationLevel: 2 is dead (hb=30)
2832518:Found dead task input_files: "sstable2/295e5d96-35d5-4858-9636-91ee58c1def0202604302231431777609916890605421.sst" input_files: "sstable2/d7fd7237-e4f5-42a2-8d7b-f922f26d3dbc202604302231431777609916921422980.sst" compactIntoNextLevel: false destinationLevel: 2
2832518:COMPACT_START sstable=1 input_files: "sstable2/295e5d96-35d5-4858-9636-91ee58c1def0202604302231431777609916890605421.sst" input_files: "sstable2/d7fd7237-e4f5-42a2-8d7b-f922f26d3dbc202604302231431777609916921422980.sst" compactIntoNextLevel: false destinationLevel: 2
2026-05-01 04:32:10:216 - Compaction started: 
139980458403392:Compacting sstable2/295e5d96-35d5-4858-9636-91ee58c1def0202604302231431777609916890605421.sst sstable2/d7fd7237-e4f5-42a2-8d7b-f922f26d3dbc202604302231431777609916921422980.sst into:sstable2/295e5d96-35d5-4858-9636-91ee58c1def0202604302231431777609930262925596.sst
2026-05-01 04:32:10:350 - Compaction completed: 
2832518:COMPACT_START sstable=1 input_files: "sstable2/0_b1b1be36-3b3b-435b-88ef-9b646e0de6fb202604302231431777609923933418632.sst" input_files: "sstable2/0_92b1ea01-dd9f-4462-af88-dd93b66bf44e202604302231431777609924084543809.sst" compactIntoNextLevel: false destinationLevel: 2
2026-05-01 04:32:10:951 - Compaction started: 
139980458403392:Compacting sstable2/0_b1b1be36-3b3b-435b-88ef-9b646e0de6fb202604302231431777609923933418632.sst sstable2/0_92b1ea01-dd9f-4462-af88-dd93b66bf44e202604302231431777609924084543809.sst into:sstable2/1_295e5d96-35d5-4858-9636-91ee58c1def0202604302231431777609931069005593.sst
2026-05-01 04:32:11:234 - Compaction completed: 
2832518:COMPACT_START sstable=1 input_files: "sstable2/0_295e5d96-35d5-4858-9636-91ee58c1def0202604302231431777609924333004195.sst" input_files: "sstable2/0_d7fd7237-e4f5-42a2-8d7b-f922f26d3dbc202604302231431777609924353309828.sst" compactIntoNextLevel: false destinationLevel: 2
2026-05-01 04:32:11:359 - Compaction started: 
139980458403392:Compacting sstable2/0_295e5d96-35d5-4858-9636-91ee58c1def0202604302231431777609924333004195.sst sstable2/0_d7fd7237-e4f5-42a2-8d7b-f922f26d3dbc202604302231431777609924353309828.sst into:sstable2/1_295e5d96-35d5-4858-9636-91ee58c1def0202604302231431777609931461838588.sst
2026-05-01 04:32:11:615 - Compaction completed: 
2832518:COMPACT_START sstable=1 input_files: "sstable2/1_92b1ea01-dd9f-4462-af88-dd93b66bf44e202604302231431777609930872456416.sst" input_files: "sstable2/1_295e5d96-35d5-4858-9636-91ee58c1def0202604302231431777609931069005593.sst" compactIntoNextLevel: false destinationLevel: 2
2026-05-01 04:32:12:031 - Compaction started: 
139980458403392:Compacting sstable2/1_92b1ea01-dd9f-4462-af88-dd93b66bf44e202604302231431777609930872456416.sst sstable2/1_295e5d96-35d5-4858-9636-91ee58c1def0202604302231431777609931069005593.sst into:sstable2/2_295e5d96-35d5-4858-9636-91ee58c1def0202604302231431777609932342867779.sst
2026-05-01 04:32:12:750 - Compaction completed: 
2832518:COMPACT_START sstable=1 input_files: "sstable2/0_295e5d96-35d5-4858-9636-91ee58c1def0202604302231431777609925010711756.sst" input_files: "sstable2/0_d7fd7237-e4f5-42a2-8d7b-f922f26d3dbc202604302231431777609925036814947.sst" compactIntoNextLevel: false destinationLevel: 2
2026-05-01 04:32:12:762 - Compaction started: 
139980458403392:Compacting sstable2/0_295e5d96-35d5-4858-9636-91ee58c1def0202604302231431777609925010711756.sst sstable2/0_d7fd7237-e4f5-42a2-8d7b-f922f26d3dbc202604302231431777609925036814947.sst into:sstable2/1_295e5d96-35d5-4858-9636-91ee58c1def0202604302231431777609932865824856.sst
2026-05-01 04:32:13:024 - Compaction completed: 
2832518:Task input_files: "sstable2/92b1ea01-dd9f-4462-af88-dd93b66bf44e202604302231431777609918608917854.sst" input_files: "sstable2/b1b1be36-3b3b-435b-88ef-9b646e0de6fb202604302231431777609918642867383.sst" compactIntoNextLevel: false destinationLevel: 2 is dead (hb=35)
2832518:Found dead task input_files: "sstable2/92b1ea01-dd9f-4462-af88-dd93b66bf44e202604302231431777609918608917854.sst" input_files: "sstable2/b1b1be36-3b3b-435b-88ef-9b646e0de6fb202604302231431777609918642867383.sst" compactIntoNextLevel: false destinationLevel: 2
2832518:COMPACT_START sstable=1 input_files: "sstable2/92b1ea01-dd9f-4462-af88-dd93b66bf44e202604302231431777609918608917854.sst" input_files: "sstable2/b1b1be36-3b3b-435b-88ef-9b646e0de6fb202604302231431777609918642867383.sst" compactIntoNextLevel: false destinationLevel: 2
2026-05-01 04:32:13:422 - Compaction started: 
139980458403392:Compacting sstable2/92b1ea01-dd9f-4462-af88-dd93b66bf44e202604302231431777609918608917854.sst sstable2/b1b1be36-3b3b-435b-88ef-9b646e0de6fb202604302231431777609918642867383.sst into:sstable2/295e5d96-35d5-4858-9636-91ee58c1def0202604302231431777609933475565650.sst
2026-05-01 04:32:13:536 30 sec: 107130 operations; 3570.88 current ops/sec; est completion in 3 days 5 hours [READ: Count=106928, Max=1975295, Min=26, Avg=272.06, 90=347, 99=423, 99.9=3557, 99.99=70719] [READ-FAILED: Count=202, Max=584191, Min=120, Avg=3107.47, 90=219, 99=448, 99.9=584191, 99.99=584191] 
2026-05-01 04:32:13:551 - Compaction completed: 
2832518:COMPACT_START sstable=1 input_files: "sstable2/2_d7fd7237-e4f5-42a2-8d7b-f922f26d3dbc202604302231431777609932290740025.sst" input_files: "sstable2/2_d7fd7237-e4f5-42a2-8d7b-f922f26d3dbc202604302231431777609932912421071.sst" compactIntoNextLevel: false destinationLevel: 2
2026-05-01 04:32:14:141 - Compaction started: 
139980458403392:Compacting sstable2/2_d7fd7237-e4f5-42a2-8d7b-f922f26d3dbc202604302231431777609932290740025.sst sstable2/2_d7fd7237-e4f5-42a2-8d7b-f922f26d3dbc202604302231431777609932912421071.sst into:sstable2/3_295e5d96-35d5-4858-9636-91ee58c1def0202604302231431777609934586166519.sst
2026-05-01 04:32:15:196 - Compaction completed: 
2832518:COMPACT_START sstable=1 input_files: "sstable2/0_b1b1be36-3b3b-435b-88ef-9b646e0de6fb202604302231431777609925542347090.sst" input_files: "sstable2/0_92b1ea01-dd9f-4462-af88-dd93b66bf44e202604302231431777609925684641795.sst" compactIntoNextLevel: false destinationLevel: 2
2026-05-01 04:32:15:254 - Compaction started: 
139980458403392:Compacting sstable2/0_b1b1be36-3b3b-435b-88ef-9b646e0de6fb202604302231431777609925542347090.sst sstable2/0_92b1ea01-dd9f-4462-af88-dd93b66bf44e202604302231431777609925684641795.sst into:sstable2/1_295e5d96-35d5-4858-9636-91ee58c1def0202604302231431777609935347046508.sst
2026-05-01 04:32:15:482 - Compaction completed: 
2832518:COMPACT_START sstable=1 input_files: "sstable2/3_d7fd7237-e4f5-42a2-8d7b-f922f26d3dbc202604302231431777609934046864985.sst" input_files: "sstable2/3_295e5d96-35d5-4858-9636-91ee58c1def0202604302231431777609934586166519.sst" compactIntoNextLevel: false destinationLevel: 2
2026-05-01 04:32:15:633 - Compaction started: 
139980458403392:Compacting sstable2/3_d7fd7237-e4f5-42a2-8d7b-f922f26d3dbc202604302231431777609934046864985.sst sstable2/3_295e5d96-35d5-4858-9636-91ee58c1def0202604302231431777609934586166519.sst into:sstable2/4_295e5d96-35d5-4858-9636-91ee58c1def0202604302231431777609936759611786.sst
2026-05-01 04:32:18:133 - Compaction completed: 
2832518:COMPACT_START sstable=1 input_files: "sstable2/92b1ea01-dd9f-4462-af88-dd93b66bf44e202604302231431777609919219854452.sst" input_files: "sstable2/b1b1be36-3b3b-435b-88ef-9b646e0de6fb202604302231431777609919252395130.sst" compactIntoNextLevel: false destinationLevel: 2
2026-05-01 04:32:18:287 - Compaction started: 
139980458403392:Compacting sstable2/92b1ea01-dd9f-4462-af88-dd93b66bf44e202604302231431777609919219854452.sst sstable2/b1b1be36-3b3b-435b-88ef-9b646e0de6fb202604302231431777609919252395130.sst into:sstable2/0_295e5d96-35d5-4858-9636-91ee58c1def0202604302231431777609938341210141.sst
2026-05-01 04:32:18:411 - Compaction completed: 
2832518:COMPACT_START sstable=1 input_files: "sstable2/92b1ea01-dd9f-4462-af88-dd93b66bf44e202604302231431777609919321282691.sst" input_files: "sstable2/295e5d96-35d5-4858-9636-91ee58c1def0202604302231431777609922445193334.sst" compactIntoNextLevel: false destinationLevel: 2
2026-05-01 04:32:18:565 - Compaction started: 
139980458403392:Compacting sstable2/92b1ea01-dd9f-4462-af88-dd93b66bf44e202604302231431777609919321282691.sst sstable2/295e5d96-35d5-4858-9636-91ee58c1def0202604302231431777609922445193334.sst into:sstable2/0_295e5d96-35d5-4858-9636-91ee58c1def0202604302231431777609938611036788.sst
2026-05-01 04:32:18:683 - Compaction completed: 
2832518:COMPACT_START sstable=1 input_files: "sstable2/0_295e5d96-35d5-4858-9636-91ee58c1def0202604302231431777609938341210141.sst" input_files: "sstable2/0_d7fd7237-e4f5-42a2-8d7b-f922f26d3dbc202604302231431777609938462520430.sst" compactIntoNextLevel: false destinationLevel: 2
2026-05-01 04:32:18:773 - Compaction started: 
139980458403392:Compacting sstable2/0_295e5d96-35d5-4858-9636-91ee58c1def0202604302231431777609938341210141.sst sstable2/0_d7fd7237-e4f5-42a2-8d7b-f922f26d3dbc202604302231431777609938462520430.sst into:sstable2/1_295e5d96-35d5-4858-9636-91ee58c1def0202604302231431777609938869678158.sst
2026-05-01 04:32:19:013 - Compaction completed: 
2832518:COMPACT_START sstable=1 input_files: "sstable2/d7fd7237-e4f5-42a2-8d7b-f922f26d3dbc202604302231431777609919371012491.sst" input_files: "sstable2/92b1ea01-dd9f-4462-af88-dd93b66bf44e202604302231431777609919422523620.sst" compactIntoNextLevel: false destinationLevel: 2
2026-05-01 04:32:19:084 - Compaction started: 
139980458403392:Compacting sstable2/d7fd7237-e4f5-42a2-8d7b-f922f26d3dbc202604302231431777609919371012491.sst sstable2/92b1ea01-dd9f-4462-af88-dd93b66bf44e202604302231431777609919422523620.sst into:sstable2/0_295e5d96-35d5-4858-9636-91ee58c1def0202604302231431777609939141598869.sst
2026-05-01 04:32:19:219 - Compaction completed: 
2832518:COMPACT_START sstable=1 input_files: "sstable2/b1b1be36-3b3b-435b-88ef-9b646e0de6fb202604302231431777609919455284180.sst" input_files: "sstable2/295e5d96-35d5-4858-9636-91ee58c1def0202604302231431777609919467765627.sst" compactIntoNextLevel: false destinationLevel: 2
2026-05-01 04:32:19:317 - Compaction started: 
139980458403392:Compacting sstable2/b1b1be36-3b3b-435b-88ef-9b646e0de6fb202604302231431777609919455284180.sst sstable2/295e5d96-35d5-4858-9636-91ee58c1def0202604302231431777609919467765627.sst into:sstable2/0_295e5d96-35d5-4858-9636-91ee58c1def0202604302231431777609939362977990.sst
2026-05-01 04:32:19:433 - Compaction completed: 
2832518:COMPACT_START sstable=1 input_files: "sstable2/b1b1be36-3b3b-435b-88ef-9b646e0de6fb202604302231431777609919557832520.sst" input_files: "sstable2/295e5d96-35d5-4858-9636-91ee58c1def0202604302231431777609919571235384.sst" compactIntoNextLevel: false destinationLevel: 2
2026-05-01 04:32:19:716 - Compaction started: 
139980458403392:Compacting sstable2/b1b1be36-3b3b-435b-88ef-9b646e0de6fb202604302231431777609919557832520.sst sstable2/295e5d96-35d5-4858-9636-91ee58c1def0202604302231431777609919571235384.sst into:sstable2/0_295e5d96-35d5-4858-9636-91ee58c1def0202604302231431777609939766104320.sst
2026-05-01 04:32:19:836 - Compaction completed: 
2832518:COMPACT_START sstable=1 input_files: "sstable2/d7fd7237-e4f5-42a2-8d7b-f922f26d3dbc202604302231431777609919674438020.sst" input_files: "sstable2/92b1ea01-dd9f-4462-af88-dd93b66bf44e202604302231431777609919726421374.sst" compactIntoNextLevel: false destinationLevel: 2
2026-05-01 04:32:19:934 - Compaction started: 
139980458403392:Compacting sstable2/d7fd7237-e4f5-42a2-8d7b-f922f26d3dbc202604302231431777609919674438020.sst sstable2/92b1ea01-dd9f-4462-af88-dd93b66bf44e202604302231431777609919726421374.sst into:sstable2/0_295e5d96-35d5-4858-9636-91ee58c1def0202604302231431777609939984650540.sst
2026-05-01 04:32:20:052 - Compaction completed: 
2832518:COMPACT_START sstable=1 input_files: "sstable2/b1b1be36-3b3b-435b-88ef-9b646e0de6fb202604302231431777609919965442075.sst" input_files: "sstable2/d7fd7237-e4f5-42a2-8d7b-f922f26d3dbc202604302231431777609919979894116.sst" compactIntoNextLevel: false destinationLevel: 2
2026-05-01 04:32:20:229 - Compaction started: 
139980458403392:Compacting sstable2/b1b1be36-3b3b-435b-88ef-9b646e0de6fb202604302231431777609919965442075.sst sstable2/d7fd7237-e4f5-42a2-8d7b-f922f26d3dbc202604302231431777609919979894116.sst into:sstable2/0_295e5d96-35d5-4858-9636-91ee58c1def0202604302231431777609940278205396.sst
2026-05-01 04:32:20:353 - Compaction completed: 
2832518:COMPACT_START sstable=1 input_files: "sstable2/b1b1be36-3b3b-435b-88ef-9b646e0de6fb202604302231431777609920066904479.sst" input_files: "sstable2/d7fd7237-e4f5-42a2-8d7b-f922f26d3dbc202604302231431777609920081037051.sst" compactIntoNextLevel: false destinationLevel: 2
2026-05-01 04:32:20:556 - Compaction started: 
139980458403392:Compacting sstable2/b1b1be36-3b3b-435b-88ef-9b646e0de6fb202604302231431777609920066904479.sst sstable2/d7fd7237-e4f5-42a2-8d7b-f922f26d3dbc202604302231431777609920081037051.sst into:sstable2/0_295e5d96-35d5-4858-9636-91ee58c1def0202604302231431777609940602187598.sst
2026-05-01 04:32:20:669 - Compaction completed: 
2832518:COMPACT_START sstable=1 input_files: "sstable2/295e5d96-35d5-4858-9636-91ee58c1def0202604302231431777609920084132693.sst" input_files: "sstable2/b1b1be36-3b3b-435b-88ef-9b646e0de6fb202604302231431777609920168165034.sst" compactIntoNextLevel: false destinationLevel: 2
2026-05-01 04:32:20:776 - Compaction started: 
139980458403392:Compacting sstable2/295e5d96-35d5-4858-9636-91ee58c1def0202604302231431777609920084132693.sst sstable2/b1b1be36-3b3b-435b-88ef-9b646e0de6fb202604302231431777609920168165034.sst into:sstable2/0_295e5d96-35d5-4858-9636-91ee58c1def0202604302231431777609940819429384.sst
2026-05-01 04:32:20:883 - Compaction completed: 
2832518:COMPACT_START sstable=1 input_files: "sstable2/b1b1be36-3b3b-435b-88ef-9b646e0de6fb202604302231431777609920269738116.sst" input_files: "sstable2/d7fd7237-e4f5-42a2-8d7b-f922f26d3dbc202604302231431777609920283656837.sst" compactIntoNextLevel: false destinationLevel: 2
2026-05-01 04:32:20:906 - Compaction started: 
139980458403392:Compacting sstable2/b1b1be36-3b3b-435b-88ef-9b646e0de6fb202604302231431777609920269738116.sst sstable2/d7fd7237-e4f5-42a2-8d7b-f922f26d3dbc202604302231431777609920283656837.sst into:sstable2/0_295e5d96-35d5-4858-9636-91ee58c1def0202604302231431777609940946226838.sst
2026-05-01 04:32:21:007 - Compaction completed: 
2832518:COMPACT_START sstable=1 input_files: "sstable2/295e5d96-35d5-4858-9636-91ee58c1def0202604302231431777609920288407071.sst" input_files: "sstable2/92b1ea01-dd9f-4462-af88-dd93b66bf44e202604302231431777609920335203342.sst" compactIntoNextLevel: false destinationLevel: 2
2026-05-01 04:32:21:032 - Compaction started: 
139980458403392:Compacting sstable2/295e5d96-35d5-4858-9636-91ee58c1def0202604302231431777609920288407071.sst sstable2/92b1ea01-dd9f-4462-af88-dd93b66bf44e202604302231431777609920335203342.sst into:sstable2/0_295e5d96-35d5-4858-9636-91ee58c1def0202604302231431777609941071412111.sst
2026-05-01 04:32:21:133 - Compaction completed: 
2832518:COMPACT_START sstable=1 input_files: "sstable2/d7fd7237-e4f5-42a2-8d7b-f922f26d3dbc202604302231431777609920486905973.sst" input_files: "sstable2/295e5d96-35d5-4858-9636-91ee58c1def0202604302231431777609920494652885.sst" compactIntoNextLevel: false destinationLevel: 2
2026-05-01 04:32:21:168 - Compaction started: 
139980458403392:Compacting sstable2/d7fd7237-e4f5-42a2-8d7b-f922f26d3dbc202604302231431777609920486905973.sst sstable2/295e5d96-35d5-4858-9636-91ee58c1def0202604302231431777609920494652885.sst into:sstable2/0_295e5d96-35d5-4858-9636-91ee58c1def0202604302231431777609941207671112.sst
2026-05-01 04:32:21:269 - Compaction completed: 
2832518:COMPACT_START sstable=1 input_files: "sstable2/295e5d96-35d5-4858-9636-91ee58c1def0202604302231431777609920596403238.sst" input_files: "sstable2/92b1ea01-dd9f-4462-af88-dd93b66bf44e202604302231431777609920652540489.sst" compactIntoNextLevel: false destinationLevel: 2
2026-05-01 04:32:21:307 - Compaction started: 
139980458403392:Compacting sstable2/295e5d96-35d5-4858-9636-91ee58c1def0202604302231431777609920596403238.sst sstable2/92b1ea01-dd9f-4462-af88-dd93b66bf44e202604302231431777609920652540489.sst into:sstable2/0_295e5d96-35d5-4858-9636-91ee58c1def0202604302231431777609941352147437.sst
2026-05-01 04:32:21:412 - Compaction completed: 
2832518:COMPACT_START sstable=1 input_files: "sstable2/b1b1be36-3b3b-435b-88ef-9b646e0de6fb202604302231431777609920783099977.sst" input_files: "sstable2/295e5d96-35d5-4858-9636-91ee58c1def0202604302231431777609920799580600.sst" compactIntoNextLevel: false destinationLevel: 2
2026-05-01 04:32:21:456 - Compaction started: 
139980458403392:Compacting sstable2/b1b1be36-3b3b-435b-88ef-9b646e0de6fb202604302231431777609920783099977.sst sstable2/295e5d96-35d5-4858-9636-91ee58c1def0202604302231431777609920799580600.sst into:sstable2/0_295e5d96-35d5-4858-9636-91ee58c1def0202604302231431777609941493847837.sst
2026-05-01 04:32:21:554 - Compaction completed: 
2832518:COMPACT_START sstable=1 input_files: "sstable2/b1b1be36-3b3b-435b-88ef-9b646e0de6fb202604302231431777609920885848060.sst" input_files: "sstable2/295e5d96-35d5-4858-9636-91ee58c1def0202604302231431777609920902171149.sst" compactIntoNextLevel: false destinationLevel: 2
2026-05-01 04:32:21:600 - Compaction started: 
139980458403392:Compacting sstable2/b1b1be36-3b3b-435b-88ef-9b646e0de6fb202604302231431777609920885848060.sst sstable2/295e5d96-35d5-4858-9636-91ee58c1def0202604302231431777609920902171149.sst into:sstable2/0_295e5d96-35d5-4858-9636-91ee58c1def0202604302231431777609941642701086.sst
2026-05-01 04:32:21:708 - Compaction completed: 
2832518:COMPACT_START sstable=1 input_files: "sstable2/92b1ea01-dd9f-4462-af88-dd93b66bf44e202604302231431777609921070035444.sst" input_files: "sstable2/b1b1be36-3b3b-435b-88ef-9b646e0de6fb202604302231431777609921099450774.sst" compactIntoNextLevel: false destinationLevel: 2
2026-05-01 04:32:21:758 - Compaction started: 
139980458403392:Compacting sstable2/92b1ea01-dd9f-4462-af88-dd93b66bf44e202604302231431777609921070035444.sst sstable2/b1b1be36-3b3b-435b-88ef-9b646e0de6fb202604302231431777609921099450774.sst into:sstable2/0_295e5d96-35d5-4858-9636-91ee58c1def0202604302231431777609941798765142.sst
2026-05-01 04:32:21:862 - Compaction completed: 
