# CMD: /usr/lib/jvm/java-8-openjdk-amd64/bin/java -cp /users/Xinying/ozonedb/ycsb/ozonedb/conf:/users/Xinying/ozonedb/ycsb/ozonedb/target/ozonedb-binding-0.18.0-SNAPSHOT.jar:/users/Xinying/.m2/repository/org/apache/htrace/htrace-core4/4.1.0-incubating/htrace-core4-4.1.0-incubating.jar:/users/Xinying/.m2/repository/org/slf4j/slf4j-api/1.7.25/slf4j-api-1.7.25.jar:/users/Xinying/.m2/repository/org/hdrhistogram/HdrHistogram/2.1.12/HdrHistogram-2.1.12.jar:/users/Xinying/.m2/repository/ch/qos/logback/logback-classic/1.2.3/logback-classic-1.2.3.jar:/users/Xinying/.m2/repository/ozonedbjnimaven/demoproc-jni/1.0/demoproc-jni-1.0.jar:/users/Xinying/.m2/repository/ch/qos/logback/logback-core/1.2.3/logback-core-1.2.3.jar:/users/Xinying/.m2/repository/org/codehaus/jackson/jackson-mapper-asl/1.9.4/jackson-mapper-asl-1.9.4.jar:/users/Xinying/.m2/repository/org/slf4j/slf4j-simple/1.7.25/slf4j-simple-1.7.25.jar:/users/Xinying/.m2/repository/org/codehaus/jackson/jackson-core-asl/1.9.4/jackson-core-asl-1.9.4.jar:/users/Xinying/ozonedb/ycsb/core/target/core-0.18.0-SNAPSHOT.jar site.ycsb.Client -db site.ycsb.db.OzoneDBClient -threads 1 -s -P /users/Xinying/ozonedb/ycsb/workloads/generated_workloads/workloadc_1KB_1000000_1000000 -p status.interval=30 -p requestdistribution=uniform -p operationcount=1000000000 -p maxexecutiontime=660 -p shared_config=/tmp/churn_v4_configs/shared_config_varyR_n4_r1pct_rep5.json -t
# env OZONEDB_CHURN_ABORT_RATE=0.01
Command line: -db site.ycsb.db.OzoneDBClient -threads 1 -s -P /users/Xinying/ozonedb/ycsb/workloads/generated_workloads/workloadc_1KB_1000000_1000000 -p status.interval=30 -p requestdistribution=uniform -p operationcount=1000000000 -p maxexecutiontime=660 -p shared_config=/tmp/churn_v4_configs/shared_config_varyR_n4_r1pct_rep5.json -t
YCSB Client 0.18.0-SNAPSHOT

Loading workload...
Starting test.
SLF4J: Class path contains multiple SLF4J bindings.
SLF4J: Found binding in [jar:file:/users/Xinying/.m2/repository/ch/qos/logback/logback-classic/1.2.3/logback-classic-1.2.3.jar!/org/slf4j/impl/StaticLoggerBinder.class]
SLF4J: Found binding in [jar:file:/users/Xinying/.m2/repository/org/slf4j/slf4j-simple/1.7.25/slf4j-simple-1.7.25.jar!/org/slf4j/impl/StaticLoggerBinder.class]
SLF4J: See http://www.slf4j.org/codes.html#multiple_bindings for an explanation.
SLF4J: Actual binding is of type [ch.qos.logback.classic.util.ContextSelectorStaticBinder]
Maximum execution time specified as: 660 secs
2026-05-01 06:42:02:205 0 sec: 0 operations; est completion in 0 second 
Starting compaction watcher
DBWrapper: report latency for each error is false and specific error codes to track for latency are: []
2903321:COMPACT_START sstable=0 input_files: "datalog/3" input_files: "datalog/4" compactIntoNextLevel: true destinationLevel: 1
2026-05-01 06:42:02:275 - Compaction started: 
140508739380800:Compacting datalog/3 datalog/4 into:sstable1/2ac9de89-8f70-4c33-ae0e-0d6ed38835f4202605010042021777617722400393330.sst
2026-05-01 06:42:02:429 - Compaction completed: 
2903321:COMPACT_START sstable=0 input_files: "datalog/13" input_files: "datalog/14" compactIntoNextLevel: true destinationLevel: 1
2026-05-01 06:42:02:524 - Compaction started: 
140508739380800:Compacting datalog/13 datalog/14 into:sstable1/2ac9de89-8f70-4c33-ae0e-0d6ed38835f4202605010042021777617722564483419.sst
2026-05-01 06:42:02:583 - Compaction completed: 
2903321:COMPACT_START sstable=0 input_files: "datalog/21" input_files: "datalog/22" compactIntoNextLevel: true destinationLevel: 1
2026-05-01 06:42:02:628 - Compaction started: 
140508739380800:Compacting datalog/21 datalog/22 into:sstable1/2ac9de89-8f70-4c33-ae0e-0d6ed38835f4202605010042021777617722760208260.sst
2026-05-01 06:42:02:782 - Compaction completed: 
2903321:COMPACT_START sstable=0 input_files: "datalog/31" input_files: "datalog/32" compactIntoNextLevel: true destinationLevel: 1
2026-05-01 06:42:02:832 - Compaction started: 
140508739380800:Compacting datalog/31 datalog/32 into:sstable1/2ac9de89-8f70-4c33-ae0e-0d6ed38835f4202605010042021777617722995095064.sst
2026-05-01 06:42:03:016 - Compaction completed: 
2903321:COMPACT_START sstable=0 input_files: "datalog/43" input_files: "datalog/44" compactIntoNextLevel: true destinationLevel: 1
2026-05-01 06:42:03:036 - Compaction started: 
140508739380800:Compacting datalog/43 datalog/44 into:sstable1/2ac9de89-8f70-4c33-ae0e-0d6ed38835f4202605010042021777617723134672132.sst
2026-05-01 06:42:03:156 - Compaction completed: 
2903321:COMPACT_START sstable=0 input_files: "datalog/53" input_files: "datalog/54" compactIntoNextLevel: true destinationLevel: 1
2026-05-01 06:42:03:262 - Compaction started: 
140508739380800:Compacting datalog/53 datalog/54 into:sstable1/2ac9de89-8f70-4c33-ae0e-0d6ed38835f4202605010042021777617723264687376.sst
2026-05-01 06:42:03:284 - Compaction completed: 
2903321:COMPACT_START sstable=0 input_files: "datalog/61" input_files: "datalog/62" compactIntoNextLevel: true destinationLevel: 1
2026-05-01 06:42:03:363 - Compaction started: 
140508739380800:Compacting datalog/61 datalog/62 into:sstable1/2ac9de89-8f70-4c33-ae0e-0d6ed38835f4202605010042021777617723445471439.sst
2026-05-01 06:42:03:466 - Compaction completed: 
2903321:COMPACT_START sstable=0 input_files: "datalog/71" input_files: "datalog/72" compactIntoNextLevel: true destinationLevel: 1
2026-05-01 06:42:03:566 - Compaction started: 
140508739380800:Compacting datalog/71 datalog/72 into:sstable1/2ac9de89-8f70-4c33-ae0e-0d6ed38835f4202605010042021777617723582326184.sst
2026-05-01 06:42:03:602 - Compaction completed: 
2903321:COMPACT_START sstable=0 input_files: "datalog/77" input_files: "datalog/78" compactIntoNextLevel: true destinationLevel: 1
2026-05-01 06:42:03:667 - Compaction started: 
140508739380800:Compacting datalog/77 datalog/78 into:sstable1/2ac9de89-8f70-4c33-ae0e-0d6ed38835f4202605010042021777617723671006462.sst
2026-05-01 06:42:03:690 - Compaction completed: 
2903321:COMPACT_START sstable=0 input_files: "datalog/85" input_files: "datalog/86" compactIntoNextLevel: true destinationLevel: 1
2026-05-01 06:42:03:769 - Compaction started: 
140508739380800:Compacting datalog/85 datalog/86 into:sstable1/2ac9de89-8f70-4c33-ae0e-0d6ed38835f4202605010042021777617723772421122.sst
2026-05-01 06:42:03:791 - Compaction completed: 
2903321:COMPACT_START sstable=0 input_files: "datalog/93" input_files: "datalog/94" compactIntoNextLevel: true destinationLevel: 1
2026-05-01 06:42:03:871 - Compaction started: 
140508739380800:Compacting datalog/93 datalog/94 into:sstable1/2ac9de89-8f70-4c33-ae0e-0d6ed38835f4202605010042021777617723874680675.sst
2026-05-01 06:42:03:895 - Compaction completed: 
2903321:COMPACT_START sstable=0 input_files: "datalog/101" input_files: "datalog/102" compactIntoNextLevel: true destinationLevel: 1
2026-05-01 06:42:03:972 - Compaction started: 
140508739380800:Compacting datalog/101 datalog/102 into:sstable1/2ac9de89-8f70-4c33-ae0e-0d6ed38835f4202605010042021777617723984476325.sst
2026-05-01 06:42:04:004 - Compaction completed: 
2903321:COMPACT_START sstable=0 input_files: "datalog/109" input_files: "datalog/110" compactIntoNextLevel: true destinationLevel: 1
2026-05-01 06:42:04:074 - Compaction started: 
140508739380800:Compacting datalog/109 datalog/110 into:sstable1/2ac9de89-8f70-4c33-ae0e-0d6ed38835f4202605010042021777617724077601916.sst
2026-05-01 06:42:04:096 - Compaction completed: 
2903321:COMPACT_START sstable=0 input_files: "datalog/117" input_files: "datalog/118" compactIntoNextLevel: true destinationLevel: 1
2026-05-01 06:42:04:176 - Compaction started: 
140508739380800:Compacting datalog/117 datalog/118 into:sstable1/2ac9de89-8f70-4c33-ae0e-0d6ed38835f4202605010042021777617724179972778.sst
2026-05-01 06:42:04:201 - Compaction completed: 
2903321:COMPACT_START sstable=0 input_files: "datalog/125" input_files: "datalog/126" compactIntoNextLevel: true destinationLevel: 1
2026-05-01 06:42:04:278 - Compaction started: 
140508739380800:Compacting datalog/125 datalog/126 into:sstable1/2ac9de89-8f70-4c33-ae0e-0d6ed38835f4202605010042021777617724282137324.sst
2026-05-01 06:42:04:306 - Compaction completed: 
2903321:COMPACT_START sstable=0 input_files: "datalog/133" input_files: "datalog/134" compactIntoNextLevel: true destinationLevel: 1
2026-05-01 06:42:04:379 - Compaction started: 
140508739380800:Compacting datalog/133 datalog/134 into:sstable1/2ac9de89-8f70-4c33-ae0e-0d6ed38835f4202605010042021777617724384151096.sst
2026-05-01 06:42:04:408 - Compaction completed: 
2903321:COMPACT_START sstable=0 input_files: "datalog/141" input_files: "datalog/142" compactIntoNextLevel: true destinationLevel: 1
2026-05-01 06:42:04:481 - Compaction started: 
140508739380800:Compacting datalog/141 datalog/142 into:sstable1/2ac9de89-8f70-4c33-ae0e-0d6ed38835f4202605010042021777617724485204208.sst
2026-05-01 06:42:04:508 - Compaction completed: 
2903321:COMPACT_START sstable=0 input_files: "datalog/149" input_files: "datalog/150" compactIntoNextLevel: true destinationLevel: 1
2026-05-01 06:42:04:582 - Compaction started: 
140508739380800:Compacting datalog/149 datalog/150 into:sstable1/2ac9de89-8f70-4c33-ae0e-0d6ed38835f4202605010042021777617724586572961.sst
2026-05-01 06:42:04:606 - Compaction completed: 
2903321:COMPACT_START sstable=0 input_files: "datalog/157" input_files: "datalog/158" compactIntoNextLevel: true destinationLevel: 1
2026-05-01 06:42:04:684 - Compaction started: 
140508739380800:Compacting datalog/157 datalog/158 into:sstable1/2ac9de89-8f70-4c33-ae0e-0d6ed38835f4202605010042021777617724687113352.sst
2026-05-01 06:42:04:704 - Compaction completed: 
2903321:COMPACT_START sstable=0 input_files: "datalog/165" input_files: "datalog/166" compactIntoNextLevel: true destinationLevel: 1
2026-05-01 06:42:04:785 - Compaction started: 
140508739380800:Compacting datalog/165 datalog/166 into:sstable1/2ac9de89-8f70-4c33-ae0e-0d6ed38835f4202605010042021777617724788629301.sst
2026-05-01 06:42:04:807 - Compaction completed: 
2903321:COMPACT_START sstable=0 input_files: "datalog/173" input_files: "datalog/174" compactIntoNextLevel: true destinationLevel: 1
2026-05-01 06:42:04:887 - Compaction started: 
140508739380800:Compacting datalog/173 datalog/174 into:sstable1/2ac9de89-8f70-4c33-ae0e-0d6ed38835f4202605010042021777617724890047307.sst
2026-05-01 06:42:04:907 - Compaction completed: 
2903321:COMPACT_START sstable=0 input_files: "datalog/181" input_files: "datalog/182" compactIntoNextLevel: true destinationLevel: 1
2026-05-01 06:42:04:988 - Compaction started: 
140508739380800:Compacting datalog/181 datalog/182 into:sstable1/2ac9de89-8f70-4c33-ae0e-0d6ed38835f4202605010042021777617724991669175.sst
2026-05-01 06:42:05:008 - Compaction completed: 
2903321:COMPACT_START sstable=0 input_files: "datalog/189" input_files: "datalog/190" compactIntoNextLevel: true destinationLevel: 1
2026-05-01 06:42:05:089 - Compaction started: 
140508739380800:Compacting datalog/189 datalog/190 into:sstable1/2ac9de89-8f70-4c33-ae0e-0d6ed38835f4202605010042021777617725093021368.sst
2026-05-01 06:42:05:111 - Compaction completed: 
2903321:COMPACT_START sstable=0 input_files: "datalog/197" input_files: "datalog/198" compactIntoNextLevel: true destinationLevel: 1
2026-05-01 06:42:05:191 - Compaction started: 
140508739380800:Compacting datalog/197 datalog/198 into:sstable1/2ac9de89-8f70-4c33-ae0e-0d6ed38835f4202605010042021777617725194434064.sst
2026-05-01 06:42:05:212 - Compaction completed: 
2903321:COMPACT_START sstable=0 input_files: "datalog/205" input_files: "datalog/206" compactIntoNextLevel: true destinationLevel: 1
2026-05-01 06:42:05:316 - Compaction started: 
140508739380800:Compacting datalog/205 datalog/206 into:sstable1/2ac9de89-8f70-4c33-ae0e-0d6ed38835f4202605010042021777617725319134494.sst
2026-05-01 06:42:05:336 - Compaction completed: 
2903321:COMPACT_START sstable=0 input_files: "datalog/213" input_files: "datalog/214" compactIntoNextLevel: true destinationLevel: 1
2026-05-01 06:42:05:418 - Compaction started: 
140508739380800:Compacting datalog/213 datalog/214 into:sstable1/2ac9de89-8f70-4c33-ae0e-0d6ed38835f4202605010042021777617725422011315.sst
2026-05-01 06:42:05:440 - Compaction completed: 
2903321:COMPACT_START sstable=0 input_files: "datalog/221" input_files: "datalog/222" compactIntoNextLevel: true destinationLevel: 1
2026-05-01 06:42:05:521 - Compaction started: 
140508739380800:Compacting datalog/221 datalog/222 into:sstable1/2ac9de89-8f70-4c33-ae0e-0d6ed38835f4202605010042021777617725524747602.sst
2026-05-01 06:42:05:541 - Compaction completed: 
2903321:COMPACT_START sstable=0 input_files: "datalog/229" input_files: "datalog/230" compactIntoNextLevel: true destinationLevel: 1
2026-05-01 06:42:05:623 - Compaction started: 
140508739380800:Compacting datalog/229 datalog/230 into:sstable1/2ac9de89-8f70-4c33-ae0e-0d6ed38835f4202605010042021777617725628139698.sst
2026-05-01 06:42:05:648 - Compaction completed: 
2903321:COMPACT_START sstable=0 input_files: "datalog/237" input_files: "datalog/238" compactIntoNextLevel: true destinationLevel: 1
2026-05-01 06:42:05:726 - Compaction started: 
140508739380800:Compacting datalog/237 datalog/238 into:sstable1/2ac9de89-8f70-4c33-ae0e-0d6ed38835f4202605010042021777617725729855062.sst
2026-05-01 06:42:05:747 - Compaction completed: 
2903321:COMPACT_START sstable=0 input_files: "datalog/245" input_files: "datalog/246" compactIntoNextLevel: true destinationLevel: 1
2026-05-01 06:42:05:829 - Compaction started: 
140508739380800:Compacting datalog/245 datalog/246 into:sstable1/2ac9de89-8f70-4c33-ae0e-0d6ed38835f4202605010042021777617725832597239.sst
2026-05-01 06:42:05:849 - Compaction completed: 
2903321:COMPACT_START sstable=0 input_files: "datalog/253" input_files: "datalog/254" compactIntoNextLevel: true destinationLevel: 1
2026-05-01 06:42:05:931 - Compaction started: 
140508739380800:Compacting datalog/253 datalog/254 into:sstable1/2ac9de89-8f70-4c33-ae0e-0d6ed38835f4202605010042021777617725934706571.sst
2026-05-01 06:42:05:951 - Compaction completed: 
2903321:COMPACT_START sstable=0 input_files: "datalog/261" input_files: "datalog/262" compactIntoNextLevel: true destinationLevel: 1
2026-05-01 06:42:06:034 - Compaction started: 
140508739380800:Compacting datalog/261 datalog/262 into:sstable1/2ac9de89-8f70-4c33-ae0e-0d6ed38835f4202605010042021777617726037475520.sst
2026-05-01 06:42:06:054 - Compaction completed: 
2903321:COMPACT_START sstable=0 input_files: "datalog/269" input_files: "datalog/270" compactIntoNextLevel: true destinationLevel: 1
2026-05-01 06:42:06:137 - Compaction started: 
140508739380800:Compacting datalog/269 datalog/270 into:sstable1/2ac9de89-8f70-4c33-ae0e-0d6ed38835f4202605010042021777617726140350867.sst
2026-05-01 06:42:06:157 - Compaction completed: 
2903321:COMPACT_START sstable=0 input_files: "datalog/277" input_files: "datalog/278" compactIntoNextLevel: true destinationLevel: 1
2026-05-01 06:42:06:239 - Compaction started: 
140508739380800:Compacting datalog/277 datalog/278 into:sstable1/2ac9de89-8f70-4c33-ae0e-0d6ed38835f4202605010042021777617726242172841.sst
2026-05-01 06:42:06:258 - Compaction completed: 
2903321:COMPACT_START sstable=0 input_files: "datalog/285" input_files: "datalog/286" compactIntoNextLevel: true destinationLevel: 1
2026-05-01 06:42:06:341 - Compaction started: 
140508739380800:Compacting datalog/285 datalog/286 into:sstable1/2ac9de89-8f70-4c33-ae0e-0d6ed38835f4202605010042021777617726344595399.sst
2026-05-01 06:42:06:361 - Compaction completed: 
2903321:COMPACT_START sstable=0 input_files: "datalog/293" input_files: "datalog/294" compactIntoNextLevel: true destinationLevel: 1
2026-05-01 06:42:06:443 - Compaction started: 
140508739380800:Compacting datalog/293 datalog/294 into:sstable1/2ac9de89-8f70-4c33-ae0e-0d6ed38835f4202605010042021777617726447019922.sst
2026-05-01 06:42:06:464 - Compaction completed: 
2903321:COMPACT_START sstable=0 input_files: "datalog/301" input_files: "datalog/302" compactIntoNextLevel: true destinationLevel: 1
2026-05-01 06:42:06:546 - Compaction started: 
140508739380800:Compacting datalog/301 datalog/302 into:sstable1/2ac9de89-8f70-4c33-ae0e-0d6ed38835f4202605010042021777617726549329069.sst
2026-05-01 06:42:06:565 - Compaction completed: 
2903321:COMPACT_START sstable=0 input_files: "datalog/309" input_files: "datalog/310" compactIntoNextLevel: true destinationLevel: 1
2026-05-01 06:42:06:647 - Compaction started: 
140508739380800:Compacting datalog/309 datalog/310 into:sstable1/2ac9de89-8f70-4c33-ae0e-0d6ed38835f4202605010042021777617726650945085.sst
2026-05-01 06:42:06:667 - Compaction completed: 
2903321:COMPACT_START sstable=0 input_files: "datalog/317" input_files: "datalog/318" compactIntoNextLevel: true destinationLevel: 1
2026-05-01 06:42:06:750 - Compaction started: 
140508739380800:Compacting datalog/317 datalog/318 into:sstable1/2ac9de89-8f70-4c33-ae0e-0d6ed38835f4202605010042021777617726753195953.sst
2026-05-01 06:42:06:769 - Compaction completed: 
2903321:COMPACT_START sstable=0 input_files: "datalog/325" input_files: "datalog/326" compactIntoNextLevel: true destinationLevel: 1
2026-05-01 06:42:06:851 - Compaction started: 
140508739380800:Compacting datalog/325 datalog/326 into:sstable1/2ac9de89-8f70-4c33-ae0e-0d6ed38835f4202605010042021777617726854327652.sst
2026-05-01 06:42:06:869 - Compaction completed: 
2903321:COMPACT_START sstable=0 input_files: "datalog/333" input_files: "datalog/334" compactIntoNextLevel: true destinationLevel: 1
2026-05-01 06:42:06:953 - Compaction started: 
140508739380800:Compacting datalog/333 datalog/334 into:sstable1/2ac9de89-8f70-4c33-ae0e-0d6ed38835f4202605010042021777617726956498559.sst
2026-05-01 06:42:06:972 - Compaction completed: 
2903321:COMPACT_START sstable=0 input_files: "datalog/341" input_files: "datalog/342" compactIntoNextLevel: true destinationLevel: 1
2026-05-01 06:42:07:056 - Compaction started: 
140508739380800:Compacting datalog/341 datalog/342 into:sstable1/2ac9de89-8f70-4c33-ae0e-0d6ed38835f4202605010042021777617727059256687.sst
2026-05-01 06:42:07:075 - Compaction completed: 
2903321:COMPACT_START sstable=0 input_files: "datalog/349" input_files: "datalog/350" compactIntoNextLevel: true destinationLevel: 1
2026-05-01 06:42:07:158 - Compaction started: 
140508739380800:Compacting datalog/349 datalog/350 into:sstable1/2ac9de89-8f70-4c33-ae0e-0d6ed38835f4202605010042021777617727161481114.sst
2026-05-01 06:42:07:178 - Compaction completed: 
2903321:COMPACT_START sstable=0 input_files: "datalog/357" input_files: "datalog/358" compactIntoNextLevel: true destinationLevel: 1
2026-05-01 06:42:07:260 - Compaction started: 
140508739380800:Compacting datalog/357 datalog/358 into:sstable1/2ac9de89-8f70-4c33-ae0e-0d6ed38835f4202605010042021777617727263206947.sst
2026-05-01 06:42:07:279 - Compaction completed: 
2903321:COMPACT_START sstable=0 input_files: "datalog/365" input_files: "datalog/366" compactIntoNextLevel: true destinationLevel: 1
2026-05-01 06:42:07:361 - Compaction started: 
140508739380800:Compacting datalog/365 datalog/366 into:sstable1/2ac9de89-8f70-4c33-ae0e-0d6ed38835f4202605010042021777617727364701987.sst
2026-05-01 06:42:07:380 - Compaction completed: 
2903321:COMPACT_START sstable=0 input_files: "datalog/373" input_files: "datalog/374" compactIntoNextLevel: true destinationLevel: 1
2026-05-01 06:42:07:462 - Compaction started: 
140508739380800:Compacting datalog/373 datalog/374 into:sstable1/2ac9de89-8f70-4c33-ae0e-0d6ed38835f4202605010042021777617727465770388.sst
2026-05-01 06:42:07:480 - Compaction completed: 
2903321:COMPACT_START sstable=0 input_files: "datalog/381" input_files: "datalog/382" compactIntoNextLevel: true destinationLevel: 1
2026-05-01 06:42:07:564 - Compaction started: 
140508739380800:Compacting datalog/381 datalog/382 into:sstable1/2ac9de89-8f70-4c33-ae0e-0d6ed38835f4202605010042021777617727566980995.sst
2026-05-01 06:42:07:582 - Compaction completed: 
2903321:COMPACT_START sstable=0 input_files: "datalog/389" input_files: "datalog/390" compactIntoNextLevel: true destinationLevel: 1
2026-05-01 06:42:07:665 - Compaction started: 
140508739380800:Compacting datalog/389 datalog/390 into:sstable1/2ac9de89-8f70-4c33-ae0e-0d6ed38835f4202605010042021777617727668161716.sst
2026-05-01 06:42:07:683 - Compaction completed: 
2903321:COMPACT_START sstable=0 input_files: "datalog/397" input_files: "datalog/398" compactIntoNextLevel: true destinationLevel: 1
2026-05-01 06:42:07:767 - Compaction started: 
140508739380800:Compacting datalog/397 datalog/398 into:sstable1/2ac9de89-8f70-4c33-ae0e-0d6ed38835f4202605010042021777617727770509495.sst
2026-05-01 06:42:07:786 - Compaction completed: 
2903321:COMPACT_START sstable=0 input_files: "datalog/405" input_files: "datalog/406" compactIntoNextLevel: true destinationLevel: 1
2026-05-01 06:42:07:868 - Compaction started: 
140508739380800:Compacting datalog/405 datalog/406 into:sstable1/2ac9de89-8f70-4c33-ae0e-0d6ed38835f4202605010042021777617727871902474.sst
2026-05-01 06:42:07:887 - Compaction completed: 
2903321:COMPACT_START sstable=0 input_files: "datalog/413" input_files: "datalog/414" compactIntoNextLevel: true destinationLevel: 1
2026-05-01 06:42:07:970 - Compaction started: 
140508739380800:Compacting datalog/413 datalog/414 into:sstable1/2ac9de89-8f70-4c33-ae0e-0d6ed38835f4202605010042021777617727973579124.sst
2026-05-01 06:42:07:989 - Compaction completed: 
2903321:COMPACT_START sstable=0 input_files: "datalog/421" input_files: "datalog/422" compactIntoNextLevel: true destinationLevel: 1
2026-05-01 06:42:08:071 - Compaction started: 
140508739380800:Compacting datalog/421 datalog/422 into:sstable1/2ac9de89-8f70-4c33-ae0e-0d6ed38835f4202605010042021777617728075144386.sst
2026-05-01 06:42:08:089 - Compaction completed: 
2903321:COMPACT_START sstable=0 input_files: "datalog/429" input_files: "datalog/430" compactIntoNextLevel: true destinationLevel: 1
2026-05-01 06:42:08:173 - Compaction started: 
140508739380800:Compacting datalog/429 datalog/430 into:sstable1/2ac9de89-8f70-4c33-ae0e-0d6ed38835f4202605010042021777617728176244456.sst
2026-05-01 06:42:08:190 - Compaction completed: 
2903321:COMPACT_START sstable=0 input_files: "datalog/437" input_files: "datalog/438" compactIntoNextLevel: true destinationLevel: 1
2026-05-01 06:42:08:274 - Compaction started: 
140508739380800:Compacting datalog/437 datalog/438 into:sstable1/2ac9de89-8f70-4c33-ae0e-0d6ed38835f4202605010042021777617728277879048.sst
2026-05-01 06:42:08:292 - Compaction completed: 
2903321:COMPACT_START sstable=0 input_files: "datalog/445" input_files: "datalog/446" compactIntoNextLevel: true destinationLevel: 1
2026-05-01 06:42:08:376 - Compaction started: 
140508739380800:Compacting datalog/445 datalog/446 into:sstable1/2ac9de89-8f70-4c33-ae0e-0d6ed38835f4202605010042021777617728379650667.sst
2026-05-01 06:42:08:395 - Compaction completed: 
2903321:COMPACT_START sstable=0 input_files: "datalog/453" input_files: "datalog/454" compactIntoNextLevel: true destinationLevel: 1
2026-05-01 06:42:08:478 - Compaction started: 
140508739380800:Compacting datalog/453 datalog/454 into:sstable1/2ac9de89-8f70-4c33-ae0e-0d6ed38835f4202605010042021777617728481027365.sst
2026-05-01 06:42:08:495 - Compaction completed: 
2903321:COMPACT_START sstable=0 input_files: "datalog/459" input_files: "datalog/460" compactIntoNextLevel: true destinationLevel: 1
2026-05-01 06:42:08:579 - Compaction started: 
140508739380800:Compacting datalog/459 datalog/460 into:sstable1/2ac9de89-8f70-4c33-ae0e-0d6ed38835f4202605010042021777617728582713003.sst
2026-05-01 06:42:08:597 - Compaction completed: 
2903321:COMPACT_START sstable=0 input_files: "datalog/467" input_files: "datalog/468" compactIntoNextLevel: true destinationLevel: 1
2026-05-01 06:42:08:681 - Compaction started: 
140508739380800:Compacting datalog/467 datalog/468 into:sstable1/2ac9de89-8f70-4c33-ae0e-0d6ed38835f4202605010042021777617728684411855.sst
2026-05-01 06:42:08:699 - Compaction completed: 
2903321:COMPACT_START sstable=0 input_files: "datalog/475" input_files: "datalog/476" compactIntoNextLevel: true destinationLevel: 1
2026-05-01 06:42:08:783 - Compaction started: 
140508739380800:Compacting datalog/475 datalog/476 into:sstable1/2ac9de89-8f70-4c33-ae0e-0d6ed38835f4202605010042021777617728786746238.sst
2026-05-01 06:42:08:802 - Compaction completed: 
2903321:COMPACT_START sstable=0 input_files: "datalog/483" input_files: "datalog/484" compactIntoNextLevel: true destinationLevel: 1
2026-05-01 06:42:08:885 - Compaction started: 
140508739380800:Compacting datalog/483 datalog/484 into:sstable1/2ac9de89-8f70-4c33-ae0e-0d6ed38835f4202605010042021777617728888312292.sst
2026-05-01 06:42:08:902 - Compaction completed: 
2903321:COMPACT_START sstable=0 input_files: "datalog/491" input_files: "datalog/492" compactIntoNextLevel: true destinationLevel: 1
2026-05-01 06:42:08:986 - Compaction started: 
140508739380800:Compacting datalog/491 datalog/492 into:sstable1/2ac9de89-8f70-4c33-ae0e-0d6ed38835f4202605010042021777617728989812732.sst
2026-05-01 06:42:09:004 - Compaction completed: 
2903321:COMPACT_START sstable=0 input_files: "datalog/499" input_files: "datalog/500" compactIntoNextLevel: true destinationLevel: 1
2026-05-01 06:42:09:088 - Compaction started: 
140508739380800:Compacting datalog/499 datalog/500 into:sstable1/2ac9de89-8f70-4c33-ae0e-0d6ed38835f4202605010042021777617729091424341.sst
2026-05-01 06:42:09:106 - Compaction completed: 
2903321:COMPACT_START sstable=0 input_files: "datalog/507" input_files: "datalog/508" compactIntoNextLevel: true destinationLevel: 1
2026-05-01 06:42:09:189 - Compaction started: 
140508739380800:Compacting datalog/507 datalog/508 into:sstable1/2ac9de89-8f70-4c33-ae0e-0d6ed38835f4202605010042021777617729193025700.sst
2026-05-01 06:42:09:207 - Compaction completed: 
2903321:COMPACT_START sstable=0 input_files: "datalog/515" input_files: "datalog/516" compactIntoNextLevel: true destinationLevel: 1
2026-05-01 06:42:09:292 - Compaction started: 
140508739380800:Compacting datalog/515 datalog/516 into:sstable1/2ac9de89-8f70-4c33-ae0e-0d6ed38835f4202605010042021777617729294236708.sst
2026-05-01 06:42:09:308 - Compaction completed: 
2903321:COMPACT_START sstable=0 input_files: "datalog/523" input_files: "datalog/524" compactIntoNextLevel: true destinationLevel: 1
2026-05-01 06:42:09:393 - Compaction started: 
140508739380800:Compacting datalog/523 datalog/524 into:sstable1/2ac9de89-8f70-4c33-ae0e-0d6ed38835f4202605010042021777617729396557817.sst
2026-05-01 06:42:09:410 - Compaction completed: 
2903321:COMPACT_START sstable=0 input_files: "datalog/531" input_files: "datalog/532" compactIntoNextLevel: true destinationLevel: 1
2026-05-01 06:42:09:495 - Compaction started: 
140508739380800:Compacting datalog/531 datalog/532 into:sstable1/2ac9de89-8f70-4c33-ae0e-0d6ed38835f4202605010042021777617729498409275.sst
2026-05-01 06:42:09:513 - Compaction completed: 
2903321:COMPACT_START sstable=0 input_files: "datalog/539" input_files: "datalog/540" compactIntoNextLevel: true destinationLevel: 1
2026-05-01 06:42:09:596 - Compaction started: 
140508739380800:Compacting datalog/539 datalog/540 into:sstable1/2ac9de89-8f70-4c33-ae0e-0d6ed38835f4202605010042021777617729600080957.sst
2026-05-01 06:42:09:614 - Compaction completed: 
2903321:COMPACT_START sstable=0 input_files: "datalog/547" input_files: "datalog/548" compactIntoNextLevel: true destinationLevel: 1
2026-05-01 06:42:09:698 - Compaction started: 
140508739380800:Compacting datalog/547 datalog/548 into:sstable1/2ac9de89-8f70-4c33-ae0e-0d6ed38835f4202605010042021777617729701504803.sst
2026-05-01 06:42:09:715 - Compaction completed: 
2903321:COMPACT_START sstable=0 input_files: "datalog/555" input_files: "datalog/556" compactIntoNextLevel: true destinationLevel: 1
2026-05-01 06:42:09:800 - Compaction started: 
140508739380800:Compacting datalog/555 datalog/556 into:sstable1/2ac9de89-8f70-4c33-ae0e-0d6ed38835f4202605010042021777617729803200850.sst
2026-05-01 06:42:09:817 - Compaction completed: 
2903321:COMPACT_START sstable=0 input_files: "datalog/563" input_files: "datalog/564" compactIntoNextLevel: true destinationLevel: 1
2026-05-01 06:42:09:901 - Compaction started: 
140508739380800:Compacting datalog/563 datalog/564 into:sstable1/2ac9de89-8f70-4c33-ae0e-0d6ed38835f4202605010042021777617729904920121.sst
2026-05-01 06:42:09:919 - Compaction completed: 
2903321:COMPACT_START sstable=0 input_files: "datalog/571" input_files: "datalog/572" compactIntoNextLevel: true destinationLevel: 1
2026-05-01 06:42:10:003 - Compaction started: 
140508739380800:Compacting datalog/571 datalog/572 into:sstable1/2ac9de89-8f70-4c33-ae0e-0d6ed38835f4202605010042021777617730006640914.sst
2026-05-01 06:42:10:022 - Compaction completed: 
2903321:COMPACT_START sstable=0 input_files: "datalog/579" input_files: "datalog/580" compactIntoNextLevel: true destinationLevel: 1
2026-05-01 06:42:10:105 - Compaction started: 
140508739380800:Compacting datalog/579 datalog/580 into:sstable1/2ac9de89-8f70-4c33-ae0e-0d6ed38835f4202605010042021777617730108022232.sst
2026-05-01 06:42:10:122 - Compaction completed: 
2903321:COMPACT_START sstable=0 input_files: "datalog/587" input_files: "datalog/588" compactIntoNextLevel: true destinationLevel: 1
2026-05-01 06:42:10:206 - Compaction started: 
140508739380800:Compacting datalog/587 datalog/588 into:sstable1/2ac9de89-8f70-4c33-ae0e-0d6ed38835f4202605010042021777617730209607110.sst
2026-05-01 06:42:10:224 - Compaction completed: 
2903321:COMPACT_START sstable=0 input_files: "datalog/595" input_files: "datalog/596" compactIntoNextLevel: true destinationLevel: 1
2026-05-01 06:42:10:308 - Compaction started: 
140508739380800:Compacting datalog/595 datalog/596 into:sstable1/2ac9de89-8f70-4c33-ae0e-0d6ed38835f4202605010042021777617730311347530.sst
2026-05-01 06:42:10:327 - Compaction completed: 
2903321:COMPACT_START sstable=0 input_files: "datalog/603" input_files: "datalog/604" compactIntoNextLevel: true destinationLevel: 1
2026-05-01 06:42:10:409 - Compaction started: 
140508739380800:Compacting datalog/603 datalog/604 into:sstable1/2ac9de89-8f70-4c33-ae0e-0d6ed38835f4202605010042021777617730413052374.sst
2026-05-01 06:42:10:427 - Compaction completed: 
2903321:COMPACT_START sstable=0 input_files: "datalog/611" input_files: "datalog/612" compactIntoNextLevel: true destinationLevel: 1
2026-05-01 06:42:10:511 - Compaction started: 
140508739380800:Compacting datalog/611 datalog/612 into:sstable1/2ac9de89-8f70-4c33-ae0e-0d6ed38835f4202605010042021777617730514503271.sst
2026-05-01 06:42:10:528 - Compaction completed: 
2903321:COMPACT_START sstable=0 input_files: "datalog/617" input_files: "datalog/618" compactIntoNextLevel: true destinationLevel: 1
2026-05-01 06:42:10:614 - Compaction started: 
140508739380800:Compacting datalog/617 datalog/618 into:sstable1/2ac9de89-8f70-4c33-ae0e-0d6ed38835f4202605010042021777617730617205885.sst
2026-05-01 06:42:10:631 - Compaction completed: 
2903321:COMPACT_START sstable=0 input_files: "datalog/625" input_files: "datalog/626" compactIntoNextLevel: true destinationLevel: 1
2026-05-01 06:42:10:717 - Compaction started: 
140508739380800:Compacting datalog/625 datalog/626 into:sstable1/2ac9de89-8f70-4c33-ae0e-0d6ed38835f4202605010042021777617730719719254.sst
2026-05-01 06:42:10:734 - Compaction completed: 
2903321:COMPACT_START sstable=0 input_files: "datalog/633" input_files: "datalog/634" compactIntoNextLevel: true destinationLevel: 1
2026-05-01 06:42:10:819 - Compaction started: 
140508739380800:Compacting datalog/633 datalog/634 into:sstable1/2ac9de89-8f70-4c33-ae0e-0d6ed38835f4202605010042021777617730822397763.sst
2026-05-01 06:42:10:836 - Compaction completed: 
2903321:COMPACT_START sstable=0 input_files: "datalog/641" input_files: "datalog/642" compactIntoNextLevel: true destinationLevel: 1
2026-05-01 06:42:10:921 - Compaction started: 
140508739380800:Compacting datalog/641 datalog/642 into:sstable1/2ac9de89-8f70-4c33-ae0e-0d6ed38835f4202605010042021777617730925584625.sst
2026-05-01 06:42:10:939 - Compaction completed: 
2903321:COMPACT_START sstable=0 input_files: "datalog/649" input_files: "datalog/650" compactIntoNextLevel: true destinationLevel: 1
2026-05-01 06:42:11:024 - Compaction started: 
140508739380800:Compacting datalog/649 datalog/650 into:sstable1/2ac9de89-8f70-4c33-ae0e-0d6ed38835f4202605010042021777617731027650886.sst
2026-05-01 06:42:11:041 - Compaction completed: 
2903321:COMPACT_START sstable=0 input_files: "datalog/657" input_files: "datalog/658" compactIntoNextLevel: true destinationLevel: 1
2026-05-01 06:42:11:126 - Compaction started: 
140508739380800:Compacting datalog/657 datalog/658 into:sstable1/2ac9de89-8f70-4c33-ae0e-0d6ed38835f4202605010042021777617731129882216.sst
2026-05-01 06:42:11:144 - Compaction completed: 
2903321:COMPACT_START sstable=0 input_files: "datalog/665" input_files: "datalog/666" compactIntoNextLevel: true destinationLevel: 1
2026-05-01 06:42:11:229 - Compaction started: 
140508739380800:Compacting datalog/665 datalog/666 into:sstable1/2ac9de89-8f70-4c33-ae0e-0d6ed38835f4202605010042021777617731232166867.sst
2026-05-01 06:42:11:245 - Compaction completed: 
2903321:COMPACT_START sstable=0 input_files: "datalog/673" input_files: "datalog/674" compactIntoNextLevel: true destinationLevel: 1
2026-05-01 06:42:11:331 - Compaction started: 
140508739380800:Compacting datalog/673 datalog/674 into:sstable1/2ac9de89-8f70-4c33-ae0e-0d6ed38835f4202605010042021777617731334802615.sst
2026-05-01 06:42:11:349 - Compaction completed: 
2903321:COMPACT_START sstable=0 input_files: "datalog/681" input_files: "datalog/682" compactIntoNextLevel: true destinationLevel: 1
2026-05-01 06:42:11:433 - Compaction started: 
140508739380800:Compacting datalog/681 datalog/682 into:sstable1/2ac9de89-8f70-4c33-ae0e-0d6ed38835f4202605010042021777617731436263982.sst
2026-05-01 06:42:11:450 - Compaction completed: 
2903321:COMPACT_START sstable=0 input_files: "datalog/689" input_files: "datalog/690" compactIntoNextLevel: true destinationLevel: 1
2026-05-01 06:42:11:535 - Compaction started: 
140508739380800:Compacting datalog/689 datalog/690 into:sstable1/2ac9de89-8f70-4c33-ae0e-0d6ed38835f4202605010042021777617731538907646.sst
2026-05-01 06:42:11:553 - Compaction completed: 
2903321:COMPACT_START sstable=0 input_files: "datalog/697" input_files: "datalog/698" compactIntoNextLevel: true destinationLevel: 1
2026-05-01 06:42:11:638 - Compaction started: 
140508739380800:Compacting datalog/697 datalog/698 into:sstable1/2ac9de89-8f70-4c33-ae0e-0d6ed38835f4202605010042021777617731641472371.sst
2026-05-01 06:42:11:655 - Compaction completed: 
2903321:COMPACT_START sstable=0 input_files: "datalog/707" input_files: "datalog/708" compactIntoNextLevel: true destinationLevel: 1
2026-05-01 06:42:11:740 - Compaction started: 
140508739380800:Compacting datalog/707 datalog/708 into:sstable1/2ac9de89-8f70-4c33-ae0e-0d6ed38835f4202605010042021777617731743401505.sst
2026-05-01 06:42:11:757 - Compaction completed: 
2903321:COMPACT_START sstable=0 input_files: "datalog/715" input_files: "datalog/716" compactIntoNextLevel: true destinationLevel: 1
2026-05-01 06:42:11:842 - Compaction started: 
140508739380800:Compacting datalog/715 datalog/716 into:sstable1/2ac9de89-8f70-4c33-ae0e-0d6ed38835f4202605010042021777617731845212578.sst
2026-05-01 06:42:11:858 - Compaction completed: 
2903321:COMPACT_START sstable=0 input_files: "datalog/723" input_files: "datalog/724" compactIntoNextLevel: true destinationLevel: 1
2026-05-01 06:42:11:943 - Compaction started: 
140508739380800:Compacting datalog/723 datalog/724 into:sstable1/2ac9de89-8f70-4c33-ae0e-0d6ed38835f4202605010042021777617731946580650.sst
2026-05-01 06:42:11:959 - Compaction completed: 
2903321:COMPACT_START sstable=0 input_files: "datalog/731" input_files: "datalog/732" compactIntoNextLevel: true destinationLevel: 1
2026-05-01 06:42:12:045 - Compaction started: 
140508739380800:Compacting datalog/731 datalog/732 into:sstable1/2ac9de89-8f70-4c33-ae0e-0d6ed38835f4202605010042021777617732047941208.sst
2026-05-01 06:42:12:060 - Compaction completed: 
2903321:COMPACT_START sstable=0 input_files: "datalog/739" input_files: "datalog/740" compactIntoNextLevel: true destinationLevel: 1
2026-05-01 06:42:12:146 - Compaction started: 
140508739380800:Compacting datalog/739 datalog/740 into:sstable1/2ac9de89-8f70-4c33-ae0e-0d6ed38835f4202605010042021777617732149392727.sst
2026-05-01 06:42:12:161 - Compaction completed: 
2903321:COMPACT_START sstable=0 input_files: "datalog/747" input_files: "datalog/748" compactIntoNextLevel: true destinationLevel: 1
2026-05-01 06:42:12:248 - Compaction started: 
140508739380800:Compacting datalog/747 datalog/748 into:sstable1/2ac9de89-8f70-4c33-ae0e-0d6ed38835f4202605010042021777617732250817125.sst
2026-05-01 06:42:12:263 - Compaction completed: 
2903321:COMPACT_START sstable=0 input_files: "datalog/755" input_files: "datalog/756" compactIntoNextLevel: true destinationLevel: 1
2026-05-01 06:42:12:349 - Compaction started: 
140508739380800:Compacting datalog/755 datalog/756 into:sstable1/2ac9de89-8f70-4c33-ae0e-0d6ed38835f4202605010042021777617732352219912.sst
2026-05-01 06:42:12:364 - Compaction completed: 
2903321:COMPACT_START sstable=0 input_files: "datalog/763" input_files: "datalog/764" compactIntoNextLevel: true destinationLevel: 1
2026-05-01 06:42:12:451 - Compaction started: 
140508739380800:Compacting datalog/763 datalog/764 into:sstable1/2ac9de89-8f70-4c33-ae0e-0d6ed38835f4202605010042021777617732453892465.sst
2026-05-01 06:42:12:466 - Compaction completed: 
2903321:COMPACT_START sstable=0 input_files: "datalog/771" input_files: "datalog/772" compactIntoNextLevel: true destinationLevel: 1
2026-05-01 06:42:12:552 - Compaction started: 
140508739380800:Compacting datalog/771 datalog/772 into:sstable1/2ac9de89-8f70-4c33-ae0e-0d6ed38835f4202605010042021777617732555515395.sst
2026-05-01 06:42:12:569 - Compaction completed: 
2903321:COMPACT_START sstable=0 input_files: "datalog/779" input_files: "datalog/780" compactIntoNextLevel: true destinationLevel: 1
2026-05-01 06:42:12:654 - Compaction started: 
140508739380800:Compacting datalog/779 datalog/780 into:sstable1/2ac9de89-8f70-4c33-ae0e-0d6ed38835f4202605010042021777617732656882555.sst
2026-05-01 06:42:12:669 - Compaction completed: 
2903321:COMPACT_START sstable=0 input_files: "datalog/787" input_files: "datalog/788" compactIntoNextLevel: true destinationLevel: 1
2026-05-01 06:42:12:755 - Compaction started: 
140508739380800:Compacting datalog/787 datalog/788 into:sstable1/2ac9de89-8f70-4c33-ae0e-0d6ed38835f4202605010042021777617732758557994.sst
2026-05-01 06:42:12:771 - Compaction completed: 
2903321:COMPACT_START sstable=0 input_files: "datalog/795" input_files: "datalog/796" compactIntoNextLevel: true destinationLevel: 1
2026-05-01 06:42:12:857 - Compaction started: 
140508739380800:Compacting datalog/795 datalog/796 into:sstable1/2ac9de89-8f70-4c33-ae0e-0d6ed38835f4202605010042021777617732860354889.sst
2026-05-01 06:42:12:874 - Compaction completed: 
2903321:COMPACT_START sstable=0 input_files: "datalog/803" input_files: "datalog/804" compactIntoNextLevel: true destinationLevel: 1
2026-05-01 06:42:12:958 - Compaction started: 
140508739380800:Compacting datalog/803 datalog/804 into:sstable1/2ac9de89-8f70-4c33-ae0e-0d6ed38835f4202605010042021777617732961632582.sst
2026-05-01 06:42:12:973 - Compaction completed: 
2903321:COMPACT_START sstable=0 input_files: "datalog/811" input_files: "datalog/812" compactIntoNextLevel: true destinationLevel: 1
2026-05-01 06:42:13:060 - Compaction started: 
140508739380800:Compacting datalog/811 datalog/812 into:sstable1/2ac9de89-8f70-4c33-ae0e-0d6ed38835f4202605010042021777617733063373183.sst
2026-05-01 06:42:13:076 - Compaction completed: 
2903321:COMPACT_START sstable=0 input_files: "datalog/819" input_files: "datalog/820" compactIntoNextLevel: true destinationLevel: 1
2026-05-01 06:42:13:161 - Compaction started: 
140508739380800:Compacting datalog/819 datalog/820 into:sstable1/2ac9de89-8f70-4c33-ae0e-0d6ed38835f4202605010042021777617733164831715.sst
2026-05-01 06:42:13:178 - Compaction completed: 
2903321:COMPACT_START sstable=0 input_files: "datalog/827" input_files: "datalog/828" compactIntoNextLevel: true destinationLevel: 1
2026-05-01 06:42:13:263 - Compaction started: 
140508739380800:Compacting datalog/827 datalog/828 into:sstable1/2ac9de89-8f70-4c33-ae0e-0d6ed38835f4202605010042021777617733266281280.sst
2026-05-01 06:42:13:279 - Compaction completed: 
2903321:COMPACT_START sstable=0 input_files: "datalog/835" input_files: "datalog/836" compactIntoNextLevel: true destinationLevel: 1
2026-05-01 06:42:13:364 - Compaction started: 
140508739380800:Compacting datalog/835 datalog/836 into:sstable1/2ac9de89-8f70-4c33-ae0e-0d6ed38835f4202605010042021777617733367544535.sst
2026-05-01 06:42:13:380 - Compaction completed: 
2903321:COMPACT_START sstable=0 input_files: "datalog/843" input_files: "datalog/844" compactIntoNextLevel: true destinationLevel: 1
2026-05-01 06:42:13:466 - Compaction started: 
140508739380800:Compacting datalog/843 datalog/844 into:sstable1/2ac9de89-8f70-4c33-ae0e-0d6ed38835f4202605010042021777617733468839841.sst
2026-05-01 06:42:13:481 - Compaction completed: 
2903321:COMPACT_START sstable=0 input_files: "datalog/851" input_files: "datalog/852" compactIntoNextLevel: true destinationLevel: 1
2026-05-01 06:42:13:567 - Compaction started: 
140508739380800:Compacting datalog/851 datalog/852 into:sstable1/2ac9de89-8f70-4c33-ae0e-0d6ed38835f4202605010042021777617733570204247.sst
2026-05-01 06:42:13:583 - Compaction completed: 
2903321:COMPACT_START sstable=0 input_files: "datalog/859" input_files: "datalog/860" compactIntoNextLevel: true destinationLevel: 1
2026-05-01 06:42:13:669 - Compaction started: 
140508739380800:Compacting datalog/859 datalog/860 into:sstable1/2ac9de89-8f70-4c33-ae0e-0d6ed38835f4202605010042021777617733671849498.sst
2026-05-01 06:42:13:684 - Compaction completed: 
2903321:COMPACT_START sstable=0 input_files: "datalog/867" input_files: "datalog/868" compactIntoNextLevel: true destinationLevel: 1
2026-05-01 06:42:13:771 - Compaction started: 
140508739380800:Compacting datalog/867 datalog/868 into:sstable1/2ac9de89-8f70-4c33-ae0e-0d6ed38835f4202605010042021777617733773913024.sst
2026-05-01 06:42:13:786 - Compaction completed: 
2903321:COMPACT_START sstable=1 input_files: "sstable1/4917cf90-8de1-48a0-8731-f5a77087163e202605010042021777617722499850870.sst" input_files: "sstable1/6a8e88ce-4077-4cf9-b08e-494b22137fbc202605010042021777617722551802228.sst" compactIntoNextLevel: true destinationLevel: 2
2026-05-01 06:42:13:873 - Compaction started: 
140508739380800:Compacting sstable1/4917cf90-8de1-48a0-8731-f5a77087163e202605010042021777617722499850870.sst sstable1/6a8e88ce-4077-4cf9-b08e-494b22137fbc202605010042021777617722551802228.sst into:sstable2/2ac9de89-8f70-4c33-ae0e-0d6ed38835f4202605010042021777617733897266460.sst
2026-05-01 06:42:13:932 - Compaction completed: 
2903321:COMPACT_START sstable=1 input_files: "sstable1/4917cf90-8de1-48a0-8731-f5a77087163e202605010042021777617722819296176.sst" input_files: "sstable1/7fb26730-a7e9-4755-8070-cbd2658efca5202605010042021777617722873468175.sst" compactIntoNextLevel: true destinationLevel: 2
2026-05-01 06:42:13:974 - Compaction started: 
140508739380800:Compacting sstable1/4917cf90-8de1-48a0-8731-f5a77087163e202605010042021777617722819296176.sst sstable1/7fb26730-a7e9-4755-8070-cbd2658efca5202605010042021777617722873468175.sst into:sstable2/2ac9de89-8f70-4c33-ae0e-0d6ed38835f4202605010042021777617733998582274.sst
2026-05-01 06:42:14:036 - Compaction completed: 
2903321:COMPACT_START sstable=1 input_files: "sstable1/6a8e88ce-4077-4cf9-b08e-494b22137fbc202605010042021777617723036129747.sst" input_files: "sstable1/2ac9de89-8f70-4c33-ae0e-0d6ed38835f4202605010042021777617723134672132.sst" compactIntoNextLevel: true destinationLevel: 2
2026-05-01 06:42:14:076 - Compaction started: 
140508739380800:Compacting sstable1/6a8e88ce-4077-4cf9-b08e-494b22137fbc202605010042021777617723036129747.sst sstable1/2ac9de89-8f70-4c33-ae0e-0d6ed38835f4202605010042021777617723134672132.sst into:sstable2/2ac9de89-8f70-4c33-ae0e-0d6ed38835f4202605010042021777617734101581384.sst
2026-05-01 06:42:14:141 - Compaction completed: 
2903321:COMPACT_START sstable=1 input_files: "sstable1/6a8e88ce-4077-4cf9-b08e-494b22137fbc202605010042021777617723340547040.sst" input_files: "sstable1/4917cf90-8de1-48a0-8731-f5a77087163e202605010042021777617723361895890.sst" compactIntoNextLevel: true destinationLevel: 2
2026-05-01 06:42:14:178 - Compaction started: 
140508739380800:Compacting sstable1/6a8e88ce-4077-4cf9-b08e-494b22137fbc202605010042021777617723340547040.sst sstable1/4917cf90-8de1-48a0-8731-f5a77087163e202605010042021777617723361895890.sst into:sstable2/2ac9de89-8f70-4c33-ae0e-0d6ed38835f4202605010042021777617734202551309.sst
2026-05-01 06:42:14:240 - Compaction completed: 
2903321:COMPACT_START sstable=1 input_files: "sstable1/6a8e88ce-4077-4cf9-b08e-494b22137fbc202605010042021777617723544830135.sst" input_files: "sstable1/2ac9de89-8f70-4c33-ae0e-0d6ed38835f4202605010042021777617723582326184.sst" compactIntoNextLevel: true destinationLevel: 2
2026-05-01 06:42:14:290 - Compaction started: 
140508739380800:Compacting sstable1/6a8e88ce-4077-4cf9-b08e-494b22137fbc202605010042021777617723544830135.sst sstable1/2ac9de89-8f70-4c33-ae0e-0d6ed38835f4202605010042021777617723582326184.sst into:sstable2/2ac9de89-8f70-4c33-ae0e-0d6ed38835f4202605010042021777617734315568639.sst
2026-05-01 06:42:14:356 - Compaction completed: 
2903321:COMPACT_START sstable=1 input_files: "sstable1/2ac9de89-8f70-4c33-ae0e-0d6ed38835f4202605010042021777617723772421122.sst" input_files: "sstable1/7fb26730-a7e9-4755-8070-cbd2658efca5202605010042021777617723827079052.sst" compactIntoNextLevel: true destinationLevel: 2
2026-05-01 06:42:14:392 - Compaction started: 
140508739380800:Compacting sstable1/2ac9de89-8f70-4c33-ae0e-0d6ed38835f4202605010042021777617723772421122.sst sstable1/7fb26730-a7e9-4755-8070-cbd2658efca5202605010042021777617723827079052.sst into:sstable2/2ac9de89-8f70-4c33-ae0e-0d6ed38835f4202605010042021777617734416478492.sst
2026-05-01 06:42:14:454 - Compaction completed: 
2903321:COMPACT_START sstable=1 input_files: "sstable1/6a8e88ce-4077-4cf9-b08e-494b22137fbc202605010042021777617723950784758.sst" input_files: "sstable1/4917cf90-8de1-48a0-8731-f5a77087163e202605010042021777617723993429488.sst" compactIntoNextLevel: true destinationLevel: 2
2026-05-01 06:42:14:503 - Compaction started: 
140508739380800:Compacting sstable1/6a8e88ce-4077-4cf9-b08e-494b22137fbc202605010042021777617723950784758.sst sstable1/4917cf90-8de1-48a0-8731-f5a77087163e202605010042021777617723993429488.sst into:sstable2/2ac9de89-8f70-4c33-ae0e-0d6ed38835f4202605010042021777617734527963259.sst
2026-05-01 06:42:14:566 - Compaction completed: 
2903321:COMPACT_START sstable=1 input_files: "sstable1/6a8e88ce-4077-4cf9-b08e-494b22137fbc202605010042021777617724153316960.sst" input_files: "sstable1/4917cf90-8de1-48a0-8731-f5a77087163e202605010042021777617724173206925.sst" compactIntoNextLevel: true destinationLevel: 2
2026-05-01 06:42:14:605 - Compaction started: 
140508739380800:Compacting sstable1/6a8e88ce-4077-4cf9-b08e-494b22137fbc202605010042021777617724153316960.sst sstable1/4917cf90-8de1-48a0-8731-f5a77087163e202605010042021777617724173206925.sst into:sstable2/2ac9de89-8f70-4c33-ae0e-0d6ed38835f4202605010042021777617734629078698.sst
2026-05-01 06:42:14:666 - Compaction completed: 
2903321:COMPACT_START sstable=1 input_files: "sstable1/2ac9de89-8f70-4c33-ae0e-0d6ed38835f4202605010042021777617724282137324.sst" input_files: "sstable1/7fb26730-a7e9-4755-8070-cbd2658efca5202605010042021777617724332660934.sst" compactIntoNextLevel: true destinationLevel: 2
2026-05-01 06:42:14:715 - Compaction started: 
140508739380800:Compacting sstable1/2ac9de89-8f70-4c33-ae0e-0d6ed38835f4202605010042021777617724282137324.sst sstable1/7fb26730-a7e9-4755-8070-cbd2658efca5202605010042021777617724332660934.sst into:sstable2/2ac9de89-8f70-4c33-ae0e-0d6ed38835f4202605010042021777617734740435875.sst
2026-05-01 06:42:14:782 - Compaction completed: 
2903321:COMPACT_START sstable=1 input_files: "sstable1/2ac9de89-8f70-4c33-ae0e-0d6ed38835f4202605010042021777617724485204208.sst" input_files: "sstable1/7fb26730-a7e9-4755-8070-cbd2658efca5202605010042021777617724533897718.sst" compactIntoNextLevel: true destinationLevel: 2
2026-05-01 06:42:14:817 - Compaction started: 
140508739380800:Compacting sstable1/2ac9de89-8f70-4c33-ae0e-0d6ed38835f4202605010042021777617724485204208.sst sstable1/7fb26730-a7e9-4755-8070-cbd2658efca5202605010042021777617724533897718.sst into:sstable2/2ac9de89-8f70-4c33-ae0e-0d6ed38835f4202605010042021777617734837761059.sst
2026-05-01 06:42:14:870 - Compaction completed: 
2903321:COMPACT_START sstable=1 input_files: "sstable1/2ac9de89-8f70-4c33-ae0e-0d6ed38835f4202605010042021777617724687113352.sst" input_files: "sstable1/7fb26730-a7e9-4755-8070-cbd2658efca5202605010042021777617724737000089.sst" compactIntoNextLevel: true destinationLevel: 2
2026-05-01 06:42:14:918 - Compaction started: 
140508739380800:Compacting sstable1/2ac9de89-8f70-4c33-ae0e-0d6ed38835f4202605010042021777617724687113352.sst sstable1/7fb26730-a7e9-4755-8070-cbd2658efca5202605010042021777617724737000089.sst into:sstable2/2ac9de89-8f70-4c33-ae0e-0d6ed38835f4202605010042021777617734940877067.sst
2026-05-01 06:42:14:976 - Compaction completed: 
2903321:COMPACT_START sstable=1 input_files: "sstable1/2ac9de89-8f70-4c33-ae0e-0d6ed38835f4202605010042021777617724890047307.sst" input_files: "sstable1/7fb26730-a7e9-4755-8070-cbd2658efca5202605010042021777617724940278440.sst" compactIntoNextLevel: true destinationLevel: 2
2026-05-01 06:42:15:020 - Compaction started: 
140508739380800:Compacting sstable1/2ac9de89-8f70-4c33-ae0e-0d6ed38835f4202605010042021777617724890047307.sst sstable1/7fb26730-a7e9-4755-8070-cbd2658efca5202605010042021777617724940278440.sst into:sstable2/2ac9de89-8f70-4c33-ae0e-0d6ed38835f4202605010042021777617735041675973.sst
2026-05-01 06:42:15:076 - Compaction completed: 
2903321:COMPACT_START sstable=1 input_files: "sstable1/2ac9de89-8f70-4c33-ae0e-0d6ed38835f4202605010042021777617725093021368.sst" input_files: "sstable1/7fb26730-a7e9-4755-8070-cbd2658efca5202605010042021777617725143575726.sst" compactIntoNextLevel: true destinationLevel: 2
2026-05-01 06:42:15:121 - Compaction started: 
140508739380800:Compacting sstable1/2ac9de89-8f70-4c33-ae0e-0d6ed38835f4202605010042021777617725093021368.sst sstable1/7fb26730-a7e9-4755-8070-cbd2658efca5202605010042021777617725143575726.sst into:sstable2/2ac9de89-8f70-4c33-ae0e-0d6ed38835f4202605010042021777617735144653252.sst
2026-05-01 06:42:15:181 - Compaction completed: 
2903321:COMPACT_START sstable=1 input_files: "sstable1/2ac9de89-8f70-4c33-ae0e-0d6ed38835f4202605010042021777617725319134494.sst" input_files: "sstable1/7fb26730-a7e9-4755-8070-cbd2658efca5202605010042021777617725356411222.sst" compactIntoNextLevel: true destinationLevel: 2
2026-05-01 06:42:15:223 - Compaction started: 
140508739380800:Compacting sstable1/2ac9de89-8f70-4c33-ae0e-0d6ed38835f4202605010042021777617725319134494.sst sstable1/7fb26730-a7e9-4755-8070-cbd2658efca5202605010042021777617725356411222.sst into:sstable2/2ac9de89-8f70-4c33-ae0e-0d6ed38835f4202605010042021777617735245611826.sst
2026-05-01 06:42:15:281 - Compaction completed: 
2903321:COMPACT_START sstable=1 input_files: "sstable1/2ac9de89-8f70-4c33-ae0e-0d6ed38835f4202605010042021777617725524747602.sst" input_files: "sstable1/7fb26730-a7e9-4755-8070-cbd2658efca5202605010042021777617725560702352.sst" compactIntoNextLevel: true destinationLevel: 2
2026-05-01 06:42:15:324 - Compaction started: 
140508739380800:Compacting sstable1/2ac9de89-8f70-4c33-ae0e-0d6ed38835f4202605010042021777617725524747602.sst sstable1/7fb26730-a7e9-4755-8070-cbd2658efca5202605010042021777617725560702352.sst into:sstable2/2ac9de89-8f70-4c33-ae0e-0d6ed38835f4202605010042021777617735345737449.sst
2026-05-01 06:42:15:379 - Compaction completed: 
2903321:COMPACT_START sstable=1 input_files: "sstable1/2ac9de89-8f70-4c33-ae0e-0d6ed38835f4202605010042021777617725729855062.sst" input_files: "sstable1/7fb26730-a7e9-4755-8070-cbd2658efca5202605010042021777617725764644327.sst" compactIntoNextLevel: true destinationLevel: 2
2026-05-01 06:42:15:426 - Compaction started: 
140508739380800:Compacting sstable1/2ac9de89-8f70-4c33-ae0e-0d6ed38835f4202605010042021777617725729855062.sst sstable1/7fb26730-a7e9-4755-8070-cbd2658efca5202605010042021777617725764644327.sst into:sstable2/2ac9de89-8f70-4c33-ae0e-0d6ed38835f4202605010042021777617735448368789.sst
2026-05-01 06:42:15:485 - Compaction completed: 
2903321:COMPACT_START sstable=1 input_files: "sstable1/2ac9de89-8f70-4c33-ae0e-0d6ed38835f4202605010042021777617725934706571.sst" input_files: "sstable1/7fb26730-a7e9-4755-8070-cbd2658efca5202605010042021777617725969564275.sst" compactIntoNextLevel: true destinationLevel: 2
2026-05-01 06:42:15:528 - Compaction started: 
140508739380800:Compacting sstable1/2ac9de89-8f70-4c33-ae0e-0d6ed38835f4202605010042021777617725934706571.sst sstable1/7fb26730-a7e9-4755-8070-cbd2658efca5202605010042021777617725969564275.sst into:sstable2/2ac9de89-8f70-4c33-ae0e-0d6ed38835f4202605010042021777617735549889959.sst
2026-05-01 06:42:15:585 - Compaction completed: 
2903321:COMPACT_START sstable=1 input_files: "sstable1/2ac9de89-8f70-4c33-ae0e-0d6ed38835f4202605010042021777617726140350867.sst" input_files: "sstable1/7fb26730-a7e9-4755-8070-cbd2658efca5202605010042021777617726175418334.sst" compactIntoNextLevel: true destinationLevel: 2
2026-05-01 06:42:15:629 - Compaction started: 
140508739380800:Compacting sstable1/2ac9de89-8f70-4c33-ae0e-0d6ed38835f4202605010042021777617726140350867.sst sstable1/7fb26730-a7e9-4755-8070-cbd2658efca5202605010042021777617726175418334.sst into:sstable2/2ac9de89-8f70-4c33-ae0e-0d6ed38835f4202605010042021777617735650654820.sst
2026-05-01 06:42:15:713 - Compaction completed: 
2903321:COMPACT_START sstable=1 input_files: "sstable1/2ac9de89-8f70-4c33-ae0e-0d6ed38835f4202605010042021777617726344595399.sst" input_files: "sstable1/7fb26730-a7e9-4755-8070-cbd2658efca5202605010042021777617726383438684.sst" compactIntoNextLevel: true destinationLevel: 2
2026-05-01 06:42:15:733 - Compaction started: 
140508739380800:Compacting sstable1/2ac9de89-8f70-4c33-ae0e-0d6ed38835f4202605010042021777617726344595399.sst sstable1/7fb26730-a7e9-4755-8070-cbd2658efca5202605010042021777617726383438684.sst into:sstable2/2ac9de89-8f70-4c33-ae0e-0d6ed38835f4202605010042021777617735756498673.sst
2026-05-01 06:42:15:796 - Compaction completed: 
2903321:COMPACT_START sstable=1 input_files: "sstable1/2ac9de89-8f70-4c33-ae0e-0d6ed38835f4202605010042021777617726549329069.sst" input_files: "sstable1/7fb26730-a7e9-4755-8070-cbd2658efca5202605010042021777617726589434900.sst" compactIntoNextLevel: true destinationLevel: 2
2026-05-01 06:42:15:836 - Compaction started: 
140508739380800:Compacting sstable1/2ac9de89-8f70-4c33-ae0e-0d6ed38835f4202605010042021777617726549329069.sst sstable1/7fb26730-a7e9-4755-8070-cbd2658efca5202605010042021777617726589434900.sst into:sstable2/2ac9de89-8f70-4c33-ae0e-0d6ed38835f4202605010042021777617735859424786.sst
2026-05-01 06:42:15:898 - Compaction completed: 
2903321:COMPACT_START sstable=1 input_files: "sstable1/2ac9de89-8f70-4c33-ae0e-0d6ed38835f4202605010042021777617726753195953.sst" input_files: "sstable1/7fb26730-a7e9-4755-8070-cbd2658efca5202605010042021777617726794566334.sst" compactIntoNextLevel: true destinationLevel: 2
2026-05-01 06:42:15:939 - Compaction started: 
140508739380800:Compacting sstable1/2ac9de89-8f70-4c33-ae0e-0d6ed38835f4202605010042021777617726753195953.sst sstable1/7fb26730-a7e9-4755-8070-cbd2658efca5202605010042021777617726794566334.sst into:sstable2/2ac9de89-8f70-4c33-ae0e-0d6ed38835f4202605010042021777617735962734407.sst
2026-05-01 06:42:16:000 - Compaction completed: 
2903321:COMPACT_START sstable=1 input_files: "sstable1/2ac9de89-8f70-4c33-ae0e-0d6ed38835f4202605010042021777617726956498559.sst" input_files: "sstable1/7fb26730-a7e9-4755-8070-cbd2658efca5202605010042021777617726999535776.sst" compactIntoNextLevel: true destinationLevel: 2
2026-05-01 06:42:16:043 - Compaction started: 
140508739380800:Compacting sstable1/2ac9de89-8f70-4c33-ae0e-0d6ed38835f4202605010042021777617726956498559.sst sstable1/7fb26730-a7e9-4755-8070-cbd2658efca5202605010042021777617726999535776.sst into:sstable2/2ac9de89-8f70-4c33-ae0e-0d6ed38835f4202605010042021777617736065809299.sst
2026-05-01 06:42:16:102 - Compaction completed: 
2903321:COMPACT_START sstable=1 input_files: "sstable1/2ac9de89-8f70-4c33-ae0e-0d6ed38835f4202605010042021777617727161481114.sst" input_files: "sstable1/7fb26730-a7e9-4755-8070-cbd2658efca5202605010042021777617727203791158.sst" compactIntoNextLevel: true destinationLevel: 2
2026-05-01 06:42:16:146 - Compaction started: 
140508739380800:Compacting sstable1/2ac9de89-8f70-4c33-ae0e-0d6ed38835f4202605010042021777617727161481114.sst sstable1/7fb26730-a7e9-4755-8070-cbd2658efca5202605010042021777617727203791158.sst into:sstable2/2ac9de89-8f70-4c33-ae0e-0d6ed38835f4202605010042021777617736168800904.sst
2026-05-01 06:42:16:206 - Compaction completed: 
2903321:COMPACT_START sstable=1 input_files: "sstable1/2ac9de89-8f70-4c33-ae0e-0d6ed38835f4202605010042021777617727364701987.sst" input_files: "sstable1/7fb26730-a7e9-4755-8070-cbd2658efca5202605010042021777617727406851460.sst" compactIntoNextLevel: true destinationLevel: 2
2026-05-01 06:42:16:250 - Compaction started: 
140508739380800:Compacting sstable1/2ac9de89-8f70-4c33-ae0e-0d6ed38835f4202605010042021777617727364701987.sst sstable1/7fb26730-a7e9-4755-8070-cbd2658efca5202605010042021777617727406851460.sst into:sstable2/2ac9de89-8f70-4c33-ae0e-0d6ed38835f4202605010042021777617736271880866.sst
2026-05-01 06:42:16:307 - Compaction completed: 
2903321:COMPACT_START sstable=1 input_files: "sstable1/2ac9de89-8f70-4c33-ae0e-0d6ed38835f4202605010042021777617727566980995.sst" input_files: "sstable1/7fb26730-a7e9-4755-8070-cbd2658efca5202605010042021777617727609408028.sst" compactIntoNextLevel: true destinationLevel: 2
2026-05-01 06:42:16:354 - Compaction started: 
140508739380800:Compacting sstable1/2ac9de89-8f70-4c33-ae0e-0d6ed38835f4202605010042021777617727566980995.sst sstable1/7fb26730-a7e9-4755-8070-cbd2658efca5202605010042021777617727609408028.sst into:sstable2/2ac9de89-8f70-4c33-ae0e-0d6ed38835f4202605010042021777617736374551961.sst
2026-05-01 06:42:16:407 - Compaction completed: 
2903321:COMPACT_START sstable=1 input_files: "sstable1/2ac9de89-8f70-4c33-ae0e-0d6ed38835f4202605010042021777617727770509495.sst" input_files: "sstable1/7fb26730-a7e9-4755-8070-cbd2658efca5202605010042021777617727813084325.sst" compactIntoNextLevel: true destinationLevel: 2
2026-05-01 06:42:16:458 - Compaction started: 
140508739380800:Compacting sstable1/2ac9de89-8f70-4c33-ae0e-0d6ed38835f4202605010042021777617727770509495.sst sstable1/7fb26730-a7e9-4755-8070-cbd2658efca5202605010042021777617727813084325.sst into:sstable2/2ac9de89-8f70-4c33-ae0e-0d6ed38835f4202605010042021777617736480964910.sst
2026-05-01 06:42:16:518 - Compaction completed: 
2903321:COMPACT_START sstable=1 input_files: "sstable1/2ac9de89-8f70-4c33-ae0e-0d6ed38835f4202605010042021777617727973579124.sst" input_files: "sstable1/7fb26730-a7e9-4755-8070-cbd2658efca5202605010042021777617728016290540.sst" compactIntoNextLevel: true destinationLevel: 2
2026-05-01 06:42:16:560 - Compaction started: 
140508739380800:Compacting sstable1/2ac9de89-8f70-4c33-ae0e-0d6ed38835f4202605010042021777617727973579124.sst sstable1/7fb26730-a7e9-4755-8070-cbd2658efca5202605010042021777617728016290540.sst into:sstable2/2ac9de89-8f70-4c33-ae0e-0d6ed38835f4202605010042021777617736583000042.sst
2026-05-01 06:42:16:621 - Compaction completed: 
2903321:COMPACT_START sstable=1 input_files: "sstable1/2ac9de89-8f70-4c33-ae0e-0d6ed38835f4202605010042021777617728176244456.sst" input_files: "sstable1/7fb26730-a7e9-4755-8070-cbd2658efca5202605010042021777617728219111464.sst" compactIntoNextLevel: true destinationLevel: 2
2026-05-01 06:42:16:663 - Compaction started: 
140508739380800:Compacting sstable1/2ac9de89-8f70-4c33-ae0e-0d6ed38835f4202605010042021777617728176244456.sst sstable1/7fb26730-a7e9-4755-8070-cbd2658efca5202605010042021777617728219111464.sst into:sstable2/2ac9de89-8f70-4c33-ae0e-0d6ed38835f4202605010042021777617736684011096.sst
2026-05-01 06:42:16:717 - Compaction completed: 
2903321:COMPACT_START sstable=1 input_files: "sstable1/2ac9de89-8f70-4c33-ae0e-0d6ed38835f4202605010042021777617728379650667.sst" input_files: "sstable1/7fb26730-a7e9-4755-8070-cbd2658efca5202605010042021777617728422334511.sst" compactIntoNextLevel: true destinationLevel: 2
2026-05-01 06:42:16:767 - Compaction started: 
140508739380800:Compacting sstable1/2ac9de89-8f70-4c33-ae0e-0d6ed38835f4202605010042021777617728379650667.sst sstable1/7fb26730-a7e9-4755-8070-cbd2658efca5202605010042021777617728422334511.sst into:sstable2/2ac9de89-8f70-4c33-ae0e-0d6ed38835f4202605010042021777617736788685566.sst
2026-05-01 06:42:16:824 - Compaction completed: 
2903321:COMPACT_START sstable=1 input_files: "sstable1/7fb26730-a7e9-4755-8070-cbd2658efca5202605010042021777617728625508716.sst" input_files: "sstable1/6a8e88ce-4077-4cf9-b08e-494b22137fbc202605010042021777617728636923234.sst" compactIntoNextLevel: true destinationLevel: 2
2026-05-01 06:42:16:871 - Compaction started: 
140508739380800:Compacting sstable1/7fb26730-a7e9-4755-8070-cbd2658efca5202605010042021777617728625508716.sst sstable1/6a8e88ce-4077-4cf9-b08e-494b22137fbc202605010042021777617728636923234.sst into:sstable2/2ac9de89-8f70-4c33-ae0e-0d6ed38835f4202605010042021777617736891028976.sst
2026-05-01 06:42:16:922 - Compaction completed: 
2903321:COMPACT_START sstable=1 input_files: "sstable1/4917cf90-8de1-48a0-8731-f5a77087163e202605010042021777617728771727014.sst" input_files: "sstable1/2ac9de89-8f70-4c33-ae0e-0d6ed38835f4202605010042021777617728786746238.sst" compactIntoNextLevel: true destinationLevel: 2
2026-05-01 06:42:16:975 - Compaction started: 
140508739380800:Compacting sstable1/4917cf90-8de1-48a0-8731-f5a77087163e202605010042021777617728771727014.sst sstable1/2ac9de89-8f70-4c33-ae0e-0d6ed38835f4202605010042021777617728786746238.sst into:sstable2/2ac9de89-8f70-4c33-ae0e-0d6ed38835f4202605010042021777617736996819689.sst
2026-05-01 06:42:17:032 - Compaction completed: 
2903321:COMPACT_START sstable=1 input_files: "sstable1/4917cf90-8de1-48a0-8731-f5a77087163e202605010042021777617728974942747.sst" input_files: "sstable1/2ac9de89-8f70-4c33-ae0e-0d6ed38835f4202605010042021777617728989812732.sst" compactIntoNextLevel: true destinationLevel: 2
2026-05-01 06:42:17:079 - Compaction started: 
140508739380800:Compacting sstable1/4917cf90-8de1-48a0-8731-f5a77087163e202605010042021777617728974942747.sst sstable1/2ac9de89-8f70-4c33-ae0e-0d6ed38835f4202605010042021777617728989812732.sst into:sstable2/2ac9de89-8f70-4c33-ae0e-0d6ed38835f4202605010042021777617737099708572.sst
2026-05-01 06:42:17:132 - Compaction completed: 
2903321:COMPACT_START sstable=1 input_files: "sstable1/4917cf90-8de1-48a0-8731-f5a77087163e202605010042021777617729178238661.sst" input_files: "sstable1/2ac9de89-8f70-4c33-ae0e-0d6ed38835f4202605010042021777617729193025700.sst" compactIntoNextLevel: true destinationLevel: 2
2026-05-01 06:42:17:183 - Compaction started: 
140508739380800:Compacting sstable1/4917cf90-8de1-48a0-8731-f5a77087163e202605010042021777617729178238661.sst sstable1/2ac9de89-8f70-4c33-ae0e-0d6ed38835f4202605010042021777617729193025700.sst into:sstable2/2ac9de89-8f70-4c33-ae0e-0d6ed38835f4202605010042021777617737203894907.sst
2026-05-01 06:42:17:238 - Compaction completed: 
2903321:COMPACT_START sstable=1 input_files: "sstable1/4917cf90-8de1-48a0-8731-f5a77087163e202605010042021777617729381243559.sst" input_files: "sstable1/2ac9de89-8f70-4c33-ae0e-0d6ed38835f4202605010042021777617729396557817.sst" compactIntoNextLevel: true destinationLevel: 2
2026-05-01 06:42:17:286 - Compaction started: 
140508739380800:Compacting sstable1/4917cf90-8de1-48a0-8731-f5a77087163e202605010042021777617729381243559.sst sstable1/2ac9de89-8f70-4c33-ae0e-0d6ed38835f4202605010042021777617729396557817.sst into:sstable2/2ac9de89-8f70-4c33-ae0e-0d6ed38835f4202605010042021777617737306983104.sst
2026-05-01 06:42:17:340 - Compaction completed: 
2903321:COMPACT_START sstable=1 input_files: "sstable1/4917cf90-8de1-48a0-8731-f5a77087163e202605010042021777617729584957416.sst" input_files: "sstable1/2ac9de89-8f70-4c33-ae0e-0d6ed38835f4202605010042021777617729600080957.sst" compactIntoNextLevel: true destinationLevel: 2
2026-05-01 06:42:17:389 - Compaction started: 
140508739380800:Compacting sstable1/4917cf90-8de1-48a0-8731-f5a77087163e202605010042021777617729584957416.sst sstable1/2ac9de89-8f70-4c33-ae0e-0d6ed38835f4202605010042021777617729600080957.sst into:sstable2/2ac9de89-8f70-4c33-ae0e-0d6ed38835f4202605010042021777617737409332676.sst
2026-05-01 06:42:17:442 - Compaction completed: 
2903321:COMPACT_START sstable=1 input_files: "sstable1/4917cf90-8de1-48a0-8731-f5a77087163e202605010042021777617729788292263.sst" input_files: "sstable1/2ac9de89-8f70-4c33-ae0e-0d6ed38835f4202605010042021777617729803200850.sst" compactIntoNextLevel: true destinationLevel: 2
2026-05-01 06:42:17:491 - Compaction started: 
140508739380800:Compacting sstable1/4917cf90-8de1-48a0-8731-f5a77087163e202605010042021777617729788292263.sst sstable1/2ac9de89-8f70-4c33-ae0e-0d6ed38835f4202605010042021777617729803200850.sst into:sstable2/2ac9de89-8f70-4c33-ae0e-0d6ed38835f4202605010042021777617737511527779.sst
2026-05-01 06:42:17:544 - Compaction completed: 
2903321:COMPACT_START sstable=1 input_files: "sstable1/4917cf90-8de1-48a0-8731-f5a77087163e202605010042021777617729991713903.sst" input_files: "sstable1/2ac9de89-8f70-4c33-ae0e-0d6ed38835f4202605010042021777617730006640914.sst" compactIntoNextLevel: true destinationLevel: 2
2026-05-01 06:42:17:594 - Compaction started: 
140508739380800:Compacting sstable1/4917cf90-8de1-48a0-8731-f5a77087163e202605010042021777617729991713903.sst sstable1/2ac9de89-8f70-4c33-ae0e-0d6ed38835f4202605010042021777617730006640914.sst into:sstable2/2ac9de89-8f70-4c33-ae0e-0d6ed38835f4202605010042021777617737615123407.sst
2026-05-01 06:42:17:648 - Compaction completed: 
2903321:COMPACT_START sstable=1 input_files: "sstable1/7fb26730-a7e9-4755-8070-cbd2658efca5202605010042021777617730151267267.sst" input_files: "sstable1/6a8e88ce-4077-4cf9-b08e-494b22137fbc202605010042021777617730162289449.sst" compactIntoNextLevel: true destinationLevel: 2
2026-05-01 06:42:17:697 - Compaction started: 
140508739380800:Compacting sstable1/7fb26730-a7e9-4755-8070-cbd2658efca5202605010042021777617730151267267.sst sstable1/6a8e88ce-4077-4cf9-b08e-494b22137fbc202605010042021777617730162289449.sst into:sstable2/2ac9de89-8f70-4c33-ae0e-0d6ed38835f4202605010042021777617737717778421.sst
2026-05-01 06:42:17:750 - Compaction completed: 
2903321:COMPACT_START sstable=1 input_files: "sstable1/7fb26730-a7e9-4755-8070-cbd2658efca5202605010042021777617730354863775.sst" input_files: "sstable1/6a8e88ce-4077-4cf9-b08e-494b22137fbc202605010042021777617730365603918.sst" compactIntoNextLevel: true destinationLevel: 2
2026-05-01 06:42:17:800 - Compaction started: 
140508739380800:Compacting sstable1/7fb26730-a7e9-4755-8070-cbd2658efca5202605010042021777617730354863775.sst sstable1/6a8e88ce-4077-4cf9-b08e-494b22137fbc202605010042021777617730365603918.sst into:sstable2/2ac9de89-8f70-4c33-ae0e-0d6ed38835f4202605010042021777617737819628507.sst
2026-05-01 06:42:17:851 - Compaction completed: 
2903321:COMPACT_START sstable=1 input_files: "sstable1/6a8e88ce-4077-4cf9-b08e-494b22137fbc202605010042021777617730569843321.sst" input_files: "sstable1/4917cf90-8de1-48a0-8731-f5a77087163e202605010042021777617730601682987.sst" compactIntoNextLevel: true destinationLevel: 2
2026-05-01 06:42:17:902 - Compaction started: 
140508739380800:Compacting sstable1/6a8e88ce-4077-4cf9-b08e-494b22137fbc202605010042021777617730569843321.sst sstable1/4917cf90-8de1-48a0-8731-f5a77087163e202605010042021777617730601682987.sst into:sstable2/2ac9de89-8f70-4c33-ae0e-0d6ed38835f4202605010042021777617737921251697.sst
2026-05-01 06:42:17:951 - Compaction completed: 
2903321:COMPACT_START sstable=1 input_files: "sstable1/6a8e88ce-4077-4cf9-b08e-494b22137fbc202605010042021777617730775124215.sst" input_files: "sstable1/4917cf90-8de1-48a0-8731-f5a77087163e202605010042021777617730807733894.sst" compactIntoNextLevel: true destinationLevel: 2
2026-05-01 06:42:18:005 - Compaction started: 
140508739380800:Compacting sstable1/6a8e88ce-4077-4cf9-b08e-494b22137fbc202605010042021777617730775124215.sst sstable1/4917cf90-8de1-48a0-8731-f5a77087163e202605010042021777617730807733894.sst into:sstable2/2ac9de89-8f70-4c33-ae0e-0d6ed38835f4202605010042021777617738024454118.sst
2026-05-01 06:42:18:056 - Compaction completed: 
2903321:COMPACT_START sstable=1 input_files: "sstable1/6a8e88ce-4077-4cf9-b08e-494b22137fbc202605010042021777617730980738856.sst" input_files: "sstable1/4917cf90-8de1-48a0-8731-f5a77087163e202605010042021777617731012224868.sst" compactIntoNextLevel: true destinationLevel: 2
2026-05-01 06:42:18:107 - Compaction started: 
140508739380800:Compacting sstable1/6a8e88ce-4077-4cf9-b08e-494b22137fbc202605010042021777617730980738856.sst sstable1/4917cf90-8de1-48a0-8731-f5a77087163e202605010042021777617731012224868.sst into:sstable2/2ac9de89-8f70-4c33-ae0e-0d6ed38835f4202605010042021777617738127567062.sst
2026-05-01 06:42:18:160 - Compaction completed: 
2903321:COMPACT_START sstable=1 input_files: "sstable1/6a8e88ce-4077-4cf9-b08e-494b22137fbc202605010042021777617731184406957.sst" input_files: "sstable1/4917cf90-8de1-48a0-8731-f5a77087163e202605010042021777617731216525215.sst" compactIntoNextLevel: true destinationLevel: 2
2026-05-01 06:42:18:210 - Compaction started: 
140508739380800:Compacting sstable1/6a8e88ce-4077-4cf9-b08e-494b22137fbc202605010042021777617731184406957.sst sstable1/4917cf90-8de1-48a0-8731-f5a77087163e202605010042021777617731216525215.sst into:sstable2/2ac9de89-8f70-4c33-ae0e-0d6ed38835f4202605010042021777617738228385203.sst
2026-05-01 06:42:18:258 - Compaction completed: 
2903321:COMPACT_START sstable=1 input_files: "sstable1/6a8e88ce-4077-4cf9-b08e-494b22137fbc202605010042021777617731389365558.sst" input_files: "sstable1/4917cf90-8de1-48a0-8731-f5a77087163e202605010042021777617731421427049.sst" compactIntoNextLevel: true destinationLevel: 2
2903321:COMPACT_ABORT input_files: "sstable1/6a8e88ce-4077-4cf9-b08e-494b22137fbc202605010042021777617731389365558.sst" input_files: "sstable1/4917cf90-8de1-48a0-8731-f5a77087163e202605010042021777617731421427049.sst" compactIntoNextLevel: true destinationLevel: 2
2903321:COMPACT_START sstable=1 input_files: "sstable1/6a8e88ce-4077-4cf9-b08e-494b22137fbc202605010042021777617731593893381.sst" input_files: "sstable1/4917cf90-8de1-48a0-8731-f5a77087163e202605010042021777617731626251208.sst" compactIntoNextLevel: true destinationLevel: 2
2026-05-01 06:42:18:413 - Compaction started: 
140508739380800:Compacting sstable1/6a8e88ce-4077-4cf9-b08e-494b22137fbc202605010042021777617731593893381.sst sstable1/4917cf90-8de1-48a0-8731-f5a77087163e202605010042021777617731626251208.sst into:sstable2/2ac9de89-8f70-4c33-ae0e-0d6ed38835f4202605010042021777617738433724196.sst
2026-05-01 06:42:18:466 - Compaction completed: 
2903321:COMPACT_START sstable=1 input_files: "sstable1/7fb26730-a7e9-4755-8070-cbd2658efca5202605010042021777617731788765693.sst" input_files: "sstable1/6a8e88ce-4077-4cf9-b08e-494b22137fbc202605010042021777617731799044703.sst" compactIntoNextLevel: true destinationLevel: 2
2026-05-01 06:42:18:516 - Compaction started: 
140508739380800:Compacting sstable1/7fb26730-a7e9-4755-8070-cbd2658efca5202605010042021777617731788765693.sst sstable1/6a8e88ce-4077-4cf9-b08e-494b22137fbc202605010042021777617731799044703.sst into:sstable2/2ac9de89-8f70-4c33-ae0e-0d6ed38835f4202605010042021777617738535651647.sst
2026-05-01 06:42:18:567 - Compaction completed: 
2903321:COMPACT_START sstable=1 input_files: "sstable1/7fb26730-a7e9-4755-8070-cbd2658efca5202605010042021777617731992112313.sst" input_files: "sstable1/6a8e88ce-4077-4cf9-b08e-494b22137fbc202605010042021777617732001882487.sst" compactIntoNextLevel: true destinationLevel: 2
2026-05-01 06:42:18:618 - Compaction started: 
140508739380800:Compacting sstable1/7fb26730-a7e9-4755-8070-cbd2658efca5202605010042021777617731992112313.sst sstable1/6a8e88ce-4077-4cf9-b08e-494b22137fbc202605010042021777617732001882487.sst into:sstable2/2ac9de89-8f70-4c33-ae0e-0d6ed38835f4202605010042021777617738636382725.sst
2026-05-01 06:42:18:665 - Compaction completed: 
2903321:COMPACT_START sstable=1 input_files: "sstable1/7fb26730-a7e9-4755-8070-cbd2658efca5202605010042021777617732195438854.sst" input_files: "sstable1/6a8e88ce-4077-4cf9-b08e-494b22137fbc202605010042021777617732204608844.sst" compactIntoNextLevel: true destinationLevel: 2
2026-05-01 06:42:18:721 - Compaction started: 
140508739380800:Compacting sstable1/7fb26730-a7e9-4755-8070-cbd2658efca5202605010042021777617732195438854.sst sstable1/6a8e88ce-4077-4cf9-b08e-494b22137fbc202605010042021777617732204608844.sst into:sstable2/2ac9de89-8f70-4c33-ae0e-0d6ed38835f4202605010042021777617738739410959.sst
2026-05-01 06:42:18:768 - Compaction completed: 
2903321:COMPACT_START sstable=1 input_files: "sstable1/7fb26730-a7e9-4755-8070-cbd2658efca5202605010042021777617732399083882.sst" input_files: "sstable1/6a8e88ce-4077-4cf9-b08e-494b22137fbc202605010042021777617732407928562.sst" compactIntoNextLevel: true destinationLevel: 2
2026-05-01 06:42:18:824 - Compaction started: 
140508739380800:Compacting sstable1/7fb26730-a7e9-4755-8070-cbd2658efca5202605010042021777617732399083882.sst sstable1/6a8e88ce-4077-4cf9-b08e-494b22137fbc202605010042021777617732407928562.sst into:sstable2/2ac9de89-8f70-4c33-ae0e-0d6ed38835f4202605010042021777617738841815314.sst
2026-05-01 06:42:18:870 - Compaction completed: 
2903321:COMPACT_START sstable=1 input_files: "sstable1/7fb26730-a7e9-4755-8070-cbd2658efca5202605010042021777617732602642328.sst" input_files: "sstable1/6a8e88ce-4077-4cf9-b08e-494b22137fbc202605010042021777617732610889788.sst" compactIntoNextLevel: true destinationLevel: 2
2026-05-01 06:42:18:926 - Compaction started: 
140508739380800:Compacting sstable1/7fb26730-a7e9-4755-8070-cbd2658efca5202605010042021777617732602642328.sst sstable1/6a8e88ce-4077-4cf9-b08e-494b22137fbc202605010042021777617732610889788.sst into:sstable2/2ac9de89-8f70-4c33-ae0e-0d6ed38835f4202605010042021777617738944229047.sst
2026-05-01 06:42:18:973 - Compaction completed: 
2903321:COMPACT_START sstable=1 input_files: "sstable1/7fb26730-a7e9-4755-8070-cbd2658efca5202605010042021777617732907890869.sst" input_files: "sstable1/6a8e88ce-4077-4cf9-b08e-494b22137fbc202605010042021777617732915376572.sst" compactIntoNextLevel: true destinationLevel: 2
2026-05-01 06:42:19:029 - Compaction started: 
140508739380800:Compacting sstable1/7fb26730-a7e9-4755-8070-cbd2658efca5202605010042021777617732907890869.sst sstable1/6a8e88ce-4077-4cf9-b08e-494b22137fbc202605010042021777617732915376572.sst into:sstable2/2ac9de89-8f70-4c33-ae0e-0d6ed38835f4202605010042021777617739047044272.sst
2026-05-01 06:42:19:076 - Compaction completed: 
2903321:COMPACT_START sstable=1 input_files: "sstable1/7fb26730-a7e9-4755-8070-cbd2658efca5202605010042021777617733111514136.sst" input_files: "sstable1/6a8e88ce-4077-4cf9-b08e-494b22137fbc202605010042021777617733118989490.sst" compactIntoNextLevel: true destinationLevel: 2
2026-05-01 06:42:19:131 - Compaction started: 
140508739380800:Compacting sstable1/7fb26730-a7e9-4755-8070-cbd2658efca5202605010042021777617733111514136.sst sstable1/6a8e88ce-4077-4cf9-b08e-494b22137fbc202605010042021777617733118989490.sst into:sstable2/2ac9de89-8f70-4c33-ae0e-0d6ed38835f4202605010042021777617739149831394.sst
2026-05-01 06:42:19:179 - Compaction completed: 
2903321:COMPACT_START sstable=1 input_files: "sstable1/4917cf90-8de1-48a0-8731-f5a77087163e202605010042021777617733252086961.sst" input_files: "sstable1/2ac9de89-8f70-4c33-ae0e-0d6ed38835f4202605010042021777617733266281280.sst" compactIntoNextLevel: true destinationLevel: 2
2026-05-01 06:42:19:232 - Compaction started: 
140508739380800:Compacting sstable1/4917cf90-8de1-48a0-8731-f5a77087163e202605010042021777617733252086961.sst sstable1/2ac9de89-8f70-4c33-ae0e-0d6ed38835f4202605010042021777617733266281280.sst into:sstable2/2ac9de89-8f70-4c33-ae0e-0d6ed38835f4202605010042021777617739249242738.sst
2026-05-01 06:42:19:276 - Compaction completed: 
2903321:COMPACT_START sstable=1 input_files: "sstable1/7fb26730-a7e9-4755-8070-cbd2658efca5202605010042021777617733416553987.sst" input_files: "sstable1/6a8e88ce-4077-4cf9-b08e-494b22137fbc202605010042021777617733423021602.sst" compactIntoNextLevel: true destinationLevel: 2
2026-05-01 06:42:19:333 - Compaction started: 
140508739380800:Compacting sstable1/7fb26730-a7e9-4755-8070-cbd2658efca5202605010042021777617733416553987.sst sstable1/6a8e88ce-4077-4cf9-b08e-494b22137fbc202605010042021777617733423021602.sst into:sstable2/2ac9de89-8f70-4c33-ae0e-0d6ed38835f4202605010042021777617739350243732.sst
2026-05-01 06:42:19:377 - Compaction completed: 
2903321:COMPACT_START sstable=1 input_files: "sstable1/7fb26730-a7e9-4755-8070-cbd2658efca5202605010042021777617733619872704.sst" input_files: "sstable1/6a8e88ce-4077-4cf9-b08e-494b22137fbc202605010042021777617733626101230.sst" compactIntoNextLevel: true destinationLevel: 2
2026-05-01 06:42:19:435 - Compaction started: 
140508739380800:Compacting sstable1/7fb26730-a7e9-4755-8070-cbd2658efca5202605010042021777617733619872704.sst sstable1/6a8e88ce-4077-4cf9-b08e-494b22137fbc202605010042021777617733626101230.sst into:sstable2/2ac9de89-8f70-4c33-ae0e-0d6ed38835f4202605010042021777617739452581953.sst
2026-05-01 06:42:19:480 - Compaction completed: 
2903321:COMPACT_START sstable=1 input_files: "sstable2/2ac9de89-8f70-4c33-ae0e-0d6ed38835f4202605010042021777617733998582274.sst" input_files: "sstable2/7fb26730-a7e9-4755-8070-cbd2658efca5202605010042021777617734048207811.sst" compactIntoNextLevel: false destinationLevel: 2
2026-05-01 06:42:19:539 - Compaction started: 
140508739380800:Compacting sstable2/2ac9de89-8f70-4c33-ae0e-0d6ed38835f4202605010042021777617733998582274.sst sstable2/7fb26730-a7e9-4755-8070-cbd2658efca5202605010042021777617734048207811.sst into:sstable2/0_2ac9de89-8f70-4c33-ae0e-0d6ed38835f4202605010042021777617739594460184.sst
2026-05-01 06:42:19:677 - Compaction completed: 
2903321:COMPACT_START sstable=1 input_files: "sstable2/2ac9de89-8f70-4c33-ae0e-0d6ed38835f4202605010042021777617734101581384.sst" input_files: "sstable2/7fb26730-a7e9-4755-8070-cbd2658efca5202605010042021777617734151380636.sst" compactIntoNextLevel: false destinationLevel: 2
2026-05-01 06:42:19:747 - Compaction started: 
140508739380800:Compacting sstable2/2ac9de89-8f70-4c33-ae0e-0d6ed38835f4202605010042021777617734101581384.sst sstable2/7fb26730-a7e9-4755-8070-cbd2658efca5202605010042021777617734151380636.sst into:sstable2/0_2ac9de89-8f70-4c33-ae0e-0d6ed38835f4202605010042021777617739801749865.sst
2026-05-01 06:42:19:884 - Compaction completed: 
2903321:COMPACT_START sstable=1 input_files: "sstable2/0_7fb26730-a7e9-4755-8070-cbd2658efca5202605010042021777617739691073403.sst" input_files: "sstable2/0_2ac9de89-8f70-4c33-ae0e-0d6ed38835f4202605010042021777617739801749865.sst" compactIntoNextLevel: false destinationLevel: 2
2026-05-01 06:42:19:952 - Compaction started: 
140508739380800:Compacting sstable2/0_7fb26730-a7e9-4755-8070-cbd2658efca5202605010042021777617739691073403.sst sstable2/0_2ac9de89-8f70-4c33-ae0e-0d6ed38835f4202605010042021777617739801749865.sst into:sstable2/1_2ac9de89-8f70-4c33-ae0e-0d6ed38835f4202605010042021777617740059023193.sst
2026-05-01 06:42:20:222 - Compaction completed: 
2903321:COMPACT_START sstable=1 input_files: "sstable2/4917cf90-8de1-48a0-8731-f5a77087163e202605010042021777617734407356432.sst" input_files: "sstable2/2ac9de89-8f70-4c33-ae0e-0d6ed38835f4202605010042021777617734416478492.sst" compactIntoNextLevel: false destinationLevel: 2
2026-05-01 06:42:20:261 - Compaction started: 
140508739380800:Compacting sstable2/4917cf90-8de1-48a0-8731-f5a77087163e202605010042021777617734407356432.sst sstable2/2ac9de89-8f70-4c33-ae0e-0d6ed38835f4202605010042021777617734416478492.sst into:sstable2/0_2ac9de89-8f70-4c33-ae0e-0d6ed38835f4202605010042021777617740309422155.sst
2026-05-01 06:42:20:387 - Compaction completed: 
2903321:COMPACT_START sstable=1 input_files: "sstable2/4917cf90-8de1-48a0-8731-f5a77087163e202605010042021777617737698261596.sst" input_files: "sstable2/4917cf90-8de1-48a0-8731-f5a77087163e202605010042021777617734620605494.sst" compactIntoNextLevel: false destinationLevel: 2
2026-05-01 06:42:20:471 - Compaction started: 
140508739380800:Compacting sstable2/4917cf90-8de1-48a0-8731-f5a77087163e202605010042021777617737698261596.sst sstable2/4917cf90-8de1-48a0-8731-f5a77087163e202605010042021777617734620605494.sst into:sstable2/0_2ac9de89-8f70-4c33-ae0e-0d6ed38835f4202605010042021777617740516893506.sst
2026-05-01 06:42:20:594 - Compaction completed: 
2903321:COMPACT_START sstable=1 input_files: "sstable2/4917cf90-8de1-48a0-8731-f5a77087163e202605010042021777617734833277644.sst" input_files: "sstable2/2ac9de89-8f70-4c33-ae0e-0d6ed38835f4202605010042021777617734837761059.sst" compactIntoNextLevel: false destinationLevel: 2
2026-05-01 06:42:20:686 - Compaction started: 
140508739380800:Compacting sstable2/4917cf90-8de1-48a0-8731-f5a77087163e202605010042021777617734833277644.sst sstable2/2ac9de89-8f70-4c33-ae0e-0d6ed38835f4202605010042021777617734837761059.sst into:sstable2/0_2ac9de89-8f70-4c33-ae0e-0d6ed38835f4202605010042021777617740732695072.sst
2026-05-01 06:42:20:807 - Compaction completed: 
2903321:COMPACT_START sstable=1 input_files: "sstable2/4917cf90-8de1-48a0-8731-f5a77087163e202605010042021777617735035300772.sst" input_files: "sstable2/2ac9de89-8f70-4c33-ae0e-0d6ed38835f4202605010042021777617735041675973.sst" compactIntoNextLevel: false destinationLevel: 2
2026-05-01 06:42:20:906 - Compaction started: 
140508739380800:Compacting sstable2/4917cf90-8de1-48a0-8731-f5a77087163e202605010042021777617735035300772.sst sstable2/2ac9de89-8f70-4c33-ae0e-0d6ed38835f4202605010042021777617735041675973.sst into:sstable2/0_2ac9de89-8f70-4c33-ae0e-0d6ed38835f4202605010042021777617740952009494.sst
2026-05-01 06:42:21:026 - Compaction completed: 
2903321:COMPACT_START sstable=1 input_files: "sstable2/4917cf90-8de1-48a0-8731-f5a77087163e202605010042021777617735239442811.sst" input_files: "sstable2/2ac9de89-8f70-4c33-ae0e-0d6ed38835f4202605010042021777617735245611826.sst" compactIntoNextLevel: false destinationLevel: 2
2026-05-01 06:42:21:132 - Compaction started: 
140508739380800:Compacting sstable2/4917cf90-8de1-48a0-8731-f5a77087163e202605010042021777617735239442811.sst sstable2/2ac9de89-8f70-4c33-ae0e-0d6ed38835f4202605010042021777617735245611826.sst into:sstable2/0_2ac9de89-8f70-4c33-ae0e-0d6ed38835f4202605010042021777617741179614427.sst
2026-05-01 06:42:21:256 - Compaction completed: 
2903321:COMPACT_START sstable=1 input_files: "sstable2/4917cf90-8de1-48a0-8731-f5a77087163e202605010042021777617735441944978.sst" input_files: "sstable2/2ac9de89-8f70-4c33-ae0e-0d6ed38835f4202605010042021777617735448368789.sst" compactIntoNextLevel: false destinationLevel: 2
2026-05-01 06:42:21:360 - Compaction started: 
140508739380800:Compacting sstable2/4917cf90-8de1-48a0-8731-f5a77087163e202605010042021777617735441944978.sst sstable2/2ac9de89-8f70-4c33-ae0e-0d6ed38835f4202605010042021777617735448368789.sst into:sstable2/0_2ac9de89-8f70-4c33-ae0e-0d6ed38835f4202605010042021777617741406542581.sst
2026-05-01 06:42:21:480 - Compaction completed: 
2903321:COMPACT_START sstable=1 input_files: "sstable2/4917cf90-8de1-48a0-8731-f5a77087163e202605010042021777617735643861556.sst" input_files: "sstable2/2ac9de89-8f70-4c33-ae0e-0d6ed38835f4202605010042021777617735650654820.sst" compactIntoNextLevel: false destinationLevel: 2
2026-05-01 06:42:21:593 - Compaction started: 
140508739380800:Compacting sstable2/4917cf90-8de1-48a0-8731-f5a77087163e202605010042021777617735643861556.sst sstable2/2ac9de89-8f70-4c33-ae0e-0d6ed38835f4202605010042021777617735650654820.sst into:sstable2/0_2ac9de89-8f70-4c33-ae0e-0d6ed38835f4202605010042021777617741638595652.sst
2026-05-01 06:42:21:715 - Compaction completed: 
2903321:COMPACT_START sstable=1 input_files: "sstable2/6a8e88ce-4077-4cf9-b08e-494b22137fbc202605010042021777617735779761230.sst" input_files: "sstable2/7fb26730-a7e9-4755-8070-cbd2658efca5202605010042021777617735785777348.sst" compactIntoNextLevel: false destinationLevel: 2
2026-05-01 06:42:21:827 - Compaction started: 
140508739380800:Compacting sstable2/6a8e88ce-4077-4cf9-b08e-494b22137fbc202605010042021777617735779761230.sst sstable2/7fb26730-a7e9-4755-8070-cbd2658efca5202605010042021777617735785777348.sst into:sstable2/0_2ac9de89-8f70-4c33-ae0e-0d6ed38835f4202605010042021777617741873678042.sst
2026-05-01 06:42:21:946 - Compaction completed: 
2903321:Task input_files: "sstable1/4917cf90-8de1-48a0-8731-f5a77087163e202605010042021777617732744533373.sst" input_files: "sstable1/2ac9de89-8f70-4c33-ae0e-0d6ed38835f4202605010042021777617732758557994.sst" compactIntoNextLevel: true destinationLevel: 2 is dead (hb=30)
2903321:COMPACT_START sstable=1 input_files: "sstable2/6a8e88ce-4077-4cf9-b08e-494b22137fbc202605010042021777617735982843182.sst" input_files: "sstable2/7fb26730-a7e9-4755-8070-cbd2658efca5202605010042021777617735988309490.sst" compactIntoNextLevel: false destinationLevel: 2
2026-05-01 06:42:22:066 - Compaction started: 
140508739380800:Compacting sstable2/6a8e88ce-4077-4cf9-b08e-494b22137fbc202605010042021777617735982843182.sst sstable2/7fb26730-a7e9-4755-8070-cbd2658efca5202605010042021777617735988309490.sst into:sstable2/0_2ac9de89-8f70-4c33-ae0e-0d6ed38835f4202605010042021777617742106967922.sst
2026-05-01 06:42:22:173 - Compaction completed: 
2903321:COMPACT_START sstable=1 input_files: "sstable2/6a8e88ce-4077-4cf9-b08e-494b22137fbc202605010042021777617739252488182.sst" input_files: "sstable2/7fb26730-a7e9-4755-8070-cbd2658efca5202605010042021777617736195339353.sst" compactIntoNextLevel: false destinationLevel: 2
2026-05-01 06:42:22:311 - Compaction started: 
140508739380800:Compacting sstable2/6a8e88ce-4077-4cf9-b08e-494b22137fbc202605010042021777617739252488182.sst sstable2/7fb26730-a7e9-4755-8070-cbd2658efca5202605010042021777617736195339353.sst into:sstable2/0_2ac9de89-8f70-4c33-ae0e-0d6ed38835f4202605010042021777617742358139983.sst
2026-05-01 06:42:22:429 - Compaction completed: 
2903321:COMPACT_START sstable=1 input_files: "sstable2/6a8e88ce-4077-4cf9-b08e-494b22137fbc202605010042021777617736394047006.sst" input_files: "sstable2/7fb26730-a7e9-4755-8070-cbd2658efca5202605010042021777617736399622186.sst" compactIntoNextLevel: false destinationLevel: 2
2026-05-01 06:42:22:560 - Compaction started: 
140508739380800:Compacting sstable2/6a8e88ce-4077-4cf9-b08e-494b22137fbc202605010042021777617736394047006.sst sstable2/7fb26730-a7e9-4755-8070-cbd2658efca5202605010042021777617736399622186.sst into:sstable2/0_2ac9de89-8f70-4c33-ae0e-0d6ed38835f4202605010042021777617742605755247.sst
2026-05-01 06:42:22:674 - Compaction completed: 
2903321:COMPACT_START sstable=1 input_files: "sstable2/6a8e88ce-4077-4cf9-b08e-494b22137fbc202605010042021777617736601304516.sst" input_files: "sstable2/7fb26730-a7e9-4755-8070-cbd2658efca5202605010042021777617736603815593.sst" compactIntoNextLevel: false destinationLevel: 2
2026-05-01 06:42:22:814 - Compaction started: 
140508739380800:Compacting sstable2/6a8e88ce-4077-4cf9-b08e-494b22137fbc202605010042021777617736601304516.sst sstable2/7fb26730-a7e9-4755-8070-cbd2658efca5202605010042021777617736603815593.sst into:sstable2/0_2ac9de89-8f70-4c33-ae0e-0d6ed38835f4202605010042021777617742859517574.sst
2026-05-01 06:42:22:926 - Compaction completed: 
2903321:COMPACT_START sstable=1 input_files: "sstable2/6a8e88ce-4077-4cf9-b08e-494b22137fbc202605010042021777617736804943422.sst" input_files: "sstable2/7fb26730-a7e9-4755-8070-cbd2658efca5202605010042021777617736808839135.sst" compactIntoNextLevel: false destinationLevel: 2
2026-05-01 06:42:23:072 - Compaction started: 
140508739380800:Compacting sstable2/6a8e88ce-4077-4cf9-b08e-494b22137fbc202605010042021777617736804943422.sst sstable2/7fb26730-a7e9-4755-8070-cbd2658efca5202605010042021777617736808839135.sst into:sstable2/0_2ac9de89-8f70-4c33-ae0e-0d6ed38835f4202605010042021777617743112239971.sst
2026-05-01 06:42:23:177 - Compaction completed: 
2903321:COMPACT_START sstable=1 input_files: "sstable2/2ac9de89-8f70-4c33-ae0e-0d6ed38835f4202605010042021777617737099708572.sst" input_files: "sstable2/6a8e88ce-4077-4cf9-b08e-494b22137fbc202605010042021777617737116393479.sst" compactIntoNextLevel: false destinationLevel: 2
2026-05-01 06:42:23:335 - Compaction started: 
140508739380800:Compacting sstable2/2ac9de89-8f70-4c33-ae0e-0d6ed38835f4202605010042021777617737099708572.sst sstable2/6a8e88ce-4077-4cf9-b08e-494b22137fbc202605010042021777617737116393479.sst into:sstable2/0_2ac9de89-8f70-4c33-ae0e-0d6ed38835f4202605010042021777617743375225077.sst
2026-05-01 06:42:23:438 - Compaction completed: 
2903321:COMPACT_START sstable=1 input_files: "sstable2/2ac9de89-8f70-4c33-ae0e-0d6ed38835f4202605010042021777617734315568639.sst" input_files: "sstable2/7fb26730-a7e9-4755-8070-cbd2658efca5202605010042021777617734354193003.sst" compactIntoNextLevel: false destinationLevel: 2
2026-05-01 06:42:23:442 - Compaction started: 
140508739380800:Compacting sstable2/2ac9de89-8f70-4c33-ae0e-0d6ed38835f4202605010042021777617734315568639.sst sstable2/7fb26730-a7e9-4755-8070-cbd2658efca5202605010042021777617734354193003.sst into:sstable2/0_2ac9de89-8f70-4c33-ae0e-0d6ed38835f4202605010042021777617743500497109.sst
2026-05-01 06:42:23:587 - Compaction completed: 
2903321:COMPACT_START sstable=1 input_files: "sstable2/2ac9de89-8f70-4c33-ae0e-0d6ed38835f4202605010042021777617734416478492.sst" input_files: "sstable2/7fb26730-a7e9-4755-8070-cbd2658efca5202605010042021777617734455591572.sst" compactIntoNextLevel: false destinationLevel: 2
2026-05-01 06:42:23:650 - Compaction started: 
140508739380800:Compacting sstable2/2ac9de89-8f70-4c33-ae0e-0d6ed38835f4202605010042021777617734416478492.sst sstable2/7fb26730-a7e9-4755-8070-cbd2658efca5202605010042021777617734455591572.sst into:sstable2/0_2ac9de89-8f70-4c33-ae0e-0d6ed38835f4202605010042021777617743699416818.sst
2026-05-01 06:42:23:777 - Compaction completed: 
2903321:COMPACT_START sstable=1 input_files: "sstable2/7fb26730-a7e9-4755-8070-cbd2658efca5202605010042021777617734557747392.sst" input_files: "sstable2/4917cf90-8de1-48a0-8731-f5a77087163e202605010042021777617737698261596.sst" compactIntoNextLevel: false destinationLevel: 2
2026-05-01 06:42:23:857 - Compaction started: 
140508739380800:Compacting sstable2/7fb26730-a7e9-4755-8070-cbd2658efca5202605010042021777617734557747392.sst sstable2/4917cf90-8de1-48a0-8731-f5a77087163e202605010042021777617737698261596.sst into:sstable2/0_2ac9de89-8f70-4c33-ae0e-0d6ed38835f4202605010042021777617743907365094.sst
2026-05-01 06:42:23:987 - Compaction completed: 
2903321:COMPACT_START sstable=1 input_files: "sstable2/0_2ac9de89-8f70-4c33-ae0e-0d6ed38835f4202605010042021777617743699416818.sst" input_files: "sstable2/0_7fb26730-a7e9-4755-8070-cbd2658efca5202605010042021777617743823349059.sst" compactIntoNextLevel: false destinationLevel: 2
2026-05-01 06:42:24:063 - Compaction started: 
140508739380800:Compacting sstable2/0_2ac9de89-8f70-4c33-ae0e-0d6ed38835f4202605010042021777617743699416818.sst sstable2/0_7fb26730-a7e9-4755-8070-cbd2658efca5202605010042021777617743823349059.sst into:sstable2/1_2ac9de89-8f70-4c33-ae0e-0d6ed38835f4202605010042021777617744155087849.sst
2026-05-01 06:42:24:314 - Compaction completed: 
2903321:COMPACT_START sstable=1 input_files: "sstable2/1_2ac9de89-8f70-4c33-ae0e-0d6ed38835f4202605010042021777617740059023193.sst" input_files: "sstable2/1_4917cf90-8de1-48a0-8731-f5a77087163e202605010042021777617743858169933.sst" compactIntoNextLevel: false destinationLevel: 2
2026-05-01 06:42:24:373 - Compaction started: 
140508739380800:Compacting sstable2/1_2ac9de89-8f70-4c33-ae0e-0d6ed38835f4202605010042021777617740059023193.sst sstable2/1_4917cf90-8de1-48a0-8731-f5a77087163e202605010042021777617743858169933.sst into:sstable2/2_2ac9de89-8f70-4c33-ae0e-0d6ed38835f4202605010042021777617744649610178.sst
2026-05-01 06:42:25:021 - Compaction completed: 
2903321:COMPACT_START sstable=1 input_files: "sstable2/2ac9de89-8f70-4c33-ae0e-0d6ed38835f4202605010042021777617734940877067.sst" input_files: "sstable2/6a8e88ce-4077-4cf9-b08e-494b22137fbc202605010042021777617734965693297.sst" compactIntoNextLevel: false destinationLevel: 2
2026-05-01 06:42:25:127 - Compaction started: 
140508739380800:Compacting sstable2/2ac9de89-8f70-4c33-ae0e-0d6ed38835f4202605010042021777617734940877067.sst sstable2/6a8e88ce-4077-4cf9-b08e-494b22137fbc202605010042021777617734965693297.sst into:sstable2/0_2ac9de89-8f70-4c33-ae0e-0d6ed38835f4202605010042021777617745180212072.sst
2026-05-01 06:42:25:260 - Compaction completed: 
2903321:COMPACT_START sstable=1 input_files: "sstable2/2ac9de89-8f70-4c33-ae0e-0d6ed38835f4202605010042021777617735041675973.sst" input_files: "sstable2/6a8e88ce-4077-4cf9-b08e-494b22137fbc202605010042021777617735066719659.sst" compactIntoNextLevel: false destinationLevel: 2
2026-05-01 06:42:25:447 - Compaction started: 
140508739380800:Compacting sstable2/2ac9de89-8f70-4c33-ae0e-0d6ed38835f4202605010042021777617735041675973.sst sstable2/6a8e88ce-4077-4cf9-b08e-494b22137fbc202605010042021777617735066719659.sst into:sstable2/0_2ac9de89-8f70-4c33-ae0e-0d6ed38835f4202605010042021777617745494990097.sst
2026-05-01 06:42:25:569 - Compaction completed: 
2903321:COMPACT_START sstable=1 input_files: "sstable2/0_7fb26730-a7e9-4755-8070-cbd2658efca5202605010042021777617744495217527.sst" input_files: "sstable2/0_2ac9de89-8f70-4c33-ae0e-0d6ed38835f4202605010042021777617745180212072.sst" compactIntoNextLevel: false destinationLevel: 2
2026-05-01 06:42:25:751 - Compaction started: 
140508739380800:Compacting sstable2/0_7fb26730-a7e9-4755-8070-cbd2658efca5202605010042021777617744495217527.sst sstable2/0_2ac9de89-8f70-4c33-ae0e-0d6ed38835f4202605010042021777617745180212072.sst into:sstable2/1_2ac9de89-8f70-4c33-ae0e-0d6ed38835f4202605010042021777617745840186274.sst
2026-05-01 06:42:25:992 - Compaction completed: 
2903321:COMPACT_START sstable=1 input_files: "sstable2/2ac9de89-8f70-4c33-ae0e-0d6ed38835f4202605010042021777617735245611826.sst" input_files: "sstable2/6a8e88ce-4077-4cf9-b08e-494b22137fbc202605010042021777617735271974495.sst" compactIntoNextLevel: false destinationLevel: 2
2026-05-01 06:42:26:060 - Compaction started: 
140508739380800:Compacting sstable2/2ac9de89-8f70-4c33-ae0e-0d6ed38835f4202605010042021777617735245611826.sst sstable2/6a8e88ce-4077-4cf9-b08e-494b22137fbc202605010042021777617735271974495.sst into:sstable2/0_2ac9de89-8f70-4c33-ae0e-0d6ed38835f4202605010042021777617746112103784.sst
2026-05-01 06:42:26:192 - Compaction completed: 
2903321:COMPACT_START sstable=1 input_files: "sstable2/1_7fb26730-a7e9-4755-8070-cbd2658efca5202605010042021777617744998183606.sst" input_files: "sstable2/1_2ac9de89-8f70-4c33-ae0e-0d6ed38835f4202605010042021777617745840186274.sst" compactIntoNextLevel: false destinationLevel: 2
2026-05-01 06:42:26:331 - Compaction started: 
140508739380800:Compacting sstable2/1_7fb26730-a7e9-4755-8070-cbd2658efca5202605010042021777617744998183606.sst sstable2/1_2ac9de89-8f70-4c33-ae0e-0d6ed38835f4202605010042021777617745840186274.sst into:sstable2/2_2ac9de89-8f70-4c33-ae0e-0d6ed38835f4202605010042021777617746519648487.sst
2026-05-01 06:42:26:818 - Compaction completed: 
2903321:COMPACT_START sstable=1 input_files: "sstable2/2ac9de89-8f70-4c33-ae0e-0d6ed38835f4202605010042021777617735345737449.sst" input_files: "sstable2/6a8e88ce-4077-4cf9-b08e-494b22137fbc202605010042021777617735373073282.sst" compactIntoNextLevel: false destinationLevel: 2
2026-05-01 06:42:26:840 - Compaction started: 
140508739380800:Compacting sstable2/2ac9de89-8f70-4c33-ae0e-0d6ed38835f4202605010042021777617735345737449.sst sstable2/6a8e88ce-4077-4cf9-b08e-494b22137fbc202605010042021777617735373073282.sst into:sstable2/0_2ac9de89-8f70-4c33-ae0e-0d6ed38835f4202605010042021777617746900922655.sst
2026-05-01 06:42:26:980 - Compaction completed: 
2903321:COMPACT_START sstable=1 input_files: "sstable2/2ac9de89-8f70-4c33-ae0e-0d6ed38835f4202605010042021777617735448368789.sst" input_files: "sstable2/6a8e88ce-4077-4cf9-b08e-494b22137fbc202605010042021777617735474846755.sst" compactIntoNextLevel: false destinationLevel: 2
2026-05-01 06:42:27:050 - Compaction started: 
140508739380800:Compacting sstable2/2ac9de89-8f70-4c33-ae0e-0d6ed38835f4202605010042021777617735448368789.sst sstable2/6a8e88ce-4077-4cf9-b08e-494b22137fbc202605010042021777617735474846755.sst into:sstable2/0_2ac9de89-8f70-4c33-ae0e-0d6ed38835f4202605010042021777617747100557676.sst
2026-05-01 06:42:27:182 - Compaction completed: 
2903321:COMPACT_START sstable=1 input_files: "sstable2/0_6a8e88ce-4077-4cf9-b08e-494b22137fbc202605010042021777617746843724563.sst" input_files: "sstable2/0_2ac9de89-8f70-4c33-ae0e-0d6ed38835f4202605010042021777617746900922655.sst" compactIntoNextLevel: false destinationLevel: 2
2026-05-01 06:42:27:255 - Compaction started: 
140508739380800:Compacting sstable2/0_6a8e88ce-4077-4cf9-b08e-494b22137fbc202605010042021777617746843724563.sst sstable2/0_2ac9de89-8f70-4c33-ae0e-0d6ed38835f4202605010042021777617746900922655.sst into:sstable2/1_2ac9de89-8f70-4c33-ae0e-0d6ed38835f4202605010042021777617747348775119.sst
2026-05-01 06:42:27:501 - Compaction completed: 
2903321:COMPACT_START sstable=1 input_files: "sstable2/7fb26730-a7e9-4755-8070-cbd2658efca5202605010042021777617735579988802.sst" input_files: "sstable2/4917cf90-8de1-48a0-8731-f5a77087163e202605010042021777617735643861556.sst" compactIntoNextLevel: false destinationLevel: 2
2026-05-01 06:42:27:566 - Compaction started: 
140508739380800:Compacting sstable2/7fb26730-a7e9-4755-8070-cbd2658efca5202605010042021777617735579988802.sst sstable2/4917cf90-8de1-48a0-8731-f5a77087163e202605010042021777617735643861556.sst into:sstable2/0_2ac9de89-8f70-4c33-ae0e-0d6ed38835f4202605010042021777617747616114847.sst
2026-05-01 06:42:27:693 - Compaction completed: 
2903321:COMPACT_START sstable=1 input_files: "sstable2/3_7fb26730-a7e9-4755-8070-cbd2658efca5202605010042021777617745763993375.sst" input_files: "sstable2/3_4917cf90-8de1-48a0-8731-f5a77087163e202605010042021777617746760905722.sst" compactIntoNextLevel: false destinationLevel: 2
2026-05-01 06:42:27:800 - Compaction started: 
140508739380800:Compacting sstable2/3_7fb26730-a7e9-4755-8070-cbd2658efca5202605010042021777617745763993375.sst sstable2/3_4917cf90-8de1-48a0-8731-f5a77087163e202605010042021777617746760905722.sst into:sstable2/4_2ac9de89-8f70-4c33-ae0e-0d6ed38835f4202605010042021777617748938148249.sst
2026-05-01 06:42:30:320 - Compaction completed: 
2903321:COMPACT_START sstable=1 input_files: "sstable2/2ac9de89-8f70-4c33-ae0e-0d6ed38835f4202605010042021777617736480964910.sst" input_files: "sstable2/6a8e88ce-4077-4cf9-b08e-494b22137fbc202605010042021777617736497449251.sst" compactIntoNextLevel: false destinationLevel: 2
2026-05-01 06:42:30:526 - Compaction started: 
140508739380800:Compacting sstable2/2ac9de89-8f70-4c33-ae0e-0d6ed38835f4202605010042021777617736480964910.sst sstable2/6a8e88ce-4077-4cf9-b08e-494b22137fbc202605010042021777617736497449251.sst into:sstable2/0_2ac9de89-8f70-4c33-ae0e-0d6ed38835f4202605010042021777617750582427566.sst
2026-05-01 06:42:30:662 - Compaction completed: 
2903321:COMPACT_START sstable=1 input_files: "sstable2/2ac9de89-8f70-4c33-ae0e-0d6ed38835f4202605010042021777617736684011096.sst" input_files: "sstable2/6a8e88ce-4077-4cf9-b08e-494b22137fbc202605010042021777617736701876716.sst" compactIntoNextLevel: false destinationLevel: 2
2026-05-01 06:42:30:753 - Compaction started: 
140508739380800:Compacting sstable2/2ac9de89-8f70-4c33-ae0e-0d6ed38835f4202605010042021777617736684011096.sst sstable2/6a8e88ce-4077-4cf9-b08e-494b22137fbc202605010042021777617736701876716.sst into:sstable2/0_2ac9de89-8f70-4c33-ae0e-0d6ed38835f4202605010042021777617750798799692.sst
2026-05-01 06:42:30:870 - Compaction completed: 
2903321:COMPACT_START sstable=1 input_files: "sstable2/2ac9de89-8f70-4c33-ae0e-0d6ed38835f4202605010042021777617736891028976.sst" input_files: "sstable2/6a8e88ce-4077-4cf9-b08e-494b22137fbc202605010042021777617736907985513.sst" compactIntoNextLevel: false destinationLevel: 2
2026-05-01 06:42:30:987 - Compaction started: 
140508739380800:Compacting sstable2/2ac9de89-8f70-4c33-ae0e-0d6ed38835f4202605010042021777617736891028976.sst sstable2/6a8e88ce-4077-4cf9-b08e-494b22137fbc202605010042021777617736907985513.sst into:sstable2/0_2ac9de89-8f70-4c33-ae0e-0d6ed38835f4202605010042021777617751030919839.sst
2026-05-01 06:42:31:101 - Compaction completed: 
2903321:COMPACT_START sstable=1 input_files: "sstable2/6a8e88ce-4077-4cf9-b08e-494b22137fbc202605010042021777617737116393479.sst" input_files: "sstable2/7fb26730-a7e9-4755-8070-cbd2658efca5202605010042021777617737116358313.sst" compactIntoNextLevel: false destinationLevel: 2
2026-05-01 06:42:31:229 - Compaction started: 
140508739380800:Compacting sstable2/6a8e88ce-4077-4cf9-b08e-494b22137fbc202605010042021777617737116393479.sst sstable2/7fb26730-a7e9-4755-8070-cbd2658efca5202605010042021777617737116358313.sst into:sstable2/0_2ac9de89-8f70-4c33-ae0e-0d6ed38835f4202605010042021777617751274709501.sst
2026-05-01 06:42:31:347 - Compaction completed: 
2903321:COMPACT_START sstable=1 input_files: "sstable2/6a8e88ce-4077-4cf9-b08e-494b22137fbc202605010042021777617737318269962.sst" input_files: "sstable2/7fb26730-a7e9-4755-8070-cbd2658efca5202605010042021777617737321983313.sst" compactIntoNextLevel: false destinationLevel: 2
2026-05-01 06:42:31:473 - Compaction started: 
140508739380800:Compacting sstable2/6a8e88ce-4077-4cf9-b08e-494b22137fbc202605010042021777617737318269962.sst sstable2/7fb26730-a7e9-4755-8070-cbd2658efca5202605010042021777617737321983313.sst into:sstable2/0_2ac9de89-8f70-4c33-ae0e-0d6ed38835f4202605010042021777617751517735191.sst
2026-05-01 06:42:31:587 - Compaction completed: 
2903321:COMPACT_START sstable=1 input_files: "sstable2/6a8e88ce-4077-4cf9-b08e-494b22137fbc202605010042021777617737521376932.sst" input_files: "sstable2/7fb26730-a7e9-4755-8070-cbd2658efca5202605010042021777617737524556852.sst" compactIntoNextLevel: false destinationLevel: 2
2026-05-01 06:42:31:726 - Compaction started: 
140508739380800:Compacting sstable2/6a8e88ce-4077-4cf9-b08e-494b22137fbc202605010042021777617737521376932.sst sstable2/7fb26730-a7e9-4755-8070-cbd2658efca5202605010042021777617737524556852.sst into:sstable2/0_2ac9de89-8f70-4c33-ae0e-0d6ed38835f4202605010042021777617751770276278.sst
2026-05-01 06:42:31:841 - Compaction completed: 
2903321:COMPACT_START sstable=1 input_files: "sstable2/7fb26730-a7e9-4755-8070-cbd2658efca5202605010042021777617737728098847.sst" input_files: "sstable2/4917cf90-8de1-48a0-8731-f5a77087163e202605010042021777617737797082994.sst" compactIntoNextLevel: false destinationLevel: 2
2026-05-01 06:42:31:980 - Compaction started: 
140508739380800:Compacting sstable2/7fb26730-a7e9-4755-8070-cbd2658efca5202605010042021777617737728098847.sst sstable2/4917cf90-8de1-48a0-8731-f5a77087163e202605010042021777617737797082994.sst into:sstable2/0_2ac9de89-8f70-4c33-ae0e-0d6ed38835f4202605010042021777617752026513114.sst
2026-05-01 06:42:32:099 - Compaction completed: 
2026-05-01 06:42:32:204 30 sec: 96797 operations; 3226.57 current ops/sec; est completion in 3 days 14 hours [READ: Count=96808, Max=1937407, Min=28, Avg=307.33, 90=362, 99=438, 99.9=3555, 99.99=242175] 
2903321:COMPACT_START sstable=1 input_files: "sstable2/7fb26730-a7e9-4755-8070-cbd2658efca5202605010042021777617737930749001.sst" input_files: "sstable2/4917cf90-8de1-48a0-8731-f5a77087163e202605010042021777617737999296489.sst" compactIntoNextLevel: false destinationLevel: 2
2026-05-01 06:42:32:245 - Compaction started: 
140508739380800:Compacting sstable2/7fb26730-a7e9-4755-8070-cbd2658efca5202605010042021777617737930749001.sst sstable2/4917cf90-8de1-48a0-8731-f5a77087163e202605010042021777617737999296489.sst into:sstable2/0_2ac9de89-8f70-4c33-ae0e-0d6ed38835f4202605010042021777617752292730148.sst
2026-05-01 06:42:32:362 - Compaction completed: 
2903321:COMPACT_START sstable=1 input_files: "sstable2/7fb26730-a7e9-4755-8070-cbd2658efca5202605010042021777617738132640301.sst" input_files: "sstable2/4917cf90-8de1-48a0-8731-f5a77087163e202605010042021777617738202534734.sst" compactIntoNextLevel: false destinationLevel: 2
2026-05-01 06:42:32:510 - Compaction started: 
140508739380800:Compacting sstable2/7fb26730-a7e9-4755-8070-cbd2658efca5202605010042021777617738132640301.sst sstable2/4917cf90-8de1-48a0-8731-f5a77087163e202605010042021777617738202534734.sst into:sstable2/0_2ac9de89-8f70-4c33-ae0e-0d6ed38835f4202605010042021777617752553447502.sst
2026-05-01 06:42:32:619 - Compaction completed: 
2903321:COMPACT_START sstable=1 input_files: "sstable2/2ac9de89-8f70-4c33-ae0e-0d6ed38835f4202605010042021777617738433724196.sst" input_files: "sstable2/6a8e88ce-4077-4cf9-b08e-494b22137fbc202605010042021777617738436990459.sst" compactIntoNextLevel: false destinationLevel: 2
2026-05-01 06:42:32:783 - Compaction started: 
140508739380800:Compacting sstable2/2ac9de89-8f70-4c33-ae0e-0d6ed38835f4202605010042021777617738433724196.sst sstable2/6a8e88ce-4077-4cf9-b08e-494b22137fbc202605010042021777617738436990459.sst into:sstable2/0_2ac9de89-8f70-4c33-ae0e-0d6ed38835f4202605010042021777617752826009160.sst
2026-05-01 06:42:32:893 - Compaction completed: 
2903321:COMPACT_START sstable=1 input_files: "sstable2/7fb26730-a7e9-4755-8070-cbd2658efca5202605010042021777617741791594000.sst" input_files: "sstable2/4917cf90-8de1-48a0-8731-f5a77087163e202605010042021777617738811577461.sst" compactIntoNextLevel: false destinationLevel: 2
2026-05-01 06:42:33:067 - Compaction started: 
140508739380800:Compacting sstable2/7fb26730-a7e9-4755-8070-cbd2658efca5202605010042021777617741791594000.sst sstable2/4917cf90-8de1-48a0-8731-f5a77087163e202605010042021777617738811577461.sst into:sstable2/0_2ac9de89-8f70-4c33-ae0e-0d6ed38835f4202605010042021777617753112810220.sst
2026-05-01 06:42:33:174 - Compaction completed: 
2903321:COMPACT_START sstable=1 input_files: "sstable2/6a8e88ce-4077-4cf9-b08e-494b22137fbc202605010042021777617738943119867.sst" input_files: "sstable2/7fb26730-a7e9-4755-8070-cbd2658efca5202605010042021777617742128844351.sst" compactIntoNextLevel: false destinationLevel: 2
2026-05-01 06:42:33:263 - Compaction started: 
140508739380800:Compacting sstable2/6a8e88ce-4077-4cf9-b08e-494b22137fbc202605010042021777617738943119867.sst sstable2/7fb26730-a7e9-4755-8070-cbd2658efca5202605010042021777617742128844351.sst into:sstable2/0_2ac9de89-8f70-4c33-ae0e-0d6ed38835f4202605010042021777617753301558704.sst
2026-05-01 06:42:33:360 - Compaction completed: 
2903321:COMPACT_START sstable=1 input_files: "sstable2/2ac9de89-8f70-4c33-ae0e-0d6ed38835f4202605010042021777617739149831394.sst" input_files: "sstable2/4917cf90-8de1-48a0-8731-f5a77087163e202605010042021777617739220620714.sst" compactIntoNextLevel: false destinationLevel: 2
2026-05-01 06:42:33:457 - Compaction started: 
140508739380800:Compacting sstable2/2ac9de89-8f70-4c33-ae0e-0d6ed38835f4202605010042021777617739149831394.sst sstable2/4917cf90-8de1-48a0-8731-f5a77087163e202605010042021777617739220620714.sst into:sstable2/0_2ac9de89-8f70-4c33-ae0e-0d6ed38835f4202605010042021777617753497123685.sst
2026-05-01 06:42:33:559 - Compaction completed: 
2903321:COMPACT_START sstable=1 input_files: "sstable2/4917cf90-8de1-48a0-8731-f5a77087163e202605010042021777617739425698588.sst" input_files: "sstable2/6a8e88ce-4077-4cf9-b08e-494b22137fbc202605010042021777617739452459583.sst" compactIntoNextLevel: false destinationLevel: 2
2026-05-01 06:42:33:659 - Compaction started: 
140508739380800:Compacting sstable2/4917cf90-8de1-48a0-8731-f5a77087163e202605010042021777617739425698588.sst sstable2/6a8e88ce-4077-4cf9-b08e-494b22137fbc202605010042021777617739452459583.sst into:sstable2/0_2ac9de89-8f70-4c33-ae0e-0d6ed38835f4202605010042021777617753699058006.sst
2026-05-01 06:42:33:760 - Compaction completed: 
