# CMD: /usr/lib/jvm/java-8-openjdk-amd64/bin/java -cp /users/Xinying/ozonedb/ycsb/ozonedb/conf:/users/Xinying/ozonedb/ycsb/ozonedb/target/ozonedb-binding-0.18.0-SNAPSHOT.jar:/users/Xinying/.m2/repository/org/apache/htrace/htrace-core4/4.1.0-incubating/htrace-core4-4.1.0-incubating.jar:/users/Xinying/.m2/repository/org/slf4j/slf4j-api/1.7.25/slf4j-api-1.7.25.jar:/users/Xinying/.m2/repository/org/hdrhistogram/HdrHistogram/2.1.12/HdrHistogram-2.1.12.jar:/users/Xinying/.m2/repository/ch/qos/logback/logback-classic/1.2.3/logback-classic-1.2.3.jar:/users/Xinying/.m2/repository/ozonedbjnimaven/demoproc-jni/1.0/demoproc-jni-1.0.jar:/users/Xinying/.m2/repository/ch/qos/logback/logback-core/1.2.3/logback-core-1.2.3.jar:/users/Xinying/.m2/repository/org/codehaus/jackson/jackson-mapper-asl/1.9.4/jackson-mapper-asl-1.9.4.jar:/users/Xinying/.m2/repository/org/slf4j/slf4j-simple/1.7.25/slf4j-simple-1.7.25.jar:/users/Xinying/.m2/repository/org/codehaus/jackson/jackson-core-asl/1.9.4/jackson-core-asl-1.9.4.jar:/users/Xinying/ozonedb/ycsb/core/target/core-0.18.0-SNAPSHOT.jar site.ycsb.Client -db site.ycsb.db.OzoneDBClient -threads 1 -s -P /users/Xinying/ozonedb/ycsb/workloads/generated_workloads/workloadc_1KB_1000000_1000000 -p status.interval=30 -p requestdistribution=uniform -p operationcount=1000000000 -p maxexecutiontime=660 -p shared_config=/tmp/churn_v4_configs/shared_config_varyR_n4_r1pct_rep5.json -t
# env OZONEDB_CHURN_ABORT_RATE=0.01
Command line: -db site.ycsb.db.OzoneDBClient -threads 1 -s -P /users/Xinying/ozonedb/ycsb/workloads/generated_workloads/workloadc_1KB_1000000_1000000 -p status.interval=30 -p requestdistribution=uniform -p operationcount=1000000000 -p maxexecutiontime=660 -p shared_config=/tmp/churn_v4_configs/shared_config_varyR_n4_r1pct_rep5.json -t
YCSB Client 0.18.0-SNAPSHOT

Loading workload...
Starting test.
SLF4J: Class path contains multiple SLF4J bindings.
SLF4J: Found binding in [jar:file:/users/Xinying/.m2/repository/ch/qos/logback/logback-classic/1.2.3/logback-classic-1.2.3.jar!/org/slf4j/impl/StaticLoggerBinder.class]
SLF4J: Found binding in [jar:file:/users/Xinying/.m2/repository/org/slf4j/slf4j-simple/1.7.25/slf4j-simple-1.7.25.jar!/org/slf4j/impl/StaticLoggerBinder.class]
SLF4J: See http://www.slf4j.org/codes.html#multiple_bindings for an explanation.
SLF4J: Actual binding is of type [ch.qos.logback.classic.util.ContextSelectorStaticBinder]
Maximum execution time specified as: 660 secs
2026-05-01 06:42:02:198 0 sec: 0 operations; est completion in 0 second 
Starting compaction watcher
DBWrapper: report latency for each error is false and specific error codes to track for latency are: []
2903320:COMPACT_START sstable=0 input_files: "datalog/1" input_files: "datalog/2" compactIntoNextLevel: true destinationLevel: 1
2026-05-01 06:42:02:276 - Compaction started: 
140670589077056:Compacting datalog/1 datalog/2 into:sstable1/6a8e88ce-4077-4cf9-b08e-494b22137fbc202605010042021777617722405197495.sst
2026-05-01 06:42:02:429 - Compaction completed: 
2903320:COMPACT_START sstable=0 input_files: "datalog/11" input_files: "datalog/12" compactIntoNextLevel: true destinationLevel: 1
2026-05-01 06:42:02:519 - Compaction started: 
140670589077056:Compacting datalog/11 datalog/12 into:sstable1/6a8e88ce-4077-4cf9-b08e-494b22137fbc202605010042021777617722551802228.sst
2026-05-01 06:42:02:571 - Compaction completed: 
2903320:COMPACT_START sstable=0 input_files: "datalog/19" input_files: "datalog/20" compactIntoNextLevel: true destinationLevel: 1
2026-05-01 06:42:02:622 - Compaction started: 
140670589077056:Compacting datalog/19 datalog/20 into:sstable1/6a8e88ce-4077-4cf9-b08e-494b22137fbc202605010042021777617722730617771.sst
2026-05-01 06:42:02:782 - Compaction completed: 
2903320:COMPACT_START sstable=0 input_files: "datalog/29" input_files: "datalog/30" compactIntoNextLevel: true destinationLevel: 1
2026-05-01 06:42:02:826 - Compaction started: 
140670589077056:Compacting datalog/29 datalog/30 into:sstable1/6a8e88ce-4077-4cf9-b08e-494b22137fbc202605010042021777617722873023932.sst
2026-05-01 06:42:02:895 - Compaction completed: 
2903320:COMPACT_START sstable=0 input_files: "datalog/35" input_files: "datalog/36" compactIntoNextLevel: true destinationLevel: 1
2026-05-01 06:42:02:928 - Compaction started: 
140670589077056:Compacting datalog/35 datalog/36 into:sstable1/6a8e88ce-4077-4cf9-b08e-494b22137fbc202605010042021777617722933821973.sst
2026-05-01 06:42:02:955 - Compaction completed: 
2903320:COMPACT_START sstable=0 input_files: "datalog/41" input_files: "datalog/42" compactIntoNextLevel: true destinationLevel: 1
2026-05-01 06:42:03:031 - Compaction started: 
140670589077056:Compacting datalog/41 datalog/42 into:sstable1/6a8e88ce-4077-4cf9-b08e-494b22137fbc202605010042021777617723036129747.sst
2026-05-01 06:42:03:059 - Compaction completed: 
2903320:COMPACT_START sstable=0 input_files: "datalog/47" input_files: "datalog/48" compactIntoNextLevel: true destinationLevel: 1
2026-05-01 06:42:03:134 - Compaction started: 
140670589077056:Compacting datalog/47 datalog/48 into:sstable1/6a8e88ce-4077-4cf9-b08e-494b22137fbc202605010042021777617723289952106.sst
2026-05-01 06:42:03:311 - Compaction completed: 
2903320:COMPACT_START sstable=0 input_files: "datalog/57" input_files: "datalog/58" compactIntoNextLevel: true destinationLevel: 1
2026-05-01 06:42:03:337 - Compaction started: 
140670589077056:Compacting datalog/57 datalog/58 into:sstable1/6a8e88ce-4077-4cf9-b08e-494b22137fbc202605010042021777617723340547040.sst
2026-05-01 06:42:03:361 - Compaction completed: 
2903320:COMPACT_START sstable=0 input_files: "datalog/65" input_files: "datalog/66" compactIntoNextLevel: true destinationLevel: 1
2026-05-01 06:42:03:439 - Compaction started: 
140670589077056:Compacting datalog/65 datalog/66 into:sstable1/6a8e88ce-4077-4cf9-b08e-494b22137fbc202605010042021777617723449637739.sst
2026-05-01 06:42:03:473 - Compaction completed: 
2903320:COMPACT_START sstable=0 input_files: "datalog/69" input_files: "datalog/70" compactIntoNextLevel: true destinationLevel: 1
2026-05-01 06:42:03:541 - Compaction started: 
140670589077056:Compacting datalog/69 datalog/70 into:sstable1/6a8e88ce-4077-4cf9-b08e-494b22137fbc202605010042021777617723544830135.sst
2026-05-01 06:42:03:566 - Compaction completed: 
2903320:COMPACT_START sstable=0 input_files: "datalog/73" input_files: "datalog/74" compactIntoNextLevel: true destinationLevel: 1
2026-05-01 06:42:03:642 - Compaction started: 
140670589077056:Compacting datalog/73 datalog/74 into:sstable1/6a8e88ce-4077-4cf9-b08e-494b22137fbc202605010042021777617723646170094.sst
2026-05-01 06:42:03:666 - Compaction completed: 
2903320:COMPACT_START sstable=0 input_files: "datalog/81" input_files: "datalog/82" compactIntoNextLevel: true destinationLevel: 1
2026-05-01 06:42:03:744 - Compaction started: 
140670589077056:Compacting datalog/81 datalog/82 into:sstable1/6a8e88ce-4077-4cf9-b08e-494b22137fbc202605010042021777617723747081370.sst
2026-05-01 06:42:03:767 - Compaction completed: 
2903320:COMPACT_START sstable=0 input_files: "datalog/89" input_files: "datalog/90" compactIntoNextLevel: true destinationLevel: 1
2026-05-01 06:42:03:845 - Compaction started: 
140670589077056:Compacting datalog/89 datalog/90 into:sstable1/6a8e88ce-4077-4cf9-b08e-494b22137fbc202605010042021777617723866593094.sst
2026-05-01 06:42:03:889 - Compaction completed: 
2903320:COMPACT_START sstable=0 input_files: "datalog/97" input_files: "datalog/98" compactIntoNextLevel: true destinationLevel: 1
2026-05-01 06:42:03:947 - Compaction started: 
140670589077056:Compacting datalog/97 datalog/98 into:sstable1/6a8e88ce-4077-4cf9-b08e-494b22137fbc202605010042021777617723950784758.sst
2026-05-01 06:42:03:972 - Compaction completed: 
2903320:COMPACT_START sstable=0 input_files: "datalog/105" input_files: "datalog/106" compactIntoNextLevel: true destinationLevel: 1
2026-05-01 06:42:04:048 - Compaction started: 
140670589077056:Compacting datalog/105 datalog/106 into:sstable1/6a8e88ce-4077-4cf9-b08e-494b22137fbc202605010042021777617724052732998.sst
2026-05-01 06:42:04:072 - Compaction completed: 
2903320:COMPACT_START sstable=0 input_files: "datalog/113" input_files: "datalog/114" compactIntoNextLevel: true destinationLevel: 1
2026-05-01 06:42:04:150 - Compaction started: 
140670589077056:Compacting datalog/113 datalog/114 into:sstable1/6a8e88ce-4077-4cf9-b08e-494b22137fbc202605010042021777617724153316960.sst
2026-05-01 06:42:04:171 - Compaction completed: 
2903320:COMPACT_START sstable=0 input_files: "datalog/121" input_files: "datalog/122" compactIntoNextLevel: true destinationLevel: 1
2026-05-01 06:42:04:251 - Compaction started: 
140670589077056:Compacting datalog/121 datalog/122 into:sstable1/6a8e88ce-4077-4cf9-b08e-494b22137fbc202605010042021777617724255857941.sst
2026-05-01 06:42:04:277 - Compaction completed: 
2903320:COMPACT_START sstable=0 input_files: "datalog/129" input_files: "datalog/130" compactIntoNextLevel: true destinationLevel: 1
2026-05-01 06:42:04:352 - Compaction started: 
140670589077056:Compacting datalog/129 datalog/130 into:sstable1/6a8e88ce-4077-4cf9-b08e-494b22137fbc202605010042021777617724356113367.sst
2026-05-01 06:42:04:374 - Compaction completed: 
2903320:COMPACT_START sstable=0 input_files: "datalog/137" input_files: "datalog/138" compactIntoNextLevel: true destinationLevel: 1
2026-05-01 06:42:04:454 - Compaction started: 
140670589077056:Compacting datalog/137 datalog/138 into:sstable1/6a8e88ce-4077-4cf9-b08e-494b22137fbc202605010042021777617724457283599.sst
2026-05-01 06:42:04:475 - Compaction completed: 
2903320:COMPACT_START sstable=0 input_files: "datalog/145" input_files: "datalog/146" compactIntoNextLevel: true destinationLevel: 1
2026-05-01 06:42:04:555 - Compaction started: 
140670589077056:Compacting datalog/145 datalog/146 into:sstable1/6a8e88ce-4077-4cf9-b08e-494b22137fbc202605010042021777617724558817441.sst
2026-05-01 06:42:04:575 - Compaction completed: 
2903320:COMPACT_START sstable=0 input_files: "datalog/153" input_files: "datalog/154" compactIntoNextLevel: true destinationLevel: 1
2026-05-01 06:42:04:657 - Compaction started: 
140670589077056:Compacting datalog/153 datalog/154 into:sstable1/6a8e88ce-4077-4cf9-b08e-494b22137fbc202605010042021777617724659930927.sst
2026-05-01 06:42:04:676 - Compaction completed: 
2903320:COMPACT_START sstable=0 input_files: "datalog/161" input_files: "datalog/162" compactIntoNextLevel: true destinationLevel: 1
2026-05-01 06:42:04:758 - Compaction started: 
140670589077056:Compacting datalog/161 datalog/162 into:sstable1/6a8e88ce-4077-4cf9-b08e-494b22137fbc202605010042021777617724761617847.sst
2026-05-01 06:42:04:778 - Compaction completed: 
2903320:COMPACT_START sstable=0 input_files: "datalog/169" input_files: "datalog/170" compactIntoNextLevel: true destinationLevel: 1
2026-05-01 06:42:04:859 - Compaction started: 
140670589077056:Compacting datalog/169 datalog/170 into:sstable1/6a8e88ce-4077-4cf9-b08e-494b22137fbc202605010042021777617724862971772.sst
2026-05-01 06:42:04:880 - Compaction completed: 
2903320:COMPACT_START sstable=0 input_files: "datalog/177" input_files: "datalog/178" compactIntoNextLevel: true destinationLevel: 1
2026-05-01 06:42:04:961 - Compaction started: 
140670589077056:Compacting datalog/177 datalog/178 into:sstable1/6a8e88ce-4077-4cf9-b08e-494b22137fbc202605010042021777617724964101578.sst
2026-05-01 06:42:04:980 - Compaction completed: 
2903320:COMPACT_START sstable=0 input_files: "datalog/185" input_files: "datalog/186" compactIntoNextLevel: true destinationLevel: 1
2026-05-01 06:42:05:062 - Compaction started: 
140670589077056:Compacting datalog/185 datalog/186 into:sstable1/6a8e88ce-4077-4cf9-b08e-494b22137fbc202605010042021777617725065544280.sst
2026-05-01 06:42:05:083 - Compaction completed: 
2903320:COMPACT_START sstable=0 input_files: "datalog/193" input_files: "datalog/194" compactIntoNextLevel: true destinationLevel: 1
2026-05-01 06:42:05:163 - Compaction started: 
140670589077056:Compacting datalog/193 datalog/194 into:sstable1/6a8e88ce-4077-4cf9-b08e-494b22137fbc202605010042021777617725166999796.sst
2026-05-01 06:42:05:184 - Compaction completed: 
2903320:COMPACT_START sstable=0 input_files: "datalog/201" input_files: "datalog/202" compactIntoNextLevel: true destinationLevel: 1
2026-05-01 06:42:05:265 - Compaction started: 
140670589077056:Compacting datalog/201 datalog/202 into:sstable1/6a8e88ce-4077-4cf9-b08e-494b22137fbc202605010042021777617725268272810.sst
2026-05-01 06:42:05:285 - Compaction completed: 
2903320:COMPACT_START sstable=0 input_files: "datalog/209" input_files: "datalog/210" compactIntoNextLevel: true destinationLevel: 1
2026-05-01 06:42:05:366 - Compaction started: 
140670589077056:Compacting datalog/209 datalog/210 into:sstable1/6a8e88ce-4077-4cf9-b08e-494b22137fbc202605010042021777617725369905679.sst
2026-05-01 06:42:05:401 - Compaction completed: 
2903320:COMPACT_START sstable=0 input_files: "datalog/217" input_files: "datalog/218" compactIntoNextLevel: true destinationLevel: 1
2026-05-01 06:42:05:469 - Compaction started: 
140670589077056:Compacting datalog/217 datalog/218 into:sstable1/6a8e88ce-4077-4cf9-b08e-494b22137fbc202605010042021777617725472925587.sst
2026-05-01 06:42:05:490 - Compaction completed: 
2903320:COMPACT_START sstable=0 input_files: "datalog/225" input_files: "datalog/226" compactIntoNextLevel: true destinationLevel: 1
2026-05-01 06:42:05:572 - Compaction started: 
140670589077056:Compacting datalog/225 datalog/226 into:sstable1/6a8e88ce-4077-4cf9-b08e-494b22137fbc202605010042021777617725575238761.sst
2026-05-01 06:42:05:593 - Compaction completed: 
2903320:COMPACT_START sstable=0 input_files: "datalog/233" input_files: "datalog/234" compactIntoNextLevel: true destinationLevel: 1
2026-05-01 06:42:05:673 - Compaction started: 
140670589077056:Compacting datalog/233 datalog/234 into:sstable1/6a8e88ce-4077-4cf9-b08e-494b22137fbc202605010042021777617725676671164.sst
2026-05-01 06:42:05:694 - Compaction completed: 
2903320:COMPACT_START sstable=0 input_files: "datalog/241" input_files: "datalog/242" compactIntoNextLevel: true destinationLevel: 1
2026-05-01 06:42:05:775 - Compaction started: 
140670589077056:Compacting datalog/241 datalog/242 into:sstable1/6a8e88ce-4077-4cf9-b08e-494b22137fbc202605010042021777617725779077894.sst
2026-05-01 06:42:05:796 - Compaction completed: 
2903320:COMPACT_START sstable=0 input_files: "datalog/249" input_files: "datalog/250" compactIntoNextLevel: true destinationLevel: 1
2026-05-01 06:42:05:879 - Compaction started: 
140670589077056:Compacting datalog/249 datalog/250 into:sstable1/6a8e88ce-4077-4cf9-b08e-494b22137fbc202605010042021777617725882636332.sst
2026-05-01 06:42:05:899 - Compaction completed: 
2903320:COMPACT_START sstable=0 input_files: "datalog/257" input_files: "datalog/258" compactIntoNextLevel: true destinationLevel: 1
2026-05-01 06:42:05:981 - Compaction started: 
140670589077056:Compacting datalog/257 datalog/258 into:sstable1/6a8e88ce-4077-4cf9-b08e-494b22137fbc202605010042021777617725984560306.sst
2026-05-01 06:42:06:001 - Compaction completed: 
2903320:COMPACT_START sstable=0 input_files: "datalog/265" input_files: "datalog/266" compactIntoNextLevel: true destinationLevel: 1
2026-05-01 06:42:06:085 - Compaction started: 
140670589077056:Compacting datalog/265 datalog/266 into:sstable1/6a8e88ce-4077-4cf9-b08e-494b22137fbc202605010042021777617726088521489.sst
2026-05-01 06:42:06:106 - Compaction completed: 
2903320:COMPACT_START sstable=0 input_files: "datalog/273" input_files: "datalog/274" compactIntoNextLevel: true destinationLevel: 1
2026-05-01 06:42:06:187 - Compaction started: 
140670589077056:Compacting datalog/273 datalog/274 into:sstable1/6a8e88ce-4077-4cf9-b08e-494b22137fbc202605010042021777617726190849872.sst
2026-05-01 06:42:06:207 - Compaction completed: 
2903320:COMPACT_START sstable=0 input_files: "datalog/281" input_files: "datalog/282" compactIntoNextLevel: true destinationLevel: 1
2026-05-01 06:42:06:290 - Compaction started: 
140670589077056:Compacting datalog/281 datalog/282 into:sstable1/6a8e88ce-4077-4cf9-b08e-494b22137fbc202605010042021777617726293198392.sst
2026-05-01 06:42:06:309 - Compaction completed: 
2903320:COMPACT_START sstable=0 input_files: "datalog/289" input_files: "datalog/290" compactIntoNextLevel: true destinationLevel: 1
2026-05-01 06:42:06:392 - Compaction started: 
140670589077056:Compacting datalog/289 datalog/290 into:sstable1/6a8e88ce-4077-4cf9-b08e-494b22137fbc202605010042021777617726395837877.sst
2026-05-01 06:42:06:412 - Compaction completed: 
2903320:COMPACT_START sstable=0 input_files: "datalog/297" input_files: "datalog/298" compactIntoNextLevel: true destinationLevel: 1
2026-05-01 06:42:06:495 - Compaction started: 
140670589077056:Compacting datalog/297 datalog/298 into:sstable1/6a8e88ce-4077-4cf9-b08e-494b22137fbc202605010042021777617726498596657.sst
2026-05-01 06:42:06:515 - Compaction completed: 
2903320:COMPACT_START sstable=0 input_files: "datalog/305" input_files: "datalog/306" compactIntoNextLevel: true destinationLevel: 1
2026-05-01 06:42:06:597 - Compaction started: 
140670589077056:Compacting datalog/305 datalog/306 into:sstable1/6a8e88ce-4077-4cf9-b08e-494b22137fbc202605010042021777617726601058419.sst
2026-05-01 06:42:06:618 - Compaction completed: 
2903320:COMPACT_START sstable=0 input_files: "datalog/313" input_files: "datalog/314" compactIntoNextLevel: true destinationLevel: 1
2026-05-01 06:42:06:699 - Compaction started: 
140670589077056:Compacting datalog/313 datalog/314 into:sstable1/6a8e88ce-4077-4cf9-b08e-494b22137fbc202605010042021777617726703082030.sst
2026-05-01 06:42:06:720 - Compaction completed: 
2903320:COMPACT_START sstable=0 input_files: "datalog/321" input_files: "datalog/322" compactIntoNextLevel: true destinationLevel: 1
2026-05-01 06:42:06:802 - Compaction started: 
140670589077056:Compacting datalog/321 datalog/322 into:sstable1/6a8e88ce-4077-4cf9-b08e-494b22137fbc202605010042021777617726805794212.sst
2026-05-01 06:42:06:821 - Compaction completed: 
2903320:COMPACT_START sstable=0 input_files: "datalog/329" input_files: "datalog/330" compactIntoNextLevel: true destinationLevel: 1
2026-05-01 06:42:06:905 - Compaction started: 
140670589077056:Compacting datalog/329 datalog/330 into:sstable1/6a8e88ce-4077-4cf9-b08e-494b22137fbc202605010042021777617726908235636.sst
2026-05-01 06:42:06:923 - Compaction completed: 
2903320:COMPACT_START sstable=0 input_files: "datalog/337" input_files: "datalog/338" compactIntoNextLevel: true destinationLevel: 1
2026-05-01 06:42:07:008 - Compaction started: 
140670589077056:Compacting datalog/337 datalog/338 into:sstable1/6a8e88ce-4077-4cf9-b08e-494b22137fbc202605010042021777617727011417188.sst
2026-05-01 06:42:07:027 - Compaction completed: 
2903320:COMPACT_START sstable=0 input_files: "datalog/345" input_files: "datalog/346" compactIntoNextLevel: true destinationLevel: 1
2026-05-01 06:42:07:110 - Compaction started: 
140670589077056:Compacting datalog/345 datalog/346 into:sstable1/6a8e88ce-4077-4cf9-b08e-494b22137fbc202605010042021777617727113549523.sst
2026-05-01 06:42:07:129 - Compaction completed: 
2903320:COMPACT_START sstable=0 input_files: "datalog/353" input_files: "datalog/354" compactIntoNextLevel: true destinationLevel: 1
2026-05-01 06:42:07:212 - Compaction started: 
140670589077056:Compacting datalog/353 datalog/354 into:sstable1/6a8e88ce-4077-4cf9-b08e-494b22137fbc202605010042021777617727215192801.sst
2026-05-01 06:42:07:231 - Compaction completed: 
2903320:COMPACT_START sstable=0 input_files: "datalog/361" input_files: "datalog/362" compactIntoNextLevel: true destinationLevel: 1
2026-05-01 06:42:07:313 - Compaction started: 
140670589077056:Compacting datalog/361 datalog/362 into:sstable1/6a8e88ce-4077-4cf9-b08e-494b22137fbc202605010042021777617727316342494.sst
2026-05-01 06:42:07:332 - Compaction completed: 
2903320:COMPACT_START sstable=0 input_files: "datalog/369" input_files: "datalog/370" compactIntoNextLevel: true destinationLevel: 1
2026-05-01 06:42:07:414 - Compaction started: 
140670589077056:Compacting datalog/369 datalog/370 into:sstable1/6a8e88ce-4077-4cf9-b08e-494b22137fbc202605010042021777617727417838205.sst
2026-05-01 06:42:07:435 - Compaction completed: 
2903320:COMPACT_START sstable=0 input_files: "datalog/377" input_files: "datalog/378" compactIntoNextLevel: true destinationLevel: 1
2026-05-01 06:42:07:516 - Compaction started: 
140670589077056:Compacting datalog/377 datalog/378 into:sstable1/6a8e88ce-4077-4cf9-b08e-494b22137fbc202605010042021777617727519071374.sst
2026-05-01 06:42:07:533 - Compaction completed: 
2903320:COMPACT_START sstable=0 input_files: "datalog/385" input_files: "datalog/386" compactIntoNextLevel: true destinationLevel: 1
2026-05-01 06:42:07:617 - Compaction started: 
140670589077056:Compacting datalog/385 datalog/386 into:sstable1/6a8e88ce-4077-4cf9-b08e-494b22137fbc202605010042021777617727620287993.sst
2026-05-01 06:42:07:636 - Compaction completed: 
2903320:COMPACT_START sstable=0 input_files: "datalog/393" input_files: "datalog/394" compactIntoNextLevel: true destinationLevel: 1
2026-05-01 06:42:07:719 - Compaction started: 
140670589077056:Compacting datalog/393 datalog/394 into:sstable1/6a8e88ce-4077-4cf9-b08e-494b22137fbc202605010042021777617727722345247.sst
2026-05-01 06:42:07:737 - Compaction completed: 
2903320:COMPACT_START sstable=0 input_files: "datalog/401" input_files: "datalog/402" compactIntoNextLevel: true destinationLevel: 1
2026-05-01 06:42:07:820 - Compaction started: 
140670589077056:Compacting datalog/401 datalog/402 into:sstable1/6a8e88ce-4077-4cf9-b08e-494b22137fbc202605010042021777617727823850216.sst
2026-05-01 06:42:07:840 - Compaction completed: 
2903320:COMPACT_START sstable=0 input_files: "datalog/409" input_files: "datalog/410" compactIntoNextLevel: true destinationLevel: 1
2026-05-01 06:42:07:922 - Compaction started: 
140670589077056:Compacting datalog/409 datalog/410 into:sstable1/6a8e88ce-4077-4cf9-b08e-494b22137fbc202605010042021777617727925348122.sst
2026-05-01 06:42:07:941 - Compaction completed: 
2903320:COMPACT_START sstable=0 input_files: "datalog/417" input_files: "datalog/418" compactIntoNextLevel: true destinationLevel: 1
2026-05-01 06:42:08:023 - Compaction started: 
140670589077056:Compacting datalog/417 datalog/418 into:sstable1/6a8e88ce-4077-4cf9-b08e-494b22137fbc202605010042021777617728026933752.sst
2026-05-01 06:42:08:043 - Compaction completed: 
2903320:COMPACT_START sstable=0 input_files: "datalog/425" input_files: "datalog/426" compactIntoNextLevel: true destinationLevel: 1
2026-05-01 06:42:08:125 - Compaction started: 
140670589077056:Compacting datalog/425 datalog/426 into:sstable1/6a8e88ce-4077-4cf9-b08e-494b22137fbc202605010042021777617728128203089.sst
2026-05-01 06:42:08:142 - Compaction completed: 
2903320:COMPACT_START sstable=0 input_files: "datalog/433" input_files: "datalog/434" compactIntoNextLevel: true destinationLevel: 1
2026-05-01 06:42:08:227 - Compaction started: 
140670589077056:Compacting datalog/433 datalog/434 into:sstable1/6a8e88ce-4077-4cf9-b08e-494b22137fbc202605010042021777617728230089062.sst
2026-05-01 06:42:08:244 - Compaction completed: 
2903320:COMPACT_START sstable=0 input_files: "datalog/441" input_files: "datalog/442" compactIntoNextLevel: true destinationLevel: 1
2026-05-01 06:42:08:328 - Compaction started: 
140670589077056:Compacting datalog/441 datalog/442 into:sstable1/6a8e88ce-4077-4cf9-b08e-494b22137fbc202605010042021777617728331400438.sst
2026-05-01 06:42:08:345 - Compaction completed: 
2903320:COMPACT_START sstable=0 input_files: "datalog/449" input_files: "datalog/450" compactIntoNextLevel: true destinationLevel: 1
2026-05-01 06:42:08:429 - Compaction started: 
140670589077056:Compacting datalog/449 datalog/450 into:sstable1/6a8e88ce-4077-4cf9-b08e-494b22137fbc202605010042021777617728432963335.sst
2026-05-01 06:42:08:447 - Compaction completed: 
2903320:Task input_files: "datalog/215" input_files: "datalog/216" compactIntoNextLevel: true destinationLevel: 1 is dead (hb=30)
2903320:Found dead task input_files: "datalog/215" input_files: "datalog/216" compactIntoNextLevel: true destinationLevel: 1
2903320:COMPACT_START sstable=0 input_files: "datalog/215" input_files: "datalog/216" compactIntoNextLevel: true destinationLevel: 1
2026-05-01 06:42:08:531 - Compaction started: 
140670589077056:Compacting datalog/215 datalog/216 into:sstable1/6a8e88ce-4077-4cf9-b08e-494b22137fbc202605010042021777617728534911906.sst
2026-05-01 06:42:08:552 - Compaction completed: 
2903320:COMPACT_START sstable=0 input_files: "datalog/463" input_files: "datalog/464" compactIntoNextLevel: true destinationLevel: 1
2026-05-01 06:42:08:634 - Compaction started: 
140670589077056:Compacting datalog/463 datalog/464 into:sstable1/6a8e88ce-4077-4cf9-b08e-494b22137fbc202605010042021777617728636923234.sst
2026-05-01 06:42:08:654 - Compaction completed: 
2903320:COMPACT_START sstable=0 input_files: "datalog/471" input_files: "datalog/472" compactIntoNextLevel: true destinationLevel: 1
2026-05-01 06:42:08:735 - Compaction started: 
140670589077056:Compacting datalog/471 datalog/472 into:sstable1/6a8e88ce-4077-4cf9-b08e-494b22137fbc202605010042021777617728738987251.sst
2026-05-01 06:42:08:754 - Compaction completed: 
2903320:COMPACT_START sstable=0 input_files: "datalog/479" input_files: "datalog/480" compactIntoNextLevel: true destinationLevel: 1
2026-05-01 06:42:08:837 - Compaction started: 
140670589077056:Compacting datalog/479 datalog/480 into:sstable1/6a8e88ce-4077-4cf9-b08e-494b22137fbc202605010042021777617728840589632.sst
2026-05-01 06:42:08:855 - Compaction completed: 
2903320:COMPACT_START sstable=0 input_files: "datalog/487" input_files: "datalog/488" compactIntoNextLevel: true destinationLevel: 1
2026-05-01 06:42:08:939 - Compaction started: 
140670589077056:Compacting datalog/487 datalog/488 into:sstable1/6a8e88ce-4077-4cf9-b08e-494b22137fbc202605010042021777617728942545656.sst
2026-05-01 06:42:08:956 - Compaction completed: 
2903320:COMPACT_START sstable=0 input_files: "datalog/495" input_files: "datalog/496" compactIntoNextLevel: true destinationLevel: 1
2026-05-01 06:42:09:041 - Compaction started: 
140670589077056:Compacting datalog/495 datalog/496 into:sstable1/6a8e88ce-4077-4cf9-b08e-494b22137fbc202605010042021777617729044212088.sst
2026-05-01 06:42:09:059 - Compaction completed: 
2903320:COMPACT_START sstable=0 input_files: "datalog/503" input_files: "datalog/504" compactIntoNextLevel: true destinationLevel: 1
2026-05-01 06:42:09:142 - Compaction started: 
140670589077056:Compacting datalog/503 datalog/504 into:sstable1/6a8e88ce-4077-4cf9-b08e-494b22137fbc202605010042021777617729145839907.sst
2026-05-01 06:42:09:160 - Compaction completed: 
2903320:COMPACT_START sstable=0 input_files: "datalog/511" input_files: "datalog/512" compactIntoNextLevel: true destinationLevel: 1
2026-05-01 06:42:09:244 - Compaction started: 
140670589077056:Compacting datalog/511 datalog/512 into:sstable1/6a8e88ce-4077-4cf9-b08e-494b22137fbc202605010042021777617729247515817.sst
2026-05-01 06:42:09:262 - Compaction completed: 
2903320:COMPACT_START sstable=0 input_files: "datalog/519" input_files: "datalog/520" compactIntoNextLevel: true destinationLevel: 1
2026-05-01 06:42:09:346 - Compaction started: 
140670589077056:Compacting datalog/519 datalog/520 into:sstable1/6a8e88ce-4077-4cf9-b08e-494b22137fbc202605010042021777617729348564199.sst
2026-05-01 06:42:09:362 - Compaction completed: 
2903320:COMPACT_START sstable=0 input_files: "datalog/527" input_files: "datalog/528" compactIntoNextLevel: true destinationLevel: 1
2026-05-01 06:42:09:448 - Compaction started: 
140670589077056:Compacting datalog/527 datalog/528 into:sstable1/6a8e88ce-4077-4cf9-b08e-494b22137fbc202605010042021777617729450561060.sst
2026-05-01 06:42:09:464 - Compaction completed: 
2903320:COMPACT_START sstable=0 input_files: "datalog/535" input_files: "datalog/536" compactIntoNextLevel: true destinationLevel: 1
2026-05-01 06:42:09:549 - Compaction started: 
140670589077056:Compacting datalog/535 datalog/536 into:sstable1/6a8e88ce-4077-4cf9-b08e-494b22137fbc202605010042021777617729552788583.sst
2026-05-01 06:42:09:567 - Compaction completed: 
2903320:COMPACT_START sstable=0 input_files: "datalog/543" input_files: "datalog/544" compactIntoNextLevel: true destinationLevel: 1
2026-05-01 06:42:09:651 - Compaction started: 
140670589077056:Compacting datalog/543 datalog/544 into:sstable1/6a8e88ce-4077-4cf9-b08e-494b22137fbc202605010042021777617729654475183.sst
2026-05-01 06:42:09:669 - Compaction completed: 
2903320:COMPACT_START sstable=0 input_files: "datalog/551" input_files: "datalog/552" compactIntoNextLevel: true destinationLevel: 1
2026-05-01 06:42:09:753 - Compaction started: 
140670589077056:Compacting datalog/551 datalog/552 into:sstable1/6a8e88ce-4077-4cf9-b08e-494b22137fbc202605010042021777617729756220462.sst
2026-05-01 06:42:09:771 - Compaction completed: 
2903320:COMPACT_START sstable=0 input_files: "datalog/559" input_files: "datalog/560" compactIntoNextLevel: true destinationLevel: 1
2026-05-01 06:42:09:854 - Compaction started: 
140670589077056:Compacting datalog/559 datalog/560 into:sstable1/6a8e88ce-4077-4cf9-b08e-494b22137fbc202605010042021777617729857921478.sst
2026-05-01 06:42:09:872 - Compaction completed: 
2903320:COMPACT_START sstable=0 input_files: "datalog/567" input_files: "datalog/568" compactIntoNextLevel: true destinationLevel: 1
2026-05-01 06:42:09:956 - Compaction started: 
140670589077056:Compacting datalog/567 datalog/568 into:sstable1/6a8e88ce-4077-4cf9-b08e-494b22137fbc202605010042021777617729959488183.sst
2026-05-01 06:42:09:974 - Compaction completed: 
2903320:COMPACT_START sstable=0 input_files: "datalog/575" input_files: "datalog/576" compactIntoNextLevel: true destinationLevel: 1
2026-05-01 06:42:10:057 - Compaction started: 
140670589077056:Compacting datalog/575 datalog/576 into:sstable1/6a8e88ce-4077-4cf9-b08e-494b22137fbc202605010042021777617730060988694.sst
2026-05-01 06:42:10:075 - Compaction completed: 
2903320:COMPACT_START sstable=0 input_files: "datalog/583" input_files: "datalog/584" compactIntoNextLevel: true destinationLevel: 1
2026-05-01 06:42:10:159 - Compaction started: 
140670589077056:Compacting datalog/583 datalog/584 into:sstable1/6a8e88ce-4077-4cf9-b08e-494b22137fbc202605010042021777617730162289449.sst
2026-05-01 06:42:10:177 - Compaction completed: 
2903320:COMPACT_START sstable=0 input_files: "datalog/591" input_files: "datalog/592" compactIntoNextLevel: true destinationLevel: 1
2026-05-01 06:42:10:261 - Compaction started: 
140670589077056:Compacting datalog/591 datalog/592 into:sstable1/6a8e88ce-4077-4cf9-b08e-494b22137fbc202605010042021777617730263709850.sst
2026-05-01 06:42:10:278 - Compaction completed: 
2903320:COMPACT_START sstable=0 input_files: "datalog/599" input_files: "datalog/600" compactIntoNextLevel: true destinationLevel: 1
2026-05-01 06:42:10:362 - Compaction started: 
140670589077056:Compacting datalog/599 datalog/600 into:sstable1/6a8e88ce-4077-4cf9-b08e-494b22137fbc202605010042021777617730365603918.sst
2026-05-01 06:42:10:379 - Compaction completed: 
2903320:COMPACT_START sstable=0 input_files: "datalog/607" input_files: "datalog/608" compactIntoNextLevel: true destinationLevel: 1
2026-05-01 06:42:10:464 - Compaction started: 
140670589077056:Compacting datalog/607 datalog/608 into:sstable1/6a8e88ce-4077-4cf9-b08e-494b22137fbc202605010042021777617730467261323.sst
2026-05-01 06:42:10:482 - Compaction completed: 
2903320:COMPACT_START sstable=0 input_files: "datalog/613" input_files: "datalog/614" compactIntoNextLevel: true destinationLevel: 1
2026-05-01 06:42:10:566 - Compaction started: 
140670589077056:Compacting datalog/613 datalog/614 into:sstable1/6a8e88ce-4077-4cf9-b08e-494b22137fbc202605010042021777617730569843321.sst
2026-05-01 06:42:10:583 - Compaction completed: 
2903320:COMPACT_START sstable=0 input_files: "datalog/621" input_files: "datalog/622" compactIntoNextLevel: true destinationLevel: 1
2026-05-01 06:42:10:669 - Compaction started: 
140670589077056:Compacting datalog/621 datalog/622 into:sstable1/6a8e88ce-4077-4cf9-b08e-494b22137fbc202605010042021777617730672372770.sst
2026-05-01 06:42:10:689 - Compaction completed: 
2903320:COMPACT_START sstable=0 input_files: "datalog/629" input_files: "datalog/630" compactIntoNextLevel: true destinationLevel: 1
2026-05-01 06:42:10:772 - Compaction started: 
140670589077056:Compacting datalog/629 datalog/630 into:sstable1/6a8e88ce-4077-4cf9-b08e-494b22137fbc202605010042021777617730775124215.sst
2026-05-01 06:42:10:789 - Compaction completed: 
2903320:COMPACT_START sstable=0 input_files: "datalog/637" input_files: "datalog/638" compactIntoNextLevel: true destinationLevel: 1
2026-05-01 06:42:10:874 - Compaction started: 
140670589077056:Compacting datalog/637 datalog/638 into:sstable1/6a8e88ce-4077-4cf9-b08e-494b22137fbc202605010042021777617730877595646.sst
2026-05-01 06:42:10:891 - Compaction completed: 
2903320:COMPACT_START sstable=0 input_files: "datalog/645" input_files: "datalog/646" compactIntoNextLevel: true destinationLevel: 1
2026-05-01 06:42:10:977 - Compaction started: 
140670589077056:Compacting datalog/645 datalog/646 into:sstable1/6a8e88ce-4077-4cf9-b08e-494b22137fbc202605010042021777617730980738856.sst
2026-05-01 06:42:10:996 - Compaction completed: 
2903320:COMPACT_START sstable=0 input_files: "datalog/653" input_files: "datalog/654" compactIntoNextLevel: true destinationLevel: 1
2026-05-01 06:42:11:080 - Compaction started: 
140670589077056:Compacting datalog/653 datalog/654 into:sstable1/6a8e88ce-4077-4cf9-b08e-494b22137fbc202605010042021777617731082646329.sst
2026-05-01 06:42:11:096 - Compaction completed: 
2903320:COMPACT_START sstable=0 input_files: "datalog/661" input_files: "datalog/662" compactIntoNextLevel: true destinationLevel: 1
2026-05-01 06:42:11:181 - Compaction started: 
140670589077056:Compacting datalog/661 datalog/662 into:sstable1/6a8e88ce-4077-4cf9-b08e-494b22137fbc202605010042021777617731184406957.sst
2026-05-01 06:42:11:198 - Compaction completed: 
2903320:COMPACT_START sstable=0 input_files: "datalog/669" input_files: "datalog/670" compactIntoNextLevel: true destinationLevel: 1
2026-05-01 06:42:11:284 - Compaction started: 
140670589077056:Compacting datalog/669 datalog/670 into:sstable1/6a8e88ce-4077-4cf9-b08e-494b22137fbc202605010042021777617731287210811.sst
2026-05-01 06:42:11:300 - Compaction completed: 
2903320:COMPACT_START sstable=0 input_files: "datalog/677" input_files: "datalog/678" compactIntoNextLevel: true destinationLevel: 1
2026-05-01 06:42:11:386 - Compaction started: 
140670589077056:Compacting datalog/677 datalog/678 into:sstable1/6a8e88ce-4077-4cf9-b08e-494b22137fbc202605010042021777617731389365558.sst
2026-05-01 06:42:11:402 - Compaction completed: 
2903320:COMPACT_START sstable=0 input_files: "datalog/685" input_files: "datalog/686" compactIntoNextLevel: true destinationLevel: 1
2026-05-01 06:42:11:489 - Compaction started: 
140670589077056:Compacting datalog/685 datalog/686 into:sstable1/6a8e88ce-4077-4cf9-b08e-494b22137fbc202605010042021777617731491623027.sst
2026-05-01 06:42:11:506 - Compaction completed: 
2903320:COMPACT_START sstable=0 input_files: "datalog/693" input_files: "datalog/694" compactIntoNextLevel: true destinationLevel: 1
2026-05-01 06:42:11:591 - Compaction started: 
140670589077056:Compacting datalog/693 datalog/694 into:sstable1/6a8e88ce-4077-4cf9-b08e-494b22137fbc202605010042021777617731593893381.sst
2026-05-01 06:42:11:609 - Compaction completed: 
2903320:COMPACT_START sstable=0 input_files: "datalog/701" input_files: "datalog/702" compactIntoNextLevel: true destinationLevel: 1
2903320:COMPACT_ABORT input_files: "datalog/701" input_files: "datalog/702" compactIntoNextLevel: true destinationLevel: 1
2903320:COMPACT_START sstable=0 input_files: "datalog/703" input_files: "datalog/704" compactIntoNextLevel: true destinationLevel: 1
2026-05-01 06:42:11:694 - Compaction started: 
140670589077056:Compacting datalog/703 datalog/704 into:sstable1/6a8e88ce-4077-4cf9-b08e-494b22137fbc202605010042021777617731697022264.sst
2026-05-01 06:42:11:711 - Compaction completed: 
2903320:COMPACT_START sstable=0 input_files: "datalog/711" input_files: "datalog/712" compactIntoNextLevel: true destinationLevel: 1
2026-05-01 06:42:11:796 - Compaction started: 
140670589077056:Compacting datalog/711 datalog/712 into:sstable1/6a8e88ce-4077-4cf9-b08e-494b22137fbc202605010042021777617731799044703.sst
2026-05-01 06:42:11:812 - Compaction completed: 
2903320:COMPACT_START sstable=0 input_files: "datalog/719" input_files: "datalog/720" compactIntoNextLevel: true destinationLevel: 1
2026-05-01 06:42:11:897 - Compaction started: 
140670589077056:Compacting datalog/719 datalog/720 into:sstable1/6a8e88ce-4077-4cf9-b08e-494b22137fbc202605010042021777617731900127450.sst
2026-05-01 06:42:11:913 - Compaction completed: 
2903320:COMPACT_START sstable=0 input_files: "datalog/727" input_files: "datalog/728" compactIntoNextLevel: true destinationLevel: 1
2026-05-01 06:42:11:999 - Compaction started: 
140670589077056:Compacting datalog/727 datalog/728 into:sstable1/6a8e88ce-4077-4cf9-b08e-494b22137fbc202605010042021777617732001882487.sst
2026-05-01 06:42:12:014 - Compaction completed: 
2903320:COMPACT_START sstable=0 input_files: "datalog/735" input_files: "datalog/736" compactIntoNextLevel: true destinationLevel: 1
2026-05-01 06:42:12:100 - Compaction started: 
140670589077056:Compacting datalog/735 datalog/736 into:sstable1/6a8e88ce-4077-4cf9-b08e-494b22137fbc202605010042021777617732102988508.sst
2026-05-01 06:42:12:116 - Compaction completed: 
2903320:COMPACT_START sstable=0 input_files: "datalog/743" input_files: "datalog/744" compactIntoNextLevel: true destinationLevel: 1
2026-05-01 06:42:12:202 - Compaction started: 
140670589077056:Compacting datalog/743 datalog/744 into:sstable1/6a8e88ce-4077-4cf9-b08e-494b22137fbc202605010042021777617732204608844.sst
2026-05-01 06:42:12:217 - Compaction completed: 
2903320:COMPACT_START sstable=0 input_files: "datalog/751" input_files: "datalog/752" compactIntoNextLevel: true destinationLevel: 1
2026-05-01 06:42:12:303 - Compaction started: 
140670589077056:Compacting datalog/751 datalog/752 into:sstable1/6a8e88ce-4077-4cf9-b08e-494b22137fbc202605010042021777617732306160600.sst
2026-05-01 06:42:12:318 - Compaction completed: 
2903320:COMPACT_START sstable=0 input_files: "datalog/759" input_files: "datalog/760" compactIntoNextLevel: true destinationLevel: 1
2026-05-01 06:42:12:405 - Compaction started: 
140670589077056:Compacting datalog/759 datalog/760 into:sstable1/6a8e88ce-4077-4cf9-b08e-494b22137fbc202605010042021777617732407928562.sst
2026-05-01 06:42:12:422 - Compaction completed: 
2903320:COMPACT_START sstable=0 input_files: "datalog/767" input_files: "datalog/768" compactIntoNextLevel: true destinationLevel: 1
2026-05-01 06:42:12:507 - Compaction started: 
140670589077056:Compacting datalog/767 datalog/768 into:sstable1/6a8e88ce-4077-4cf9-b08e-494b22137fbc202605010042021777617732509614941.sst
2026-05-01 06:42:12:522 - Compaction completed: 
2903320:COMPACT_START sstable=0 input_files: "datalog/775" input_files: "datalog/776" compactIntoNextLevel: true destinationLevel: 1
2026-05-01 06:42:12:608 - Compaction started: 
140670589077056:Compacting datalog/775 datalog/776 into:sstable1/6a8e88ce-4077-4cf9-b08e-494b22137fbc202605010042021777617732610889788.sst
2026-05-01 06:42:12:624 - Compaction completed: 
2903320:COMPACT_START sstable=0 input_files: "datalog/783" input_files: "datalog/784" compactIntoNextLevel: true destinationLevel: 1
2026-05-01 06:42:12:709 - Compaction started: 
140670589077056:Compacting datalog/783 datalog/784 into:sstable1/6a8e88ce-4077-4cf9-b08e-494b22137fbc202605010042021777617732712308415.sst
2026-05-01 06:42:12:725 - Compaction completed: 
2903320:COMPACT_START sstable=0 input_files: "datalog/791" input_files: "datalog/792" compactIntoNextLevel: true destinationLevel: 1
2026-05-01 06:42:12:811 - Compaction started: 
140670589077056:Compacting datalog/791 datalog/792 into:sstable1/6a8e88ce-4077-4cf9-b08e-494b22137fbc202605010042021777617732813928720.sst
2026-05-01 06:42:12:827 - Compaction completed: 
2903320:COMPACT_START sstable=0 input_files: "datalog/799" input_files: "datalog/800" compactIntoNextLevel: true destinationLevel: 1
2026-05-01 06:42:12:912 - Compaction started: 
140670589077056:Compacting datalog/799 datalog/800 into:sstable1/6a8e88ce-4077-4cf9-b08e-494b22137fbc202605010042021777617732915376572.sst
2026-05-01 06:42:12:928 - Compaction completed: 
2903320:COMPACT_START sstable=0 input_files: "datalog/807" input_files: "datalog/808" compactIntoNextLevel: true destinationLevel: 1
2026-05-01 06:42:13:014 - Compaction started: 
140670589077056:Compacting datalog/807 datalog/808 into:sstable1/6a8e88ce-4077-4cf9-b08e-494b22137fbc202605010042021777617733016932787.sst
2026-05-01 06:42:13:029 - Compaction completed: 
2903320:COMPACT_START sstable=0 input_files: "datalog/815" input_files: "datalog/816" compactIntoNextLevel: true destinationLevel: 1
2026-05-01 06:42:13:116 - Compaction started: 
140670589077056:Compacting datalog/815 datalog/816 into:sstable1/6a8e88ce-4077-4cf9-b08e-494b22137fbc202605010042021777617733118989490.sst
2026-05-01 06:42:13:133 - Compaction completed: 
2903320:COMPACT_START sstable=0 input_files: "datalog/823" input_files: "datalog/824" compactIntoNextLevel: true destinationLevel: 1
2026-05-01 06:42:13:217 - Compaction started: 
140670589077056:Compacting datalog/823 datalog/824 into:sstable1/6a8e88ce-4077-4cf9-b08e-494b22137fbc202605010042021777617733220211018.sst
2026-05-01 06:42:13:233 - Compaction completed: 
2903320:COMPACT_START sstable=0 input_files: "datalog/831" input_files: "datalog/832" compactIntoNextLevel: true destinationLevel: 1
2026-05-01 06:42:13:319 - Compaction started: 
140670589077056:Compacting datalog/831 datalog/832 into:sstable1/6a8e88ce-4077-4cf9-b08e-494b22137fbc202605010042021777617733321836512.sst
2026-05-01 06:42:13:334 - Compaction completed: 
2903320:COMPACT_START sstable=0 input_files: "datalog/839" input_files: "datalog/840" compactIntoNextLevel: true destinationLevel: 1
2026-05-01 06:42:13:420 - Compaction started: 
140670589077056:Compacting datalog/839 datalog/840 into:sstable1/6a8e88ce-4077-4cf9-b08e-494b22137fbc202605010042021777617733423021602.sst
2026-05-01 06:42:13:435 - Compaction completed: 
2903320:COMPACT_START sstable=0 input_files: "datalog/847" input_files: "datalog/848" compactIntoNextLevel: true destinationLevel: 1
2026-05-01 06:42:13:522 - Compaction started: 
140670589077056:Compacting datalog/847 datalog/848 into:sstable1/6a8e88ce-4077-4cf9-b08e-494b22137fbc202605010042021777617733524649400.sst
2026-05-01 06:42:13:537 - Compaction completed: 
2903320:COMPACT_START sstable=0 input_files: "datalog/855" input_files: "datalog/856" compactIntoNextLevel: true destinationLevel: 1
2026-05-01 06:42:13:623 - Compaction started: 
140670589077056:Compacting datalog/855 datalog/856 into:sstable1/6a8e88ce-4077-4cf9-b08e-494b22137fbc202605010042021777617733626101230.sst
2026-05-01 06:42:13:639 - Compaction completed: 
2903320:COMPACT_START sstable=0 input_files: "datalog/863" input_files: "datalog/864" compactIntoNextLevel: true destinationLevel: 1
2026-05-01 06:42:13:725 - Compaction started: 
140670589077056:Compacting datalog/863 datalog/864 into:sstable1/6a8e88ce-4077-4cf9-b08e-494b22137fbc202605010042021777617733727433625.sst
2026-05-01 06:42:13:740 - Compaction completed: 
2903320:COMPACT_START sstable=1 input_files: "sstable1/6a8e88ce-4077-4cf9-b08e-494b22137fbc202605010042021777617722405197495.sst" input_files: "sstable1/2ac9de89-8f70-4c33-ae0e-0d6ed38835f4202605010042021777617722400393330.sst" compactIntoNextLevel: true destinationLevel: 2
2026-05-01 06:42:13:826 - Compaction started: 
140670589077056:Compacting sstable1/6a8e88ce-4077-4cf9-b08e-494b22137fbc202605010042021777617722405197495.sst sstable1/2ac9de89-8f70-4c33-ae0e-0d6ed38835f4202605010042021777617722400393330.sst into:sstable2/6a8e88ce-4077-4cf9-b08e-494b22137fbc202605010042021777617733848454007.sst
2026-05-01 06:42:13:880 - Compaction completed: 
2903320:COMPACT_START sstable=1 input_files: "sstable1/7fb26730-a7e9-4755-8070-cbd2658efca5202605010042021777617722618375795.sst" input_files: "sstable1/6a8e88ce-4077-4cf9-b08e-494b22137fbc202605010042021777617722730617771.sst" compactIntoNextLevel: true destinationLevel: 2
2026-05-01 06:42:13:928 - Compaction started: 
140670589077056:Compacting sstable1/7fb26730-a7e9-4755-8070-cbd2658efca5202605010042021777617722618375795.sst sstable1/6a8e88ce-4077-4cf9-b08e-494b22137fbc202605010042021777617722730617771.sst into:sstable2/6a8e88ce-4077-4cf9-b08e-494b22137fbc202605010042021777617733950263216.sst
2026-05-01 06:42:13:985 - Compaction completed: 
2903320:COMPACT_START sstable=1 input_files: "sstable1/7fb26730-a7e9-4755-8070-cbd2658efca5202605010042021777617722973791870.sst" input_files: "sstable1/6a8e88ce-4077-4cf9-b08e-494b22137fbc202605010042021777617722933821973.sst" compactIntoNextLevel: true destinationLevel: 2
2026-05-01 06:42:14:029 - Compaction started: 
140670589077056:Compacting sstable1/7fb26730-a7e9-4755-8070-cbd2658efca5202605010042021777617722973791870.sst sstable1/6a8e88ce-4077-4cf9-b08e-494b22137fbc202605010042021777617722933821973.sst into:sstable2/6a8e88ce-4077-4cf9-b08e-494b22137fbc202605010042021777617734053111603.sst
2026-05-01 06:42:14:091 - Compaction completed: 
2903320:COMPACT_START sstable=1 input_files: "sstable1/7fb26730-a7e9-4755-8070-cbd2658efca5202605010042021777617723226358104.sst" input_files: "sstable1/4917cf90-8de1-48a0-8731-f5a77087163e202605010042021777617723327372553.sst" compactIntoNextLevel: true destinationLevel: 2
2026-05-01 06:42:14:131 - Compaction started: 
140670589077056:Compacting sstable1/7fb26730-a7e9-4755-8070-cbd2658efca5202605010042021777617723226358104.sst sstable1/4917cf90-8de1-48a0-8731-f5a77087163e202605010042021777617723327372553.sst into:sstable2/6a8e88ce-4077-4cf9-b08e-494b22137fbc202605010042021777617734155557405.sst
2026-05-01 06:42:14:194 - Compaction completed: 
2903320:Task input_files: "datalog/659" input_files: "datalog/660" compactIntoNextLevel: true destinationLevel: 1 is dead (hb=30)
2903320:Found dead task input_files: "datalog/659" input_files: "datalog/660" compactIntoNextLevel: true destinationLevel: 1
2903320:COMPACT_START sstable=0 input_files: "datalog/659" input_files: "datalog/660" compactIntoNextLevel: true destinationLevel: 1
2026-05-01 06:42:14:232 - Compaction started: 
140670589077056:Compacting datalog/659 datalog/660 into:sstable1/6a8e88ce-4077-4cf9-b08e-494b22137fbc202605010042021777617734235618406.sst
2026-05-01 06:42:14:249 - Compaction completed: 
2903320:COMPACT_START sstable=1 input_files: "sstable1/2ac9de89-8f70-4c33-ae0e-0d6ed38835f4202605010042021777617723671006462.sst" input_files: "sstable1/7fb26730-a7e9-4755-8070-cbd2658efca5202605010042021777617723726062909.sst" compactIntoNextLevel: true destinationLevel: 2
2026-05-01 06:42:14:334 - Compaction started: 
140670589077056:Compacting sstable1/2ac9de89-8f70-4c33-ae0e-0d6ed38835f4202605010042021777617723671006462.sst sstable1/7fb26730-a7e9-4755-8070-cbd2658efca5202605010042021777617723726062909.sst into:sstable2/6a8e88ce-4077-4cf9-b08e-494b22137fbc202605010042021777617734356825228.sst
2026-05-01 06:42:14:392 - Compaction completed: 
2903320:Task input_files: "datalog/675" input_files: "datalog/676" compactIntoNextLevel: true destinationLevel: 1 is dead (hb=30)
2903320:Found dead task input_files: "datalog/675" input_files: "datalog/676" compactIntoNextLevel: true destinationLevel: 1
2903320:COMPACT_START sstable=0 input_files: "datalog/675" input_files: "datalog/676" compactIntoNextLevel: true destinationLevel: 1
2026-05-01 06:42:14:435 - Compaction started: 
140670589077056:Compacting datalog/675 datalog/676 into:sstable1/6a8e88ce-4077-4cf9-b08e-494b22137fbc202605010042021777617734438445952.sst
2026-05-01 06:42:14:452 - Compaction completed: 
2903320:COMPACT_START sstable=1 input_files: "sstable1/6a8e88ce-4077-4cf9-b08e-494b22137fbc202605010042021777617724052732998.sst" input_files: "sstable1/4917cf90-8de1-48a0-8731-f5a77087163e202605010042021777617724071480361.sst" compactIntoNextLevel: true destinationLevel: 2
2903320:COMPACT_ABORT input_files: "sstable1/6a8e88ce-4077-4cf9-b08e-494b22137fbc202605010042021777617724052732998.sst" input_files: "sstable1/4917cf90-8de1-48a0-8731-f5a77087163e202605010042021777617724071480361.sst" compactIntoNextLevel: true destinationLevel: 2
2903320:Task input_files: "datalog/701" input_files: "datalog/702" compactIntoNextLevel: true destinationLevel: 1 is dead (hb=30)
2903320:Found dead task input_files: "datalog/701" input_files: "datalog/702" compactIntoNextLevel: true destinationLevel: 1
2903320:COMPACT_START sstable=0 input_files: "datalog/701" input_files: "datalog/702" compactIntoNextLevel: true destinationLevel: 1
2026-05-01 06:42:14:638 - Compaction started: 
140670589077056:Compacting datalog/701 datalog/702 into:sstable1/6a8e88ce-4077-4cf9-b08e-494b22137fbc202605010042021777617734640962645.sst
2026-05-01 06:42:14:655 - Compaction completed: 
2903320:COMPACT_START sstable=1 input_files: "sstable1/6a8e88ce-4077-4cf9-b08e-494b22137fbc202605010042021777617724356113367.sst" input_files: "sstable1/4917cf90-8de1-48a0-8731-f5a77087163e202605010042021777617724375672983.sst" compactIntoNextLevel: true destinationLevel: 2
2026-05-01 06:42:14:740 - Compaction started: 
140670589077056:Compacting sstable1/6a8e88ce-4077-4cf9-b08e-494b22137fbc202605010042021777617724356113367.sst sstable1/4917cf90-8de1-48a0-8731-f5a77087163e202605010042021777617724375672983.sst into:sstable2/6a8e88ce-4077-4cf9-b08e-494b22137fbc202605010042021777617734764480088.sst
2026-05-01 06:42:14:802 - Compaction completed: 
2903320:COMPACT_START sstable=1 input_files: "sstable1/6a8e88ce-4077-4cf9-b08e-494b22137fbc202605010042021777617724558817441.sst" input_files: "sstable1/4917cf90-8de1-48a0-8731-f5a77087163e202605010042021777617724578641002.sst" compactIntoNextLevel: true destinationLevel: 2
2026-05-01 06:42:14:841 - Compaction started: 
140670589077056:Compacting sstable1/6a8e88ce-4077-4cf9-b08e-494b22137fbc202605010042021777617724558817441.sst sstable1/4917cf90-8de1-48a0-8731-f5a77087163e202605010042021777617724578641002.sst into:sstable2/6a8e88ce-4077-4cf9-b08e-494b22137fbc202605010042021777617734863942839.sst
2026-05-01 06:42:14:898 - Compaction completed: 
2903320:COMPACT_START sstable=1 input_files: "sstable1/6a8e88ce-4077-4cf9-b08e-494b22137fbc202605010042021777617724761617847.sst" input_files: "sstable1/4917cf90-8de1-48a0-8731-f5a77087163e202605010042021777617724781525916.sst" compactIntoNextLevel: true destinationLevel: 2
2026-05-01 06:42:14:943 - Compaction started: 
140670589077056:Compacting sstable1/6a8e88ce-4077-4cf9-b08e-494b22137fbc202605010042021777617724761617847.sst sstable1/4917cf90-8de1-48a0-8731-f5a77087163e202605010042021777617724781525916.sst into:sstable2/6a8e88ce-4077-4cf9-b08e-494b22137fbc202605010042021777617734965693297.sst
2026-05-01 06:42:15:001 - Compaction completed: 
2903320:COMPACT_START sstable=1 input_files: "sstable1/6a8e88ce-4077-4cf9-b08e-494b22137fbc202605010042021777617724964101578.sst" input_files: "sstable1/4917cf90-8de1-48a0-8731-f5a77087163e202605010042021777617724984386563.sst" compactIntoNextLevel: true destinationLevel: 2
2026-05-01 06:42:15:045 - Compaction started: 
140670589077056:Compacting sstable1/6a8e88ce-4077-4cf9-b08e-494b22137fbc202605010042021777617724964101578.sst sstable1/4917cf90-8de1-48a0-8731-f5a77087163e202605010042021777617724984386563.sst into:sstable2/6a8e88ce-4077-4cf9-b08e-494b22137fbc202605010042021777617735066719659.sst
2026-05-01 06:42:15:101 - Compaction completed: 
2903320:COMPACT_START sstable=1 input_files: "sstable1/6a8e88ce-4077-4cf9-b08e-494b22137fbc202605010042021777617725166999796.sst" input_files: "sstable1/4917cf90-8de1-48a0-8731-f5a77087163e202605010042021777617725188241115.sst" compactIntoNextLevel: true destinationLevel: 2
2026-05-01 06:42:15:147 - Compaction started: 
140670589077056:Compacting sstable1/6a8e88ce-4077-4cf9-b08e-494b22137fbc202605010042021777617725166999796.sst sstable1/4917cf90-8de1-48a0-8731-f5a77087163e202605010042021777617725188241115.sst into:sstable2/6a8e88ce-4077-4cf9-b08e-494b22137fbc202605010042021777617735170708634.sst
2026-05-01 06:42:15:208 - Compaction completed: 
2903320:COMPACT_START sstable=1 input_files: "sstable1/6a8e88ce-4077-4cf9-b08e-494b22137fbc202605010042021777617725369905679.sst" input_files: "sstable1/4917cf90-8de1-48a0-8731-f5a77087163e202605010042021777617725396882840.sst" compactIntoNextLevel: true destinationLevel: 2
2026-05-01 06:42:15:249 - Compaction started: 
140670589077056:Compacting sstable1/6a8e88ce-4077-4cf9-b08e-494b22137fbc202605010042021777617725369905679.sst sstable1/4917cf90-8de1-48a0-8731-f5a77087163e202605010042021777617725396882840.sst into:sstable2/6a8e88ce-4077-4cf9-b08e-494b22137fbc202605010042021777617735271974495.sst
2026-05-01 06:42:15:308 - Compaction completed: 
2903320:COMPACT_START sstable=1 input_files: "sstable1/6a8e88ce-4077-4cf9-b08e-494b22137fbc202605010042021777617725575238761.sst" input_files: "sstable1/4917cf90-8de1-48a0-8731-f5a77087163e202605010042021777617725608699105.sst" compactIntoNextLevel: true destinationLevel: 2
2026-05-01 06:42:15:350 - Compaction started: 
140670589077056:Compacting sstable1/6a8e88ce-4077-4cf9-b08e-494b22137fbc202605010042021777617725575238761.sst sstable1/4917cf90-8de1-48a0-8731-f5a77087163e202605010042021777617725608699105.sst into:sstable2/6a8e88ce-4077-4cf9-b08e-494b22137fbc202605010042021777617735373073282.sst
2026-05-01 06:42:15:409 - Compaction completed: 
2903320:COMPACT_START sstable=1 input_files: "sstable1/6a8e88ce-4077-4cf9-b08e-494b22137fbc202605010042021777617725779077894.sst" input_files: "sstable1/4917cf90-8de1-48a0-8731-f5a77087163e202605010042021777617725813202813.sst" compactIntoNextLevel: true destinationLevel: 2
2026-05-01 06:42:15:452 - Compaction started: 
140670589077056:Compacting sstable1/6a8e88ce-4077-4cf9-b08e-494b22137fbc202605010042021777617725779077894.sst sstable1/4917cf90-8de1-48a0-8731-f5a77087163e202605010042021777617725813202813.sst into:sstable2/6a8e88ce-4077-4cf9-b08e-494b22137fbc202605010042021777617735474846755.sst
2026-05-01 06:42:15:511 - Compaction completed: 
2903320:COMPACT_START sstable=1 input_files: "sstable1/6a8e88ce-4077-4cf9-b08e-494b22137fbc202605010042021777617725984560306.sst" input_files: "sstable1/4917cf90-8de1-48a0-8731-f5a77087163e202605010042021777617726019369308.sst" compactIntoNextLevel: true destinationLevel: 2
2026-05-01 06:42:15:553 - Compaction started: 
140670589077056:Compacting sstable1/6a8e88ce-4077-4cf9-b08e-494b22137fbc202605010042021777617725984560306.sst sstable1/4917cf90-8de1-48a0-8731-f5a77087163e202605010042021777617726019369308.sst into:sstable2/6a8e88ce-4077-4cf9-b08e-494b22137fbc202605010042021777617735575448089.sst
2026-05-01 06:42:15:611 - Compaction completed: 
2903320:COMPACT_START sstable=1 input_files: "sstable1/6a8e88ce-4077-4cf9-b08e-494b22137fbc202605010042021777617726190849872.sst" input_files: "sstable1/4917cf90-8de1-48a0-8731-f5a77087163e202605010042021777617726223959188.sst" compactIntoNextLevel: true destinationLevel: 2
2026-05-01 06:42:15:655 - Compaction started: 
140670589077056:Compacting sstable1/6a8e88ce-4077-4cf9-b08e-494b22137fbc202605010042021777617726190849872.sst sstable1/4917cf90-8de1-48a0-8731-f5a77087163e202605010042021777617726223959188.sst into:sstable2/6a8e88ce-4077-4cf9-b08e-494b22137fbc202605010042021777617735683726926.sst
2026-05-01 06:42:15:727 - Compaction completed: 
2903320:COMPACT_START sstable=1 input_files: "sstable1/6a8e88ce-4077-4cf9-b08e-494b22137fbc202605010042021777617726395837877.sst" input_files: "sstable1/4917cf90-8de1-48a0-8731-f5a77087163e202605010042021777617726429744658.sst" compactIntoNextLevel: true destinationLevel: 2
2026-05-01 06:42:15:758 - Compaction started: 
140670589077056:Compacting sstable1/6a8e88ce-4077-4cf9-b08e-494b22137fbc202605010042021777617726395837877.sst sstable1/4917cf90-8de1-48a0-8731-f5a77087163e202605010042021777617726429744658.sst into:sstable2/6a8e88ce-4077-4cf9-b08e-494b22137fbc202605010042021777617735779761230.sst
2026-05-01 06:42:15:815 - Compaction completed: 
2903320:COMPACT_START sstable=1 input_files: "sstable1/6a8e88ce-4077-4cf9-b08e-494b22137fbc202605010042021777617726601058419.sst" input_files: "sstable1/4917cf90-8de1-48a0-8731-f5a77087163e202605010042021777617726634559800.sst" compactIntoNextLevel: true destinationLevel: 2
2026-05-01 06:42:15:861 - Compaction started: 
140670589077056:Compacting sstable1/6a8e88ce-4077-4cf9-b08e-494b22137fbc202605010042021777617726601058419.sst sstable1/4917cf90-8de1-48a0-8731-f5a77087163e202605010042021777617726634559800.sst into:sstable2/6a8e88ce-4077-4cf9-b08e-494b22137fbc202605010042021777617735882309194.sst
2026-05-01 06:42:15:917 - Compaction completed: 
2903320:COMPACT_START sstable=1 input_files: "sstable1/6a8e88ce-4077-4cf9-b08e-494b22137fbc202605010042021777617726805794212.sst" input_files: "sstable1/4917cf90-8de1-48a0-8731-f5a77087163e202605010042021777617726837981710.sst" compactIntoNextLevel: true destinationLevel: 2
2026-05-01 06:42:15:963 - Compaction started: 
140670589077056:Compacting sstable1/6a8e88ce-4077-4cf9-b08e-494b22137fbc202605010042021777617726805794212.sst sstable1/4917cf90-8de1-48a0-8731-f5a77087163e202605010042021777617726837981710.sst into:sstable2/6a8e88ce-4077-4cf9-b08e-494b22137fbc202605010042021777617735982843182.sst
2026-05-01 06:42:16:014 - Compaction completed: 
2903320:COMPACT_START sstable=1 input_files: "sstable1/6a8e88ce-4077-4cf9-b08e-494b22137fbc202605010042021777617727011417188.sst" input_files: "sstable1/4917cf90-8de1-48a0-8731-f5a77087163e202605010042021777617727043626306.sst" compactIntoNextLevel: true destinationLevel: 2
2026-05-01 06:42:16:066 - Compaction started: 
140670589077056:Compacting sstable1/6a8e88ce-4077-4cf9-b08e-494b22137fbc202605010042021777617727011417188.sst sstable1/4917cf90-8de1-48a0-8731-f5a77087163e202605010042021777617727043626306.sst into:sstable2/6a8e88ce-4077-4cf9-b08e-494b22137fbc202605010042021777617736087243890.sst
2026-05-01 06:42:16:121 - Compaction completed: 
2903320:COMPACT_START sstable=1 input_files: "sstable1/6a8e88ce-4077-4cf9-b08e-494b22137fbc202605010042021777617727215192801.sst" input_files: "sstable1/4917cf90-8de1-48a0-8731-f5a77087163e202605010042021777617727248000962.sst" compactIntoNextLevel: true destinationLevel: 2
2903320:COMPACT_ABORT input_files: "sstable1/6a8e88ce-4077-4cf9-b08e-494b22137fbc202605010042021777617727215192801.sst" input_files: "sstable1/4917cf90-8de1-48a0-8731-f5a77087163e202605010042021777617727248000962.sst" compactIntoNextLevel: true destinationLevel: 2
2903320:COMPACT_START sstable=1 input_files: "sstable1/6a8e88ce-4077-4cf9-b08e-494b22137fbc202605010042021777617727417838205.sst" input_files: "sstable1/4917cf90-8de1-48a0-8731-f5a77087163e202605010042021777617727451006411.sst" compactIntoNextLevel: true destinationLevel: 2
2026-05-01 06:42:16:270 - Compaction started: 
140670589077056:Compacting sstable1/6a8e88ce-4077-4cf9-b08e-494b22137fbc202605010042021777617727417838205.sst sstable1/4917cf90-8de1-48a0-8731-f5a77087163e202605010042021777617727451006411.sst into:sstable2/6a8e88ce-4077-4cf9-b08e-494b22137fbc202605010042021777617736292834485.sst
2026-05-01 06:42:16:329 - Compaction completed: 
2903320:COMPACT_START sstable=1 input_files: "sstable1/6a8e88ce-4077-4cf9-b08e-494b22137fbc202605010042021777617727620287993.sst" input_files: "sstable1/4917cf90-8de1-48a0-8731-f5a77087163e202605010042021777617727653681372.sst" compactIntoNextLevel: true destinationLevel: 2
2026-05-01 06:42:16:373 - Compaction started: 
140670589077056:Compacting sstable1/6a8e88ce-4077-4cf9-b08e-494b22137fbc202605010042021777617727620287993.sst sstable1/4917cf90-8de1-48a0-8731-f5a77087163e202605010042021777617727653681372.sst into:sstable2/6a8e88ce-4077-4cf9-b08e-494b22137fbc202605010042021777617736394047006.sst
2026-05-01 06:42:16:427 - Compaction completed: 
2903320:COMPACT_START sstable=1 input_files: "sstable1/6a8e88ce-4077-4cf9-b08e-494b22137fbc202605010042021777617727823850216.sst" input_files: "sstable1/4917cf90-8de1-48a0-8731-f5a77087163e202605010042021777617727857367968.sst" compactIntoNextLevel: true destinationLevel: 2
2026-05-01 06:42:16:476 - Compaction started: 
140670589077056:Compacting sstable1/6a8e88ce-4077-4cf9-b08e-494b22137fbc202605010042021777617727823850216.sst sstable1/4917cf90-8de1-48a0-8731-f5a77087163e202605010042021777617727857367968.sst into:sstable2/6a8e88ce-4077-4cf9-b08e-494b22137fbc202605010042021777617736497449251.sst
2026-05-01 06:42:16:532 - Compaction completed: 
2903320:COMPACT_START sstable=1 input_files: "sstable1/6a8e88ce-4077-4cf9-b08e-494b22137fbc202605010042021777617728026933752.sst" input_files: "sstable1/4917cf90-8de1-48a0-8731-f5a77087163e202605010042021777617728060639596.sst" compactIntoNextLevel: true destinationLevel: 2
2026-05-01 06:42:16:579 - Compaction started: 
140670589077056:Compacting sstable1/6a8e88ce-4077-4cf9-b08e-494b22137fbc202605010042021777617728026933752.sst sstable1/4917cf90-8de1-48a0-8731-f5a77087163e202605010042021777617728060639596.sst into:sstable2/6a8e88ce-4077-4cf9-b08e-494b22137fbc202605010042021777617736601304516.sst
2026-05-01 06:42:16:636 - Compaction completed: 
2903320:COMPACT_START sstable=1 input_files: "sstable1/6a8e88ce-4077-4cf9-b08e-494b22137fbc202605010042021777617728230089062.sst" input_files: "sstable1/4917cf90-8de1-48a0-8731-f5a77087163e202605010042021777617728263650496.sst" compactIntoNextLevel: true destinationLevel: 2
2026-05-01 06:42:16:682 - Compaction started: 
140670589077056:Compacting sstable1/6a8e88ce-4077-4cf9-b08e-494b22137fbc202605010042021777617728230089062.sst sstable1/4917cf90-8de1-48a0-8731-f5a77087163e202605010042021777617728263650496.sst into:sstable2/6a8e88ce-4077-4cf9-b08e-494b22137fbc202605010042021777617736701876716.sst
2026-05-01 06:42:16:733 - Compaction completed: 
2903320:COMPACT_START sstable=1 input_files: "sstable1/6a8e88ce-4077-4cf9-b08e-494b22137fbc202605010042021777617728432963335.sst" input_files: "sstable1/4917cf90-8de1-48a0-8731-f5a77087163e202605010042021777617728466616010.sst" compactIntoNextLevel: true destinationLevel: 2
2026-05-01 06:42:16:785 - Compaction started: 
140670589077056:Compacting sstable1/6a8e88ce-4077-4cf9-b08e-494b22137fbc202605010042021777617728432963335.sst sstable1/4917cf90-8de1-48a0-8731-f5a77087163e202605010042021777617728466616010.sst into:sstable2/6a8e88ce-4077-4cf9-b08e-494b22137fbc202605010042021777617736804943422.sst
2026-05-01 06:42:16:836 - Compaction completed: 
2903320:COMPACT_START sstable=1 input_files: "sstable1/4917cf90-8de1-48a0-8731-f5a77087163e202605010042021777617728669352114.sst" input_files: "sstable1/2ac9de89-8f70-4c33-ae0e-0d6ed38835f4202605010042021777617728684411855.sst" compactIntoNextLevel: true destinationLevel: 2
2026-05-01 06:42:16:889 - Compaction started: 
140670589077056:Compacting sstable1/4917cf90-8de1-48a0-8731-f5a77087163e202605010042021777617728669352114.sst sstable1/2ac9de89-8f70-4c33-ae0e-0d6ed38835f4202605010042021777617728684411855.sst into:sstable2/6a8e88ce-4077-4cf9-b08e-494b22137fbc202605010042021777617736907985513.sst
2026-05-01 06:42:16:938 - Compaction completed: 
2903320:COMPACT_START sstable=1 input_files: "sstable1/7fb26730-a7e9-4755-8070-cbd2658efca5202605010042021777617728829273459.sst" input_files: "sstable1/6a8e88ce-4077-4cf9-b08e-494b22137fbc202605010042021777617728840589632.sst" compactIntoNextLevel: true destinationLevel: 2
2026-05-01 06:42:16:991 - Compaction started: 
140670589077056:Compacting sstable1/7fb26730-a7e9-4755-8070-cbd2658efca5202605010042021777617728829273459.sst sstable1/6a8e88ce-4077-4cf9-b08e-494b22137fbc202605010042021777617728840589632.sst into:sstable2/6a8e88ce-4077-4cf9-b08e-494b22137fbc202605010042021777617737010521214.sst
2026-05-01 06:42:17:042 - Compaction completed: 
2903320:COMPACT_START sstable=1 input_files: "sstable1/7fb26730-a7e9-4755-8070-cbd2658efca5202605010042021777617729032417217.sst" input_files: "sstable1/6a8e88ce-4077-4cf9-b08e-494b22137fbc202605010042021777617729044212088.sst" compactIntoNextLevel: true destinationLevel: 2
2026-05-01 06:42:17:094 - Compaction started: 
140670589077056:Compacting sstable1/7fb26730-a7e9-4755-8070-cbd2658efca5202605010042021777617729032417217.sst sstable1/6a8e88ce-4077-4cf9-b08e-494b22137fbc202605010042021777617729044212088.sst into:sstable2/6a8e88ce-4077-4cf9-b08e-494b22137fbc202605010042021777617737116393479.sst
2026-05-01 06:42:17:148 - Compaction completed: 
2903320:COMPACT_START sstable=1 input_files: "sstable1/7fb26730-a7e9-4755-8070-cbd2658efca5202605010042021777617729235780638.sst" input_files: "sstable1/6a8e88ce-4077-4cf9-b08e-494b22137fbc202605010042021777617729247515817.sst" compactIntoNextLevel: true destinationLevel: 2
2026-05-01 06:42:17:196 - Compaction started: 
140670589077056:Compacting sstable1/7fb26730-a7e9-4755-8070-cbd2658efca5202605010042021777617729235780638.sst sstable1/6a8e88ce-4077-4cf9-b08e-494b22137fbc202605010042021777617729247515817.sst into:sstable2/6a8e88ce-4077-4cf9-b08e-494b22137fbc202605010042021777617737215409202.sst
2026-05-01 06:42:17:246 - Compaction completed: 
2903320:COMPACT_START sstable=1 input_files: "sstable1/7fb26730-a7e9-4755-8070-cbd2658efca5202605010042021777617729439152694.sst" input_files: "sstable1/6a8e88ce-4077-4cf9-b08e-494b22137fbc202605010042021777617729450561060.sst" compactIntoNextLevel: true destinationLevel: 2
2026-05-01 06:42:17:298 - Compaction started: 
140670589077056:Compacting sstable1/7fb26730-a7e9-4755-8070-cbd2658efca5202605010042021777617729439152694.sst sstable1/6a8e88ce-4077-4cf9-b08e-494b22137fbc202605010042021777617729450561060.sst into:sstable2/6a8e88ce-4077-4cf9-b08e-494b22137fbc202605010042021777617737318269962.sst
2026-05-01 06:42:17:347 - Compaction completed: 
2903320:COMPACT_START sstable=1 input_files: "sstable1/7fb26730-a7e9-4755-8070-cbd2658efca5202605010042021777617729643042482.sst" input_files: "sstable1/6a8e88ce-4077-4cf9-b08e-494b22137fbc202605010042021777617729654475183.sst" compactIntoNextLevel: true destinationLevel: 2
2026-05-01 06:42:17:400 - Compaction started: 
140670589077056:Compacting sstable1/7fb26730-a7e9-4755-8070-cbd2658efca5202605010042021777617729643042482.sst sstable1/6a8e88ce-4077-4cf9-b08e-494b22137fbc202605010042021777617729654475183.sst into:sstable2/6a8e88ce-4077-4cf9-b08e-494b22137fbc202605010042021777617737420082428.sst
2026-05-01 06:42:17:451 - Compaction completed: 
2903320:COMPACT_START sstable=1 input_files: "sstable1/7fb26730-a7e9-4755-8070-cbd2658efca5202605010042021777617729846636644.sst" input_files: "sstable1/6a8e88ce-4077-4cf9-b08e-494b22137fbc202605010042021777617729857921478.sst" compactIntoNextLevel: true destinationLevel: 2
2026-05-01 06:42:17:502 - Compaction started: 
140670589077056:Compacting sstable1/7fb26730-a7e9-4755-8070-cbd2658efca5202605010042021777617729846636644.sst sstable1/6a8e88ce-4077-4cf9-b08e-494b22137fbc202605010042021777617729857921478.sst into:sstable2/6a8e88ce-4077-4cf9-b08e-494b22137fbc202605010042021777617737521376932.sst
2026-05-01 06:42:17:552 - Compaction completed: 
2903320:COMPACT_START sstable=1 input_files: "sstable1/7fb26730-a7e9-4755-8070-cbd2658efca5202605010042021777617730049890749.sst" input_files: "sstable1/6a8e88ce-4077-4cf9-b08e-494b22137fbc202605010042021777617730060988694.sst" compactIntoNextLevel: true destinationLevel: 2
2026-05-01 06:42:17:604 - Compaction started: 
140670589077056:Compacting sstable1/7fb26730-a7e9-4755-8070-cbd2658efca5202605010042021777617730049890749.sst sstable1/6a8e88ce-4077-4cf9-b08e-494b22137fbc202605010042021777617730060988694.sst into:sstable2/6a8e88ce-4077-4cf9-b08e-494b22137fbc202605010042021777617737623853181.sst
2026-05-01 06:42:17:654 - Compaction completed: 
2903320:COMPACT_START sstable=1 input_files: "sstable1/4917cf90-8de1-48a0-8731-f5a77087163e202605010042021777617730194610298.sst" input_files: "sstable1/2ac9de89-8f70-4c33-ae0e-0d6ed38835f4202605010042021777617730209607110.sst" compactIntoNextLevel: true destinationLevel: 2
2026-05-01 06:42:17:706 - Compaction started: 
140670589077056:Compacting sstable1/4917cf90-8de1-48a0-8731-f5a77087163e202605010042021777617730194610298.sst sstable1/2ac9de89-8f70-4c33-ae0e-0d6ed38835f4202605010042021777617730209607110.sst into:sstable2/6a8e88ce-4077-4cf9-b08e-494b22137fbc202605010042021777617737725490478.sst
2026-05-01 06:42:17:757 - Compaction completed: 
2903320:COMPACT_START sstable=1 input_files: "sstable1/4917cf90-8de1-48a0-8731-f5a77087163e202605010042021777617730397836530.sst" input_files: "sstable1/2ac9de89-8f70-4c33-ae0e-0d6ed38835f4202605010042021777617730413052374.sst" compactIntoNextLevel: true destinationLevel: 2
2026-05-01 06:42:17:808 - Compaction started: 
140670589077056:Compacting sstable1/4917cf90-8de1-48a0-8731-f5a77087163e202605010042021777617730397836530.sst sstable1/2ac9de89-8f70-4c33-ae0e-0d6ed38835f4202605010042021777617730413052374.sst into:sstable2/6a8e88ce-4077-4cf9-b08e-494b22137fbc202605010042021777617737826887465.sst
2026-05-01 06:42:17:857 - Compaction completed: 
2903320:COMPACT_START sstable=1 input_files: "sstable1/2ac9de89-8f70-4c33-ae0e-0d6ed38835f4202605010042021777617730617205885.sst" input_files: "sstable1/7fb26730-a7e9-4755-8070-cbd2658efca5202605010042021777617730661557686.sst" compactIntoNextLevel: true destinationLevel: 2
2026-05-01 06:42:17:909 - Compaction started: 
140670589077056:Compacting sstable1/2ac9de89-8f70-4c33-ae0e-0d6ed38835f4202605010042021777617730617205885.sst sstable1/7fb26730-a7e9-4755-8070-cbd2658efca5202605010042021777617730661557686.sst into:sstable2/6a8e88ce-4077-4cf9-b08e-494b22137fbc202605010042021777617737927346192.sst
2026-05-01 06:42:17:956 - Compaction completed: 
2903320:COMPACT_START sstable=1 input_files: "sstable1/2ac9de89-8f70-4c33-ae0e-0d6ed38835f4202605010042021777617730822397763.sst" input_files: "sstable1/7fb26730-a7e9-4755-8070-cbd2658efca5202605010042021777617730866896439.sst" compactIntoNextLevel: true destinationLevel: 2
2026-05-01 06:42:18:011 - Compaction started: 
140670589077056:Compacting sstable1/2ac9de89-8f70-4c33-ae0e-0d6ed38835f4202605010042021777617730822397763.sst sstable1/7fb26730-a7e9-4755-8070-cbd2658efca5202605010042021777617730866896439.sst into:sstable2/6a8e88ce-4077-4cf9-b08e-494b22137fbc202605010042021777617738029739787.sst
2026-05-01 06:42:18:059 - Compaction completed: 
2903320:COMPACT_START sstable=1 input_files: "sstable1/2ac9de89-8f70-4c33-ae0e-0d6ed38835f4202605010042021777617731027650886.sst" input_files: "sstable1/7fb26730-a7e9-4755-8070-cbd2658efca5202605010042021777617731071587889.sst" compactIntoNextLevel: true destinationLevel: 2
2026-05-01 06:42:18:113 - Compaction started: 
140670589077056:Compacting sstable1/2ac9de89-8f70-4c33-ae0e-0d6ed38835f4202605010042021777617731027650886.sst sstable1/7fb26730-a7e9-4755-8070-cbd2658efca5202605010042021777617731071587889.sst into:sstable2/6a8e88ce-4077-4cf9-b08e-494b22137fbc202605010042021777617738131134158.sst
2026-05-01 06:42:18:159 - Compaction completed: 
2903320:COMPACT_START sstable=1 input_files: "sstable1/2ac9de89-8f70-4c33-ae0e-0d6ed38835f4202605010042021777617731232166867.sst" input_files: "sstable1/7fb26730-a7e9-4755-8070-cbd2658efca5202605010042021777617731276363006.sst" compactIntoNextLevel: true destinationLevel: 2
2026-05-01 06:42:18:215 - Compaction started: 
140670589077056:Compacting sstable1/2ac9de89-8f70-4c33-ae0e-0d6ed38835f4202605010042021777617731232166867.sst sstable1/7fb26730-a7e9-4755-8070-cbd2658efca5202605010042021777617731276363006.sst into:sstable2/6a8e88ce-4077-4cf9-b08e-494b22137fbc202605010042021777617738232321682.sst
2026-05-01 06:42:18:260 - Compaction completed: 
2903320:COMPACT_START sstable=1 input_files: "sstable1/2ac9de89-8f70-4c33-ae0e-0d6ed38835f4202605010042021777617731436263982.sst" input_files: "sstable1/7fb26730-a7e9-4755-8070-cbd2658efca5202605010042021777617731481002869.sst" compactIntoNextLevel: true destinationLevel: 2
2026-05-01 06:42:18:317 - Compaction started: 
140670589077056:Compacting sstable1/2ac9de89-8f70-4c33-ae0e-0d6ed38835f4202605010042021777617731436263982.sst sstable1/7fb26730-a7e9-4755-8070-cbd2658efca5202605010042021777617731481002869.sst into:sstable2/6a8e88ce-4077-4cf9-b08e-494b22137fbc202605010042021777617738336132182.sst
2026-05-01 06:42:18:367 - Compaction completed: 
2903320:COMPACT_START sstable=1 input_files: "sstable1/2ac9de89-8f70-4c33-ae0e-0d6ed38835f4202605010042021777617731641472371.sst" input_files: "sstable1/7fb26730-a7e9-4755-8070-cbd2658efca5202605010042021777617731686814048.sst" compactIntoNextLevel: true destinationLevel: 2
2026-05-01 06:42:18:418 - Compaction started: 
140670589077056:Compacting sstable1/2ac9de89-8f70-4c33-ae0e-0d6ed38835f4202605010042021777617731641472371.sst sstable1/7fb26730-a7e9-4755-8070-cbd2658efca5202605010042021777617731686814048.sst into:sstable2/6a8e88ce-4077-4cf9-b08e-494b22137fbc202605010042021777617738436990459.sst
2026-05-01 06:42:18:465 - Compaction completed: 
2903320:COMPACT_START sstable=1 input_files: "sstable1/7fb26730-a7e9-4755-8070-cbd2658efca5202605010042021777617731890548634.sst" input_files: "sstable1/6a8e88ce-4077-4cf9-b08e-494b22137fbc202605010042021777617731900127450.sst" compactIntoNextLevel: true destinationLevel: 2
2026-05-01 06:42:18:520 - Compaction started: 
140670589077056:Compacting sstable1/7fb26730-a7e9-4755-8070-cbd2658efca5202605010042021777617731890548634.sst sstable1/6a8e88ce-4077-4cf9-b08e-494b22137fbc202605010042021777617731900127450.sst into:sstable2/6a8e88ce-4077-4cf9-b08e-494b22137fbc202605010042021777617738539226188.sst
2026-05-01 06:42:18:569 - Compaction completed: 
2903320:COMPACT_START sstable=1 input_files: "sstable1/7fb26730-a7e9-4755-8070-cbd2658efca5202605010042021777617732093698023.sst" input_files: "sstable1/6a8e88ce-4077-4cf9-b08e-494b22137fbc202605010042021777617732102988508.sst" compactIntoNextLevel: true destinationLevel: 2
2026-05-01 06:42:18:622 - Compaction started: 
140670589077056:Compacting sstable1/7fb26730-a7e9-4755-8070-cbd2658efca5202605010042021777617732093698023.sst sstable1/6a8e88ce-4077-4cf9-b08e-494b22137fbc202605010042021777617732102988508.sst into:sstable2/6a8e88ce-4077-4cf9-b08e-494b22137fbc202605010042021777617738639519435.sst
2026-05-01 06:42:18:666 - Compaction completed: 
2903320:COMPACT_START sstable=1 input_files: "sstable1/7fb26730-a7e9-4755-8070-cbd2658efca5202605010042021777617732297405548.sst" input_files: "sstable1/6a8e88ce-4077-4cf9-b08e-494b22137fbc202605010042021777617732306160600.sst" compactIntoNextLevel: true destinationLevel: 2
2903320:COMPACT_ABORT input_files: "sstable1/7fb26730-a7e9-4755-8070-cbd2658efca5202605010042021777617732297405548.sst" input_files: "sstable1/6a8e88ce-4077-4cf9-b08e-494b22137fbc202605010042021777617732306160600.sst" compactIntoNextLevel: true destinationLevel: 2
2903320:COMPACT_START sstable=1 input_files: "sstable1/7fb26730-a7e9-4755-8070-cbd2658efca5202605010042021777617732500778156.sst" input_files: "sstable1/6a8e88ce-4077-4cf9-b08e-494b22137fbc202605010042021777617732509614941.sst" compactIntoNextLevel: true destinationLevel: 2
2026-05-01 06:42:18:825 - Compaction started: 
140670589077056:Compacting sstable1/7fb26730-a7e9-4755-8070-cbd2658efca5202605010042021777617732500778156.sst sstable1/6a8e88ce-4077-4cf9-b08e-494b22137fbc202605010042021777617732509614941.sst into:sstable2/6a8e88ce-4077-4cf9-b08e-494b22137fbc202605010042021777617738842240251.sst
2026-05-01 06:42:18:868 - Compaction completed: 
2903320:COMPACT_START sstable=1 input_files: "sstable1/7fb26730-a7e9-4755-8070-cbd2658efca5202605010042021777617732704215955.sst" input_files: "sstable1/6a8e88ce-4077-4cf9-b08e-494b22137fbc202605010042021777617732712308415.sst" compactIntoNextLevel: true destinationLevel: 2
2026-05-01 06:42:18:926 - Compaction started: 
140670589077056:Compacting sstable1/7fb26730-a7e9-4755-8070-cbd2658efca5202605010042021777617732704215955.sst sstable1/6a8e88ce-4077-4cf9-b08e-494b22137fbc202605010042021777617732712308415.sst into:sstable2/6a8e88ce-4077-4cf9-b08e-494b22137fbc202605010042021777617738943119867.sst
2026-05-01 06:42:18:969 - Compaction completed: 
2903320:COMPACT_START sstable=1 input_files: "sstable1/4917cf90-8de1-48a0-8731-f5a77087163e202605010042021777617732846116048.sst" input_files: "sstable1/2ac9de89-8f70-4c33-ae0e-0d6ed38835f4202605010042021777617732860354889.sst" compactIntoNextLevel: true destinationLevel: 2
2026-05-01 06:42:19:028 - Compaction started: 
140670589077056:Compacting sstable1/4917cf90-8de1-48a0-8731-f5a77087163e202605010042021777617732846116048.sst sstable1/2ac9de89-8f70-4c33-ae0e-0d6ed38835f4202605010042021777617732860354889.sst into:sstable2/6a8e88ce-4077-4cf9-b08e-494b22137fbc202605010042021777617739046048134.sst
2026-05-01 06:42:19:075 - Compaction completed: 
2903320:COMPACT_START sstable=1 input_files: "sstable1/4917cf90-8de1-48a0-8731-f5a77087163e202605010042021777617733049314809.sst" input_files: "sstable1/2ac9de89-8f70-4c33-ae0e-0d6ed38835f4202605010042021777617733063373183.sst" compactIntoNextLevel: true destinationLevel: 2
2026-05-01 06:42:19:130 - Compaction started: 
140670589077056:Compacting sstable1/4917cf90-8de1-48a0-8731-f5a77087163e202605010042021777617733049314809.sst sstable1/2ac9de89-8f70-4c33-ae0e-0d6ed38835f4202605010042021777617733063373183.sst into:sstable2/6a8e88ce-4077-4cf9-b08e-494b22137fbc202605010042021777617739147365852.sst
2026-05-01 06:42:19:175 - Compaction completed: 
2903320:Task input_files: "sstable1/6a8e88ce-4077-4cf9-b08e-494b22137fbc202605010042021777617727215192801.sst" input_files: "sstable1/4917cf90-8de1-48a0-8731-f5a77087163e202605010042021777617727248000962.sst" compactIntoNextLevel: true destinationLevel: 2 is dead (hb=30)
2903320:Found dead task input_files: "sstable1/6a8e88ce-4077-4cf9-b08e-494b22137fbc202605010042021777617727215192801.sst" input_files: "sstable1/4917cf90-8de1-48a0-8731-f5a77087163e202605010042021777617727248000962.sst" compactIntoNextLevel: true destinationLevel: 2
2903320:COMPACT_START sstable=1 input_files: "sstable1/6a8e88ce-4077-4cf9-b08e-494b22137fbc202605010042021777617727215192801.sst" input_files: "sstable1/4917cf90-8de1-48a0-8731-f5a77087163e202605010042021777617727248000962.sst" compactIntoNextLevel: true destinationLevel: 2
2026-05-01 06:42:19:231 - Compaction started: 
140670589077056:Compacting sstable1/6a8e88ce-4077-4cf9-b08e-494b22137fbc202605010042021777617727215192801.sst sstable1/4917cf90-8de1-48a0-8731-f5a77087163e202605010042021777617727248000962.sst into:sstable2/6a8e88ce-4077-4cf9-b08e-494b22137fbc202605010042021777617739252488182.sst
2026-05-01 06:42:19:286 - Compaction completed: 
2903320:COMPACT_START sstable=1 input_files: "sstable1/4917cf90-8de1-48a0-8731-f5a77087163e202605010042021777617733353586229.sst" input_files: "sstable1/2ac9de89-8f70-4c33-ae0e-0d6ed38835f4202605010042021777617733367544535.sst" compactIntoNextLevel: true destinationLevel: 2
2026-05-01 06:42:19:333 - Compaction started: 
140670589077056:Compacting sstable1/4917cf90-8de1-48a0-8731-f5a77087163e202605010042021777617733353586229.sst sstable1/2ac9de89-8f70-4c33-ae0e-0d6ed38835f4202605010042021777617733367544535.sst into:sstable2/6a8e88ce-4077-4cf9-b08e-494b22137fbc202605010042021777617739350216932.sst
2026-05-01 06:42:19:376 - Compaction completed: 
2903320:COMPACT_START sstable=1 input_files: "sstable1/4917cf90-8de1-48a0-8731-f5a77087163e202605010042021777617733556801462.sst" input_files: "sstable1/2ac9de89-8f70-4c33-ae0e-0d6ed38835f4202605010042021777617733570204247.sst" compactIntoNextLevel: true destinationLevel: 2
2026-05-01 06:42:19:435 - Compaction started: 
140670589077056:Compacting sstable1/4917cf90-8de1-48a0-8731-f5a77087163e202605010042021777617733556801462.sst sstable1/2ac9de89-8f70-4c33-ae0e-0d6ed38835f4202605010042021777617733570204247.sst into:sstable2/6a8e88ce-4077-4cf9-b08e-494b22137fbc202605010042021777617739452459583.sst
2026-05-01 06:42:19:480 - Compaction completed: 
2903320:COMPACT_START sstable=1 input_files: "sstable2/6a8e88ce-4077-4cf9-b08e-494b22137fbc202605010042021777617733950263216.sst" input_files: "sstable2/4917cf90-8de1-48a0-8731-f5a77087163e202605010042021777617733985197223.sst" compactIntoNextLevel: false destinationLevel: 2
2026-05-01 06:42:19:538 - Compaction started: 
140670589077056:Compacting sstable2/6a8e88ce-4077-4cf9-b08e-494b22137fbc202605010042021777617733950263216.sst sstable2/4917cf90-8de1-48a0-8731-f5a77087163e202605010042021777617733985197223.sst into:sstable2/0_6a8e88ce-4077-4cf9-b08e-494b22137fbc202605010042021777617739590650553.sst
2026-05-01 06:42:19:670 - Compaction completed: 
2903320:COMPACT_START sstable=1 input_files: "sstable2/0_6a8e88ce-4077-4cf9-b08e-494b22137fbc202605010042021777617739590650553.sst" input_files: "sstable2/0_2ac9de89-8f70-4c33-ae0e-0d6ed38835f4202605010042021777617739594460184.sst" compactIntoNextLevel: false destinationLevel: 2
2026-05-01 06:42:19:745 - Compaction started: 
140670589077056:Compacting sstable2/0_6a8e88ce-4077-4cf9-b08e-494b22137fbc202605010042021777617739590650553.sst sstable2/0_2ac9de89-8f70-4c33-ae0e-0d6ed38835f4202605010042021777617739594460184.sst into:sstable2/1_6a8e88ce-4077-4cf9-b08e-494b22137fbc202605010042021777617739859825732.sst
2026-05-01 06:42:20:015 - Compaction completed: 
2903320:COMPACT_START sstable=1 input_files: "sstable2/4917cf90-8de1-48a0-8731-f5a77087163e202605010042021777617734308250721.sst" input_files: "sstable2/2ac9de89-8f70-4c33-ae0e-0d6ed38835f4202605010042021777617734315568639.sst" compactIntoNextLevel: false destinationLevel: 2
2026-05-01 06:42:20:054 - Compaction started: 
140670589077056:Compacting sstable2/4917cf90-8de1-48a0-8731-f5a77087163e202605010042021777617734308250721.sst sstable2/2ac9de89-8f70-4c33-ae0e-0d6ed38835f4202605010042021777617734315568639.sst into:sstable2/0_6a8e88ce-4077-4cf9-b08e-494b22137fbc202605010042021777617740105877966.sst
2026-05-01 06:42:20:192 - Compaction completed: 
2903320:COMPACT_START sstable=1 input_files: "sstable2/7fb26730-a7e9-4755-8070-cbd2658efca5202605010042021777617734455591572.sst" input_files: "sstable2/4917cf90-8de1-48a0-8731-f5a77087163e202605010042021777617734519970456.sst" compactIntoNextLevel: false destinationLevel: 2
2026-05-01 06:42:20:262 - Compaction started: 
140670589077056:Compacting sstable2/7fb26730-a7e9-4755-8070-cbd2658efca5202605010042021777617734455591572.sst sstable2/4917cf90-8de1-48a0-8731-f5a77087163e202605010042021777617734519970456.sst into:sstable2/0_6a8e88ce-4077-4cf9-b08e-494b22137fbc202605010042021777617740310498984.sst
2026-05-01 06:42:20:388 - Compaction completed: 
2903320:COMPACT_START sstable=1 input_files: "sstable2/2ac9de89-8f70-4c33-ae0e-0d6ed38835f4202605010042021777617734629078698.sst" input_files: "sstable2/7fb26730-a7e9-4755-8070-cbd2658efca5202605010042021777617734661024673.sst" compactIntoNextLevel: false destinationLevel: 2
2026-05-01 06:42:20:473 - Compaction started: 
140670589077056:Compacting sstable2/2ac9de89-8f70-4c33-ae0e-0d6ed38835f4202605010042021777617734629078698.sst sstable2/7fb26730-a7e9-4755-8070-cbd2658efca5202605010042021777617734661024673.sst into:sstable2/0_6a8e88ce-4077-4cf9-b08e-494b22137fbc202605010042021777617740522956041.sst
2026-05-01 06:42:20:601 - Compaction completed: 
2903320:COMPACT_START sstable=1 input_files: "sstable2/6a8e88ce-4077-4cf9-b08e-494b22137fbc202605010042021777617734863942839.sst" input_files: "sstable2/7fb26730-a7e9-4755-8070-cbd2658efca5202605010042021777617734870105541.sst" compactIntoNextLevel: false destinationLevel: 2
2026-05-01 06:42:20:691 - Compaction started: 
140670589077056:Compacting sstable2/6a8e88ce-4077-4cf9-b08e-494b22137fbc202605010042021777617734863942839.sst sstable2/7fb26730-a7e9-4755-8070-cbd2658efca5202605010042021777617734870105541.sst into:sstable2/0_6a8e88ce-4077-4cf9-b08e-494b22137fbc202605010042021777617740736368639.sst
2026-05-01 06:42:20:811 - Compaction completed: 
2903320:COMPACT_START sstable=1 input_files: "sstable2/6a8e88ce-4077-4cf9-b08e-494b22137fbc202605010042021777617735066719659.sst" input_files: "sstable2/7fb26730-a7e9-4755-8070-cbd2658efca5202605010042021777617735073024678.sst" compactIntoNextLevel: false destinationLevel: 2
2026-05-01 06:42:20:913 - Compaction started: 
140670589077056:Compacting sstable2/6a8e88ce-4077-4cf9-b08e-494b22137fbc202605010042021777617735066719659.sst sstable2/7fb26730-a7e9-4755-8070-cbd2658efca5202605010042021777617735073024678.sst into:sstable2/0_6a8e88ce-4077-4cf9-b08e-494b22137fbc202605010042021777617740957582721.sst
2026-05-01 06:42:21:030 - Compaction completed: 
2903320:COMPACT_START sstable=1 input_files: "sstable2/6a8e88ce-4077-4cf9-b08e-494b22137fbc202605010042021777617735271974495.sst" input_files: "sstable2/7fb26730-a7e9-4755-8070-cbd2658efca5202605010042021777617735276880361.sst" compactIntoNextLevel: false destinationLevel: 2
2026-05-01 06:42:21:139 - Compaction started: 
140670589077056:Compacting sstable2/6a8e88ce-4077-4cf9-b08e-494b22137fbc202605010042021777617735271974495.sst sstable2/7fb26730-a7e9-4755-8070-cbd2658efca5202605010042021777617735276880361.sst into:sstable2/0_6a8e88ce-4077-4cf9-b08e-494b22137fbc202605010042021777617741187245161.sst
2026-05-01 06:42:21:264 - Compaction completed: 
2903320:Task input_files: "sstable1/6a8e88ce-4077-4cf9-b08e-494b22137fbc202605010042021777617731389365558.sst" input_files: "sstable1/4917cf90-8de1-48a0-8731-f5a77087163e202605010042021777617731421427049.sst" compactIntoNextLevel: true destinationLevel: 2 is dead (hb=30)
2903320:Found dead task input_files: "sstable1/6a8e88ce-4077-4cf9-b08e-494b22137fbc202605010042021777617731389365558.sst" input_files: "sstable1/4917cf90-8de1-48a0-8731-f5a77087163e202605010042021777617731421427049.sst" compactIntoNextLevel: true destinationLevel: 2
2903320:COMPACT_START sstable=1 input_files: "sstable1/6a8e88ce-4077-4cf9-b08e-494b22137fbc202605010042021777617731389365558.sst" input_files: "sstable1/4917cf90-8de1-48a0-8731-f5a77087163e202605010042021777617731421427049.sst" compactIntoNextLevel: true destinationLevel: 2
2026-05-01 06:42:21:342 - Compaction started: 
140670589077056:Compacting sstable1/6a8e88ce-4077-4cf9-b08e-494b22137fbc202605010042021777617731389365558.sst sstable1/4917cf90-8de1-48a0-8731-f5a77087163e202605010042021777617731421427049.sst into:sstable2/6a8e88ce-4077-4cf9-b08e-494b22137fbc202605010042021777617741360346944.sst
2026-05-01 06:42:21:387 - Compaction completed: 
2903320:COMPACT_START sstable=1 input_files: "sstable2/4917cf90-8de1-48a0-8731-f5a77087163e202605010042021777617735542454681.sst" input_files: "sstable2/2ac9de89-8f70-4c33-ae0e-0d6ed38835f4202605010042021777617735549889959.sst" compactIntoNextLevel: false destinationLevel: 2
2026-05-01 06:42:21:473 - Compaction started: 
140670589077056:Compacting sstable2/4917cf90-8de1-48a0-8731-f5a77087163e202605010042021777617735542454681.sst sstable2/2ac9de89-8f70-4c33-ae0e-0d6ed38835f4202605010042021777617735549889959.sst into:sstable2/0_6a8e88ce-4077-4cf9-b08e-494b22137fbc202605010042021777617741518022268.sst
2026-05-01 06:42:21:590 - Compaction completed: 
2903320:COMPACT_START sstable=1 input_files: "sstable2/4917cf90-8de1-48a0-8731-f5a77087163e202605010042021777617735755890402.sst" input_files: "sstable2/2ac9de89-8f70-4c33-ae0e-0d6ed38835f4202605010042021777617735756498673.sst" compactIntoNextLevel: false destinationLevel: 2
2026-05-01 06:42:21:708 - Compaction started: 
140670589077056:Compacting sstable2/4917cf90-8de1-48a0-8731-f5a77087163e202605010042021777617735755890402.sst sstable2/2ac9de89-8f70-4c33-ae0e-0d6ed38835f4202605010042021777617735756498673.sst into:sstable2/0_6a8e88ce-4077-4cf9-b08e-494b22137fbc202605010042021777617741754060099.sst
2026-05-01 06:42:21:825 - Compaction completed: 
2903320:COMPACT_START sstable=1 input_files: "sstable2/4917cf90-8de1-48a0-8731-f5a77087163e202605010042021777617735955748862.sst" input_files: "sstable2/2ac9de89-8f70-4c33-ae0e-0d6ed38835f4202605010042021777617735962734407.sst" compactIntoNextLevel: false destinationLevel: 2
2026-05-01 06:42:21:945 - Compaction started: 
140670589077056:Compacting sstable2/4917cf90-8de1-48a0-8731-f5a77087163e202605010042021777617735955748862.sst sstable2/2ac9de89-8f70-4c33-ae0e-0d6ed38835f4202605010042021777617735962734407.sst into:sstable2/0_6a8e88ce-4077-4cf9-b08e-494b22137fbc202605010042021777617741993871664.sst
2026-05-01 06:42:22:064 - Compaction completed: 
2903320:COMPACT_START sstable=1 input_files: "sstable2/6a8e88ce-4077-4cf9-b08e-494b22137fbc202605010042021777617736087243890.sst" input_files: "sstable2/7fb26730-a7e9-4755-8070-cbd2658efca5202605010042021777617736091387186.sst" compactIntoNextLevel: false destinationLevel: 2
2026-05-01 06:42:22:188 - Compaction started: 
140670589077056:Compacting sstable2/6a8e88ce-4077-4cf9-b08e-494b22137fbc202605010042021777617736087243890.sst sstable2/7fb26730-a7e9-4755-8070-cbd2658efca5202605010042021777617736091387186.sst into:sstable2/0_6a8e88ce-4077-4cf9-b08e-494b22137fbc202605010042021777617742232303543.sst
2026-05-01 06:42:22:302 - Compaction completed: 
2903320:COMPACT_START sstable=1 input_files: "sstable2/6a8e88ce-4077-4cf9-b08e-494b22137fbc202605010042021777617736292834485.sst" input_files: "sstable2/7fb26730-a7e9-4755-8070-cbd2658efca5202605010042021777617736295641688.sst" compactIntoNextLevel: false destinationLevel: 2
2026-05-01 06:42:22:435 - Compaction started: 
140670589077056:Compacting sstable2/6a8e88ce-4077-4cf9-b08e-494b22137fbc202605010042021777617736292834485.sst sstable2/7fb26730-a7e9-4755-8070-cbd2658efca5202605010042021777617736295641688.sst into:sstable2/0_6a8e88ce-4077-4cf9-b08e-494b22137fbc202605010042021777617742478847608.sst
2026-05-01 06:42:22:546 - Compaction completed: 
2903320:COMPACT_START sstable=1 input_files: "sstable2/6a8e88ce-4077-4cf9-b08e-494b22137fbc202605010042021777617736497449251.sst" input_files: "sstable2/7fb26730-a7e9-4755-8070-cbd2658efca5202605010042021777617736503490736.sst" compactIntoNextLevel: false destinationLevel: 2
2026-05-01 06:42:22:684 - Compaction started: 
140670589077056:Compacting sstable2/6a8e88ce-4077-4cf9-b08e-494b22137fbc202605010042021777617736497449251.sst sstable2/7fb26730-a7e9-4755-8070-cbd2658efca5202605010042021777617736503490736.sst into:sstable2/0_6a8e88ce-4077-4cf9-b08e-494b22137fbc202605010042021777617742728196211.sst
2026-05-01 06:42:22:797 - Compaction completed: 
2903320:COMPACT_START sstable=1 input_files: "sstable2/6a8e88ce-4077-4cf9-b08e-494b22137fbc202605010042021777617736701876716.sst" input_files: "sstable2/7fb26730-a7e9-4755-8070-cbd2658efca5202605010042021777617736706950587.sst" compactIntoNextLevel: false destinationLevel: 2
2026-05-01 06:42:22:939 - Compaction started: 
140670589077056:Compacting sstable2/6a8e88ce-4077-4cf9-b08e-494b22137fbc202605010042021777617736701876716.sst sstable2/7fb26730-a7e9-4755-8070-cbd2658efca5202605010042021777617736706950587.sst into:sstable2/0_6a8e88ce-4077-4cf9-b08e-494b22137fbc202605010042021777617742978365333.sst
2026-05-01 06:42:23:040 - Compaction completed: 
2903320:COMPACT_START sstable=1 input_files: "sstable2/6a8e88ce-4077-4cf9-b08e-494b22137fbc202605010042021777617736907985513.sst" input_files: "sstable2/7fb26730-a7e9-4755-8070-cbd2658efca5202605010042021777617736912080459.sst" compactIntoNextLevel: false destinationLevel: 2
2026-05-01 06:42:23:097 - Compaction started: 
140670589077056:Compacting sstable2/6a8e88ce-4077-4cf9-b08e-494b22137fbc202605010042021777617736907985513.sst sstable2/7fb26730-a7e9-4755-8070-cbd2658efca5202605010042021777617736912080459.sst into:sstable2/0_6a8e88ce-4077-4cf9-b08e-494b22137fbc202605010042021777617743137381831.sst
2026-05-01 06:42:23:201 - Compaction completed: 
2903320:COMPACT_START sstable=1 input_files: "sstable2/2ac9de89-8f70-4c33-ae0e-0d6ed38835f4202605010042021777617736996819689.sst" input_files: "sstable2/6a8e88ce-4077-4cf9-b08e-494b22137fbc202605010042021777617737010521214.sst" compactIntoNextLevel: false destinationLevel: 2
2026-05-01 06:42:23:259 - Compaction started: 
140670589077056:Compacting sstable2/2ac9de89-8f70-4c33-ae0e-0d6ed38835f4202605010042021777617736996819689.sst sstable2/6a8e88ce-4077-4cf9-b08e-494b22137fbc202605010042021777617737010521214.sst into:sstable2/0_6a8e88ce-4077-4cf9-b08e-494b22137fbc202605010042021777617743299410586.sst
2026-05-01 06:42:23:363 - Compaction completed: 
2903320:COMPACT_START sstable=1 input_files: "sstable2/7fb26730-a7e9-4755-8070-cbd2658efca5202605010042021777617737116358313.sst" input_files: "sstable2/4917cf90-8de1-48a0-8731-f5a77087163e202605010042021777617737185500325.sst" compactIntoNextLevel: false destinationLevel: 2
2026-05-01 06:42:23:424 - Compaction started: 
140670589077056:Compacting sstable2/7fb26730-a7e9-4755-8070-cbd2658efca5202605010042021777617737116358313.sst sstable2/4917cf90-8de1-48a0-8731-f5a77087163e202605010042021777617737185500325.sst into:sstable2/0_6a8e88ce-4077-4cf9-b08e-494b22137fbc202605010042021777617743463666637.sst
2026-05-01 06:42:23:533 - Compaction completed: 
2903320:COMPACT_START sstable=1 input_files: "sstable2/0_2ac9de89-8f70-4c33-ae0e-0d6ed38835f4202605010042021777617743500497109.sst" input_files: "sstable2/0_7fb26730-a7e9-4755-8070-cbd2658efca5202605010042021777617743525819577.sst" compactIntoNextLevel: false destinationLevel: 2
2026-05-01 06:42:23:731 - Compaction started: 
140670589077056:Compacting sstable2/0_2ac9de89-8f70-4c33-ae0e-0d6ed38835f4202605010042021777617743500497109.sst sstable2/0_7fb26730-a7e9-4755-8070-cbd2658efca5202605010042021777617743525819577.sst into:sstable2/1_6a8e88ce-4077-4cf9-b08e-494b22137fbc202605010042021777617743825600439.sst
2026-05-01 06:42:23:991 - Compaction completed: 
2903320:COMPACT_START sstable=1 input_files: "sstable2/7fb26730-a7e9-4755-8070-cbd2658efca5202605010042021777617734661024673.sst" input_files: "sstable2/4917cf90-8de1-48a0-8731-f5a77087163e202605010042021777617734732235623.sst" compactIntoNextLevel: false destinationLevel: 2
2026-05-01 06:42:24:132 - Compaction started: 
140670589077056:Compacting sstable2/7fb26730-a7e9-4755-8070-cbd2658efca5202605010042021777617734661024673.sst sstable2/4917cf90-8de1-48a0-8731-f5a77087163e202605010042021777617734732235623.sst into:sstable2/0_6a8e88ce-4077-4cf9-b08e-494b22137fbc202605010042021777617744197043658.sst
2026-05-01 06:42:24:284 - Compaction completed: 
2903320:COMPACT_START sstable=1 input_files: "sstable2/2ac9de89-8f70-4c33-ae0e-0d6ed38835f4202605010042021777617734837761059.sst" input_files: "sstable2/6a8e88ce-4077-4cf9-b08e-494b22137fbc202605010042021777617734863942839.sst" compactIntoNextLevel: false destinationLevel: 2
2026-05-01 06:42:24:413 - Compaction started: 
140670589077056:Compacting sstable2/2ac9de89-8f70-4c33-ae0e-0d6ed38835f4202605010042021777617734837761059.sst sstable2/6a8e88ce-4077-4cf9-b08e-494b22137fbc202605010042021777617734863942839.sst into:sstable2/0_6a8e88ce-4077-4cf9-b08e-494b22137fbc202605010042021777617744461421033.sst
2026-05-01 06:42:24:539 - Compaction completed: 
2903320:COMPACT_START sstable=1 input_files: "sstable2/0_6a8e88ce-4077-4cf9-b08e-494b22137fbc202605010042021777617744197043658.sst" input_files: "sstable2/0_4917cf90-8de1-48a0-8731-f5a77087163e202605010042021777617744194800042.sst" compactIntoNextLevel: false destinationLevel: 2
2026-05-01 06:42:24:805 - Compaction started: 
140670589077056:Compacting sstable2/0_6a8e88ce-4077-4cf9-b08e-494b22137fbc202605010042021777617744197043658.sst sstable2/0_4917cf90-8de1-48a0-8731-f5a77087163e202605010042021777617744194800042.sst into:sstable2/1_6a8e88ce-4077-4cf9-b08e-494b22137fbc202605010042021777617744901827018.sst
2026-05-01 06:42:25:065 - Compaction completed: 
2903320:COMPACT_START sstable=1 input_files: "sstable2/7fb26730-a7e9-4755-8070-cbd2658efca5202605010042021777617734972998812.sst" input_files: "sstable2/4917cf90-8de1-48a0-8731-f5a77087163e202605010042021777617735035300772.sst" compactIntoNextLevel: false destinationLevel: 2
2026-05-01 06:42:25:152 - Compaction started: 
140670589077056:Compacting sstable2/7fb26730-a7e9-4755-8070-cbd2658efca5202605010042021777617734972998812.sst sstable2/4917cf90-8de1-48a0-8731-f5a77087163e202605010042021777617735035300772.sst into:sstable2/0_6a8e88ce-4077-4cf9-b08e-494b22137fbc202605010042021777617745202993067.sst
2026-05-01 06:42:25:283 - Compaction completed: 
2903320:COMPACT_START sstable=1 input_files: "sstable2/7fb26730-a7e9-4755-8070-cbd2658efca5202605010042021777617735073024678.sst" input_files: "sstable2/4917cf90-8de1-48a0-8731-f5a77087163e202605010042021777617735137950827.sst" compactIntoNextLevel: false destinationLevel: 2
2026-05-01 06:42:25:461 - Compaction started: 
140670589077056:Compacting sstable2/7fb26730-a7e9-4755-8070-cbd2658efca5202605010042021777617735073024678.sst sstable2/4917cf90-8de1-48a0-8731-f5a77087163e202605010042021777617735137950827.sst into:sstable2/0_6a8e88ce-4077-4cf9-b08e-494b22137fbc202605010042021777617745510112095.sst
2026-05-01 06:42:25:587 - Compaction completed: 
2903320:COMPACT_START sstable=1 input_files: "sstable2/2ac9de89-8f70-4c33-ae0e-0d6ed38835f4202605010042021777617735144653252.sst" input_files: "sstable2/6a8e88ce-4077-4cf9-b08e-494b22137fbc202605010042021777617735170708634.sst" compactIntoNextLevel: false destinationLevel: 2
2026-05-01 06:42:25:777 - Compaction started: 
140670589077056:Compacting sstable2/2ac9de89-8f70-4c33-ae0e-0d6ed38835f4202605010042021777617735144653252.sst sstable2/6a8e88ce-4077-4cf9-b08e-494b22137fbc202605010042021777617735170708634.sst into:sstable2/0_6a8e88ce-4077-4cf9-b08e-494b22137fbc202605010042021777617745829770779.sst
2026-05-01 06:42:25:910 - Compaction completed: 
2903320:COMPACT_START sstable=1 input_files: "sstable2/7fb26730-a7e9-4755-8070-cbd2658efca5202605010042021777617735175340307.sst" input_files: "sstable2/4917cf90-8de1-48a0-8731-f5a77087163e202605010042021777617735239442811.sst" compactIntoNextLevel: false destinationLevel: 2
2026-05-01 06:42:26:032 - Compaction started: 
140670589077056:Compacting sstable2/7fb26730-a7e9-4755-8070-cbd2658efca5202605010042021777617735175340307.sst sstable2/4917cf90-8de1-48a0-8731-f5a77087163e202605010042021777617735239442811.sst into:sstable2/0_6a8e88ce-4077-4cf9-b08e-494b22137fbc202605010042021777617746083278549.sst
2026-05-01 06:42:26:163 - Compaction completed: 
2903320:COMPACT_START sstable=1 input_files: "sstable2/0_6a8e88ce-4077-4cf9-b08e-494b22137fbc202605010042021777617745510112095.sst" input_files: "sstable2/0_6a8e88ce-4077-4cf9-b08e-494b22137fbc202605010042021777617745829770779.sst" compactIntoNextLevel: false destinationLevel: 2
2026-05-01 06:42:26:369 - Compaction started: 
140670589077056:Compacting sstable2/0_6a8e88ce-4077-4cf9-b08e-494b22137fbc202605010042021777617745510112095.sst sstable2/0_6a8e88ce-4077-4cf9-b08e-494b22137fbc202605010042021777617745829770779.sst into:sstable2/1_6a8e88ce-4077-4cf9-b08e-494b22137fbc202605010042021777617746459771393.sst
2026-05-01 06:42:26:619 - Compaction completed: 
2903320:COMPACT_START sstable=1 input_files: "sstable2/7fb26730-a7e9-4755-8070-cbd2658efca5202605010042021777617735276880361.sst" input_files: "sstable2/4917cf90-8de1-48a0-8731-f5a77087163e202605010042021777617735340997855.sst" compactIntoNextLevel: false destinationLevel: 2
2026-05-01 06:42:26:789 - Compaction started: 
140670589077056:Compacting sstable2/7fb26730-a7e9-4755-8070-cbd2658efca5202605010042021777617735276880361.sst sstable2/4917cf90-8de1-48a0-8731-f5a77087163e202605010042021777617735340997855.sst into:sstable2/0_6a8e88ce-4077-4cf9-b08e-494b22137fbc202605010042021777617746843724563.sst
2026-05-01 06:42:26:935 - Compaction completed: 
2903320:COMPACT_START sstable=1 input_files: "sstable2/7fb26730-a7e9-4755-8070-cbd2658efca5202605010042021777617735378480569.sst" input_files: "sstable2/4917cf90-8de1-48a0-8731-f5a77087163e202605010042021777617735441944978.sst" compactIntoNextLevel: false destinationLevel: 2
2026-05-01 06:42:27:027 - Compaction started: 
140670589077056:Compacting sstable2/7fb26730-a7e9-4755-8070-cbd2658efca5202605010042021777617735378480569.sst sstable2/4917cf90-8de1-48a0-8731-f5a77087163e202605010042021777617735441944978.sst into:sstable2/0_6a8e88ce-4077-4cf9-b08e-494b22137fbc202605010042021777617747088491858.sst
2026-05-01 06:42:27:178 - Compaction completed: 
2903320:COMPACT_START sstable=1 input_files: "sstable2/7fb26730-a7e9-4755-8070-cbd2658efca5202605010042021777617735478557921.sst" input_files: "sstable2/4917cf90-8de1-48a0-8731-f5a77087163e202605010042021777617735542454681.sst" compactIntoNextLevel: false destinationLevel: 2
2026-05-01 06:42:27:276 - Compaction started: 
140670589077056:Compacting sstable2/7fb26730-a7e9-4755-8070-cbd2658efca5202605010042021777617735478557921.sst sstable2/4917cf90-8de1-48a0-8731-f5a77087163e202605010042021777617735542454681.sst into:sstable2/0_6a8e88ce-4077-4cf9-b08e-494b22137fbc202605010042021777617747330930046.sst
2026-05-01 06:42:27:412 - Compaction completed: 
2903320:COMPACT_START sstable=1 input_files: "sstable2/2_2ac9de89-8f70-4c33-ae0e-0d6ed38835f4202605010042021777617746519648487.sst" input_files: "sstable2/2_7fb26730-a7e9-4755-8070-cbd2658efca5202605010042021777617747040780800.sst" compactIntoNextLevel: false destinationLevel: 2
2026-05-01 06:42:27:620 - Compaction started: 
140670589077056:Compacting sstable2/2_2ac9de89-8f70-4c33-ae0e-0d6ed38835f4202605010042021777617746519648487.sst sstable2/2_7fb26730-a7e9-4755-8070-cbd2658efca5202605010042021777617747040780800.sst into:sstable2/3_6a8e88ce-4077-4cf9-b08e-494b22137fbc202605010042021777617748150018831.sst
2026-05-01 06:42:28:766 - Compaction completed: 
2903320:COMPACT_START sstable=1 input_files: "sstable2/7fb26730-a7e9-4755-8070-cbd2658efca5202605010042021777617735888040397.sst" input_files: "sstable2/4917cf90-8de1-48a0-8731-f5a77087163e202605010042021777617735955748862.sst" compactIntoNextLevel: false destinationLevel: 2
2026-05-01 06:42:28:839 - Compaction started: 
140670589077056:Compacting sstable2/7fb26730-a7e9-4755-8070-cbd2658efca5202605010042021777617735888040397.sst sstable2/4917cf90-8de1-48a0-8731-f5a77087163e202605010042021777617735955748862.sst into:sstable2/0_6a8e88ce-4077-4cf9-b08e-494b22137fbc202605010042021777617748906403952.sst
2026-05-01 06:42:28:984 - Compaction completed: 
2903320:COMPACT_START sstable=1 input_files: "sstable2/0_7fb26730-a7e9-4755-8070-cbd2658efca5202605010042021777617748441596114.sst" input_files: "sstable2/0_4917cf90-8de1-48a0-8731-f5a77087163e202605010042021777617748768663367.sst" compactIntoNextLevel: false destinationLevel: 2
2026-05-01 06:42:29:097 - Compaction started: 
140670589077056:Compacting sstable2/0_7fb26730-a7e9-4755-8070-cbd2658efca5202605010042021777617748441596114.sst sstable2/0_4917cf90-8de1-48a0-8731-f5a77087163e202605010042021777617748768663367.sst into:sstable2/1_6a8e88ce-4077-4cf9-b08e-494b22137fbc202605010042021777617749201545768.sst
2026-05-01 06:42:29:353 - Compaction completed: 
2903320:COMPACT_START sstable=1 input_files: "sstable2/0_6a8e88ce-4077-4cf9-b08e-494b22137fbc202605010042021777617748906403952.sst" input_files: "sstable2/0_7fb26730-a7e9-4755-8070-cbd2658efca5202605010042021777617748951107051.sst" compactIntoNextLevel: false destinationLevel: 2
2026-05-01 06:42:29:570 - Compaction started: 
140670589077056:Compacting sstable2/0_6a8e88ce-4077-4cf9-b08e-494b22137fbc202605010042021777617748906403952.sst sstable2/0_7fb26730-a7e9-4755-8070-cbd2658efca5202605010042021777617748951107051.sst into:sstable2/1_6a8e88ce-4077-4cf9-b08e-494b22137fbc202605010042021777617749662600931.sst
2026-05-01 06:42:29:809 - Compaction completed: 
2903320:COMPACT_START sstable=1 input_files: "sstable2/7fb26730-a7e9-4755-8070-cbd2658efca5202605010042021777617736195339353.sst" input_files: "sstable2/4917cf90-8de1-48a0-8731-f5a77087163e202605010042021777617736261929371.sst" compactIntoNextLevel: false destinationLevel: 2
2026-05-01 06:42:29:945 - Compaction started: 
140670589077056:Compacting sstable2/7fb26730-a7e9-4755-8070-cbd2658efca5202605010042021777617736195339353.sst sstable2/4917cf90-8de1-48a0-8731-f5a77087163e202605010042021777617736261929371.sst into:sstable2/0_6a8e88ce-4077-4cf9-b08e-494b22137fbc202605010042021777617749999100445.sst
2026-05-01 06:42:30:083 - Compaction completed: 
2903320:COMPACT_START sstable=1 input_files: "sstable2/2ac9de89-8f70-4c33-ae0e-0d6ed38835f4202605010042021777617736271880866.sst" input_files: "sstable2/6a8e88ce-4077-4cf9-b08e-494b22137fbc202605010042021777617736292834485.sst" compactIntoNextLevel: false destinationLevel: 2
2026-05-01 06:42:30:198 - Compaction started: 
140670589077056:Compacting sstable2/2ac9de89-8f70-4c33-ae0e-0d6ed38835f4202605010042021777617736271880866.sst sstable2/6a8e88ce-4077-4cf9-b08e-494b22137fbc202605010042021777617736292834485.sst into:sstable2/0_6a8e88ce-4077-4cf9-b08e-494b22137fbc202605010042021777617750247805040.sst
2026-05-01 06:42:30:323 - Compaction completed: 
2903320:COMPACT_START sstable=1 input_files: "sstable2/7fb26730-a7e9-4755-8070-cbd2658efca5202605010042021777617736503490736.sst" input_files: "sstable2/4917cf90-8de1-48a0-8731-f5a77087163e202605010042021777617736569806911.sst" compactIntoNextLevel: false destinationLevel: 2
2026-05-01 06:42:30:543 - Compaction started: 
140670589077056:Compacting sstable2/7fb26730-a7e9-4755-8070-cbd2658efca5202605010042021777617736503490736.sst sstable2/4917cf90-8de1-48a0-8731-f5a77087163e202605010042021777617736569806911.sst into:sstable2/0_6a8e88ce-4077-4cf9-b08e-494b22137fbc202605010042021777617750591413200.sst
2026-05-01 06:42:30:665 - Compaction completed: 
2903320:COMPACT_START sstable=1 input_files: "sstable2/7fb26730-a7e9-4755-8070-cbd2658efca5202605010042021777617736706950587.sst" input_files: "sstable2/4917cf90-8de1-48a0-8731-f5a77087163e202605010042021777617736772825064.sst" compactIntoNextLevel: false destinationLevel: 2
2026-05-01 06:42:30:771 - Compaction started: 
140670589077056:Compacting sstable2/7fb26730-a7e9-4755-8070-cbd2658efca5202605010042021777617736706950587.sst sstable2/4917cf90-8de1-48a0-8731-f5a77087163e202605010042021777617736772825064.sst into:sstable2/0_6a8e88ce-4077-4cf9-b08e-494b22137fbc202605010042021777617750814424842.sst
2026-05-01 06:42:30:882 - Compaction completed: 
2903320:COMPACT_START sstable=1 input_files: "sstable2/7fb26730-a7e9-4755-8070-cbd2658efca5202605010042021777617736912080459.sst" input_files: "sstable2/2ac9de89-8f70-4c33-ae0e-0d6ed38835f4202605010042021777617736996819689.sst" compactIntoNextLevel: false destinationLevel: 2
2026-05-01 06:42:31:004 - Compaction started: 
140670589077056:Compacting sstable2/7fb26730-a7e9-4755-8070-cbd2658efca5202605010042021777617736912080459.sst sstable2/2ac9de89-8f70-4c33-ae0e-0d6ed38835f4202605010042021777617736996819689.sst into:sstable2/0_6a8e88ce-4077-4cf9-b08e-494b22137fbc202605010042021777617751049373221.sst
2026-05-01 06:42:31:119 - Compaction completed: 
2903320:COMPACT_START sstable=1 input_files: "sstable2/4917cf90-8de1-48a0-8731-f5a77087163e202605010042021777617737185500325.sst" input_files: "sstable2/2ac9de89-8f70-4c33-ae0e-0d6ed38835f4202605010042021777617737203894907.sst" compactIntoNextLevel: false destinationLevel: 2
2026-05-01 06:42:31:242 - Compaction started: 
140670589077056:Compacting sstable2/4917cf90-8de1-48a0-8731-f5a77087163e202605010042021777617737185500325.sst sstable2/2ac9de89-8f70-4c33-ae0e-0d6ed38835f4202605010042021777617737203894907.sst into:sstable2/0_6a8e88ce-4077-4cf9-b08e-494b22137fbc202605010042021777617751286073042.sst
2026-05-01 06:42:31:354 - Compaction completed: 
2903320:COMPACT_START sstable=1 input_files: "sstable2/4917cf90-8de1-48a0-8731-f5a77087163e202605010042021777617737389094308.sst" input_files: "sstable2/2ac9de89-8f70-4c33-ae0e-0d6ed38835f4202605010042021777617737409332676.sst" compactIntoNextLevel: false destinationLevel: 2
2026-05-01 06:42:31:487 - Compaction started: 
140670589077056:Compacting sstable2/4917cf90-8de1-48a0-8731-f5a77087163e202605010042021777617737389094308.sst sstable2/2ac9de89-8f70-4c33-ae0e-0d6ed38835f4202605010042021777617737409332676.sst into:sstable2/0_6a8e88ce-4077-4cf9-b08e-494b22137fbc202605010042021777617751531487741.sst
2026-05-01 06:42:31:600 - Compaction completed: 
2903320:COMPACT_START sstable=1 input_files: "sstable2/4917cf90-8de1-48a0-8731-f5a77087163e202605010042021777617737593016335.sst" input_files: "sstable2/2ac9de89-8f70-4c33-ae0e-0d6ed38835f4202605010042021777617737615123407.sst" compactIntoNextLevel: false destinationLevel: 2
2026-05-01 06:42:31:737 - Compaction started: 
140670589077056:Compacting sstable2/4917cf90-8de1-48a0-8731-f5a77087163e202605010042021777617737593016335.sst sstable2/2ac9de89-8f70-4c33-ae0e-0d6ed38835f4202605010042021777617737615123407.sst into:sstable2/0_6a8e88ce-4077-4cf9-b08e-494b22137fbc202605010042021777617751781817263.sst
2026-05-01 06:42:31:851 - Compaction completed: 
2903320:COMPACT_START sstable=1 input_files: "sstable2/2ac9de89-8f70-4c33-ae0e-0d6ed38835f4202605010042021777617737819628507.sst" input_files: "sstable2/6a8e88ce-4077-4cf9-b08e-494b22137fbc202605010042021777617737826887465.sst" compactIntoNextLevel: false destinationLevel: 2
2026-05-01 06:42:31:991 - Compaction started: 
140670589077056:Compacting sstable2/2ac9de89-8f70-4c33-ae0e-0d6ed38835f4202605010042021777617737819628507.sst sstable2/6a8e88ce-4077-4cf9-b08e-494b22137fbc202605010042021777617737826887465.sst into:sstable2/0_6a8e88ce-4077-4cf9-b08e-494b22137fbc202605010042021777617752034750926.sst
2026-05-01 06:42:32:101 - Compaction completed: 
2026-05-01 06:42:32:198 30 sec: 96506 operations; 3216.87 current ops/sec; est completion in 3 days 14 hours [READ: Count=96519, Max=1727487, Min=32, Avg=308.19, 90=365, 99=438, 99.9=5151, 99.99=237695] 
2903320:COMPACT_START sstable=1 input_files: "sstable2/2ac9de89-8f70-4c33-ae0e-0d6ed38835f4202605010042021777617738024454118.sst" input_files: "sstable2/6a8e88ce-4077-4cf9-b08e-494b22137fbc202605010042021777617738029739787.sst" compactIntoNextLevel: false destinationLevel: 2
2026-05-01 06:42:32:256 - Compaction started: 
140670589077056:Compacting sstable2/2ac9de89-8f70-4c33-ae0e-0d6ed38835f4202605010042021777617738024454118.sst sstable2/6a8e88ce-4077-4cf9-b08e-494b22137fbc202605010042021777617738029739787.sst into:sstable2/0_6a8e88ce-4077-4cf9-b08e-494b22137fbc202605010042021777617752299156464.sst
2026-05-01 06:42:32:367 - Compaction completed: 
2903320:COMPACT_START sstable=1 input_files: "sstable2/2ac9de89-8f70-4c33-ae0e-0d6ed38835f4202605010042021777617738228385203.sst" input_files: "sstable2/6a8e88ce-4077-4cf9-b08e-494b22137fbc202605010042021777617738232321682.sst" compactIntoNextLevel: false destinationLevel: 2
2026-05-01 06:42:32:521 - Compaction started: 
140670589077056:Compacting sstable2/2ac9de89-8f70-4c33-ae0e-0d6ed38835f4202605010042021777617738228385203.sst sstable2/6a8e88ce-4077-4cf9-b08e-494b22137fbc202605010042021777617738232321682.sst into:sstable2/0_6a8e88ce-4077-4cf9-b08e-494b22137fbc202605010042021777617752560809703.sst
2026-05-01 06:42:32:623 - Compaction completed: 
2903320:COMPACT_START sstable=1 input_files: "sstable2/7fb26730-a7e9-4755-8070-cbd2658efca5202605010042021777617738336231078.sst" input_files: "sstable2/4917cf90-8de1-48a0-8731-f5a77087163e202605010042021777617738406721097.sst" compactIntoNextLevel: false destinationLevel: 2
2026-05-01 06:42:32:693 - Compaction started: 
140670589077056:Compacting sstable2/7fb26730-a7e9-4755-8070-cbd2658efca5202605010042021777617738336231078.sst sstable2/4917cf90-8de1-48a0-8731-f5a77087163e202605010042021777617738406721097.sst into:sstable2/0_6a8e88ce-4077-4cf9-b08e-494b22137fbc202605010042021777617752734468730.sst
2026-05-01 06:42:32:797 - Compaction completed: 
2903320:COMPACT_START sstable=1 input_files: "sstable2/6a8e88ce-4077-4cf9-b08e-494b22137fbc202605010042021777617738539226188.sst" input_files: "sstable2/4917cf90-8de1-48a0-8731-f5a77087163e202605010042021777617738609375648.sst" compactIntoNextLevel: false destinationLevel: 2
2026-05-01 06:42:32:873 - Compaction started: 
140670589077056:Compacting sstable2/6a8e88ce-4077-4cf9-b08e-494b22137fbc202605010042021777617738539226188.sst sstable2/4917cf90-8de1-48a0-8731-f5a77087163e202605010042021777617738609375648.sst into:sstable2/0_6a8e88ce-4077-4cf9-b08e-494b22137fbc202605010042021777617752912540640.sst
2026-05-01 06:42:32:972 - Compaction completed: 
2903320:COMPACT_START sstable=1 input_files: "sstable2/2ac9de89-8f70-4c33-ae0e-0d6ed38835f4202605010042021777617738739410959.sst" input_files: "sstable2/7fb26730-a7e9-4755-8070-cbd2658efca5202605010042021777617738740412898.sst" compactIntoNextLevel: false destinationLevel: 2
2026-05-01 06:42:33:052 - Compaction started: 
140670589077056:Compacting sstable2/2ac9de89-8f70-4c33-ae0e-0d6ed38835f4202605010042021777617738739410959.sst sstable2/7fb26730-a7e9-4755-8070-cbd2658efca5202605010042021777617738740412898.sst into:sstable2/0_6a8e88ce-4077-4cf9-b08e-494b22137fbc202605010042021777617753090742833.sst
2026-05-01 06:42:33:149 - Compaction completed: 
2903320:COMPACT_START sstable=1 input_files: "sstable2/2ac9de89-8f70-4c33-ae0e-0d6ed38835f4202605010042021777617738944229047.sst" input_files: "sstable2/7fb26730-a7e9-4755-8070-cbd2658efca5202605010042021777617738942529310.sst" compactIntoNextLevel: false destinationLevel: 2
2026-05-01 06:42:33:236 - Compaction started: 
140670589077056:Compacting sstable2/2ac9de89-8f70-4c33-ae0e-0d6ed38835f4202605010042021777617738944229047.sst sstable2/7fb26730-a7e9-4755-8070-cbd2658efca5202605010042021777617738942529310.sst into:sstable2/0_6a8e88ce-4077-4cf9-b08e-494b22137fbc202605010042021777617753273866823.sst
2026-05-01 06:42:33:332 - Compaction completed: 
2903320:COMPACT_START sstable=1 input_files: "sstable2/7fb26730-a7e9-4755-8070-cbd2658efca5202605010042021777617739145890226.sst" input_files: "sstable2/6a8e88ce-4077-4cf9-b08e-494b22137fbc202605010042021777617739147365852.sst" compactIntoNextLevel: false destinationLevel: 2
2026-05-01 06:42:33:426 - Compaction started: 
140670589077056:Compacting sstable2/7fb26730-a7e9-4755-8070-cbd2658efca5202605010042021777617739145890226.sst sstable2/6a8e88ce-4077-4cf9-b08e-494b22137fbc202605010042021777617739147365852.sst into:sstable2/0_6a8e88ce-4077-4cf9-b08e-494b22137fbc202605010042021777617753464071647.sst
2026-05-01 06:42:33:522 - Compaction completed: 
2903320:COMPACT_START sstable=1 input_files: "sstable2/2ac9de89-8f70-4c33-ae0e-0d6ed38835f4202605010042021777617739350243732.sst" input_files: "sstable2/7fb26730-a7e9-4755-8070-cbd2658efca5202605010042021777617739350617282.sst" compactIntoNextLevel: false destinationLevel: 2
2026-05-01 06:42:33:623 - Compaction started: 
140670589077056:Compacting sstable2/2ac9de89-8f70-4c33-ae0e-0d6ed38835f4202605010042021777617739350243732.sst sstable2/7fb26730-a7e9-4755-8070-cbd2658efca5202605010042021777617739350617282.sst into:sstable2/0_6a8e88ce-4077-4cf9-b08e-494b22137fbc202605010042021777617753660013194.sst
2026-05-01 06:42:33:716 - Compaction completed: 
