# CMD: /usr/lib/jvm/java-8-openjdk-amd64/bin/java -cp /users/Xinying/ozonedb/ycsb/ozonedb/conf:/users/Xinying/ozonedb/ycsb/ozonedb/target/ozonedb-binding-0.18.0-SNAPSHOT.jar:/users/Xinying/.m2/repository/org/apache/htrace/htrace-core4/4.1.0-incubating/htrace-core4-4.1.0-incubating.jar:/users/Xinying/.m2/repository/org/slf4j/slf4j-api/1.7.25/slf4j-api-1.7.25.jar:/users/Xinying/.m2/repository/org/hdrhistogram/HdrHistogram/2.1.12/HdrHistogram-2.1.12.jar:/users/Xinying/.m2/repository/ch/qos/logback/logback-classic/1.2.3/logback-classic-1.2.3.jar:/users/Xinying/.m2/repository/ozonedbjnimaven/demoproc-jni/1.0/demoproc-jni-1.0.jar:/users/Xinying/.m2/repository/ch/qos/logback/logback-core/1.2.3/logback-core-1.2.3.jar:/users/Xinying/.m2/repository/org/codehaus/jackson/jackson-mapper-asl/1.9.4/jackson-mapper-asl-1.9.4.jar:/users/Xinying/.m2/repository/org/slf4j/slf4j-simple/1.7.25/slf4j-simple-1.7.25.jar:/users/Xinying/.m2/repository/org/codehaus/jackson/jackson-core-asl/1.9.4/jackson-core-asl-1.9.4.jar:/users/Xinying/ozonedb/ycsb/core/target/core-0.18.0-SNAPSHOT.jar site.ycsb.Client -db site.ycsb.db.OzoneDBClient -threads 1 -s -P /users/Xinying/ozonedb/ycsb/workloads/generated_workloads/workloadc_1KB_1000000_1000000 -p status.interval=30 -p requestdistribution=uniform -p operationcount=1000000000 -p maxexecutiontime=660 -p shared_config=/tmp/churn_v4_configs/shared_config_varyR_n4_r10pct_rep2.json -t
# env OZONEDB_CHURN_ABORT_RATE=0.1
Command line: -db site.ycsb.db.OzoneDBClient -threads 1 -s -P /users/Xinying/ozonedb/ycsb/workloads/generated_workloads/workloadc_1KB_1000000_1000000 -p status.interval=30 -p requestdistribution=uniform -p operationcount=1000000000 -p maxexecutiontime=660 -p shared_config=/tmp/churn_v4_configs/shared_config_varyR_n4_r10pct_rep2.json -t
YCSB Client 0.18.0-SNAPSHOT

Loading workload...
Starting test.
SLF4J: Class path contains multiple SLF4J bindings.
SLF4J: Found binding in [jar:file:/users/Xinying/.m2/repository/ch/qos/logback/logback-classic/1.2.3/logback-classic-1.2.3.jar!/org/slf4j/impl/StaticLoggerBinder.class]
SLF4J: Found binding in [jar:file:/users/Xinying/.m2/repository/org/slf4j/slf4j-simple/1.7.25/slf4j-simple-1.7.25.jar!/org/slf4j/impl/StaticLoggerBinder.class]
SLF4J: See http://www.slf4j.org/codes.html#multiple_bindings for an explanation.
SLF4J: Actual binding is of type [ch.qos.logback.classic.util.ContextSelectorStaticBinder]
Maximum execution time specified as: 660 secs
2026-05-01 07:04:03:697 0 sec: 0 operations; est completion in 0 second 
Starting compaction watcher
DBWrapper: report latency for each error is false and specific error codes to track for latency are: []
2952500:COMPACT_START sstable=0 input_files: "datalog/1" input_files: "datalog/2" compactIntoNextLevel: true destinationLevel: 1
2026-05-01 07:04:03:779 - Compaction started: 
140032409056832:Compacting datalog/1 datalog/2 into:sstable1/c8b16e02-54b6-4331-b35e-db3a9f801727202605010104031777619043924203561.sst
2026-05-01 07:04:04:021 - Compaction completed: 
2952500:COMPACT_START sstable=0 input_files: "datalog/23" input_files: "datalog/24" compactIntoNextLevel: true destinationLevel: 1
2026-05-01 07:04:04:121 - Compaction started: 
140032409056832:Compacting datalog/23 datalog/24 into:sstable1/c8b16e02-54b6-4331-b35e-db3a9f801727202605010104031777619044239984121.sst
2026-05-01 07:04:04:285 - Compaction completed: 
2952500:COMPACT_START sstable=0 input_files: "datalog/31" input_files: "datalog/32" compactIntoNextLevel: true destinationLevel: 1
2026-05-01 07:04:04:325 - Compaction started: 
140032409056832:Compacting datalog/31 datalog/32 into:sstable1/c8b16e02-54b6-4331-b35e-db3a9f801727202605010104031777619044425387515.sst
2026-05-01 07:04:04:447 - Compaction completed: 
2952500:COMPACT_START sstable=0 input_files: "datalog/41" input_files: "datalog/42" compactIntoNextLevel: true destinationLevel: 1
2026-05-01 07:04:04:528 - Compaction started: 
140032409056832:Compacting datalog/41 datalog/42 into:sstable1/c8b16e02-54b6-4331-b35e-db3a9f801727202605010104031777619044658732156.sst
2026-05-01 07:04:04:683 - Compaction completed: 
2952500:COMPACT_START sstable=0 input_files: "datalog/55" input_files: "datalog/56" compactIntoNextLevel: true destinationLevel: 1
2952500:COMPACT_ABORT input_files: "datalog/55" input_files: "datalog/56" compactIntoNextLevel: true destinationLevel: 1
2952500:COMPACT_START sstable=0 input_files: "datalog/57" input_files: "datalog/58" compactIntoNextLevel: true destinationLevel: 1
2026-05-01 07:04:04:770 - Compaction started: 
140032409056832:Compacting datalog/57 datalog/58 into:sstable1/c8b16e02-54b6-4331-b35e-db3a9f801727202605010104031777619044828702140.sst
2026-05-01 07:04:04:849 - Compaction completed: 
2952500:COMPACT_START sstable=0 input_files: "datalog/65" input_files: "datalog/66" compactIntoNextLevel: true destinationLevel: 1
2026-05-01 07:04:04:872 - Compaction started: 
140032409056832:Compacting datalog/65 datalog/66 into:sstable1/c8b16e02-54b6-4331-b35e-db3a9f801727202605010104031777619044947264639.sst
2026-05-01 07:04:04:968 - Compaction completed: 
2952500:COMPACT_START sstable=0 input_files: "datalog/69" input_files: "datalog/70" compactIntoNextLevel: true destinationLevel: 1
2952500:COMPACT_ABORT input_files: "datalog/69" input_files: "datalog/70" compactIntoNextLevel: true destinationLevel: 1
2952500:COMPACT_START sstable=0 input_files: "datalog/77" input_files: "datalog/78" compactIntoNextLevel: true destinationLevel: 1
2952500:COMPACT_ABORT input_files: "datalog/77" input_files: "datalog/78" compactIntoNextLevel: true destinationLevel: 1
2952500:COMPACT_START sstable=0 input_files: "datalog/85" input_files: "datalog/86" compactIntoNextLevel: true destinationLevel: 1
2026-05-01 07:04:05:176 - Compaction started: 
140032409056832:Compacting datalog/85 datalog/86 into:sstable1/c8b16e02-54b6-4331-b35e-db3a9f801727202605010104031777619045180921545.sst
2026-05-01 07:04:05:201 - Compaction completed: 
2952500:COMPACT_START sstable=0 input_files: "datalog/93" input_files: "datalog/94" compactIntoNextLevel: true destinationLevel: 1
2952500:COMPACT_ABORT input_files: "datalog/93" input_files: "datalog/94" compactIntoNextLevel: true destinationLevel: 1
2952500:COMPACT_START sstable=0 input_files: "datalog/101" input_files: "datalog/102" compactIntoNextLevel: true destinationLevel: 1
2026-05-01 07:04:05:379 - Compaction started: 
140032409056832:Compacting datalog/101 datalog/102 into:sstable1/c8b16e02-54b6-4331-b35e-db3a9f801727202605010104031777619045381994733.sst
2026-05-01 07:04:05:402 - Compaction completed: 
2952500:COMPACT_START sstable=0 input_files: "datalog/109" input_files: "datalog/110" compactIntoNextLevel: true destinationLevel: 1
2026-05-01 07:04:05:481 - Compaction started: 
140032409056832:Compacting datalog/109 datalog/110 into:sstable1/c8b16e02-54b6-4331-b35e-db3a9f801727202605010104031777619045484308933.sst
2026-05-01 07:04:05:501 - Compaction completed: 
2952500:COMPACT_START sstable=0 input_files: "datalog/117" input_files: "datalog/118" compactIntoNextLevel: true destinationLevel: 1
2026-05-01 07:04:05:582 - Compaction started: 
140032409056832:Compacting datalog/117 datalog/118 into:sstable1/c8b16e02-54b6-4331-b35e-db3a9f801727202605010104031777619045589919954.sst
2026-05-01 07:04:05:609 - Compaction completed: 
2952500:COMPACT_START sstable=0 input_files: "datalog/125" input_files: "datalog/126" compactIntoNextLevel: true destinationLevel: 1
2026-05-01 07:04:05:684 - Compaction started: 
140032409056832:Compacting datalog/125 datalog/126 into:sstable1/c8b16e02-54b6-4331-b35e-db3a9f801727202605010104031777619045687394063.sst
2026-05-01 07:04:05:705 - Compaction completed: 
2952500:COMPACT_START sstable=0 input_files: "datalog/133" input_files: "datalog/134" compactIntoNextLevel: true destinationLevel: 1
2952500:COMPACT_ABORT input_files: "datalog/133" input_files: "datalog/134" compactIntoNextLevel: true destinationLevel: 1
2952500:COMPACT_START sstable=0 input_files: "datalog/141" input_files: "datalog/142" compactIntoNextLevel: true destinationLevel: 1
2026-05-01 07:04:05:885 - Compaction started: 
140032409056832:Compacting datalog/141 datalog/142 into:sstable1/c8b16e02-54b6-4331-b35e-db3a9f801727202605010104031777619045888962007.sst
2026-05-01 07:04:05:906 - Compaction completed: 
2952500:COMPACT_START sstable=0 input_files: "datalog/149" input_files: "datalog/150" compactIntoNextLevel: true destinationLevel: 1
2026-05-01 07:04:05:987 - Compaction started: 
140032409056832:Compacting datalog/149 datalog/150 into:sstable1/c8b16e02-54b6-4331-b35e-db3a9f801727202605010104031777619045989418516.sst
2026-05-01 07:04:06:006 - Compaction completed: 
2952500:COMPACT_START sstable=0 input_files: "datalog/157" input_files: "datalog/158" compactIntoNextLevel: true destinationLevel: 1
2026-05-01 07:04:06:088 - Compaction started: 
140032409056832:Compacting datalog/157 datalog/158 into:sstable1/c8b16e02-54b6-4331-b35e-db3a9f801727202605010104031777619046090877544.sst
2026-05-01 07:04:06:107 - Compaction completed: 
2952500:COMPACT_START sstable=0 input_files: "datalog/167" input_files: "datalog/168" compactIntoNextLevel: true destinationLevel: 1
2026-05-01 07:04:06:189 - Compaction started: 
140032409056832:Compacting datalog/167 datalog/168 into:sstable1/c8b16e02-54b6-4331-b35e-db3a9f801727202605010104031777619046192126197.sst
2026-05-01 07:04:06:209 - Compaction completed: 
2952500:COMPACT_START sstable=0 input_files: "datalog/175" input_files: "datalog/176" compactIntoNextLevel: true destinationLevel: 1
2026-05-01 07:04:06:291 - Compaction started: 
140032409056832:Compacting datalog/175 datalog/176 into:sstable1/c8b16e02-54b6-4331-b35e-db3a9f801727202605010104031777619046293892000.sst
2026-05-01 07:04:06:310 - Compaction completed: 
2952500:COMPACT_START sstable=0 input_files: "datalog/183" input_files: "datalog/184" compactIntoNextLevel: true destinationLevel: 1
2952500:COMPACT_ABORT input_files: "datalog/183" input_files: "datalog/184" compactIntoNextLevel: true destinationLevel: 1
2952500:COMPACT_START sstable=0 input_files: "datalog/191" input_files: "datalog/192" compactIntoNextLevel: true destinationLevel: 1
2026-05-01 07:04:06:493 - Compaction started: 
140032409056832:Compacting datalog/191 datalog/192 into:sstable1/c8b16e02-54b6-4331-b35e-db3a9f801727202605010104031777619046496371434.sst
2026-05-01 07:04:06:513 - Compaction completed: 
2952500:COMPACT_START sstable=0 input_files: "datalog/199" input_files: "datalog/200" compactIntoNextLevel: true destinationLevel: 1
2026-05-01 07:04:06:595 - Compaction started: 
140032409056832:Compacting datalog/199 datalog/200 into:sstable1/c8b16e02-54b6-4331-b35e-db3a9f801727202605010104031777619046597903779.sst
2026-05-01 07:04:06:614 - Compaction completed: 
2952500:COMPACT_START sstable=0 input_files: "datalog/207" input_files: "datalog/208" compactIntoNextLevel: true destinationLevel: 1
2026-05-01 07:04:06:696 - Compaction started: 
140032409056832:Compacting datalog/207 datalog/208 into:sstable1/c8b16e02-54b6-4331-b35e-db3a9f801727202605010104031777619046698974048.sst
2026-05-01 07:04:06:716 - Compaction completed: 
2952500:COMPACT_START sstable=0 input_files: "datalog/215" input_files: "datalog/216" compactIntoNextLevel: true destinationLevel: 1
2026-05-01 07:04:06:797 - Compaction started: 
140032409056832:Compacting datalog/215 datalog/216 into:sstable1/c8b16e02-54b6-4331-b35e-db3a9f801727202605010104031777619046800093860.sst
2026-05-01 07:04:06:817 - Compaction completed: 
2952500:COMPACT_START sstable=0 input_files: "datalog/221" input_files: "datalog/222" compactIntoNextLevel: true destinationLevel: 1
2026-05-01 07:04:06:898 - Compaction started: 
140032409056832:Compacting datalog/221 datalog/222 into:sstable1/c8b16e02-54b6-4331-b35e-db3a9f801727202605010104031777619046901077908.sst
2026-05-01 07:04:06:917 - Compaction completed: 
2952500:COMPACT_START sstable=0 input_files: "datalog/229" input_files: "datalog/230" compactIntoNextLevel: true destinationLevel: 1
2026-05-01 07:04:06:999 - Compaction started: 
140032409056832:Compacting datalog/229 datalog/230 into:sstable1/c8b16e02-54b6-4331-b35e-db3a9f801727202605010104031777619047002365534.sst
2026-05-01 07:04:07:019 - Compaction completed: 
2952500:COMPACT_START sstable=0 input_files: "datalog/237" input_files: "datalog/238" compactIntoNextLevel: true destinationLevel: 1
2026-05-01 07:04:07:100 - Compaction started: 
140032409056832:Compacting datalog/237 datalog/238 into:sstable1/c8b16e02-54b6-4331-b35e-db3a9f801727202605010104031777619047103217054.sst
2026-05-01 07:04:07:133 - Compaction completed: 
2952500:COMPACT_START sstable=0 input_files: "datalog/243" input_files: "datalog/244" compactIntoNextLevel: true destinationLevel: 1
2026-05-01 07:04:07:212 - Compaction started: 
140032409056832:Compacting datalog/243 datalog/244 into:sstable1/c8b16e02-54b6-4331-b35e-db3a9f801727202605010104031777619047215451450.sst
2026-05-01 07:04:07:233 - Compaction completed: 
2952500:COMPACT_START sstable=0 input_files: "datalog/251" input_files: "datalog/252" compactIntoNextLevel: true destinationLevel: 1
2026-05-01 07:04:07:314 - Compaction started: 
140032409056832:Compacting datalog/251 datalog/252 into:sstable1/c8b16e02-54b6-4331-b35e-db3a9f801727202605010104031777619047317413651.sst
2026-05-01 07:04:07:333 - Compaction completed: 
2952500:COMPACT_START sstable=0 input_files: "datalog/259" input_files: "datalog/260" compactIntoNextLevel: true destinationLevel: 1
2026-05-01 07:04:07:416 - Compaction started: 
140032409056832:Compacting datalog/259 datalog/260 into:sstable1/c8b16e02-54b6-4331-b35e-db3a9f801727202605010104031777619047419229137.sst
2026-05-01 07:04:07:435 - Compaction completed: 
2952500:COMPACT_START sstable=0 input_files: "datalog/269" input_files: "datalog/270" compactIntoNextLevel: true destinationLevel: 1
2026-05-01 07:04:07:518 - Compaction started: 
140032409056832:Compacting datalog/269 datalog/270 into:sstable1/c8b16e02-54b6-4331-b35e-db3a9f801727202605010104031777619047521327213.sst
2026-05-01 07:04:07:537 - Compaction completed: 
2952500:COMPACT_START sstable=0 input_files: "datalog/277" input_files: "datalog/278" compactIntoNextLevel: true destinationLevel: 1
2026-05-01 07:04:07:620 - Compaction started: 
140032409056832:Compacting datalog/277 datalog/278 into:sstable1/c8b16e02-54b6-4331-b35e-db3a9f801727202605010104031777619047623493667.sst
2026-05-01 07:04:07:639 - Compaction completed: 
2952500:Task input_files: "datalog/55" input_files: "datalog/56" compactIntoNextLevel: true destinationLevel: 1 is dead (hb=30)
2952500:Found dead task input_files: "datalog/55" input_files: "datalog/56" compactIntoNextLevel: true destinationLevel: 1
2952500:COMPACT_START sstable=0 input_files: "datalog/55" input_files: "datalog/56" compactIntoNextLevel: true destinationLevel: 1
2026-05-01 07:04:07:722 - Compaction started: 
140032409056832:Compacting datalog/55 datalog/56 into:sstable1/c8b16e02-54b6-4331-b35e-db3a9f801727202605010104031777619047725588496.sst
2026-05-01 07:04:07:743 - Compaction completed: 
2952500:COMPACT_START sstable=0 input_files: "datalog/291" input_files: "datalog/292" compactIntoNextLevel: true destinationLevel: 1
2026-05-01 07:04:07:828 - Compaction started: 
140032409056832:Compacting datalog/291 datalog/292 into:sstable1/c8b16e02-54b6-4331-b35e-db3a9f801727202605010104031777619047831597423.sst
2026-05-01 07:04:07:848 - Compaction completed: 
2952500:COMPACT_START sstable=0 input_files: "datalog/299" input_files: "datalog/300" compactIntoNextLevel: true destinationLevel: 1
2026-05-01 07:04:07:930 - Compaction started: 
140032409056832:Compacting datalog/299 datalog/300 into:sstable1/c8b16e02-54b6-4331-b35e-db3a9f801727202605010104031777619047933339051.sst
2026-05-01 07:04:07:949 - Compaction completed: 
2952500:Task input_files: "datalog/69" input_files: "datalog/70" compactIntoNextLevel: true destinationLevel: 1 is dead (hb=30)
2952500:Found dead task input_files: "datalog/69" input_files: "datalog/70" compactIntoNextLevel: true destinationLevel: 1
2952500:COMPACT_START sstable=0 input_files: "datalog/69" input_files: "datalog/70" compactIntoNextLevel: true destinationLevel: 1
2026-05-01 07:04:08:032 - Compaction started: 
140032409056832:Compacting datalog/69 datalog/70 into:sstable1/c8b16e02-54b6-4331-b35e-db3a9f801727202605010104031777619048035710570.sst
2026-05-01 07:04:08:055 - Compaction completed: 
2952500:Task input_files: "datalog/77" input_files: "datalog/78" compactIntoNextLevel: true destinationLevel: 1 is dead (hb=30)
2952500:Task input_files: "datalog/75" input_files: "datalog/76" compactIntoNextLevel: true destinationLevel: 1 is dead (hb=30)
2952500:Found dead task input_files: "datalog/75" input_files: "datalog/76" compactIntoNextLevel: true destinationLevel: 1
2952500:COMPACT_START sstable=0 input_files: "datalog/75" input_files: "datalog/76" compactIntoNextLevel: true destinationLevel: 1
2952500:COMPACT_ABORT input_files: "datalog/75" input_files: "datalog/76" compactIntoNextLevel: true destinationLevel: 1
2952500:Found dead task input_files: "datalog/77" input_files: "datalog/78" compactIntoNextLevel: true destinationLevel: 1
2952500:COMPACT_START sstable=0 input_files: "datalog/77" input_files: "datalog/78" compactIntoNextLevel: true destinationLevel: 1
2026-05-01 07:04:08:143 - Compaction started: 
140032409056832:Compacting datalog/77 datalog/78 into:sstable1/c8b16e02-54b6-4331-b35e-db3a9f801727202605010104031777619048146219902.sst
2026-05-01 07:04:08:163 - Compaction completed: 
2952500:COMPACT_START sstable=0 input_files: "datalog/319" input_files: "datalog/320" compactIntoNextLevel: true destinationLevel: 1
2026-05-01 07:04:08:245 - Compaction started: 
140032409056832:Compacting datalog/319 datalog/320 into:sstable1/c8b16e02-54b6-4331-b35e-db3a9f801727202605010104031777619048247838088.sst
2026-05-01 07:04:08:264 - Compaction completed: 
2952500:Task input_files: "datalog/93" input_files: "datalog/94" compactIntoNextLevel: true destinationLevel: 1 is dead (hb=30)
2952500:Found dead task input_files: "datalog/93" input_files: "datalog/94" compactIntoNextLevel: true destinationLevel: 1
2952500:COMPACT_START sstable=0 input_files: "datalog/93" input_files: "datalog/94" compactIntoNextLevel: true destinationLevel: 1
2026-05-01 07:04:08:346 - Compaction started: 
140032409056832:Compacting datalog/93 datalog/94 into:sstable1/c8b16e02-54b6-4331-b35e-db3a9f801727202605010104031777619048349760816.sst
2026-05-01 07:04:08:368 - Compaction completed: 
2952500:COMPACT_START sstable=0 input_files: "datalog/333" input_files: "datalog/334" compactIntoNextLevel: true destinationLevel: 1
2026-05-01 07:04:08:449 - Compaction started: 
140032409056832:Compacting datalog/333 datalog/334 into:sstable1/c8b16e02-54b6-4331-b35e-db3a9f801727202605010104031777619048452499653.sst
2026-05-01 07:04:08:469 - Compaction completed: 
2952500:COMPACT_START sstable=0 input_files: "datalog/341" input_files: "datalog/342" compactIntoNextLevel: true destinationLevel: 1
2026-05-01 07:04:08:552 - Compaction started: 
140032409056832:Compacting datalog/341 datalog/342 into:sstable1/c8b16e02-54b6-4331-b35e-db3a9f801727202605010104031777619048555563849.sst
2026-05-01 07:04:08:572 - Compaction completed: 
2952500:COMPACT_START sstable=0 input_files: "datalog/349" input_files: "datalog/350" compactIntoNextLevel: true destinationLevel: 1
2026-05-01 07:04:08:655 - Compaction started: 
140032409056832:Compacting datalog/349 datalog/350 into:sstable1/c8b16e02-54b6-4331-b35e-db3a9f801727202605010104031777619048658606225.sst
2026-05-01 07:04:08:675 - Compaction completed: 
2952500:COMPACT_START sstable=0 input_files: "datalog/357" input_files: "datalog/358" compactIntoNextLevel: true destinationLevel: 1
2026-05-01 07:04:08:757 - Compaction started: 
140032409056832:Compacting datalog/357 datalog/358 into:sstable1/c8b16e02-54b6-4331-b35e-db3a9f801727202605010104031777619048761108368.sst
2026-05-01 07:04:08:777 - Compaction completed: 
2952500:Task input_files: "datalog/133" input_files: "datalog/134" compactIntoNextLevel: true destinationLevel: 1 is dead (hb=30)
2952500:Found dead task input_files: "datalog/133" input_files: "datalog/134" compactIntoNextLevel: true destinationLevel: 1
2952500:COMPACT_START sstable=0 input_files: "datalog/133" input_files: "datalog/134" compactIntoNextLevel: true destinationLevel: 1
2026-05-01 07:04:08:860 - Compaction started: 
140032409056832:Compacting datalog/133 datalog/134 into:sstable1/c8b16e02-54b6-4331-b35e-db3a9f801727202605010104031777619048863684621.sst
2026-05-01 07:04:08:882 - Compaction completed: 
2952500:COMPACT_START sstable=0 input_files: "datalog/371" input_files: "datalog/372" compactIntoNextLevel: true destinationLevel: 1
2952500:COMPACT_ABORT input_files: "datalog/371" input_files: "datalog/372" compactIntoNextLevel: true destinationLevel: 1
2952500:COMPACT_START sstable=0 input_files: "datalog/373" input_files: "datalog/374" compactIntoNextLevel: true destinationLevel: 1
2026-05-01 07:04:08:961 - Compaction started: 
140032409056832:Compacting datalog/373 datalog/374 into:sstable1/c8b16e02-54b6-4331-b35e-db3a9f801727202605010104031777619048964797429.sst
2026-05-01 07:04:08:979 - Compaction completed: 
2952500:COMPACT_START sstable=0 input_files: "datalog/381" input_files: "datalog/382" compactIntoNextLevel: true destinationLevel: 1
2026-05-01 07:04:09:063 - Compaction started: 
140032409056832:Compacting datalog/381 datalog/382 into:sstable1/c8b16e02-54b6-4331-b35e-db3a9f801727202605010104031777619049066727220.sst
2026-05-01 07:04:09:081 - Compaction completed: 
2952500:Task input_files: "datalog/163" input_files: "datalog/164" compactIntoNextLevel: true destinationLevel: 1 is dead (hb=30)
2952500:Found dead task input_files: "datalog/163" input_files: "datalog/164" compactIntoNextLevel: true destinationLevel: 1
2952500:COMPACT_START sstable=0 input_files: "datalog/163" input_files: "datalog/164" compactIntoNextLevel: true destinationLevel: 1
2026-05-01 07:04:09:165 - Compaction started: 
140032409056832:Compacting datalog/163 datalog/164 into:sstable1/c8b16e02-54b6-4331-b35e-db3a9f801727202605010104031777619049168561611.sst
2026-05-01 07:04:09:185 - Compaction completed: 
2952500:Task input_files: "datalog/159" input_files: "datalog/160" compactIntoNextLevel: true destinationLevel: 1 is dead (hb=30)
2952500:Found dead task input_files: "datalog/159" input_files: "datalog/160" compactIntoNextLevel: true destinationLevel: 1
2952500:COMPACT_START sstable=0 input_files: "datalog/159" input_files: "datalog/160" compactIntoNextLevel: true destinationLevel: 1
2026-05-01 07:04:09:267 - Compaction started: 
140032409056832:Compacting datalog/159 datalog/160 into:sstable1/c8b16e02-54b6-4331-b35e-db3a9f801727202605010104031777619049270829095.sst
2026-05-01 07:04:09:288 - Compaction completed: 
2952500:COMPACT_START sstable=0 input_files: "datalog/405" input_files: "datalog/406" compactIntoNextLevel: true destinationLevel: 1
2026-05-01 07:04:09:369 - Compaction started: 
140032409056832:Compacting datalog/405 datalog/406 into:sstable1/c8b16e02-54b6-4331-b35e-db3a9f801727202605010104031777619049372435228.sst
2026-05-01 07:04:09:388 - Compaction completed: 
2952500:Task input_files: "datalog/183" input_files: "datalog/184" compactIntoNextLevel: true destinationLevel: 1 is dead (hb=30)
2952500:Found dead task input_files: "datalog/183" input_files: "datalog/184" compactIntoNextLevel: true destinationLevel: 1
2952500:COMPACT_START sstable=0 input_files: "datalog/183" input_files: "datalog/184" compactIntoNextLevel: true destinationLevel: 1
2952500:COMPACT_ABORT input_files: "datalog/183" input_files: "datalog/184" compactIntoNextLevel: true destinationLevel: 1
2952500:COMPACT_START sstable=0 input_files: "datalog/419" input_files: "datalog/420" compactIntoNextLevel: true destinationLevel: 1
2026-05-01 07:04:09:571 - Compaction started: 
140032409056832:Compacting datalog/419 datalog/420 into:sstable1/c8b16e02-54b6-4331-b35e-db3a9f801727202605010104031777619049575127841.sst
2026-05-01 07:04:09:591 - Compaction completed: 
2952500:COMPACT_START sstable=0 input_files: "datalog/427" input_files: "datalog/428" compactIntoNextLevel: true destinationLevel: 1
2026-05-01 07:04:09:673 - Compaction started: 
140032409056832:Compacting datalog/427 datalog/428 into:sstable1/c8b16e02-54b6-4331-b35e-db3a9f801727202605010104031777619049676192630.sst
2026-05-01 07:04:09:690 - Compaction completed: 
2952500:COMPACT_START sstable=0 input_files: "datalog/435" input_files: "datalog/436" compactIntoNextLevel: true destinationLevel: 1
2026-05-01 07:04:09:774 - Compaction started: 
140032409056832:Compacting datalog/435 datalog/436 into:sstable1/c8b16e02-54b6-4331-b35e-db3a9f801727202605010104031777619049777636049.sst
2026-05-01 07:04:09:792 - Compaction completed: 
2952500:COMPACT_START sstable=0 input_files: "datalog/443" input_files: "datalog/444" compactIntoNextLevel: true destinationLevel: 1
2026-05-01 07:04:09:876 - Compaction started: 
140032409056832:Compacting datalog/443 datalog/444 into:sstable1/c8b16e02-54b6-4331-b35e-db3a9f801727202605010104031777619049879326821.sst
2026-05-01 07:04:09:894 - Compaction completed: 
2952500:COMPACT_START sstable=0 input_files: "datalog/449" input_files: "datalog/450" compactIntoNextLevel: true destinationLevel: 1
2026-05-01 07:04:09:977 - Compaction started: 
140032409056832:Compacting datalog/449 datalog/450 into:sstable1/c8b16e02-54b6-4331-b35e-db3a9f801727202605010104031777619049980663980.sst
2026-05-01 07:04:09:995 - Compaction completed: 
2952500:COMPACT_START sstable=0 input_files: "datalog/455" input_files: "datalog/456" compactIntoNextLevel: true destinationLevel: 1
2026-05-01 07:04:10:079 - Compaction started: 
140032409056832:Compacting datalog/455 datalog/456 into:sstable1/c8b16e02-54b6-4331-b35e-db3a9f801727202605010104031777619050082279421.sst
2026-05-01 07:04:10:096 - Compaction completed: 
2952500:COMPACT_START sstable=0 input_files: "datalog/463" input_files: "datalog/464" compactIntoNextLevel: true destinationLevel: 1
2026-05-01 07:04:10:180 - Compaction started: 
140032409056832:Compacting datalog/463 datalog/464 into:sstable1/c8b16e02-54b6-4331-b35e-db3a9f801727202605010104031777619050183755271.sst
2026-05-01 07:04:10:197 - Compaction completed: 
2952500:COMPACT_START sstable=0 input_files: "datalog/471" input_files: "datalog/472" compactIntoNextLevel: true destinationLevel: 1
2026-05-01 07:04:10:282 - Compaction started: 
140032409056832:Compacting datalog/471 datalog/472 into:sstable1/c8b16e02-54b6-4331-b35e-db3a9f801727202605010104031777619050285208538.sst
2026-05-01 07:04:10:299 - Compaction completed: 
2952500:COMPACT_START sstable=0 input_files: "datalog/479" input_files: "datalog/480" compactIntoNextLevel: true destinationLevel: 1
2026-05-01 07:04:10:384 - Compaction started: 
140032409056832:Compacting datalog/479 datalog/480 into:sstable1/c8b16e02-54b6-4331-b35e-db3a9f801727202605010104031777619050387345827.sst
2026-05-01 07:04:10:401 - Compaction completed: 
2952500:COMPACT_START sstable=0 input_files: "datalog/483" input_files: "datalog/484" compactIntoNextLevel: true destinationLevel: 1
2026-05-01 07:04:10:486 - Compaction started: 
140032409056832:Compacting datalog/483 datalog/484 into:sstable1/c8b16e02-54b6-4331-b35e-db3a9f801727202605010104031777619050488784727.sst
2026-05-01 07:04:10:503 - Compaction completed: 
2952500:COMPACT_START sstable=0 input_files: "datalog/491" input_files: "datalog/492" compactIntoNextLevel: true destinationLevel: 1
2026-05-01 07:04:10:588 - Compaction started: 
140032409056832:Compacting datalog/491 datalog/492 into:sstable1/c8b16e02-54b6-4331-b35e-db3a9f801727202605010104031777619050590853839.sst
2026-05-01 07:04:10:604 - Compaction completed: 
2952500:COMPACT_START sstable=0 input_files: "datalog/499" input_files: "datalog/500" compactIntoNextLevel: true destinationLevel: 1
2026-05-01 07:04:10:689 - Compaction started: 
140032409056832:Compacting datalog/499 datalog/500 into:sstable1/c8b16e02-54b6-4331-b35e-db3a9f801727202605010104031777619050692916628.sst
2026-05-01 07:04:10:707 - Compaction completed: 
2952500:COMPACT_START sstable=0 input_files: "datalog/507" input_files: "datalog/508" compactIntoNextLevel: true destinationLevel: 1
2026-05-01 07:04:10:792 - Compaction started: 
140032409056832:Compacting datalog/507 datalog/508 into:sstable1/c8b16e02-54b6-4331-b35e-db3a9f801727202605010104031777619050794561785.sst
2026-05-01 07:04:10:808 - Compaction completed: 
2952500:COMPACT_START sstable=0 input_files: "datalog/515" input_files: "datalog/516" compactIntoNextLevel: true destinationLevel: 1
2952500:COMPACT_ABORT input_files: "datalog/515" input_files: "datalog/516" compactIntoNextLevel: true destinationLevel: 1
2952500:COMPACT_START sstable=0 input_files: "datalog/525" input_files: "datalog/526" compactIntoNextLevel: true destinationLevel: 1
2026-05-01 07:04:10:995 - Compaction started: 
140032409056832:Compacting datalog/525 datalog/526 into:sstable1/c8b16e02-54b6-4331-b35e-db3a9f801727202605010104031777619050997606017.sst
2026-05-01 07:04:11:011 - Compaction completed: 
2952500:COMPACT_START sstable=0 input_files: "datalog/533" input_files: "datalog/534" compactIntoNextLevel: true destinationLevel: 1
2026-05-01 07:04:11:096 - Compaction started: 
140032409056832:Compacting datalog/533 datalog/534 into:sstable1/c8b16e02-54b6-4331-b35e-db3a9f801727202605010104031777619051099366581.sst
2026-05-01 07:04:11:113 - Compaction completed: 
2952500:COMPACT_START sstable=0 input_files: "datalog/539" input_files: "datalog/540" compactIntoNextLevel: true destinationLevel: 1
2026-05-01 07:04:11:198 - Compaction started: 
140032409056832:Compacting datalog/539 datalog/540 into:sstable1/c8b16e02-54b6-4331-b35e-db3a9f801727202605010104031777619051201224076.sst
2026-05-01 07:04:11:215 - Compaction completed: 
2952500:COMPACT_START sstable=0 input_files: "datalog/547" input_files: "datalog/548" compactIntoNextLevel: true destinationLevel: 1
2026-05-01 07:04:11:299 - Compaction started: 
140032409056832:Compacting datalog/547 datalog/548 into:sstable1/c8b16e02-54b6-4331-b35e-db3a9f801727202605010104031777619051302914847.sst
2026-05-01 07:04:11:316 - Compaction completed: 
2952500:COMPACT_START sstable=0 input_files: "datalog/555" input_files: "datalog/556" compactIntoNextLevel: true destinationLevel: 1
2026-05-01 07:04:11:401 - Compaction started: 
140032409056832:Compacting datalog/555 datalog/556 into:sstable1/c8b16e02-54b6-4331-b35e-db3a9f801727202605010104031777619051404370810.sst
2026-05-01 07:04:11:418 - Compaction completed: 
2952500:COMPACT_START sstable=0 input_files: "datalog/563" input_files: "datalog/564" compactIntoNextLevel: true destinationLevel: 1
2026-05-01 07:04:11:503 - Compaction started: 
140032409056832:Compacting datalog/563 datalog/564 into:sstable1/c8b16e02-54b6-4331-b35e-db3a9f801727202605010104031777619051506450251.sst
2026-05-01 07:04:11:520 - Compaction completed: 
2952500:COMPACT_START sstable=0 input_files: "datalog/571" input_files: "datalog/572" compactIntoNextLevel: true destinationLevel: 1
2026-05-01 07:04:11:605 - Compaction started: 
140032409056832:Compacting datalog/571 datalog/572 into:sstable1/c8b16e02-54b6-4331-b35e-db3a9f801727202605010104031777619051608643665.sst
2026-05-01 07:04:11:623 - Compaction completed: 
2952500:COMPACT_START sstable=0 input_files: "datalog/581" input_files: "datalog/582" compactIntoNextLevel: true destinationLevel: 1
2026-05-01 07:04:11:707 - Compaction started: 
140032409056832:Compacting datalog/581 datalog/582 into:sstable1/c8b16e02-54b6-4331-b35e-db3a9f801727202605010104031777619051709796599.sst
2026-05-01 07:04:11:724 - Compaction completed: 
2952500:COMPACT_START sstable=0 input_files: "datalog/589" input_files: "datalog/590" compactIntoNextLevel: true destinationLevel: 1
2026-05-01 07:04:11:809 - Compaction started: 
140032409056832:Compacting datalog/589 datalog/590 into:sstable1/c8b16e02-54b6-4331-b35e-db3a9f801727202605010104031777619051812189518.sst
2026-05-01 07:04:11:827 - Compaction completed: 
2952500:COMPACT_START sstable=0 input_files: "datalog/597" input_files: "datalog/598" compactIntoNextLevel: true destinationLevel: 1
2026-05-01 07:04:11:911 - Compaction started: 
140032409056832:Compacting datalog/597 datalog/598 into:sstable1/c8b16e02-54b6-4331-b35e-db3a9f801727202605010104031777619051913922449.sst
2026-05-01 07:04:11:928 - Compaction completed: 
2952500:COMPACT_START sstable=0 input_files: "datalog/599" input_files: "datalog/600" compactIntoNextLevel: true destinationLevel: 1
2026-05-01 07:04:12:013 - Compaction started: 
140032409056832:Compacting datalog/599 datalog/600 into:sstable1/c8b16e02-54b6-4331-b35e-db3a9f801727202605010104031777619052016168382.sst
2026-05-01 07:04:12:029 - Compaction completed: 
2952500:COMPACT_START sstable=0 input_files: "datalog/607" input_files: "datalog/608" compactIntoNextLevel: true destinationLevel: 1
2026-05-01 07:04:12:115 - Compaction started: 
140032409056832:Compacting datalog/607 datalog/608 into:sstable1/c8b16e02-54b6-4331-b35e-db3a9f801727202605010104031777619052118390500.sst
2026-05-01 07:04:12:132 - Compaction completed: 
2952500:COMPACT_START sstable=0 input_files: "datalog/613" input_files: "datalog/614" compactIntoNextLevel: true destinationLevel: 1
2026-05-01 07:04:12:217 - Compaction started: 
140032409056832:Compacting datalog/613 datalog/614 into:sstable1/c8b16e02-54b6-4331-b35e-db3a9f801727202605010104031777619052220355436.sst
2026-05-01 07:04:12:233 - Compaction completed: 
2952500:COMPACT_START sstable=0 input_files: "datalog/621" input_files: "datalog/622" compactIntoNextLevel: true destinationLevel: 1
2026-05-01 07:04:12:320 - Compaction started: 
140032409056832:Compacting datalog/621 datalog/622 into:sstable1/c8b16e02-54b6-4331-b35e-db3a9f801727202605010104031777619052323295290.sst
2026-05-01 07:04:12:338 - Compaction completed: 
2952500:COMPACT_START sstable=0 input_files: "datalog/629" input_files: "datalog/630" compactIntoNextLevel: true destinationLevel: 1
2026-05-01 07:04:12:423 - Compaction started: 
140032409056832:Compacting datalog/629 datalog/630 into:sstable1/c8b16e02-54b6-4331-b35e-db3a9f801727202605010104031777619052426761580.sst
2026-05-01 07:04:12:440 - Compaction completed: 
2952500:Task input_files: "datalog/183" input_files: "datalog/184" compactIntoNextLevel: true destinationLevel: 1 is dead (hb=30)
2952500:Found dead task input_files: "datalog/183" input_files: "datalog/184" compactIntoNextLevel: true destinationLevel: 1
2952500:COMPACT_START sstable=0 input_files: "datalog/183" input_files: "datalog/184" compactIntoNextLevel: true destinationLevel: 1
2952500:COMPACT_ABORT input_files: "datalog/183" input_files: "datalog/184" compactIntoNextLevel: true destinationLevel: 1
2952500:COMPACT_START sstable=0 input_files: "datalog/641" input_files: "datalog/642" compactIntoNextLevel: true destinationLevel: 1
2026-05-01 07:04:12:629 - Compaction started: 
140032409056832:Compacting datalog/641 datalog/642 into:sstable1/c8b16e02-54b6-4331-b35e-db3a9f801727202605010104031777619052632349301.sst
2026-05-01 07:04:12:646 - Compaction completed: 
2952500:COMPACT_START sstable=0 input_files: "datalog/649" input_files: "datalog/650" compactIntoNextLevel: true destinationLevel: 1
2026-05-01 07:04:12:730 - Compaction started: 
140032409056832:Compacting datalog/649 datalog/650 into:sstable1/c8b16e02-54b6-4331-b35e-db3a9f801727202605010104031777619052733439517.sst
2026-05-01 07:04:12:747 - Compaction completed: 
2952500:COMPACT_START sstable=0 input_files: "datalog/657" input_files: "datalog/658" compactIntoNextLevel: true destinationLevel: 1
2026-05-01 07:04:12:833 - Compaction started: 
140032409056832:Compacting datalog/657 datalog/658 into:sstable1/c8b16e02-54b6-4331-b35e-db3a9f801727202605010104031777619052836824685.sst
2026-05-01 07:04:12:851 - Compaction completed: 
2952500:COMPACT_START sstable=0 input_files: "datalog/665" input_files: "datalog/666" compactIntoNextLevel: true destinationLevel: 1
2026-05-01 07:04:12:935 - Compaction started: 
140032409056832:Compacting datalog/665 datalog/666 into:sstable1/c8b16e02-54b6-4331-b35e-db3a9f801727202605010104031777619052938383481.sst
2026-05-01 07:04:12:951 - Compaction completed: 
2952500:COMPACT_START sstable=0 input_files: "datalog/673" input_files: "datalog/674" compactIntoNextLevel: true destinationLevel: 1
2026-05-01 07:04:13:038 - Compaction started: 
140032409056832:Compacting datalog/673 datalog/674 into:sstable1/c8b16e02-54b6-4331-b35e-db3a9f801727202605010104031777619053040900822.sst
2026-05-01 07:04:13:055 - Compaction completed: 
2952500:COMPACT_START sstable=0 input_files: "datalog/681" input_files: "datalog/682" compactIntoNextLevel: true destinationLevel: 1
2026-05-01 07:04:13:140 - Compaction started: 
140032409056832:Compacting datalog/681 datalog/682 into:sstable1/c8b16e02-54b6-4331-b35e-db3a9f801727202605010104031777619053143575919.sst
2026-05-01 07:04:13:157 - Compaction completed: 
2952500:COMPACT_START sstable=0 input_files: "datalog/689" input_files: "datalog/690" compactIntoNextLevel: true destinationLevel: 1
2026-05-01 07:04:13:243 - Compaction started: 
140032409056832:Compacting datalog/689 datalog/690 into:sstable1/c8b16e02-54b6-4331-b35e-db3a9f801727202605010104031777619053246221111.sst
2026-05-01 07:04:13:260 - Compaction completed: 
2952500:COMPACT_START sstable=0 input_files: "datalog/697" input_files: "datalog/698" compactIntoNextLevel: true destinationLevel: 1
2026-05-01 07:04:13:345 - Compaction started: 
140032409056832:Compacting datalog/697 datalog/698 into:sstable1/c8b16e02-54b6-4331-b35e-db3a9f801727202605010104031777619053348182320.sst
2026-05-01 07:04:13:362 - Compaction completed: 
2952500:COMPACT_START sstable=0 input_files: "datalog/705" input_files: "datalog/706" compactIntoNextLevel: true destinationLevel: 1
2026-05-01 07:04:13:447 - Compaction started: 
140032409056832:Compacting datalog/705 datalog/706 into:sstable1/c8b16e02-54b6-4331-b35e-db3a9f801727202605010104031777619053450431609.sst
2026-05-01 07:04:13:464 - Compaction completed: 
2952500:COMPACT_START sstable=0 input_files: "datalog/713" input_files: "datalog/714" compactIntoNextLevel: true destinationLevel: 1
2952500:COMPACT_ABORT input_files: "datalog/713" input_files: "datalog/714" compactIntoNextLevel: true destinationLevel: 1
2952500:COMPACT_START sstable=0 input_files: "datalog/721" input_files: "datalog/722" compactIntoNextLevel: true destinationLevel: 1
2026-05-01 07:04:13:650 - Compaction started: 
140032409056832:Compacting datalog/721 datalog/722 into:sstable1/c8b16e02-54b6-4331-b35e-db3a9f801727202605010104031777619053653665808.sst
2026-05-01 07:04:13:667 - Compaction completed: 
2952500:COMPACT_START sstable=0 input_files: "datalog/729" input_files: "datalog/730" compactIntoNextLevel: true destinationLevel: 1
2026-05-01 07:04:13:751 - Compaction started: 
140032409056832:Compacting datalog/729 datalog/730 into:sstable1/c8b16e02-54b6-4331-b35e-db3a9f801727202605010104031777619053754289730.sst
2026-05-01 07:04:13:808 - Compaction completed: 
2952500:COMPACT_START sstable=0 input_files: "datalog/737" input_files: "datalog/738" compactIntoNextLevel: true destinationLevel: 1
2026-05-01 07:04:13:853 - Compaction started: 
140032409056832:Compacting datalog/737 datalog/738 into:sstable1/c8b16e02-54b6-4331-b35e-db3a9f801727202605010104031777619053855625988.sst
2026-05-01 07:04:13:868 - Compaction completed: 
2952500:Task input_files: "datalog/515" input_files: "datalog/516" compactIntoNextLevel: true destinationLevel: 1 is dead (hb=30)
2952500:Task input_files: "datalog/521" input_files: "datalog/522" compactIntoNextLevel: true destinationLevel: 1 is dead (hb=30)
2952500:Found dead task input_files: "datalog/521" input_files: "datalog/522" compactIntoNextLevel: true destinationLevel: 1
2952500:COMPACT_START sstable=0 input_files: "datalog/521" input_files: "datalog/522" compactIntoNextLevel: true destinationLevel: 1
2026-05-01 07:04:13:954 - Compaction started: 
140032409056832:Compacting datalog/521 datalog/522 into:sstable1/c8b16e02-54b6-4331-b35e-db3a9f801727202605010104031777619053957229266.sst
2026-05-01 07:04:13:972 - Compaction completed: 
2952500:Found dead task input_files: "datalog/515" input_files: "datalog/516" compactIntoNextLevel: true destinationLevel: 1
2952500:COMPACT_START sstable=0 input_files: "datalog/515" input_files: "datalog/516" compactIntoNextLevel: true destinationLevel: 1
2026-05-01 07:04:14:056 - Compaction started: 
140032409056832:Compacting datalog/515 datalog/516 into:sstable1/c8b16e02-54b6-4331-b35e-db3a9f801727202605010104031777619054058822024.sst
2026-05-01 07:04:14:073 - Compaction completed: 
2952500:Task input_files: "datalog/529" input_files: "datalog/530" compactIntoNextLevel: true destinationLevel: 1 is dead (hb=30)
2952500:Task input_files: "datalog/531" input_files: "datalog/532" compactIntoNextLevel: true destinationLevel: 1 is dead (hb=30)
2952500:Task input_files: "datalog/75" input_files: "datalog/76" compactIntoNextLevel: true destinationLevel: 1 is dead (hb=30)
2952500:Found dead task input_files: "datalog/75" input_files: "datalog/76" compactIntoNextLevel: true destinationLevel: 1
2952500:COMPACT_START sstable=0 input_files: "datalog/75" input_files: "datalog/76" compactIntoNextLevel: true destinationLevel: 1
2026-05-01 07:04:14:157 - Compaction started: 
140032409056832:Compacting datalog/75 datalog/76 into:sstable1/c8b16e02-54b6-4331-b35e-db3a9f801727202605010104031777619054161063339.sst
2026-05-01 07:04:14:179 - Compaction completed: 
2952500:COMPACT_START sstable=0 input_files: "datalog/759" input_files: "datalog/760" compactIntoNextLevel: true destinationLevel: 1
2026-05-01 07:04:14:259 - Compaction started: 
140032409056832:Compacting datalog/759 datalog/760 into:sstable1/c8b16e02-54b6-4331-b35e-db3a9f801727202605010104031777619054262828901.sst
2026-05-01 07:04:14:278 - Compaction completed: 
2952500:COMPACT_START sstable=0 input_files: "datalog/767" input_files: "datalog/768" compactIntoNextLevel: true destinationLevel: 1
2952500:COMPACT_ABORT input_files: "datalog/767" input_files: "datalog/768" compactIntoNextLevel: true destinationLevel: 1
2952500:COMPACT_START sstable=0 input_files: "datalog/769" input_files: "datalog/770" compactIntoNextLevel: true destinationLevel: 1
2026-05-01 07:04:14:361 - Compaction started: 
140032409056832:Compacting datalog/769 datalog/770 into:sstable1/c8b16e02-54b6-4331-b35e-db3a9f801727202605010104031777619054364200466.sst
2026-05-01 07:04:14:376 - Compaction completed: 
2952500:COMPACT_START sstable=0 input_files: "datalog/777" input_files: "datalog/778" compactIntoNextLevel: true destinationLevel: 1
2026-05-01 07:04:14:463 - Compaction started: 
140032409056832:Compacting datalog/777 datalog/778 into:sstable1/c8b16e02-54b6-4331-b35e-db3a9f801727202605010104031777619054466200056.sst
2026-05-01 07:04:14:478 - Compaction completed: 
2952500:COMPACT_START sstable=0 input_files: "datalog/785" input_files: "datalog/786" compactIntoNextLevel: true destinationLevel: 1
2026-05-01 07:04:14:565 - Compaction started: 
140032409056832:Compacting datalog/785 datalog/786 into:sstable1/c8b16e02-54b6-4331-b35e-db3a9f801727202605010104031777619054568308141.sst
2026-05-01 07:04:14:580 - Compaction completed: 
2952500:Task input_files: "datalog/573" input_files: "datalog/574" compactIntoNextLevel: true destinationLevel: 1 is dead (hb=30)
2952500:Found dead task input_files: "datalog/573" input_files: "datalog/574" compactIntoNextLevel: true destinationLevel: 1
2952500:COMPACT_START sstable=0 input_files: "datalog/573" input_files: "datalog/574" compactIntoNextLevel: true destinationLevel: 1
2952500:COMPACT_ABORT input_files: "datalog/573" input_files: "datalog/574" compactIntoNextLevel: true destinationLevel: 1
2952500:COMPACT_START sstable=0 input_files: "datalog/795" input_files: "datalog/796" compactIntoNextLevel: true destinationLevel: 1
2026-05-01 07:04:14:668 - Compaction started: 
140032409056832:Compacting datalog/795 datalog/796 into:sstable1/c8b16e02-54b6-4331-b35e-db3a9f801727202605010104031777619054671271268.sst
2026-05-01 07:04:14:685 - Compaction completed: 
2952500:COMPACT_START sstable=0 input_files: "datalog/803" input_files: "datalog/804" compactIntoNextLevel: true destinationLevel: 1
2026-05-01 07:04:14:770 - Compaction started: 
140032409056832:Compacting datalog/803 datalog/804 into:sstable1/c8b16e02-54b6-4331-b35e-db3a9f801727202605010104031777619054772826967.sst
2026-05-01 07:04:14:785 - Compaction completed: 
2952500:COMPACT_START sstable=0 input_files: "datalog/811" input_files: "datalog/812" compactIntoNextLevel: true destinationLevel: 1
2026-05-01 07:04:14:872 - Compaction started: 
140032409056832:Compacting datalog/811 datalog/812 into:sstable1/c8b16e02-54b6-4331-b35e-db3a9f801727202605010104031777619054874908472.sst
2026-05-01 07:04:14:888 - Compaction completed: 
2952500:COMPACT_START sstable=0 input_files: "datalog/821" input_files: "datalog/822" compactIntoNextLevel: true destinationLevel: 1
2026-05-01 07:04:14:974 - Compaction started: 
140032409056832:Compacting datalog/821 datalog/822 into:sstable1/c8b16e02-54b6-4331-b35e-db3a9f801727202605010104031777619054977057624.sst
2026-05-01 07:04:14:991 - Compaction completed: 
2952500:Task input_files: "datalog/603" input_files: "datalog/604" compactIntoNextLevel: true destinationLevel: 1 is dead (hb=30)
2952500:Found dead task input_files: "datalog/603" input_files: "datalog/604" compactIntoNextLevel: true destinationLevel: 1
2952500:COMPACT_START sstable=0 input_files: "datalog/603" input_files: "datalog/604" compactIntoNextLevel: true destinationLevel: 1
2026-05-01 07:04:15:076 - Compaction started: 
140032409056832:Compacting datalog/603 datalog/604 into:sstable1/c8b16e02-54b6-4331-b35e-db3a9f801727202605010104031777619055079318995.sst
2026-05-01 07:04:15:094 - Compaction completed: 
2952500:COMPACT_START sstable=0 input_files: "datalog/835" input_files: "datalog/836" compactIntoNextLevel: true destinationLevel: 1
2026-05-01 07:04:15:177 - Compaction started: 
140032409056832:Compacting datalog/835 datalog/836 into:sstable1/c8b16e02-54b6-4331-b35e-db3a9f801727202605010104031777619055180421635.sst
2026-05-01 07:04:15:192 - Compaction completed: 
2952500:COMPACT_START sstable=0 input_files: "datalog/845" input_files: "datalog/846" compactIntoNextLevel: true destinationLevel: 1
2026-05-01 07:04:15:279 - Compaction started: 
140032409056832:Compacting datalog/845 datalog/846 into:sstable1/c8b16e02-54b6-4331-b35e-db3a9f801727202605010104031777619055282442777.sst
2026-05-01 07:04:15:296 - Compaction completed: 
2952500:COMPACT_START sstable=0 input_files: "datalog/851" input_files: "datalog/852" compactIntoNextLevel: true destinationLevel: 1
2026-05-01 07:04:15:381 - Compaction started: 
140032409056832:Compacting datalog/851 datalog/852 into:sstable1/c8b16e02-54b6-4331-b35e-db3a9f801727202605010104031777619055384000630.sst
2026-05-01 07:04:15:396 - Compaction completed: 
2952500:COMPACT_START sstable=0 input_files: "datalog/859" input_files: "datalog/860" compactIntoNextLevel: true destinationLevel: 1
2026-05-01 07:04:15:482 - Compaction started: 
140032409056832:Compacting datalog/859 datalog/860 into:sstable1/c8b16e02-54b6-4331-b35e-db3a9f801727202605010104031777619055485122586.sst
2026-05-01 07:04:15:498 - Compaction completed: 
2952500:COMPACT_START sstable=0 input_files: "datalog/869" input_files: "datalog/870" compactIntoNextLevel: true destinationLevel: 1
2952500:COMPACT_ABORT input_files: "datalog/869" input_files: "datalog/870" compactIntoNextLevel: true destinationLevel: 1
2952500:COMPACT_START sstable=1 input_files: "sstable1/0fa5cb44-e1f9-4e3e-8e26-448011bfe43b202605010104031777619043938678184.sst" input_files: "sstable1/2ca3f198-b418-400d-8626-9cf6dc6d184c202605010104031777619044035910559.sst" compactIntoNextLevel: true destinationLevel: 2
2026-05-01 07:04:15:685 - Compaction started: 
140032409056832:Compacting sstable1/0fa5cb44-e1f9-4e3e-8e26-448011bfe43b202605010104031777619043938678184.sst sstable1/2ca3f198-b418-400d-8626-9cf6dc6d184c202605010104031777619044035910559.sst into:sstable2/c8b16e02-54b6-4331-b35e-db3a9f801727202605010104031777619055716353004.sst
2026-05-01 07:04:15:753 - Compaction completed: 
2952500:COMPACT_START sstable=1 input_files: "sstable1/0fa5cb44-e1f9-4e3e-8e26-448011bfe43b202605010104031777619044317721722.sst" input_files: "sstable1/9574a2e2-6ca6-4295-b94a-71a4477f8e5b202605010104031777619044239720577.sst" compactIntoNextLevel: true destinationLevel: 2
2026-05-01 07:04:15:786 - Compaction started: 
140032409056832:Compacting sstable1/0fa5cb44-e1f9-4e3e-8e26-448011bfe43b202605010104031777619044317721722.sst sstable1/9574a2e2-6ca6-4295-b94a-71a4477f8e5b202605010104031777619044239720577.sst into:sstable2/c8b16e02-54b6-4331-b35e-db3a9f801727202605010104031777619055810738392.sst
2026-05-01 07:04:15:847 - Compaction completed: 
2952500:COMPACT_START sstable=1 input_files: "sstable1/c8b16e02-54b6-4331-b35e-db3a9f801727202605010104031777619044658732156.sst" input_files: "sstable1/0fa5cb44-e1f9-4e3e-8e26-448011bfe43b202605010104031777619044599821677.sst" compactIntoNextLevel: true destinationLevel: 2
2026-05-01 07:04:15:888 - Compaction started: 
140032409056832:Compacting sstable1/c8b16e02-54b6-4331-b35e-db3a9f801727202605010104031777619044658732156.sst sstable1/0fa5cb44-e1f9-4e3e-8e26-448011bfe43b202605010104031777619044599821677.sst into:sstable2/c8b16e02-54b6-4331-b35e-db3a9f801727202605010104031777619055912454803.sst
2026-05-01 07:04:15:950 - Compaction completed: 
2952500:COMPACT_START sstable=1 input_files: "sstable1/c8b16e02-54b6-4331-b35e-db3a9f801727202605010104031777619044828702140.sst" input_files: "sstable1/2ca3f198-b418-400d-8626-9cf6dc6d184c202605010104031777619044896750929.sst" compactIntoNextLevel: true destinationLevel: 2
2952500:COMPACT_ABORT input_files: "sstable1/c8b16e02-54b6-4331-b35e-db3a9f801727202605010104031777619044828702140.sst" input_files: "sstable1/2ca3f198-b418-400d-8626-9cf6dc6d184c202605010104031777619044896750929.sst" compactIntoNextLevel: true destinationLevel: 2
2952500:COMPACT_START sstable=1 input_files: "sstable1/0fa5cb44-e1f9-4e3e-8e26-448011bfe43b202605010104031777619045042105130.sst" input_files: "sstable1/c8b16e02-54b6-4331-b35e-db3a9f801727202605010104031777619054161063339.sst" compactIntoNextLevel: true destinationLevel: 2
2026-05-01 07:04:16:091 - Compaction started: 
140032409056832:Compacting sstable1/0fa5cb44-e1f9-4e3e-8e26-448011bfe43b202605010104031777619045042105130.sst sstable1/c8b16e02-54b6-4331-b35e-db3a9f801727202605010104031777619054161063339.sst into:sstable2/c8b16e02-54b6-4331-b35e-db3a9f801727202605010104031777619056114648811.sst
2026-05-01 07:04:16:151 - Compaction completed: 
2952500:COMPACT_START sstable=1 input_files: "sstable1/c8b16e02-54b6-4331-b35e-db3a9f801727202605010104031777619045180921545.sst" input_files: "sstable1/2ca3f198-b418-400d-8626-9cf6dc6d184c202605010104031777619045224633434.sst" compactIntoNextLevel: true destinationLevel: 2
2026-05-01 07:04:16:193 - Compaction started: 
140032409056832:Compacting sstable1/c8b16e02-54b6-4331-b35e-db3a9f801727202605010104031777619045180921545.sst sstable1/2ca3f198-b418-400d-8626-9cf6dc6d184c202605010104031777619045224633434.sst into:sstable2/c8b16e02-54b6-4331-b35e-db3a9f801727202605010104031777619056216796510.sst
2026-05-01 07:04:16:253 - Compaction completed: 
2952500:COMPACT_START sstable=1 input_files: "sstable1/c8b16e02-54b6-4331-b35e-db3a9f801727202605010104031777619045381994733.sst" input_files: "sstable1/2ca3f198-b418-400d-8626-9cf6dc6d184c202605010104031777619045429424381.sst" compactIntoNextLevel: true destinationLevel: 2
2026-05-01 07:04:16:295 - Compaction started: 
140032409056832:Compacting sstable1/c8b16e02-54b6-4331-b35e-db3a9f801727202605010104031777619045381994733.sst sstable1/2ca3f198-b418-400d-8626-9cf6dc6d184c202605010104031777619045429424381.sst into:sstable2/c8b16e02-54b6-4331-b35e-db3a9f801727202605010104031777619056318391402.sst
2026-05-01 07:04:16:353 - Compaction completed: 
2952500:COMPACT_START sstable=1 input_files: "sstable1/c8b16e02-54b6-4331-b35e-db3a9f801727202605010104031777619045589919954.sst" input_files: "sstable1/2ca3f198-b418-400d-8626-9cf6dc6d184c202605010104031777619045633705271.sst" compactIntoNextLevel: true destinationLevel: 2
2026-05-01 07:04:16:397 - Compaction started: 
140032409056832:Compacting sstable1/c8b16e02-54b6-4331-b35e-db3a9f801727202605010104031777619045589919954.sst sstable1/2ca3f198-b418-400d-8626-9cf6dc6d184c202605010104031777619045633705271.sst into:sstable2/c8b16e02-54b6-4331-b35e-db3a9f801727202605010104031777619056421195211.sst
2026-05-01 07:04:16:462 - Compaction completed: 
2952500:COMPACT_START sstable=1 input_files: "sstable1/c8b16e02-54b6-4331-b35e-db3a9f801727202605010104031777619048863684621.sst" input_files: "sstable1/2ca3f198-b418-400d-8626-9cf6dc6d184c202605010104031777619045835137973.sst" compactIntoNextLevel: true destinationLevel: 2
2026-05-01 07:04:16:499 - Compaction started: 
140032409056832:Compacting sstable1/c8b16e02-54b6-4331-b35e-db3a9f801727202605010104031777619048863684621.sst sstable1/2ca3f198-b418-400d-8626-9cf6dc6d184c202605010104031777619045835137973.sst into:sstable2/c8b16e02-54b6-4331-b35e-db3a9f801727202605010104031777619056524020440.sst
2026-05-01 07:04:16:561 - Compaction completed: 
2952500:COMPACT_START sstable=1 input_files: "sstable1/c8b16e02-54b6-4331-b35e-db3a9f801727202605010104031777619045989418516.sst" input_files: "sstable1/2ca3f198-b418-400d-8626-9cf6dc6d184c202605010104031777619046037480069.sst" compactIntoNextLevel: true destinationLevel: 2
2026-05-01 07:04:16:601 - Compaction started: 
140032409056832:Compacting sstable1/c8b16e02-54b6-4331-b35e-db3a9f801727202605010104031777619045989418516.sst sstable1/2ca3f198-b418-400d-8626-9cf6dc6d184c202605010104031777619046037480069.sst into:sstable2/c8b16e02-54b6-4331-b35e-db3a9f801727202605010104031777619056623545482.sst
2026-05-01 07:04:16:657 - Compaction completed: 
2952500:COMPACT_START sstable=1 input_files: "sstable1/0fa5cb44-e1f9-4e3e-8e26-448011bfe43b202605010104031777619046160322981.sst" input_files: "sstable1/c8b16e02-54b6-4331-b35e-db3a9f801727202605010104031777619049168561611.sst" compactIntoNextLevel: true destinationLevel: 2
2026-05-01 07:04:16:704 - Compaction started: 
140032409056832:Compacting sstable1/0fa5cb44-e1f9-4e3e-8e26-448011bfe43b202605010104031777619046160322981.sst sstable1/c8b16e02-54b6-4331-b35e-db3a9f801727202605010104031777619049168561611.sst into:sstable2/c8b16e02-54b6-4331-b35e-db3a9f801727202605010104031777619056727024476.sst
2026-05-01 07:04:16:761 - Compaction completed: 
2952500:COMPACT_START sstable=1 input_files: "sstable1/2ca3f198-b418-400d-8626-9cf6dc6d184c202605010104031777619046341281544.sst" input_files: "sstable1/0fa5cb44-e1f9-4e3e-8e26-448011bfe43b202605010104031777619046362261862.sst" compactIntoNextLevel: true destinationLevel: 2
2026-05-01 07:04:16:806 - Compaction started: 
140032409056832:Compacting sstable1/2ca3f198-b418-400d-8626-9cf6dc6d184c202605010104031777619046341281544.sst sstable1/0fa5cb44-e1f9-4e3e-8e26-448011bfe43b202605010104031777619046362261862.sst into:sstable2/c8b16e02-54b6-4331-b35e-db3a9f801727202605010104031777619056828424013.sst
2026-05-01 07:04:16:863 - Compaction completed: 
2952500:COMPACT_START sstable=1 input_files: "sstable1/2ca3f198-b418-400d-8626-9cf6dc6d184c202605010104031777619046544004724.sst" input_files: "sstable1/0fa5cb44-e1f9-4e3e-8e26-448011bfe43b202605010104031777619046564766002.sst" compactIntoNextLevel: true destinationLevel: 2
2026-05-01 07:04:16:908 - Compaction started: 
140032409056832:Compacting sstable1/2ca3f198-b418-400d-8626-9cf6dc6d184c202605010104031777619046544004724.sst sstable1/0fa5cb44-e1f9-4e3e-8e26-448011bfe43b202605010104031777619046564766002.sst into:sstable2/c8b16e02-54b6-4331-b35e-db3a9f801727202605010104031777619056932193261.sst
2026-05-01 07:04:16:970 - Compaction completed: 
2952500:COMPACT_START sstable=1 input_files: "sstable1/2ca3f198-b418-400d-8626-9cf6dc6d184c202605010104031777619046747177097.sst" input_files: "sstable1/0fa5cb44-e1f9-4e3e-8e26-448011bfe43b202605010104031777619046767496335.sst" compactIntoNextLevel: true destinationLevel: 2
2026-05-01 07:04:17:010 - Compaction started: 
140032409056832:Compacting sstable1/2ca3f198-b418-400d-8626-9cf6dc6d184c202605010104031777619046747177097.sst sstable1/0fa5cb44-e1f9-4e3e-8e26-448011bfe43b202605010104031777619046767496335.sst into:sstable2/c8b16e02-54b6-4331-b35e-db3a9f801727202605010104031777619057034269225.sst
2026-05-01 07:04:17:072 - Compaction completed: 
2952500:COMPACT_START sstable=1 input_files: "sstable1/0fa5cb44-e1f9-4e3e-8e26-448011bfe43b202605010104031777619046969710522.sst" input_files: "sstable1/9574a2e2-6ca6-4295-b94a-71a4477f8e5b202605010104031777619046978118863.sst" compactIntoNextLevel: true destinationLevel: 2
2026-05-01 07:04:17:113 - Compaction started: 
140032409056832:Compacting sstable1/0fa5cb44-e1f9-4e3e-8e26-448011bfe43b202605010104031777619046969710522.sst sstable1/9574a2e2-6ca6-4295-b94a-71a4477f8e5b202605010104031777619046978118863.sst into:sstable2/c8b16e02-54b6-4331-b35e-db3a9f801727202605010104031777619057136015021.sst
2026-05-01 07:04:17:173 - Compaction completed: 
2952500:COMPACT_START sstable=1 input_files: "sstable1/9574a2e2-6ca6-4295-b94a-71a4477f8e5b202605010104031777619047180948122.sst" input_files: "sstable1/c8b16e02-54b6-4331-b35e-db3a9f801727202605010104031777619047215451450.sst" compactIntoNextLevel: true destinationLevel: 2
2026-05-01 07:04:17:215 - Compaction started: 
140032409056832:Compacting sstable1/9574a2e2-6ca6-4295-b94a-71a4477f8e5b202605010104031777619047180948122.sst sstable1/c8b16e02-54b6-4331-b35e-db3a9f801727202605010104031777619047215451450.sst into:sstable2/c8b16e02-54b6-4331-b35e-db3a9f801727202605010104031777619057237953167.sst
2026-05-01 07:04:17:275 - Compaction completed: 
2952500:COMPACT_START sstable=1 input_files: "sstable1/9574a2e2-6ca6-4295-b94a-71a4477f8e5b202605010104031777619050443326685.sst" input_files: "sstable1/c8b16e02-54b6-4331-b35e-db3a9f801727202605010104031777619047419229137.sst" compactIntoNextLevel: true destinationLevel: 2
2026-05-01 07:04:17:317 - Compaction started: 
140032409056832:Compacting sstable1/9574a2e2-6ca6-4295-b94a-71a4477f8e5b202605010104031777619050443326685.sst sstable1/c8b16e02-54b6-4331-b35e-db3a9f801727202605010104031777619047419229137.sst into:sstable2/c8b16e02-54b6-4331-b35e-db3a9f801727202605010104031777619057339432302.sst
2026-05-01 07:04:17:375 - Compaction completed: 
2952500:COMPACT_START sstable=1 input_files: "sstable1/c8b16e02-54b6-4331-b35e-db3a9f801727202605010104031777619047521327213.sst" input_files: "sstable1/2ca3f198-b418-400d-8626-9cf6dc6d184c202605010104031777619047564936760.sst" compactIntoNextLevel: true destinationLevel: 2
2026-05-01 07:04:17:423 - Compaction started: 
140032409056832:Compacting sstable1/c8b16e02-54b6-4331-b35e-db3a9f801727202605010104031777619047521327213.sst sstable1/2ca3f198-b418-400d-8626-9cf6dc6d184c202605010104031777619047564936760.sst into:sstable2/c8b16e02-54b6-4331-b35e-db3a9f801727202605010104031777619057448985693.sst
2026-05-01 07:04:17:483 - Compaction completed: 
2952500:COMPACT_START sstable=1 input_files: "sstable1/2ca3f198-b418-400d-8626-9cf6dc6d184c202605010104031777619047769894389.sst" input_files: "sstable1/0fa5cb44-e1f9-4e3e-8e26-448011bfe43b202605010104031777619047793009349.sst" compactIntoNextLevel: true destinationLevel: 2
2026-05-01 07:04:17:526 - Compaction started: 
140032409056832:Compacting sstable1/2ca3f198-b418-400d-8626-9cf6dc6d184c202605010104031777619047769894389.sst sstable1/0fa5cb44-e1f9-4e3e-8e26-448011bfe43b202605010104031777619047793009349.sst into:sstable2/c8b16e02-54b6-4331-b35e-db3a9f801727202605010104031777619057548816589.sst
2026-05-01 07:04:17:583 - Compaction completed: 
2952500:Task input_files: "datalog/573" input_files: "datalog/574" compactIntoNextLevel: true destinationLevel: 1 is dead (hb=30)
2952500:Found dead task input_files: "datalog/573" input_files: "datalog/574" compactIntoNextLevel: true destinationLevel: 1
2952500:COMPACT_START sstable=0 input_files: "datalog/573" input_files: "datalog/574" compactIntoNextLevel: true destinationLevel: 1
2026-05-01 07:04:17:630 - Compaction started: 
140032409056832:Compacting datalog/573 datalog/574 into:sstable1/c8b16e02-54b6-4331-b35e-db3a9f801727202605010104031777619057634106518.sst
2026-05-01 07:04:17:648 - Compaction completed: 
2952500:COMPACT_START sstable=1 input_files: "sstable1/0fa5cb44-e1f9-4e3e-8e26-448011bfe43b202605010104031777619048100701557.sst" input_files: "sstable1/9574a2e2-6ca6-4295-b94a-71a4477f8e5b202605010104031777619051154038595.sst" compactIntoNextLevel: true destinationLevel: 2
2026-05-01 07:04:17:733 - Compaction started: 
140032409056832:Compacting sstable1/0fa5cb44-e1f9-4e3e-8e26-448011bfe43b202605010104031777619048100701557.sst sstable1/9574a2e2-6ca6-4295-b94a-71a4477f8e5b202605010104031777619051154038595.sst into:sstable2/c8b16e02-54b6-4331-b35e-db3a9f801727202605010104031777619057754578556.sst
2026-05-01 07:04:17:788 - Compaction completed: 
2952500:COMPACT_START sstable=1 input_files: "sstable1/9574a2e2-6ca6-4295-b94a-71a4477f8e5b202605010104031777619048308256384.sst" input_files: "sstable1/2ca3f198-b418-400d-8626-9cf6dc6d184c202605010104031777619048384576388.sst" compactIntoNextLevel: true destinationLevel: 2
2026-05-01 07:04:17:836 - Compaction started: 
140032409056832:Compacting sstable1/9574a2e2-6ca6-4295-b94a-71a4477f8e5b202605010104031777619048308256384.sst sstable1/2ca3f198-b418-400d-8626-9cf6dc6d184c202605010104031777619048384576388.sst into:sstable2/c8b16e02-54b6-4331-b35e-db3a9f801727202605010104031777619057855898974.sst
2026-05-01 07:04:17:886 - Compaction completed: 
2952500:COMPACT_START sstable=1 input_files: "sstable1/0fa5cb44-e1f9-4e3e-8e26-448011bfe43b202605010104031777619048511468061.sst" input_files: "sstable1/9574a2e2-6ca6-4295-b94a-71a4477f8e5b202605010104031777619048514316069.sst" compactIntoNextLevel: true destinationLevel: 2
2026-05-01 07:04:17:939 - Compaction started: 
140032409056832:Compacting sstable1/0fa5cb44-e1f9-4e3e-8e26-448011bfe43b202605010104031777619048511468061.sst sstable1/9574a2e2-6ca6-4295-b94a-71a4477f8e5b202605010104031777619048514316069.sst into:sstable2/c8b16e02-54b6-4331-b35e-db3a9f801727202605010104031777619057960661795.sst
2026-05-01 07:04:17:994 - Compaction completed: 
2952500:COMPACT_START sstable=1 input_files: "sstable1/c8b16e02-54b6-4331-b35e-db3a9f801727202605010104031777619048658606225.sst" input_files: "sstable1/2ca3f198-b418-400d-8626-9cf6dc6d184c202605010104031777619048691818372.sst" compactIntoNextLevel: true destinationLevel: 2
2026-05-01 07:04:18:043 - Compaction started: 
140032409056832:Compacting sstable1/c8b16e02-54b6-4331-b35e-db3a9f801727202605010104031777619048658606225.sst sstable1/2ca3f198-b418-400d-8626-9cf6dc6d184c202605010104031777619048691818372.sst into:sstable2/c8b16e02-54b6-4331-b35e-db3a9f801727202605010104031777619058064581686.sst
2026-05-01 07:04:18:098 - Compaction completed: 
2952500:COMPACT_START sstable=1 input_files: "sstable1/0fa5cb44-e1f9-4e3e-8e26-448011bfe43b202605010104031777619051967634534.sst" input_files: "sstable1/0fa5cb44-e1f9-4e3e-8e26-448011bfe43b202605010104031777619048919904947.sst" compactIntoNextLevel: true destinationLevel: 2
2026-05-01 07:04:18:146 - Compaction started: 
140032409056832:Compacting sstable1/0fa5cb44-e1f9-4e3e-8e26-448011bfe43b202605010104031777619051967634534.sst sstable1/0fa5cb44-e1f9-4e3e-8e26-448011bfe43b202605010104031777619048919904947.sst into:sstable2/c8b16e02-54b6-4331-b35e-db3a9f801727202605010104031777619058167787458.sst
2026-05-01 07:04:18:201 - Compaction completed: 
2952500:COMPACT_START sstable=1 input_files: "sstable1/0fa5cb44-e1f9-4e3e-8e26-448011bfe43b202605010104031777619049020787174.sst" input_files: "sstable1/9574a2e2-6ca6-4295-b94a-71a4477f8e5b202605010104031777619049023411644.sst" compactIntoNextLevel: true destinationLevel: 2
2026-05-01 07:04:18:250 - Compaction started: 
140032409056832:Compacting sstable1/0fa5cb44-e1f9-4e3e-8e26-448011bfe43b202605010104031777619049020787174.sst sstable1/9574a2e2-6ca6-4295-b94a-71a4477f8e5b202605010104031777619049023411644.sst into:sstable2/c8b16e02-54b6-4331-b35e-db3a9f801727202605010104031777619058269183498.sst
2026-05-01 07:04:18:299 - Compaction completed: 
2952500:COMPACT_START sstable=1 input_files: "sstable1/2ca3f198-b418-400d-8626-9cf6dc6d184c202605010104031777619049200709864.sst" input_files: "sstable1/0fa5cb44-e1f9-4e3e-8e26-448011bfe43b202605010104031777619049224571704.sst" compactIntoNextLevel: true destinationLevel: 2
2026-05-01 07:04:18:352 - Compaction started: 
140032409056832:Compacting sstable1/2ca3f198-b418-400d-8626-9cf6dc6d184c202605010104031777619049200709864.sst sstable1/0fa5cb44-e1f9-4e3e-8e26-448011bfe43b202605010104031777619049224571704.sst into:sstable2/c8b16e02-54b6-4331-b35e-db3a9f801727202605010104031777619058373331897.sst
2026-05-01 07:04:18:405 - Compaction completed: 
2952500:COMPACT_START sstable=1 input_files: "sstable1/0fa5cb44-e1f9-4e3e-8e26-448011bfe43b202605010104031777619052487437709.sst" input_files: "sstable1/9574a2e2-6ca6-4295-b94a-71a4477f8e5b202605010104031777619049429400541.sst" compactIntoNextLevel: true destinationLevel: 2
2952500:COMPACT_ABORT input_files: "sstable1/0fa5cb44-e1f9-4e3e-8e26-448011bfe43b202605010104031777619052487437709.sst" input_files: "sstable1/9574a2e2-6ca6-4295-b94a-71a4477f8e5b202605010104031777619049429400541.sst" compactIntoNextLevel: true destinationLevel: 2
2952500:COMPACT_START sstable=1 input_files: "sstable1/2ca3f198-b418-400d-8626-9cf6dc6d184c202605010104031777619049606706937.sst" input_files: "sstable1/0fa5cb44-e1f9-4e3e-8e26-448011bfe43b202605010104031777619049630434866.sst" compactIntoNextLevel: true destinationLevel: 2
2026-05-01 07:04:18:557 - Compaction started: 
140032409056832:Compacting sstable1/2ca3f198-b418-400d-8626-9cf6dc6d184c202605010104031777619049606706937.sst sstable1/0fa5cb44-e1f9-4e3e-8e26-448011bfe43b202605010104031777619049630434866.sst into:sstable2/c8b16e02-54b6-4331-b35e-db3a9f801727202605010104031777619058577748742.sst
2026-05-01 07:04:18:608 - Compaction completed: 
2952500:Task input_files: "datalog/869" input_files: "datalog/870" compactIntoNextLevel: true destinationLevel: 1 is dead (hb=30)
2952500:Found dead task input_files: "datalog/869" input_files: "datalog/870" compactIntoNextLevel: true destinationLevel: 1
2952500:COMPACT_START sstable=0 input_files: "datalog/869" input_files: "datalog/870" compactIntoNextLevel: true destinationLevel: 1
2026-05-01 07:04:18:661 - Compaction started: 
140032409056832:Compacting datalog/869 datalog/870 into:sstable1/c8b16e02-54b6-4331-b35e-db3a9f801727202605010104031777619058663726049.sst
2026-05-01 07:04:18:676 - Compaction completed: 
2952500:Task input_files: "sstable1/2ca3f198-b418-400d-8626-9cf6dc6d184c202605010104031777619044152673144.sst" input_files: "sstable1/0fa5cb44-e1f9-4e3e-8e26-448011bfe43b202605010104031777619047174289050.sst" compactIntoNextLevel: true destinationLevel: 2 is dead (hb=30)
2952500:Found dead task input_files: "sstable1/2ca3f198-b418-400d-8626-9cf6dc6d184c202605010104031777619044152673144.sst" input_files: "sstable1/0fa5cb44-e1f9-4e3e-8e26-448011bfe43b202605010104031777619047174289050.sst" compactIntoNextLevel: true destinationLevel: 2
2952500:COMPACT_START sstable=1 input_files: "sstable1/2ca3f198-b418-400d-8626-9cf6dc6d184c202605010104031777619044152673144.sst" input_files: "sstable1/0fa5cb44-e1f9-4e3e-8e26-448011bfe43b202605010104031777619047174289050.sst" compactIntoNextLevel: true destinationLevel: 2
2026-05-01 07:04:18:764 - Compaction started: 
140032409056832:Compacting sstable1/2ca3f198-b418-400d-8626-9cf6dc6d184c202605010104031777619044152673144.sst sstable1/0fa5cb44-e1f9-4e3e-8e26-448011bfe43b202605010104031777619047174289050.sst into:sstable2/c8b16e02-54b6-4331-b35e-db3a9f801727202605010104031777619058786613846.sst
2026-05-01 07:04:18:823 - Compaction completed: 
2952500:COMPACT_START sstable=1 input_files: "sstable1/9574a2e2-6ca6-4295-b94a-71a4477f8e5b202605010104031777619050138528782.sst" input_files: "sstable1/c8b16e02-54b6-4331-b35e-db3a9f801727202605010104031777619050183755271.sst" compactIntoNextLevel: true destinationLevel: 2
2026-05-01 07:04:18:867 - Compaction started: 
140032409056832:Compacting sstable1/9574a2e2-6ca6-4295-b94a-71a4477f8e5b202605010104031777619050138528782.sst sstable1/c8b16e02-54b6-4331-b35e-db3a9f801727202605010104031777619050183755271.sst into:sstable2/c8b16e02-54b6-4331-b35e-db3a9f801727202605010104031777619058891076523.sst
2026-05-01 07:04:18:921 - Compaction completed: 
2952500:Task input_files: "sstable1/0fa5cb44-e1f9-4e3e-8e26-448011bfe43b202605010104031777619044489488855.sst" input_files: "sstable1/9574a2e2-6ca6-4295-b94a-71a4477f8e5b202605010104031777619044567695455.sst" compactIntoNextLevel: true destinationLevel: 2 is dead (hb=30)
2952500:Found dead task input_files: "sstable1/0fa5cb44-e1f9-4e3e-8e26-448011bfe43b202605010104031777619044489488855.sst" input_files: "sstable1/9574a2e2-6ca6-4295-b94a-71a4477f8e5b202605010104031777619044567695455.sst" compactIntoNextLevel: true destinationLevel: 2
2952500:COMPACT_START sstable=1 input_files: "sstable1/0fa5cb44-e1f9-4e3e-8e26-448011bfe43b202605010104031777619044489488855.sst" input_files: "sstable1/9574a2e2-6ca6-4295-b94a-71a4477f8e5b202605010104031777619044567695455.sst" compactIntoNextLevel: true destinationLevel: 2
2026-05-01 07:04:18:970 - Compaction started: 
140032409056832:Compacting sstable1/0fa5cb44-e1f9-4e3e-8e26-448011bfe43b202605010104031777619044489488855.sst sstable1/9574a2e2-6ca6-4295-b94a-71a4477f8e5b202605010104031777619044567695455.sst into:sstable2/c8b16e02-54b6-4331-b35e-db3a9f801727202605010104031777619058995154010.sst
2026-05-01 07:04:19:035 - Compaction completed: 
2952500:Task input_files: "sstable1/c8b16e02-54b6-4331-b35e-db3a9f801727202605010104031777619044828702140.sst" input_files: "sstable1/2ca3f198-b418-400d-8626-9cf6dc6d184c202605010104031777619044896750929.sst" compactIntoNextLevel: true destinationLevel: 2 is dead (hb=30)
2952500:Found dead task input_files: "sstable1/c8b16e02-54b6-4331-b35e-db3a9f801727202605010104031777619044828702140.sst" input_files: "sstable1/2ca3f198-b418-400d-8626-9cf6dc6d184c202605010104031777619044896750929.sst" compactIntoNextLevel: true destinationLevel: 2
2952500:COMPACT_START sstable=1 input_files: "sstable1/c8b16e02-54b6-4331-b35e-db3a9f801727202605010104031777619044828702140.sst" input_files: "sstable1/2ca3f198-b418-400d-8626-9cf6dc6d184c202605010104031777619044896750929.sst" compactIntoNextLevel: true destinationLevel: 2
2026-05-01 07:04:19:072 - Compaction started: 
140032409056832:Compacting sstable1/c8b16e02-54b6-4331-b35e-db3a9f801727202605010104031777619044828702140.sst sstable1/2ca3f198-b418-400d-8626-9cf6dc6d184c202605010104031777619044896750929.sst into:sstable2/c8b16e02-54b6-4331-b35e-db3a9f801727202605010104031777619059097042673.sst
2026-05-01 07:04:19:135 - Compaction completed: 
2952500:COMPACT_START sstable=1 input_files: "sstable1/9574a2e2-6ca6-4295-b94a-71a4477f8e5b202605010104031777619050748120610.sst" input_files: "sstable1/c8b16e02-54b6-4331-b35e-db3a9f801727202605010104031777619050794561785.sst" compactIntoNextLevel: true destinationLevel: 2
2026-05-01 07:04:19:174 - Compaction started: 
140032409056832:Compacting sstable1/9574a2e2-6ca6-4295-b94a-71a4477f8e5b202605010104031777619050748120610.sst sstable1/c8b16e02-54b6-4331-b35e-db3a9f801727202605010104031777619050794561785.sst into:sstable2/c8b16e02-54b6-4331-b35e-db3a9f801727202605010104031777619059193817049.sst
2026-05-01 07:04:19:223 - Compaction completed: 
2952500:COMPACT_START sstable=1 input_files: "sstable1/9574a2e2-6ca6-4295-b94a-71a4477f8e5b202605010104031777619054223244609.sst" input_files: "sstable1/0fa5cb44-e1f9-4e3e-8e26-448011bfe43b202605010104031777619054224656235.sst" compactIntoNextLevel: true destinationLevel: 2
2026-05-01 07:04:19:276 - Compaction started: 
140032409056832:Compacting sstable1/9574a2e2-6ca6-4295-b94a-71a4477f8e5b202605010104031777619054223244609.sst sstable1/0fa5cb44-e1f9-4e3e-8e26-448011bfe43b202605010104031777619054224656235.sst into:sstable2/c8b16e02-54b6-4331-b35e-db3a9f801727202605010104031777619059295259637.sst
2026-05-01 07:04:19:325 - Compaction completed: 
2952500:COMPACT_START sstable=1 input_files: "sstable1/2ca3f198-b418-400d-8626-9cf6dc6d184c202605010104031777619051331890784.sst" input_files: "sstable1/0fa5cb44-e1f9-4e3e-8e26-448011bfe43b202605010104031777619051356795408.sst" compactIntoNextLevel: true destinationLevel: 2
2026-05-01 07:04:19:378 - Compaction started: 
140032409056832:Compacting sstable1/2ca3f198-b418-400d-8626-9cf6dc6d184c202605010104031777619051331890784.sst sstable1/0fa5cb44-e1f9-4e3e-8e26-448011bfe43b202605010104031777619051356795408.sst into:sstable2/c8b16e02-54b6-4331-b35e-db3a9f801727202605010104031777619059397947949.sst
2026-05-01 07:04:19:428 - Compaction completed: 
2952500:Task input_files: "sstable1/0fa5cb44-e1f9-4e3e-8e26-448011bfe43b202605010104031777619045553867703.sst" input_files: "sstable1/9574a2e2-6ca6-4295-b94a-71a4477f8e5b202605010104031777619045562800338.sst" compactIntoNextLevel: true destinationLevel: 2 is dead (hb=30)
2952500:Found dead task input_files: "sstable1/0fa5cb44-e1f9-4e3e-8e26-448011bfe43b202605010104031777619045553867703.sst" input_files: "sstable1/9574a2e2-6ca6-4295-b94a-71a4477f8e5b202605010104031777619045562800338.sst" compactIntoNextLevel: true destinationLevel: 2
2952500:COMPACT_START sstable=1 input_files: "sstable1/0fa5cb44-e1f9-4e3e-8e26-448011bfe43b202605010104031777619045553867703.sst" input_files: "sstable1/9574a2e2-6ca6-4295-b94a-71a4477f8e5b202605010104031777619045562800338.sst" compactIntoNextLevel: true destinationLevel: 2
2026-05-01 07:04:19:480 - Compaction started: 
140032409056832:Compacting sstable1/0fa5cb44-e1f9-4e3e-8e26-448011bfe43b202605010104031777619045553867703.sst sstable1/9574a2e2-6ca6-4295-b94a-71a4477f8e5b202605010104031777619045562800338.sst into:sstable2/c8b16e02-54b6-4331-b35e-db3a9f801727202605010104031777619059503783110.sst
2026-05-01 07:04:19:540 - Compaction completed: 
2952500:COMPACT_START sstable=1 input_files: "sstable1/0fa5cb44-e1f9-4e3e-8e26-448011bfe43b202605010104031777619051662395094.sst" input_files: "sstable1/9574a2e2-6ca6-4295-b94a-71a4477f8e5b202605010104031777619051662001686.sst" compactIntoNextLevel: true destinationLevel: 2
2026-05-01 07:04:19:582 - Compaction started: 
140032409056832:Compacting sstable1/0fa5cb44-e1f9-4e3e-8e26-448011bfe43b202605010104031777619051662395094.sst sstable1/9574a2e2-6ca6-4295-b94a-71a4477f8e5b202605010104031777619051662001686.sst into:sstable2/c8b16e02-54b6-4331-b35e-db3a9f801727202605010104031777619059602523261.sst
2026-05-01 07:04:19:632 - Compaction completed: 
2952500:COMPACT_START sstable=1 input_files: "sstable1/0fa5cb44-e1f9-4e3e-8e26-448011bfe43b202605010104031777619051865425410.sst" input_files: "sstable1/9574a2e2-6ca6-4295-b94a-71a4477f8e5b202605010104031777619051865758013.sst" compactIntoNextLevel: true destinationLevel: 2
2952500:COMPACT_ABORT input_files: "sstable1/0fa5cb44-e1f9-4e3e-8e26-448011bfe43b202605010104031777619051865425410.sst" input_files: "sstable1/9574a2e2-6ca6-4295-b94a-71a4477f8e5b202605010104031777619051865758013.sst" compactIntoNextLevel: true destinationLevel: 2
2952500:COMPACT_START sstable=1 input_files: "sstable1/c8b16e02-54b6-4331-b35e-db3a9f801727202605010104031777619051913922449.sst" input_files: "sstable1/c8b16e02-54b6-4331-b35e-db3a9f801727202605010104031777619052016168382.sst" compactIntoNextLevel: true destinationLevel: 2
2026-05-01 07:04:19:686 - Compaction started: 
140032409056832:Compacting sstable1/c8b16e02-54b6-4331-b35e-db3a9f801727202605010104031777619051913922449.sst sstable1/c8b16e02-54b6-4331-b35e-db3a9f801727202605010104031777619052016168382.sst into:sstable2/c8b16e02-54b6-4331-b35e-db3a9f801727202605010104031777619059704741372.sst
2026-05-01 07:04:19:733 - Compaction completed: 
2952500:Task input_files: "datalog/713" input_files: "datalog/714" compactIntoNextLevel: true destinationLevel: 1 is dead (hb=30)
2952500:Found dead task input_files: "datalog/713" input_files: "datalog/714" compactIntoNextLevel: true destinationLevel: 1
2952500:COMPACT_START sstable=0 input_files: "datalog/713" input_files: "datalog/714" compactIntoNextLevel: true destinationLevel: 1
2026-05-01 07:04:19:788 - Compaction started: 
140032409056832:Compacting datalog/713 datalog/714 into:sstable1/c8b16e02-54b6-4331-b35e-db3a9f801727202605010104031777619059792141025.sst
2026-05-01 07:04:19:805 - Compaction completed: 
2952500:COMPACT_START sstable=1 input_files: "sstable1/0fa5cb44-e1f9-4e3e-8e26-448011bfe43b202605010104031777619052384507003.sst" input_files: "sstable1/9574a2e2-6ca6-4295-b94a-71a4477f8e5b202605010104031777619052386005322.sst" compactIntoNextLevel: true destinationLevel: 2
2026-05-01 07:04:19:891 - Compaction started: 
140032409056832:Compacting sstable1/0fa5cb44-e1f9-4e3e-8e26-448011bfe43b202605010104031777619052384507003.sst sstable1/9574a2e2-6ca6-4295-b94a-71a4477f8e5b202605010104031777619052386005322.sst into:sstable2/c8b16e02-54b6-4331-b35e-db3a9f801727202605010104031777619059910288586.sst
2026-05-01 07:04:19:939 - Compaction completed: 
2952500:Task input_files: "sstable1/9574a2e2-6ca6-4295-b94a-71a4477f8e5b202605010104031777619046370605773.sst" input_files: "sstable1/0fa5cb44-e1f9-4e3e-8e26-448011bfe43b202605010104031777619055644200552.sst" compactIntoNextLevel: true destinationLevel: 2 is dead (hb=30)
2952500:Found dead task input_files: "sstable1/9574a2e2-6ca6-4295-b94a-71a4477f8e5b202605010104031777619046370605773.sst" input_files: "sstable1/0fa5cb44-e1f9-4e3e-8e26-448011bfe43b202605010104031777619055644200552.sst" compactIntoNextLevel: true destinationLevel: 2
2952500:COMPACT_START sstable=1 input_files: "sstable1/9574a2e2-6ca6-4295-b94a-71a4477f8e5b202605010104031777619046370605773.sst" input_files: "sstable1/0fa5cb44-e1f9-4e3e-8e26-448011bfe43b202605010104031777619055644200552.sst" compactIntoNextLevel: true destinationLevel: 2
2026-05-01 07:04:19:994 - Compaction started: 
140032409056832:Compacting sstable1/9574a2e2-6ca6-4295-b94a-71a4477f8e5b202605010104031777619046370605773.sst sstable1/0fa5cb44-e1f9-4e3e-8e26-448011bfe43b202605010104031777619055644200552.sst into:sstable2/c8b16e02-54b6-4331-b35e-db3a9f801727202605010104031777619060017447969.sst
2026-05-01 07:04:20:052 - Compaction completed: 
2952500:COMPACT_START sstable=1 input_files: "sstable1/0fa5cb44-e1f9-4e3e-8e26-448011bfe43b202605010104031777619052693203243.sst" input_files: "sstable1/9574a2e2-6ca6-4295-b94a-71a4477f8e5b202605010104031777619055747917342.sst" compactIntoNextLevel: true destinationLevel: 2
2026-05-01 07:04:20:097 - Compaction started: 
140032409056832:Compacting sstable1/0fa5cb44-e1f9-4e3e-8e26-448011bfe43b202605010104031777619052693203243.sst sstable1/9574a2e2-6ca6-4295-b94a-71a4477f8e5b202605010104031777619055747917342.sst into:sstable2/c8b16e02-54b6-4331-b35e-db3a9f801727202605010104031777619060116830735.sst
2026-05-01 07:04:20:146 - Compaction completed: 
2952500:COMPACT_START sstable=1 input_files: "sstable1/0fa5cb44-e1f9-4e3e-8e26-448011bfe43b202605010104031777619052897212594.sst" input_files: "sstable1/9574a2e2-6ca6-4295-b94a-71a4477f8e5b202605010104031777619052898924864.sst" compactIntoNextLevel: true destinationLevel: 2
2952500:COMPACT_ABORT input_files: "sstable1/0fa5cb44-e1f9-4e3e-8e26-448011bfe43b202605010104031777619052897212594.sst" input_files: "sstable1/9574a2e2-6ca6-4295-b94a-71a4477f8e5b202605010104031777619052898924864.sst" compactIntoNextLevel: true destinationLevel: 2
2952500:COMPACT_START sstable=1 input_files: "sstable1/c8b16e02-54b6-4331-b35e-db3a9f801727202605010104031777619052938383481.sst" input_files: "sstable1/2ca3f198-b418-400d-8626-9cf6dc6d184c202605010104031777619052962265168.sst" compactIntoNextLevel: true destinationLevel: 2
2952500:COMPACT_ABORT input_files: "sstable1/c8b16e02-54b6-4331-b35e-db3a9f801727202605010104031777619052938383481.sst" input_files: "sstable1/2ca3f198-b418-400d-8626-9cf6dc6d184c202605010104031777619052962265168.sst" compactIntoNextLevel: true destinationLevel: 2
2952500:COMPACT_START sstable=1 input_files: "sstable1/0fa5cb44-e1f9-4e3e-8e26-448011bfe43b202605010104031777619052998802377.sst" input_files: "sstable1/9574a2e2-6ca6-4295-b94a-71a4477f8e5b202605010104031777619053001217905.sst" compactIntoNextLevel: true destinationLevel: 2
2026-05-01 07:04:20:212 - Compaction started: 
140032409056832:Compacting sstable1/0fa5cb44-e1f9-4e3e-8e26-448011bfe43b202605010104031777619052998802377.sst sstable1/9574a2e2-6ca6-4295-b94a-71a4477f8e5b202605010104031777619053001217905.sst into:sstable2/c8b16e02-54b6-4331-b35e-db3a9f801727202605010104031777619060230627571.sst
2026-05-01 07:04:20:259 - Compaction completed: 
2952500:COMPACT_START sstable=1 input_files: "sstable1/0fa5cb44-e1f9-4e3e-8e26-448011bfe43b202605010104031777619053203691628.sst" input_files: "sstable1/9574a2e2-6ca6-4295-b94a-71a4477f8e5b202605010104031777619053205687750.sst" compactIntoNextLevel: true destinationLevel: 2
2026-05-01 07:04:20:313 - Compaction started: 
140032409056832:Compacting sstable1/0fa5cb44-e1f9-4e3e-8e26-448011bfe43b202605010104031777619053203691628.sst sstable1/9574a2e2-6ca6-4295-b94a-71a4477f8e5b202605010104031777619053205687750.sst into:sstable2/c8b16e02-54b6-4331-b35e-db3a9f801727202605010104031777619060331799580.sst
2026-05-01 07:04:20:360 - Compaction completed: 
2952500:COMPACT_START sstable=1 input_files: "sstable1/0fa5cb44-e1f9-4e3e-8e26-448011bfe43b202605010104031777619053409767012.sst" input_files: "sstable1/9574a2e2-6ca6-4295-b94a-71a4477f8e5b202605010104031777619053410239468.sst" compactIntoNextLevel: true destinationLevel: 2
2026-05-01 07:04:20:415 - Compaction started: 
140032409056832:Compacting sstable1/0fa5cb44-e1f9-4e3e-8e26-448011bfe43b202605010104031777619053409767012.sst sstable1/9574a2e2-6ca6-4295-b94a-71a4477f8e5b202605010104031777619053410239468.sst into:sstable2/c8b16e02-54b6-4331-b35e-db3a9f801727202605010104031777619060433282763.sst
2026-05-01 07:04:20:460 - Compaction completed: 
2952500:COMPACT_START sstable=1 input_files: "sstable1/0fa5cb44-e1f9-4e3e-8e26-448011bfe43b202605010104031777619053613395339.sst" input_files: "sstable1/9574a2e2-6ca6-4295-b94a-71a4477f8e5b202605010104031777619053614110400.sst" compactIntoNextLevel: true destinationLevel: 2
2026-05-01 07:04:20:517 - Compaction started: 
140032409056832:Compacting sstable1/0fa5cb44-e1f9-4e3e-8e26-448011bfe43b202605010104031777619053613395339.sst sstable1/9574a2e2-6ca6-4295-b94a-71a4477f8e5b202605010104031777619053614110400.sst into:sstable2/c8b16e02-54b6-4331-b35e-db3a9f801727202605010104031777619060534460674.sst
2026-05-01 07:04:20:561 - Compaction completed: 
2952500:COMPACT_START sstable=1 input_files: "sstable1/0fa5cb44-e1f9-4e3e-8e26-448011bfe43b202605010104031777619053816598941.sst" input_files: "sstable1/9574a2e2-6ca6-4295-b94a-71a4477f8e5b202605010104031777619053816866462.sst" compactIntoNextLevel: true destinationLevel: 2
2026-05-01 07:04:20:619 - Compaction started: 
140032409056832:Compacting sstable1/0fa5cb44-e1f9-4e3e-8e26-448011bfe43b202605010104031777619053816598941.sst sstable1/9574a2e2-6ca6-4295-b94a-71a4477f8e5b202605010104031777619053816866462.sst into:sstable2/c8b16e02-54b6-4331-b35e-db3a9f801727202605010104031777619060635474457.sst
2026-05-01 07:04:20:661 - Compaction completed: 
2952500:COMPACT_START sstable=1 input_files: "sstable1/0fa5cb44-e1f9-4e3e-8e26-448011bfe43b202605010104031777619054020422033.sst" input_files: "sstable1/2ca3f198-b418-400d-8626-9cf6dc6d184c202605010104031777619054080681561.sst" compactIntoNextLevel: true destinationLevel: 2
2952500:COMPACT_ABORT input_files: "sstable1/0fa5cb44-e1f9-4e3e-8e26-448011bfe43b202605010104031777619054020422033.sst" input_files: "sstable1/2ca3f198-b418-400d-8626-9cf6dc6d184c202605010104031777619054080681561.sst" compactIntoNextLevel: true destinationLevel: 2
2952500:COMPACT_START sstable=1 input_files: "sstable1/9574a2e2-6ca6-4295-b94a-71a4477f8e5b202605010104031777619054121491500.sst" input_files: "sstable1/0fa5cb44-e1f9-4e3e-8e26-448011bfe43b202605010104031777619054122199828.sst" compactIntoNextLevel: true destinationLevel: 2
2026-05-01 07:04:20:721 - Compaction started: 
140032409056832:Compacting sstable1/9574a2e2-6ca6-4295-b94a-71a4477f8e5b202605010104031777619054121491500.sst sstable1/0fa5cb44-e1f9-4e3e-8e26-448011bfe43b202605010104031777619054122199828.sst into:sstable2/c8b16e02-54b6-4331-b35e-db3a9f801727202605010104031777619060737860964.sst
2026-05-01 07:04:20:763 - Compaction completed: 
2952500:COMPACT_START sstable=1 input_files: "sstable1/c8b16e02-54b6-4331-b35e-db3a9f801727202605010104031777619054364200466.sst" input_files: "sstable1/2ca3f198-b418-400d-8626-9cf6dc6d184c202605010104031777619054385734521.sst" compactIntoNextLevel: true destinationLevel: 2
2026-05-01 07:04:20:823 - Compaction started: 
140032409056832:Compacting sstable1/c8b16e02-54b6-4331-b35e-db3a9f801727202605010104031777619054364200466.sst sstable1/2ca3f198-b418-400d-8626-9cf6dc6d184c202605010104031777619054385734521.sst into:sstable2/c8b16e02-54b6-4331-b35e-db3a9f801727202605010104031777619060841208211.sst
2026-05-01 07:04:20:868 - Compaction completed: 
2952500:COMPACT_START sstable=1 input_files: "sstable1/9574a2e2-6ca6-4295-b94a-71a4477f8e5b202605010104031777619054528157347.sst" input_files: "sstable1/0fa5cb44-e1f9-4e3e-8e26-448011bfe43b202605010104031777619054527798875.sst" compactIntoNextLevel: true destinationLevel: 2
2026-05-01 07:04:20:931 - Compaction started: 
140032409056832:Compacting sstable1/9574a2e2-6ca6-4295-b94a-71a4477f8e5b202605010104031777619054528157347.sst sstable1/0fa5cb44-e1f9-4e3e-8e26-448011bfe43b202605010104031777619054527798875.sst into:sstable2/c8b16e02-54b6-4331-b35e-db3a9f801727202605010104031777619060947719259.sst
2026-05-01 07:04:20:972 - Compaction completed: 
2952500:COMPACT_START sstable=1 input_files: "sstable1/2ca3f198-b418-400d-8626-9cf6dc6d184c202605010104031777619054691127379.sst" input_files: "sstable1/9574a2e2-6ca6-4295-b94a-71a4477f8e5b202605010104031777619054731763022.sst" compactIntoNextLevel: true destinationLevel: 2
2026-05-01 07:04:21:044 - Compaction started: 
140032409056832:Compacting sstable1/2ca3f198-b418-400d-8626-9cf6dc6d184c202605010104031777619054691127379.sst sstable1/9574a2e2-6ca6-4295-b94a-71a4477f8e5b202605010104031777619054731763022.sst into:sstable2/c8b16e02-54b6-4331-b35e-db3a9f801727202605010104031777619061061478805.sst
2026-05-01 07:04:21:087 - Compaction completed: 
2952500:COMPACT_START sstable=1 input_files: "sstable1/2ca3f198-b418-400d-8626-9cf6dc6d184c202605010104031777619054894627626.sst" input_files: "sstable1/0fa5cb44-e1f9-4e3e-8e26-448011bfe43b202605010104031777619057986932400.sst" compactIntoNextLevel: true destinationLevel: 2
2026-05-01 07:04:21:146 - Compaction started: 
140032409056832:Compacting sstable1/2ca3f198-b418-400d-8626-9cf6dc6d184c202605010104031777619054894627626.sst sstable1/0fa5cb44-e1f9-4e3e-8e26-448011bfe43b202605010104031777619057986932400.sst into:sstable2/c8b16e02-54b6-4331-b35e-db3a9f801727202605010104031777619061162707000.sst
2026-05-01 07:04:21:190 - Compaction completed: 
2952500:COMPACT_START sstable=1 input_files: "sstable1/2ca3f198-b418-400d-8626-9cf6dc6d184c202605010104031777619055097676277.sst" input_files: "sstable1/0fa5cb44-e1f9-4e3e-8e26-448011bfe43b202605010104031777619055137220454.sst" compactIntoNextLevel: true destinationLevel: 2
2952500:COMPACT_ABORT input_files: "sstable1/2ca3f198-b418-400d-8626-9cf6dc6d184c202605010104031777619055097676277.sst" input_files: "sstable1/0fa5cb44-e1f9-4e3e-8e26-448011bfe43b202605010104031777619055137220454.sst" compactIntoNextLevel: true destinationLevel: 2
2952500:COMPACT_START sstable=1 input_files: "sstable1/9574a2e2-6ca6-4295-b94a-71a4477f8e5b202605010104031777619055138155807.sst" input_files: "sstable1/c8b16e02-54b6-4331-b35e-db3a9f801727202605010104031777619055180421635.sst" compactIntoNextLevel: true destinationLevel: 2
2952500:COMPACT_ABORT input_files: "sstable1/9574a2e2-6ca6-4295-b94a-71a4477f8e5b202605010104031777619055138155807.sst" input_files: "sstable1/c8b16e02-54b6-4331-b35e-db3a9f801727202605010104031777619055180421635.sst" compactIntoNextLevel: true destinationLevel: 2
2952500:COMPACT_START sstable=1 input_files: "sstable1/2ca3f198-b418-400d-8626-9cf6dc6d184c202605010104031777619058164306923.sst" input_files: "sstable1/2ca3f198-b418-400d-8626-9cf6dc6d184c202605010104031777619055199672421.sst" compactIntoNextLevel: true destinationLevel: 2
2026-05-01 07:04:21:249 - Compaction started: 
140032409056832:Compacting sstable1/2ca3f198-b418-400d-8626-9cf6dc6d184c202605010104031777619058164306923.sst sstable1/2ca3f198-b418-400d-8626-9cf6dc6d184c202605010104031777619055199672421.sst into:sstable2/c8b16e02-54b6-4331-b35e-db3a9f801727202605010104031777619061264657098.sst
2026-05-01 07:04:21:290 - Compaction completed: 
2952500:COMPACT_START sstable=1 input_files: "sstable1/2ca3f198-b418-400d-8626-9cf6dc6d184c202605010104031777619055402526787.sst" input_files: "sstable1/0fa5cb44-e1f9-4e3e-8e26-448011bfe43b202605010104031777619055440552268.sst" compactIntoNextLevel: true destinationLevel: 2
2026-05-01 07:04:21:350 - Compaction started: 
140032409056832:Compacting sstable1/2ca3f198-b418-400d-8626-9cf6dc6d184c202605010104031777619055402526787.sst sstable1/0fa5cb44-e1f9-4e3e-8e26-448011bfe43b202605010104031777619055440552268.sst into:sstable2/c8b16e02-54b6-4331-b35e-db3a9f801727202605010104031777619061367617360.sst
2026-05-01 07:04:21:394 - Compaction completed: 
2952500:COMPACT_START sstable=1 input_files: "sstable2/c8b16e02-54b6-4331-b35e-db3a9f801727202605010104031777619058786613846.sst" input_files: "sstable2/0fa5cb44-e1f9-4e3e-8e26-448011bfe43b202605010104031777619055768606234.sst" compactIntoNextLevel: false destinationLevel: 2
2026-05-01 07:04:21:454 - Compaction started: 
140032409056832:Compacting sstable2/c8b16e02-54b6-4331-b35e-db3a9f801727202605010104031777619058786613846.sst sstable2/0fa5cb44-e1f9-4e3e-8e26-448011bfe43b202605010104031777619055768606234.sst into:sstable2/0_c8b16e02-54b6-4331-b35e-db3a9f801727202605010104031777619061502920871.sst
2026-05-01 07:04:21:578 - Compaction completed: 
2952500:COMPACT_START sstable=1 input_files: "sstable2/0fa5cb44-e1f9-4e3e-8e26-448011bfe43b202605010104031777619055867869225.sst" input_files: "sstable2/c8b16e02-54b6-4331-b35e-db3a9f801727202605010104031777619058995154010.sst" compactIntoNextLevel: false destinationLevel: 2
2026-05-01 07:04:21:658 - Compaction started: 
140032409056832:Compacting sstable2/0fa5cb44-e1f9-4e3e-8e26-448011bfe43b202605010104031777619055867869225.sst sstable2/c8b16e02-54b6-4331-b35e-db3a9f801727202605010104031777619058995154010.sst into:sstable2/0_c8b16e02-54b6-4331-b35e-db3a9f801727202605010104031777619061705546979.sst
2026-05-01 07:04:21:793 - Compaction completed: 
2952500:Task input_files: "sstable1/2ca3f198-b418-400d-8626-9cf6dc6d184c202605010104031777619049910764071.sst" input_files: "sstable1/9574a2e2-6ca6-4295-b94a-71a4477f8e5b202605010104031777619049935779804.sst" compactIntoNextLevel: true destinationLevel: 2 is dead (hb=30)
2952500:Found dead task input_files: "sstable1/2ca3f198-b418-400d-8626-9cf6dc6d184c202605010104031777619049910764071.sst" input_files: "sstable1/9574a2e2-6ca6-4295-b94a-71a4477f8e5b202605010104031777619049935779804.sst" compactIntoNextLevel: true destinationLevel: 2
2952500:COMPACT_START sstable=1 input_files: "sstable1/2ca3f198-b418-400d-8626-9cf6dc6d184c202605010104031777619049910764071.sst" input_files: "sstable1/9574a2e2-6ca6-4295-b94a-71a4477f8e5b202605010104031777619049935779804.sst" compactIntoNextLevel: true destinationLevel: 2
2026-05-01 07:04:21:867 - Compaction started: 
140032409056832:Compacting sstable1/2ca3f198-b418-400d-8626-9cf6dc6d184c202605010104031777619049910764071.sst sstable1/9574a2e2-6ca6-4295-b94a-71a4477f8e5b202605010104031777619049935779804.sst into:sstable2/c8b16e02-54b6-4331-b35e-db3a9f801727202605010104031777619061888178177.sst
2026-05-01 07:04:21:920 - Compaction completed: 
2952500:COMPACT_START sstable=1 input_files: "sstable2/0_c8b16e02-54b6-4331-b35e-db3a9f801727202605010104031777619061705546979.sst" input_files: "sstable2/0_2ca3f198-b418-400d-8626-9cf6dc6d184c202605010104031777619061736004292.sst" compactIntoNextLevel: false destinationLevel: 2
2026-05-01 07:04:21:971 - Compaction started: 
140032409056832:Compacting sstable2/0_c8b16e02-54b6-4331-b35e-db3a9f801727202605010104031777619061705546979.sst sstable2/0_2ca3f198-b418-400d-8626-9cf6dc6d184c202605010104031777619061736004292.sst into:sstable2/1_c8b16e02-54b6-4331-b35e-db3a9f801727202605010104031777619062081002481.sst
2026-05-01 07:04:22:244 - Compaction completed: 
2952500:Task input_files: "sstable1/2ca3f198-b418-400d-8626-9cf6dc6d184c202605010104031777619050925076599.sst" input_files: "sstable1/0fa5cb44-e1f9-4e3e-8e26-448011bfe43b202605010104031777619050950123961.sst" compactIntoNextLevel: true destinationLevel: 2 is dead (hb=30)
2952500:Task input_files: "sstable1/9574a2e2-6ca6-4295-b94a-71a4477f8e5b202605010104031777619050849551776.sst" input_files: "sstable1/c8b16e02-54b6-4331-b35e-db3a9f801727202605010104031777619054058822024.sst" compactIntoNextLevel: true destinationLevel: 2 is dead (hb=30)
2952500:Found dead task input_files: "sstable1/9574a2e2-6ca6-4295-b94a-71a4477f8e5b202605010104031777619050849551776.sst" input_files: "sstable1/c8b16e02-54b6-4331-b35e-db3a9f801727202605010104031777619054058822024.sst" compactIntoNextLevel: true destinationLevel: 2
2952500:COMPACT_START sstable=1 input_files: "sstable1/9574a2e2-6ca6-4295-b94a-71a4477f8e5b202605010104031777619050849551776.sst" input_files: "sstable1/c8b16e02-54b6-4331-b35e-db3a9f801727202605010104031777619054058822024.sst" compactIntoNextLevel: true destinationLevel: 2
2026-05-01 07:04:22:276 - Compaction started: 
140032409056832:Compacting sstable1/9574a2e2-6ca6-4295-b94a-71a4477f8e5b202605010104031777619050849551776.sst sstable1/c8b16e02-54b6-4331-b35e-db3a9f801727202605010104031777619054058822024.sst into:sstable2/c8b16e02-54b6-4331-b35e-db3a9f801727202605010104031777619062296836698.sst
2026-05-01 07:04:22:327 - Compaction completed: 
2952500:Task input_files: "sstable1/c8b16e02-54b6-4331-b35e-db3a9f801727202605010104031777619050997606017.sst" input_files: "sstable1/2ca3f198-b418-400d-8626-9cf6dc6d184c202605010104031777619051026657535.sst" compactIntoNextLevel: true destinationLevel: 2 is dead (hb=30)
2952500:Found dead task input_files: "sstable1/c8b16e02-54b6-4331-b35e-db3a9f801727202605010104031777619050997606017.sst" input_files: "sstable1/2ca3f198-b418-400d-8626-9cf6dc6d184c202605010104031777619051026657535.sst" compactIntoNextLevel: true destinationLevel: 2
2952500:COMPACT_START sstable=1 input_files: "sstable1/c8b16e02-54b6-4331-b35e-db3a9f801727202605010104031777619050997606017.sst" input_files: "sstable1/2ca3f198-b418-400d-8626-9cf6dc6d184c202605010104031777619051026657535.sst" compactIntoNextLevel: true destinationLevel: 2
2026-05-01 07:04:22:378 - Compaction started: 
140032409056832:Compacting sstable1/c8b16e02-54b6-4331-b35e-db3a9f801727202605010104031777619050997606017.sst sstable1/2ca3f198-b418-400d-8626-9cf6dc6d184c202605010104031777619051026657535.sst into:sstable2/c8b16e02-54b6-4331-b35e-db3a9f801727202605010104031777619062397698948.sst
2026-05-01 07:04:22:427 - Compaction completed: 
2952500:COMPACT_START sstable=1 input_files: "sstable2/2ca3f198-b418-400d-8626-9cf6dc6d184c202605010104031777619056243641261.sst" input_files: "sstable2/0fa5cb44-e1f9-4e3e-8e26-448011bfe43b202605010104031777619056274219731.sst" compactIntoNextLevel: false destinationLevel: 2
2952500:COMPACT_ABORT input_files: "sstable2/2ca3f198-b418-400d-8626-9cf6dc6d184c202605010104031777619056243641261.sst" input_files: "sstable2/0fa5cb44-e1f9-4e3e-8e26-448011bfe43b202605010104031777619056274219731.sst" compactIntoNextLevel: false destinationLevel: 2
2952500:Task input_files: "sstable1/0fa5cb44-e1f9-4e3e-8e26-448011bfe43b202605010104031777619051458901950.sst" input_files: "sstable1/c8b16e02-54b6-4331-b35e-db3a9f801727202605010104031777619051506450251.sst" compactIntoNextLevel: true destinationLevel: 2 is dead (hb=30)
2952500:Found dead task input_files: "sstable1/0fa5cb44-e1f9-4e3e-8e26-448011bfe43b202605010104031777619051458901950.sst" input_files: "sstable1/c8b16e02-54b6-4331-b35e-db3a9f801727202605010104031777619051506450251.sst" compactIntoNextLevel: true destinationLevel: 2
2952500:COMPACT_START sstable=1 input_files: "sstable1/0fa5cb44-e1f9-4e3e-8e26-448011bfe43b202605010104031777619051458901950.sst" input_files: "sstable1/c8b16e02-54b6-4331-b35e-db3a9f801727202605010104031777619051506450251.sst" compactIntoNextLevel: true destinationLevel: 2
2952500:COMPACT_ABORT input_files: "sstable1/0fa5cb44-e1f9-4e3e-8e26-448011bfe43b202605010104031777619051458901950.sst" input_files: "sstable1/c8b16e02-54b6-4331-b35e-db3a9f801727202605010104031777619051506450251.sst" compactIntoNextLevel: true destinationLevel: 2
2952500:COMPACT_START sstable=1 input_files: "sstable2/1_c8b16e02-54b6-4331-b35e-db3a9f801727202605010104031777619062081002481.sst" input_files: "sstable2/1_2ca3f198-b418-400d-8626-9cf6dc6d184c202605010104031777619062302907909.sst" compactIntoNextLevel: false destinationLevel: 2
2026-05-01 07:04:22:589 - Compaction started: 
140032409056832:Compacting sstable2/1_c8b16e02-54b6-4331-b35e-db3a9f801727202605010104031777619062081002481.sst sstable2/1_2ca3f198-b418-400d-8626-9cf6dc6d184c202605010104031777619062302907909.sst into:sstable2/2_c8b16e02-54b6-4331-b35e-db3a9f801727202605010104031777619062810643724.sst
2026-05-01 07:04:23:136 - Compaction completed: 
2952500:Task input_files: "sstable1/0fa5cb44-e1f9-4e3e-8e26-448011bfe43b202605010104031777619052897212594.sst" input_files: "sstable1/9574a2e2-6ca6-4295-b94a-71a4477f8e5b202605010104031777619052898924864.sst" compactIntoNextLevel: true destinationLevel: 2 is dead (hb=30)
2952500:Task input_files: "sstable1/c8b16e02-54b6-4331-b35e-db3a9f801727202605010104031777619052938383481.sst" input_files: "sstable1/2ca3f198-b418-400d-8626-9cf6dc6d184c202605010104031777619052962265168.sst" compactIntoNextLevel: true destinationLevel: 2 is dead (hb=30)
2952500:Found dead task input_files: "sstable1/c8b16e02-54b6-4331-b35e-db3a9f801727202605010104031777619052938383481.sst" input_files: "sstable1/2ca3f198-b418-400d-8626-9cf6dc6d184c202605010104031777619052962265168.sst" compactIntoNextLevel: true destinationLevel: 2
2952500:COMPACT_START sstable=1 input_files: "sstable1/c8b16e02-54b6-4331-b35e-db3a9f801727202605010104031777619052938383481.sst" input_files: "sstable1/2ca3f198-b418-400d-8626-9cf6dc6d184c202605010104031777619052962265168.sst" compactIntoNextLevel: true destinationLevel: 2
2952500:COMPACT_ABORT input_files: "sstable1/c8b16e02-54b6-4331-b35e-db3a9f801727202605010104031777619052938383481.sst" input_files: "sstable1/2ca3f198-b418-400d-8626-9cf6dc6d184c202605010104031777619052962265168.sst" compactIntoNextLevel: true destinationLevel: 2
2952500:Found dead task input_files: "sstable1/0fa5cb44-e1f9-4e3e-8e26-448011bfe43b202605010104031777619052897212594.sst" input_files: "sstable1/9574a2e2-6ca6-4295-b94a-71a4477f8e5b202605010104031777619052898924864.sst" compactIntoNextLevel: true destinationLevel: 2
2952500:COMPACT_START sstable=1 input_files: "sstable1/0fa5cb44-e1f9-4e3e-8e26-448011bfe43b202605010104031777619052897212594.sst" input_files: "sstable1/9574a2e2-6ca6-4295-b94a-71a4477f8e5b202605010104031777619052898924864.sst" compactIntoNextLevel: true destinationLevel: 2
2026-05-01 07:04:23:198 - Compaction started: 
140032409056832:Compacting sstable1/0fa5cb44-e1f9-4e3e-8e26-448011bfe43b202605010104031777619052897212594.sst sstable1/9574a2e2-6ca6-4295-b94a-71a4477f8e5b202605010104031777619052898924864.sst into:sstable2/c8b16e02-54b6-4331-b35e-db3a9f801727202605010104031777619063217618640.sst
2026-05-01 07:04:23:246 - Compaction completed: 
2952500:COMPACT_START sstable=1 input_files: "sstable2/c8b16e02-54b6-4331-b35e-db3a9f801727202605010104031777619056727024476.sst" input_files: "sstable2/2ca3f198-b418-400d-8626-9cf6dc6d184c202605010104031777619056751468738.sst" compactIntoNextLevel: false destinationLevel: 2
2026-05-01 07:04:23:309 - Compaction started: 
140032409056832:Compacting sstable2/c8b16e02-54b6-4331-b35e-db3a9f801727202605010104031777619056727024476.sst sstable2/2ca3f198-b418-400d-8626-9cf6dc6d184c202605010104031777619056751468738.sst into:sstable2/0_c8b16e02-54b6-4331-b35e-db3a9f801727202605010104031777619063358551453.sst
2026-05-01 07:04:23:435 - Compaction completed: 
2952500:COMPACT_START sstable=1 input_files: "sstable2/0fa5cb44-e1f9-4e3e-8e26-448011bfe43b202605010104031777619056884439235.sst" input_files: "sstable2/9574a2e2-6ca6-4295-b94a-71a4477f8e5b202605010104031777619059970025284.sst" compactIntoNextLevel: false destinationLevel: 2
2026-05-01 07:04:23:524 - Compaction started: 
140032409056832:Compacting sstable2/0fa5cb44-e1f9-4e3e-8e26-448011bfe43b202605010104031777619056884439235.sst sstable2/9574a2e2-6ca6-4295-b94a-71a4477f8e5b202605010104031777619059970025284.sst into:sstable2/0_c8b16e02-54b6-4331-b35e-db3a9f801727202605010104031777619063584593435.sst
2026-05-01 07:04:23:671 - Compaction completed: 
2952500:Task input_files: "sstable1/0fa5cb44-e1f9-4e3e-8e26-448011bfe43b202605010104031777619054020422033.sst" input_files: "sstable1/2ca3f198-b418-400d-8626-9cf6dc6d184c202605010104031777619054080681561.sst" compactIntoNextLevel: true destinationLevel: 2 is dead (hb=30)
2952500:Found dead task input_files: "sstable1/0fa5cb44-e1f9-4e3e-8e26-448011bfe43b202605010104031777619054020422033.sst" input_files: "sstable1/2ca3f198-b418-400d-8626-9cf6dc6d184c202605010104031777619054080681561.sst" compactIntoNextLevel: true destinationLevel: 2
2952500:COMPACT_START sstable=1 input_files: "sstable1/0fa5cb44-e1f9-4e3e-8e26-448011bfe43b202605010104031777619054020422033.sst" input_files: "sstable1/2ca3f198-b418-400d-8626-9cf6dc6d184c202605010104031777619054080681561.sst" compactIntoNextLevel: true destinationLevel: 2
2952500:COMPACT_ABORT input_files: "sstable1/0fa5cb44-e1f9-4e3e-8e26-448011bfe43b202605010104031777619054020422033.sst" input_files: "sstable1/2ca3f198-b418-400d-8626-9cf6dc6d184c202605010104031777619054080681561.sst" compactIntoNextLevel: true destinationLevel: 2
2952500:Task input_files: "sstable1/2ca3f198-b418-400d-8626-9cf6dc6d184c202605010104031777619054182214327.sst" input_files: "sstable1/c8b16e02-54b6-4331-b35e-db3a9f801727202605010104031777619054262828901.sst" compactIntoNextLevel: true destinationLevel: 2 is dead (hb=30)
2952500:Found dead task input_files: "sstable1/2ca3f198-b418-400d-8626-9cf6dc6d184c202605010104031777619054182214327.sst" input_files: "sstable1/c8b16e02-54b6-4331-b35e-db3a9f801727202605010104031777619054262828901.sst" compactIntoNextLevel: true destinationLevel: 2
2952500:COMPACT_START sstable=1 input_files: "sstable1/2ca3f198-b418-400d-8626-9cf6dc6d184c202605010104031777619054182214327.sst" input_files: "sstable1/c8b16e02-54b6-4331-b35e-db3a9f801727202605010104031777619054262828901.sst" compactIntoNextLevel: true destinationLevel: 2
2026-05-01 07:04:23:830 - Compaction started: 
140032409056832:Compacting sstable1/2ca3f198-b418-400d-8626-9cf6dc6d184c202605010104031777619054182214327.sst sstable1/c8b16e02-54b6-4331-b35e-db3a9f801727202605010104031777619054262828901.sst into:sstable2/c8b16e02-54b6-4331-b35e-db3a9f801727202605010104031777619063850461252.sst
2026-05-01 07:04:23:880 - Compaction completed: 
2952500:COMPACT_START sstable=1 input_files: "sstable2/c8b16e02-54b6-4331-b35e-db3a9f801727202605010104031777619057136015021.sst" input_files: "sstable2/2ca3f198-b418-400d-8626-9cf6dc6d184c202605010104031777619057158149873.sst" compactIntoNextLevel: false destinationLevel: 2
2026-05-01 07:04:23:945 - Compaction started: 
140032409056832:Compacting sstable2/c8b16e02-54b6-4331-b35e-db3a9f801727202605010104031777619057136015021.sst sstable2/2ca3f198-b418-400d-8626-9cf6dc6d184c202605010104031777619057158149873.sst into:sstable2/0_c8b16e02-54b6-4331-b35e-db3a9f801727202605010104031777619064000102910.sst
2026-05-01 07:04:24:079 - Compaction completed: 
2952500:COMPACT_START sstable=1 input_files: "sstable2/0fa5cb44-e1f9-4e3e-8e26-448011bfe43b202605010104031777619057289128707.sst" input_files: "sstable2/9574a2e2-6ca6-4295-b94a-71a4477f8e5b202605010104031777619057291961077.sst" compactIntoNextLevel: false destinationLevel: 2
2026-05-01 07:04:24:161 - Compaction started: 
140032409056832:Compacting sstable2/0fa5cb44-e1f9-4e3e-8e26-448011bfe43b202605010104031777619057289128707.sst sstable2/9574a2e2-6ca6-4295-b94a-71a4477f8e5b202605010104031777619057291961077.sst into:sstable2/0_c8b16e02-54b6-4331-b35e-db3a9f801727202605010104031777619064208019074.sst
2026-05-01 07:04:24:283 - Compaction completed: 
2952500:Task input_files: "sstable1/2ca3f198-b418-400d-8626-9cf6dc6d184c202605010104031777619055097676277.sst" input_files: "sstable1/0fa5cb44-e1f9-4e3e-8e26-448011bfe43b202605010104031777619055137220454.sst" compactIntoNextLevel: true destinationLevel: 2 is dead (hb=31)
2952500:Found dead task input_files: "sstable1/2ca3f198-b418-400d-8626-9cf6dc6d184c202605010104031777619055097676277.sst" input_files: "sstable1/0fa5cb44-e1f9-4e3e-8e26-448011bfe43b202605010104031777619055137220454.sst" compactIntoNextLevel: true destinationLevel: 2
2952500:COMPACT_START sstable=1 input_files: "sstable1/2ca3f198-b418-400d-8626-9cf6dc6d184c202605010104031777619055097676277.sst" input_files: "sstable1/0fa5cb44-e1f9-4e3e-8e26-448011bfe43b202605010104031777619055137220454.sst" compactIntoNextLevel: true destinationLevel: 2
2026-05-01 07:04:24:364 - Compaction started: 
140032409056832:Compacting sstable1/2ca3f198-b418-400d-8626-9cf6dc6d184c202605010104031777619055097676277.sst sstable1/0fa5cb44-e1f9-4e3e-8e26-448011bfe43b202605010104031777619055137220454.sst into:sstable2/c8b16e02-54b6-4331-b35e-db3a9f801727202605010104031777619064381798919.sst
2026-05-01 07:04:24:408 - Compaction completed: 
2952500:COMPACT_START sstable=1 input_files: "sstable2/9574a2e2-6ca6-4295-b94a-71a4477f8e5b202605010104031777619057495658864.sst" input_files: "sstable2/c8b16e02-54b6-4331-b35e-db3a9f801727202605010104031777619057548816589.sst" compactIntoNextLevel: false destinationLevel: 2
2026-05-01 07:04:24:486 - Compaction started: 
140032409056832:Compacting sstable2/9574a2e2-6ca6-4295-b94a-71a4477f8e5b202605010104031777619057495658864.sst sstable2/c8b16e02-54b6-4331-b35e-db3a9f801727202605010104031777619057548816589.sst into:sstable2/0_c8b16e02-54b6-4331-b35e-db3a9f801727202605010104031777619064532452123.sst
2026-05-01 07:04:24:604 - Compaction completed: 
2952500:COMPACT_START sstable=1 input_files: "sstable2/2ca3f198-b418-400d-8626-9cf6dc6d184c202605010104031777619057773437968.sst" input_files: "sstable2/0fa5cb44-e1f9-4e3e-8e26-448011bfe43b202605010104031777619060896251792.sst" compactIntoNextLevel: false destinationLevel: 2
2026-05-01 07:04:24:715 - Compaction started: 
140032409056832:Compacting sstable2/2ca3f198-b418-400d-8626-9cf6dc6d184c202605010104031777619057773437968.sst sstable2/0fa5cb44-e1f9-4e3e-8e26-448011bfe43b202605010104031777619060896251792.sst into:sstable2/0_c8b16e02-54b6-4331-b35e-db3a9f801727202605010104031777619064761817244.sst
2026-05-01 07:04:24:833 - Compaction completed: 
2952500:COMPACT_START sstable=1 input_files: "sstable2/2ca3f198-b418-400d-8626-9cf6dc6d184c202605010104031777619058080930352.sst" input_files: "sstable2/0fa5cb44-e1f9-4e3e-8e26-448011bfe43b202605010104031777619058108218825.sst" compactIntoNextLevel: false destinationLevel: 2
2952500:COMPACT_ABORT input_files: "sstable2/2ca3f198-b418-400d-8626-9cf6dc6d184c202605010104031777619058080930352.sst" input_files: "sstable2/0fa5cb44-e1f9-4e3e-8e26-448011bfe43b202605010104031777619058108218825.sst" compactIntoNextLevel: false destinationLevel: 2
2952500:COMPACT_START sstable=1 input_files: "sstable2/0fa5cb44-e1f9-4e3e-8e26-448011bfe43b202605010104031777619058211576321.sst" input_files: "sstable2/9574a2e2-6ca6-4295-b94a-71a4477f8e5b202605010104031777619058215938839.sst" compactIntoNextLevel: false destinationLevel: 2
2026-05-01 07:04:25:076 - Compaction started: 
140032409056832:Compacting sstable2/0fa5cb44-e1f9-4e3e-8e26-448011bfe43b202605010104031777619058211576321.sst sstable2/9574a2e2-6ca6-4295-b94a-71a4477f8e5b202605010104031777619058215938839.sst into:sstable2/0_c8b16e02-54b6-4331-b35e-db3a9f801727202605010104031777619065119681852.sst
2026-05-01 07:04:25:202 - Compaction completed: 
2952500:COMPACT_START sstable=1 input_files: "sstable2/c8b16e02-54b6-4331-b35e-db3a9f801727202605010104031777619058373331897.sst" input_files: "sstable2/2ca3f198-b418-400d-8626-9cf6dc6d184c202605010104031777619058388692350.sst" compactIntoNextLevel: false destinationLevel: 2
2026-05-01 07:04:25:312 - Compaction started: 
140032409056832:Compacting sstable2/c8b16e02-54b6-4331-b35e-db3a9f801727202605010104031777619058373331897.sst sstable2/2ca3f198-b418-400d-8626-9cf6dc6d184c202605010104031777619058388692350.sst into:sstable2/0_c8b16e02-54b6-4331-b35e-db3a9f801727202605010104031777619065360891246.sst
2026-05-01 07:04:25:435 - Compaction completed: 
2952500:COMPACT_START sstable=1 input_files: "sstable2/c8b16e02-54b6-4331-b35e-db3a9f801727202605010104031777619056318391402.sst" input_files: "sstable2/2ca3f198-b418-400d-8626-9cf6dc6d184c202605010104031777619056345262142.sst" compactIntoNextLevel: false destinationLevel: 2
2026-05-01 07:04:25:522 - Compaction started: 
140032409056832:Compacting sstable2/c8b16e02-54b6-4331-b35e-db3a9f801727202605010104031777619056318391402.sst sstable2/2ca3f198-b418-400d-8626-9cf6dc6d184c202605010104031777619056345262142.sst into:sstable2/0_c8b16e02-54b6-4331-b35e-db3a9f801727202605010104031777619065571821380.sst
2026-05-01 07:04:25:649 - Compaction completed: 
2952500:COMPACT_START sstable=1 input_files: "sstable2/c8b16e02-54b6-4331-b35e-db3a9f801727202605010104031777619056421195211.sst" input_files: "sstable2/2ca3f198-b418-400d-8626-9cf6dc6d184c202605010104031777619056448010266.sst" compactIntoNextLevel: false destinationLevel: 2
2026-05-01 07:04:25:732 - Compaction started: 
140032409056832:Compacting sstable2/c8b16e02-54b6-4331-b35e-db3a9f801727202605010104031777619056421195211.sst sstable2/2ca3f198-b418-400d-8626-9cf6dc6d184c202605010104031777619056448010266.sst into:sstable2/0_c8b16e02-54b6-4331-b35e-db3a9f801727202605010104031777619065789635118.sst
2026-05-01 07:04:25:874 - Compaction completed: 
2952500:COMPACT_START sstable=1 input_files: "sstable2/0fa5cb44-e1f9-4e3e-8e26-448011bfe43b202605010104031777619056576598439.sst" input_files: "sstable2/9574a2e2-6ca6-4295-b94a-71a4477f8e5b202605010104031777619056579594996.sst" compactIntoNextLevel: false destinationLevel: 2
2026-05-01 07:04:25:945 - Compaction started: 
140032409056832:Compacting sstable2/0fa5cb44-e1f9-4e3e-8e26-448011bfe43b202605010104031777619056576598439.sst sstable2/9574a2e2-6ca6-4295-b94a-71a4477f8e5b202605010104031777619056579594996.sst into:sstable2/0_c8b16e02-54b6-4331-b35e-db3a9f801727202605010104031777619065995389842.sst
2026-05-01 07:04:26:071 - Compaction completed: 
2952500:Task input_files: "sstable1/c8b16e02-54b6-4331-b35e-db3a9f801727202605010104031777619052938383481.sst" input_files: "sstable1/2ca3f198-b418-400d-8626-9cf6dc6d184c202605010104031777619052962265168.sst" compactIntoNextLevel: true destinationLevel: 2 is dead (hb=30)
2952500:Found dead task input_files: "sstable1/c8b16e02-54b6-4331-b35e-db3a9f801727202605010104031777619052938383481.sst" input_files: "sstable1/2ca3f198-b418-400d-8626-9cf6dc6d184c202605010104031777619052962265168.sst" compactIntoNextLevel: true destinationLevel: 2
2952500:COMPACT_START sstable=1 input_files: "sstable1/c8b16e02-54b6-4331-b35e-db3a9f801727202605010104031777619052938383481.sst" input_files: "sstable1/2ca3f198-b418-400d-8626-9cf6dc6d184c202605010104031777619052962265168.sst" compactIntoNextLevel: true destinationLevel: 2
2026-05-01 07:04:26:151 - Compaction started: 
140032409056832:Compacting sstable1/c8b16e02-54b6-4331-b35e-db3a9f801727202605010104031777619052938383481.sst sstable1/2ca3f198-b418-400d-8626-9cf6dc6d184c202605010104031777619052962265168.sst into:sstable2/c8b16e02-54b6-4331-b35e-db3a9f801727202605010104031777619066172060796.sst
2026-05-01 07:04:26:200 - Compaction completed: 
2952500:COMPACT_START sstable=1 input_files: "sstable2/c8b16e02-54b6-4331-b35e-db3a9f801727202605010104031777619060017447969.sst" input_files: "sstable2/0fa5cb44-e1f9-4e3e-8e26-448011bfe43b202605010104031777619056884439235.sst" compactIntoNextLevel: false destinationLevel: 2
2026-05-01 07:04:26:267 - Compaction started: 
140032409056832:Compacting sstable2/c8b16e02-54b6-4331-b35e-db3a9f801727202605010104031777619060017447969.sst sstable2/0fa5cb44-e1f9-4e3e-8e26-448011bfe43b202605010104031777619056884439235.sst into:sstable2/0_c8b16e02-54b6-4331-b35e-db3a9f801727202605010104031777619066319162673.sst
2026-05-01 07:04:26:396 - Compaction completed: 
2952500:COMPACT_START sstable=1 input_files: "sstable2/2ca3f198-b418-400d-8626-9cf6dc6d184c202605010104031777619057056355888.sst" input_files: "sstable2/0fa5cb44-e1f9-4e3e-8e26-448011bfe43b202605010104031777619057087402966.sst" compactIntoNextLevel: false destinationLevel: 2
2952500:COMPACT_ABORT input_files: "sstable2/2ca3f198-b418-400d-8626-9cf6dc6d184c202605010104031777619057056355888.sst" input_files: "sstable2/0fa5cb44-e1f9-4e3e-8e26-448011bfe43b202605010104031777619057087402966.sst" compactIntoNextLevel: false destinationLevel: 2
2952500:COMPACT_START sstable=1 input_files: "sstable2/9574a2e2-6ca6-4295-b94a-71a4477f8e5b202605010104031777619057190520824.sst" input_files: "sstable2/c8b16e02-54b6-4331-b35e-db3a9f801727202605010104031777619057237953167.sst" compactIntoNextLevel: false destinationLevel: 2
2026-05-01 07:04:26:608 - Compaction started: 
140032409056832:Compacting sstable2/9574a2e2-6ca6-4295-b94a-71a4477f8e5b202605010104031777619057190520824.sst sstable2/c8b16e02-54b6-4331-b35e-db3a9f801727202605010104031777619057237953167.sst into:sstable2/0_c8b16e02-54b6-4331-b35e-db3a9f801727202605010104031777619066658429668.sst
2026-05-01 07:04:26:739 - Compaction completed: 
2952500:Task input_files: "sstable1/0fa5cb44-e1f9-4e3e-8e26-448011bfe43b202605010104031777619054020422033.sst" input_files: "sstable1/2ca3f198-b418-400d-8626-9cf6dc6d184c202605010104031777619054080681561.sst" compactIntoNextLevel: true destinationLevel: 2 is dead (hb=30)
2952500:Found dead task input_files: "sstable1/0fa5cb44-e1f9-4e3e-8e26-448011bfe43b202605010104031777619054020422033.sst" input_files: "sstable1/2ca3f198-b418-400d-8626-9cf6dc6d184c202605010104031777619054080681561.sst" compactIntoNextLevel: true destinationLevel: 2
2952500:COMPACT_START sstable=1 input_files: "sstable1/0fa5cb44-e1f9-4e3e-8e26-448011bfe43b202605010104031777619054020422033.sst" input_files: "sstable1/2ca3f198-b418-400d-8626-9cf6dc6d184c202605010104031777619054080681561.sst" compactIntoNextLevel: true destinationLevel: 2
2026-05-01 07:04:26:812 - Compaction started: 
140032409056832:Compacting sstable1/0fa5cb44-e1f9-4e3e-8e26-448011bfe43b202605010104031777619054020422033.sst sstable1/2ca3f198-b418-400d-8626-9cf6dc6d184c202605010104031777619054080681561.sst into:sstable2/c8b16e02-54b6-4331-b35e-db3a9f801727202605010104031777619066830478609.sst
2026-05-01 07:04:26:858 - Compaction completed: 
2952500:COMPACT_START sstable=1 input_files: "sstable2/c8b16e02-54b6-4331-b35e-db3a9f801727202605010104031777619057548816589.sst" input_files: "sstable2/0fa5cb44-e1f9-4e3e-8e26-448011bfe43b202605010104031777619057596046874.sst" compactIntoNextLevel: false destinationLevel: 2
2026-05-01 07:04:26:939 - Compaction started: 
140032409056832:Compacting sstable2/c8b16e02-54b6-4331-b35e-db3a9f801727202605010104031777619057548816589.sst sstable2/0fa5cb44-e1f9-4e3e-8e26-448011bfe43b202605010104031777619057596046874.sst into:sstable2/0_c8b16e02-54b6-4331-b35e-db3a9f801727202605010104031777619066988441314.sst
2026-05-01 07:04:27:065 - Compaction completed: 
2952500:COMPACT_START sstable=1 input_files: "sstable2/0fa5cb44-e1f9-4e3e-8e26-448011bfe43b202605010104031777619060896251792.sst" input_files: "sstable2/9574a2e2-6ca6-4295-b94a-71a4477f8e5b202605010104031777619057802831197.sst" compactIntoNextLevel: false destinationLevel: 2
2026-05-01 07:04:27:170 - Compaction started: 
140032409056832:Compacting sstable2/0fa5cb44-e1f9-4e3e-8e26-448011bfe43b202605010104031777619060896251792.sst sstable2/9574a2e2-6ca6-4295-b94a-71a4477f8e5b202605010104031777619057802831197.sst into:sstable2/0_c8b16e02-54b6-4331-b35e-db3a9f801727202605010104031777619067215188308.sst
2026-05-01 07:04:27:286 - Compaction completed: 
2952500:COMPACT_START sstable=1 input_files: "sstable2/c8b16e02-54b6-4331-b35e-db3a9f801727202605010104031777619058064581686.sst" input_files: "sstable2/2ca3f198-b418-400d-8626-9cf6dc6d184c202605010104031777619058080930352.sst" compactIntoNextLevel: false destinationLevel: 2
2026-05-01 07:04:27:404 - Compaction started: 
140032409056832:Compacting sstable2/c8b16e02-54b6-4331-b35e-db3a9f801727202605010104031777619058064581686.sst sstable2/2ca3f198-b418-400d-8626-9cf6dc6d184c202605010104031777619058080930352.sst into:sstable2/0_c8b16e02-54b6-4331-b35e-db3a9f801727202605010104031777619067449783103.sst
2026-05-01 07:04:27:521 - Compaction completed: 
2952500:COMPACT_START sstable=1 input_files: "sstable2/9574a2e2-6ca6-4295-b94a-71a4477f8e5b202605010104031777619061426881613.sst" input_files: "sstable2/c8b16e02-54b6-4331-b35e-db3a9f801727202605010104031777619058373331897.sst" compactIntoNextLevel: false destinationLevel: 2
2026-05-01 07:04:27:642 - Compaction started: 
140032409056832:Compacting sstable2/9574a2e2-6ca6-4295-b94a-71a4477f8e5b202605010104031777619061426881613.sst sstable2/c8b16e02-54b6-4331-b35e-db3a9f801727202605010104031777619058373331897.sst into:sstable2/0_c8b16e02-54b6-4331-b35e-db3a9f801727202605010104031777619067686317673.sst
2026-05-01 07:04:27:756 - Compaction completed: 
2952500:Task input_files: "sstable2/c8b16e02-54b6-4331-b35e-db3a9f801727202605010104031777619057960661795.sst" input_files: "sstable2/2ca3f198-b418-400d-8626-9cf6dc6d184c202605010104031777619057976954205.sst" compactIntoNextLevel: false destinationLevel: 2 is dead (hb=30)
2952500:COMPACT_START sstable=1 input_files: "sstable2/c8b16e02-54b6-4331-b35e-db3a9f801727202605010104031777619058577748742.sst" input_files: "sstable2/2ca3f198-b418-400d-8626-9cf6dc6d184c202605010104031777619058592219568.sst" compactIntoNextLevel: false destinationLevel: 2
2026-05-01 07:04:27:884 - Compaction started: 
140032409056832:Compacting sstable2/c8b16e02-54b6-4331-b35e-db3a9f801727202605010104031777619058577748742.sst sstable2/2ca3f198-b418-400d-8626-9cf6dc6d184c202605010104031777619058592219568.sst into:sstable2/0_c8b16e02-54b6-4331-b35e-db3a9f801727202605010104031777619067925182382.sst
2026-05-01 07:04:27:990 - Compaction completed: 
2952500:COMPACT_START sstable=1 input_files: "sstable2/2ca3f198-b418-400d-8626-9cf6dc6d184c202605010104031777619058695198795.sst" input_files: "sstable2/0fa5cb44-e1f9-4e3e-8e26-448011bfe43b202605010104031777619058720264211.sst" compactIntoNextLevel: false destinationLevel: 2
2026-05-01 07:04:28:129 - Compaction started: 
140032409056832:Compacting sstable2/2ca3f198-b418-400d-8626-9cf6dc6d184c202605010104031777619058695198795.sst sstable2/0fa5cb44-e1f9-4e3e-8e26-448011bfe43b202605010104031777619058720264211.sst into:sstable2/0_c8b16e02-54b6-4331-b35e-db3a9f801727202605010104031777619068169292784.sst
2026-05-01 07:04:28:232 - Compaction completed: 
2952500:COMPACT_START sstable=1 input_files: "sstable2/c8b16e02-54b6-4331-b35e-db3a9f801727202605010104031777619058891076523.sst" input_files: "sstable2/2ca3f198-b418-400d-8626-9cf6dc6d184c202605010104031777619061908515289.sst" compactIntoNextLevel: false destinationLevel: 2
2026-05-01 07:04:28:279 - Compaction started: 
140032409056832:Compacting sstable2/c8b16e02-54b6-4331-b35e-db3a9f801727202605010104031777619058891076523.sst sstable2/2ca3f198-b418-400d-8626-9cf6dc6d184c202605010104031777619061908515289.sst into:sstable2/0_c8b16e02-54b6-4331-b35e-db3a9f801727202605010104031777619068318891541.sst
2026-05-01 07:04:28:382 - Compaction completed: 
2952500:COMPACT_START sstable=1 input_files: "sstable2/2ca3f198-b418-400d-8626-9cf6dc6d184c202605010104031777619059107721611.sst" input_files: "sstable2/9574a2e2-6ca6-4295-b94a-71a4477f8e5b202605010104031777619062249560298.sst" compactIntoNextLevel: false destinationLevel: 2
2026-05-01 07:04:28:432 - Compaction started: 
140032409056832:Compacting sstable2/2ca3f198-b418-400d-8626-9cf6dc6d184c202605010104031777619059107721611.sst sstable2/9574a2e2-6ca6-4295-b94a-71a4477f8e5b202605010104031777619062249560298.sst into:sstable2/0_c8b16e02-54b6-4331-b35e-db3a9f801727202605010104031777619068473333707.sst
2026-05-01 07:04:28:537 - Compaction completed: 
2952500:COMPACT_START sstable=1 input_files: "sstable2/c8b16e02-54b6-4331-b35e-db3a9f801727202605010104031777619062397698948.sst" input_files: "sstable2/c8b16e02-54b6-4331-b35e-db3a9f801727202605010104031777619059295259637.sst" compactIntoNextLevel: false destinationLevel: 2
2026-05-01 07:04:28:592 - Compaction started: 
140032409056832:Compacting sstable2/c8b16e02-54b6-4331-b35e-db3a9f801727202605010104031777619062397698948.sst sstable2/c8b16e02-54b6-4331-b35e-db3a9f801727202605010104031777619059295259637.sst into:sstable2/0_c8b16e02-54b6-4331-b35e-db3a9f801727202605010104031777619068632140275.sst
2026-05-01 07:04:28:699 - Compaction completed: 
2952500:COMPACT_START sstable=1 input_files: "sstable2/9574a2e2-6ca6-4295-b94a-71a4477f8e5b202605010104031777619068652561495.sst" input_files: "sstable2/0fa5cb44-e1f9-4e3e-8e26-448011bfe43b202605010104031777619056274219731.sst" compactIntoNextLevel: false destinationLevel: 2
2026-05-01 07:04:28:828 - Compaction started: 
140032409056832:Compacting sstable2/9574a2e2-6ca6-4295-b94a-71a4477f8e5b202605010104031777619068652561495.sst sstable2/0fa5cb44-e1f9-4e3e-8e26-448011bfe43b202605010104031777619056274219731.sst into:sstable2/0_c8b16e02-54b6-4331-b35e-db3a9f801727202605010104031777619068901908323.sst
2026-05-01 07:04:29:025 - Compaction completed: 
2952500:COMPACT_START sstable=1 input_files: "sstable2/0_c8b16e02-54b6-4331-b35e-db3a9f801727202605010104031777619068901908323.sst" input_files: "sstable2/0_2ca3f198-b418-400d-8626-9cf6dc6d184c202605010104031777619062555892466.sst" compactIntoNextLevel: false destinationLevel: 2
2026-05-01 07:04:29:501 - Compaction started: 
140032409056832:Compacting sstable2/0_c8b16e02-54b6-4331-b35e-db3a9f801727202605010104031777619068901908323.sst sstable2/0_2ca3f198-b418-400d-8626-9cf6dc6d184c202605010104031777619062555892466.sst into:sstable2/1_c8b16e02-54b6-4331-b35e-db3a9f801727202605010104031777619069631245696.sst
2026-05-01 07:04:29:835 - Compaction completed: 
2952500:Task input_files: "sstable2/0fa5cb44-e1f9-4e3e-8e26-448011bfe43b202605010104031777619057492428749.sst" input_files: "sstable2/9574a2e2-6ca6-4295-b94a-71a4477f8e5b202605010104031777619057495658864.sst" compactIntoNextLevel: false destinationLevel: 2 is dead (hb=30)
2952500:Task input_files: "sstable2/9574a2e2-6ca6-4295-b94a-71a4477f8e5b202605010104031777619057291961077.sst" input_files: "sstable2/c8b16e02-54b6-4331-b35e-db3a9f801727202605010104031777619057339432302.sst" compactIntoNextLevel: false destinationLevel: 2 is dead (hb=30)
2952500:Found dead task input_files: "sstable2/9574a2e2-6ca6-4295-b94a-71a4477f8e5b202605010104031777619057291961077.sst" input_files: "sstable2/c8b16e02-54b6-4331-b35e-db3a9f801727202605010104031777619057339432302.sst" compactIntoNextLevel: false destinationLevel: 2
2952500:COMPACT_START sstable=1 input_files: "sstable2/9574a2e2-6ca6-4295-b94a-71a4477f8e5b202605010104031777619057291961077.sst" input_files: "sstable2/c8b16e02-54b6-4331-b35e-db3a9f801727202605010104031777619057339432302.sst" compactIntoNextLevel: false destinationLevel: 2
2026-05-01 07:04:29:908 - Compaction started: 
140032409056832:Compacting sstable2/9574a2e2-6ca6-4295-b94a-71a4477f8e5b202605010104031777619057291961077.sst sstable2/c8b16e02-54b6-4331-b35e-db3a9f801727202605010104031777619057339432302.sst into:sstable2/c8b16e02-54b6-4331-b35e-db3a9f801727202605010104031777619069961356679.sst
2026-05-01 07:04:30:032 - Compaction completed: 
2952500:COMPACT_START sstable=1 input_files: "sstable2/0_c8b16e02-54b6-4331-b35e-db3a9f801727202605010104031777619063584593435.sst" input_files: "sstable2/0_0fa5cb44-e1f9-4e3e-8e26-448011bfe43b202605010104031777619063726933385.sst" compactIntoNextLevel: false destinationLevel: 2
2026-05-01 07:04:30:355 - Compaction started: 
140032409056832:Compacting sstable2/0_c8b16e02-54b6-4331-b35e-db3a9f801727202605010104031777619063584593435.sst sstable2/0_0fa5cb44-e1f9-4e3e-8e26-448011bfe43b202605010104031777619063726933385.sst into:sstable2/1_c8b16e02-54b6-4331-b35e-db3a9f801727202605010104031777619070459822297.sst
2026-05-01 07:04:30:620 - Compaction completed: 
2952500:COMPACT_START sstable=1 input_files: "sstable2/0_9574a2e2-6ca6-4295-b94a-71a4477f8e5b202605010104031777619063958621411.sst" input_files: "sstable2/0_c8b16e02-54b6-4331-b35e-db3a9f801727202605010104031777619064000102910.sst" compactIntoNextLevel: false destinationLevel: 2
2026-05-01 07:04:30:665 - Compaction started: 
140032409056832:Compacting sstable2/0_9574a2e2-6ca6-4295-b94a-71a4477f8e5b202605010104031777619063958621411.sst sstable2/0_c8b16e02-54b6-4331-b35e-db3a9f801727202605010104031777619064000102910.sst into:sstable2/1_c8b16e02-54b6-4331-b35e-db3a9f801727202605010104031777619070770997844.sst
2026-05-01 07:04:30:938 - Compaction completed: 
2952500:COMPACT_START sstable=1 input_files: "sstable2/0_0fa5cb44-e1f9-4e3e-8e26-448011bfe43b202605010104031777619064468327440.sst" input_files: "sstable2/0_9574a2e2-6ca6-4295-b94a-71a4477f8e5b202605010104031777619064494285118.sst" compactIntoNextLevel: false destinationLevel: 2
2026-05-01 07:04:30:980 - Compaction started: 
140032409056832:Compacting sstable2/0_0fa5cb44-e1f9-4e3e-8e26-448011bfe43b202605010104031777619064468327440.sst sstable2/0_9574a2e2-6ca6-4295-b94a-71a4477f8e5b202605010104031777619064494285118.sst into:sstable2/1_c8b16e02-54b6-4331-b35e-db3a9f801727202605010104031777619071081797266.sst
2026-05-01 07:04:31:226 - Compaction completed: 
2952500:COMPACT_START sstable=1 input_files: "sstable2/0_c8b16e02-54b6-4331-b35e-db3a9f801727202605010104031777619064761817244.sst" input_files: "sstable2/0_2ca3f198-b418-400d-8626-9cf6dc6d184c202605010104031777619064880150824.sst" compactIntoNextLevel: false destinationLevel: 2
2026-05-01 07:04:31:326 - Compaction started: 
140032409056832:Compacting sstable2/0_c8b16e02-54b6-4331-b35e-db3a9f801727202605010104031777619064761817244.sst sstable2/0_2ca3f198-b418-400d-8626-9cf6dc6d184c202605010104031777619064880150824.sst into:sstable2/1_c8b16e02-54b6-4331-b35e-db3a9f801727202605010104031777619071423992651.sst
2026-05-01 07:04:31:566 - Compaction completed: 
2952500:COMPACT_START sstable=1 input_files: "sstable2/9574a2e2-6ca6-4295-b94a-71a4477f8e5b202605010104031777619059550138434.sst" input_files: "sstable2/c8b16e02-54b6-4331-b35e-db3a9f801727202605010104031777619059602523261.sst" compactIntoNextLevel: false destinationLevel: 2
2026-05-01 07:04:31:684 - Compaction started: 
140032409056832:Compacting sstable2/9574a2e2-6ca6-4295-b94a-71a4477f8e5b202605010104031777619059550138434.sst sstable2/c8b16e02-54b6-4331-b35e-db3a9f801727202605010104031777619059602523261.sst into:sstable2/0_c8b16e02-54b6-4331-b35e-db3a9f801727202605010104031777619071730706886.sst
2026-05-01 07:04:31:802 - Compaction completed: 
2952500:COMPACT_START sstable=1 input_files: "sstable2/0fa5cb44-e1f9-4e3e-8e26-448011bfe43b202605010104031777619059740889362.sst" input_files: "sstable2/9574a2e2-6ca6-4295-b94a-71a4477f8e5b202605010104031777619059754467134.sst" compactIntoNextLevel: false destinationLevel: 2
2026-05-01 07:04:31:942 - Compaction started: 
140032409056832:Compacting sstable2/0fa5cb44-e1f9-4e3e-8e26-448011bfe43b202605010104031777619059740889362.sst sstable2/9574a2e2-6ca6-4295-b94a-71a4477f8e5b202605010104031777619059754467134.sst into:sstable2/0_c8b16e02-54b6-4331-b35e-db3a9f801727202605010104031777619071985619567.sst
2026-05-01 07:04:32:051 - Compaction completed: 
2952500:COMPACT_START sstable=1 input_files: "sstable2/0fa5cb44-e1f9-4e3e-8e26-448011bfe43b202605010104031777619060177093890.sst" input_files: "sstable2/9574a2e2-6ca6-4295-b94a-71a4477f8e5b202605010104031777619060188774636.sst" compactIntoNextLevel: false destinationLevel: 2
2026-05-01 07:04:32:215 - Compaction started: 
140032409056832:Compacting sstable2/0fa5cb44-e1f9-4e3e-8e26-448011bfe43b202605010104031777619060177093890.sst sstable2/9574a2e2-6ca6-4295-b94a-71a4477f8e5b202605010104031777619060188774636.sst into:sstable2/0_c8b16e02-54b6-4331-b35e-db3a9f801727202605010104031777619072254816234.sst
2026-05-01 07:04:32:318 - Compaction completed: 
2952500:COMPACT_START sstable=1 input_files: "sstable2/c8b16e02-54b6-4331-b35e-db3a9f801727202605010104031777619060331799580.sst" input_files: "sstable2/2ca3f198-b418-400d-8626-9cf6dc6d184c202605010104031777619060363036856.sst" compactIntoNextLevel: false destinationLevel: 2
2026-05-01 07:04:32:390 - Compaction started: 
140032409056832:Compacting sstable2/c8b16e02-54b6-4331-b35e-db3a9f801727202605010104031777619060331799580.sst sstable2/2ca3f198-b418-400d-8626-9cf6dc6d184c202605010104031777619060363036856.sst into:sstable2/0_c8b16e02-54b6-4331-b35e-db3a9f801727202605010104031777619072431288906.sst
2026-05-01 07:04:32:496 - Compaction completed: 
2952500:COMPACT_START sstable=1 input_files: "sstable2/0fa5cb44-e1f9-4e3e-8e26-448011bfe43b202605010104031777619060582659815.sst" input_files: "sstable2/9574a2e2-6ca6-4295-b94a-71a4477f8e5b202605010104031777619060597845200.sst" compactIntoNextLevel: false destinationLevel: 2
2026-05-01 07:04:32:668 - Compaction started: 
140032409056832:Compacting sstable2/0fa5cb44-e1f9-4e3e-8e26-448011bfe43b202605010104031777619060582659815.sst sstable2/9574a2e2-6ca6-4295-b94a-71a4477f8e5b202605010104031777619060597845200.sst into:sstable2/0_c8b16e02-54b6-4331-b35e-db3a9f801727202605010104031777619072707962048.sst
2026-05-01 07:04:32:769 - Compaction completed: 
2952500:COMPACT_START sstable=1 input_files: "sstable2/c8b16e02-54b6-4331-b35e-db3a9f801727202605010104031777619066830478609.sst" input_files: "sstable2/c8b16e02-54b6-4331-b35e-db3a9f801727202605010104031777619060737860964.sst" compactIntoNextLevel: false destinationLevel: 2
2026-05-01 07:04:32:854 - Compaction started: 
140032409056832:Compacting sstable2/c8b16e02-54b6-4331-b35e-db3a9f801727202605010104031777619066830478609.sst sstable2/c8b16e02-54b6-4331-b35e-db3a9f801727202605010104031777619060737860964.sst into:sstable2/0_c8b16e02-54b6-4331-b35e-db3a9f801727202605010104031777619072896048241.sst
2026-05-01 07:04:32:954 - Compaction completed: 
2952500:COMPACT_START sstable=1 input_files: "sstable2/2ca3f198-b418-400d-8626-9cf6dc6d184c202605010104031777619060874155412.sst" input_files: "sstable2/9574a2e2-6ca6-4295-b94a-71a4477f8e5b202605010104031777619060904966438.sst" compactIntoNextLevel: false destinationLevel: 2
2026-05-01 07:04:33:079 - Compaction started: 
140032409056832:Compacting sstable2/2ca3f198-b418-400d-8626-9cf6dc6d184c202605010104031777619060874155412.sst sstable2/9574a2e2-6ca6-4295-b94a-71a4477f8e5b202605010104031777619060904966438.sst into:sstable2/0_c8b16e02-54b6-4331-b35e-db3a9f801727202605010104031777619073116771784.sst
2026-05-01 07:04:33:174 - Compaction completed: 
2952500:COMPACT_START sstable=1 input_files: "sstable2/0fa5cb44-e1f9-4e3e-8e26-448011bfe43b202605010104031777619061106021942.sst" input_files: "sstable2/9574a2e2-6ca6-4295-b94a-71a4477f8e5b202605010104031777619061119114845.sst" compactIntoNextLevel: false destinationLevel: 2
2026-05-01 07:04:33:293 - Compaction started: 
140032409056832:Compacting sstable2/0fa5cb44-e1f9-4e3e-8e26-448011bfe43b202605010104031777619061106021942.sst sstable2/9574a2e2-6ca6-4295-b94a-71a4477f8e5b202605010104031777619061119114845.sst into:sstable2/0_c8b16e02-54b6-4331-b35e-db3a9f801727202605010104031777619073329738746.sst
2026-05-01 07:04:33:388 - Compaction completed: 
2952500:COMPACT_START sstable=1 input_files: "sstable2/c8b16e02-54b6-4331-b35e-db3a9f801727202605010104031777619061264657098.sst" input_files: "sstable2/2ca3f198-b418-400d-8626-9cf6dc6d184c202605010104031777619061291991547.sst" compactIntoNextLevel: false destinationLevel: 2
2026-05-01 07:04:33:532 - Compaction started: 
140032409056832:Compacting sstable2/c8b16e02-54b6-4331-b35e-db3a9f801727202605010104031777619061264657098.sst sstable2/2ca3f198-b418-400d-8626-9cf6dc6d184c202605010104031777619061291991547.sst into:sstable2/0_c8b16e02-54b6-4331-b35e-db3a9f801727202605010104031777619073570609946.sst
2026-05-01 07:04:33:628 - Compaction completed: 
2026-05-01 07:04:33:697 30 sec: 120249 operations; 4008.3 current ops/sec; est completion in 2 days 21 hours [READ: Count=120261, Max=1885183, Min=32, Avg=247.1, 90=327, 99=417, 99.9=3483, 99.99=41183] 
