# CMD: /usr/lib/jvm/java-8-openjdk-amd64/bin/java -cp /users/Xinying/ozonedb/ycsb/ozonedb/conf:/users/Xinying/ozonedb/ycsb/ozonedb/target/ozonedb-binding-0.18.0-SNAPSHOT.jar:/users/Xinying/.m2/repository/org/apache/htrace/htrace-core4/4.1.0-incubating/htrace-core4-4.1.0-incubating.jar:/users/Xinying/.m2/repository/org/slf4j/slf4j-api/1.7.25/slf4j-api-1.7.25.jar:/users/Xinying/.m2/repository/org/hdrhistogram/HdrHistogram/2.1.12/HdrHistogram-2.1.12.jar:/users/Xinying/.m2/repository/ch/qos/logback/logback-classic/1.2.3/logback-classic-1.2.3.jar:/users/Xinying/.m2/repository/ozonedbjnimaven/demoproc-jni/1.0/demoproc-jni-1.0.jar:/users/Xinying/.m2/repository/ch/qos/logback/logback-core/1.2.3/logback-core-1.2.3.jar:/users/Xinying/.m2/repository/org/codehaus/jackson/jackson-mapper-asl/1.9.4/jackson-mapper-asl-1.9.4.jar:/users/Xinying/.m2/repository/org/slf4j/slf4j-simple/1.7.25/slf4j-simple-1.7.25.jar:/users/Xinying/.m2/repository/org/codehaus/jackson/jackson-core-asl/1.9.4/jackson-core-asl-1.9.4.jar:/users/Xinying/ozonedb/ycsb/core/target/core-0.18.0-SNAPSHOT.jar site.ycsb.Client -db site.ycsb.db.OzoneDBClient -threads 1 -s -P /users/Xinying/ozonedb/ycsb/workloads/generated_workloads/workloadc_1KB_1000000_1000000 -p status.interval=30 -p requestdistribution=uniform -p operationcount=1000000000 -p maxexecutiontime=660 -p shared_config=/tmp/churn_v4_configs/shared_config_varyR_n4_r25pct_rep5.json -t
# env OZONEDB_CHURN_ABORT_RATE=0.25
Command line: -db site.ycsb.db.OzoneDBClient -threads 1 -s -P /users/Xinying/ozonedb/ycsb/workloads/generated_workloads/workloadc_1KB_1000000_1000000 -p status.interval=30 -p requestdistribution=uniform -p operationcount=1000000000 -p maxexecutiontime=660 -p shared_config=/tmp/churn_v4_configs/shared_config_varyR_n4_r25pct_rep5.json -t
YCSB Client 0.18.0-SNAPSHOT

Loading workload...
Starting test.
SLF4J: Class path contains multiple SLF4J bindings.
SLF4J: Found binding in [jar:file:/users/Xinying/.m2/repository/ch/qos/logback/logback-classic/1.2.3/logback-classic-1.2.3.jar!/org/slf4j/impl/StaticLoggerBinder.class]
SLF4J: Found binding in [jar:file:/users/Xinying/.m2/repository/org/slf4j/slf4j-simple/1.7.25/slf4j-simple-1.7.25.jar!/org/slf4j/impl/StaticLoggerBinder.class]
SLF4J: See http://www.slf4j.org/codes.html#multiple_bindings for an explanation.
SLF4J: Actual binding is of type [ch.qos.logback.classic.util.ContextSelectorStaticBinder]
Maximum execution time specified as: 660 secs
2026-05-01 07:30:08:725 0 sec: 0 operations; est completion in 0 second 
Starting compaction watcher
DBWrapper: report latency for each error is false and specific error codes to track for latency are: []
3012265:COMPACT_START sstable=0 input_files: "datalog/1" input_files: "datalog/2" compactIntoNextLevel: true destinationLevel: 1
3012265:COMPACT_ABORT input_files: "datalog/1" input_files: "datalog/2" compactIntoNextLevel: true destinationLevel: 1
3012265:COMPACT_START sstable=0 input_files: "datalog/9" input_files: "datalog/10" compactIntoNextLevel: true destinationLevel: 1
2026-05-01 07:30:08:899 - Compaction started: 
139926142187072:Compacting datalog/9 datalog/10 into:sstable1/fc380011-e08b-4c93-bfdc-0a19873ebbbe202605010130081777620608973855549.sst
2026-05-01 07:30:08:997 - Compaction completed: 
3012265:COMPACT_START sstable=0 input_files: "datalog/13" input_files: "datalog/14" compactIntoNextLevel: true destinationLevel: 1
3012265:COMPACT_ABORT input_files: "datalog/13" input_files: "datalog/14" compactIntoNextLevel: true destinationLevel: 1
3012265:COMPACT_START sstable=0 input_files: "datalog/21" input_files: "datalog/22" compactIntoNextLevel: true destinationLevel: 1
3012265:COMPACT_ABORT input_files: "datalog/21" input_files: "datalog/22" compactIntoNextLevel: true destinationLevel: 1
3012265:COMPACT_START sstable=0 input_files: "datalog/27" input_files: "datalog/28" compactIntoNextLevel: true destinationLevel: 1
3012265:COMPACT_ABORT input_files: "datalog/27" input_files: "datalog/28" compactIntoNextLevel: true destinationLevel: 1
3012265:COMPACT_START sstable=0 input_files: "datalog/33" input_files: "datalog/34" compactIntoNextLevel: true destinationLevel: 1
2026-05-01 07:30:09:362 - Compaction started: 
139926142187072:Compacting datalog/33 datalog/34 into:sstable1/fc380011-e08b-4c93-bfdc-0a19873ebbbe202605010130081777620609365051876.sst
2026-05-01 07:30:09:386 - Compaction completed: 
3012265:COMPACT_START sstable=0 input_files: "datalog/41" input_files: "datalog/42" compactIntoNextLevel: true destinationLevel: 1
2026-05-01 07:30:09:465 - Compaction started: 
139926142187072:Compacting datalog/41 datalog/42 into:sstable1/fc380011-e08b-4c93-bfdc-0a19873ebbbe202605010130081777620609597909070.sst
2026-05-01 07:30:09:618 - Compaction completed: 
3012265:COMPACT_START sstable=0 input_files: "datalog/51" input_files: "datalog/52" compactIntoNextLevel: true destinationLevel: 1
3012265:COMPACT_ABORT input_files: "datalog/51" input_files: "datalog/52" compactIntoNextLevel: true destinationLevel: 1
3012265:COMPACT_START sstable=0 input_files: "datalog/57" input_files: "datalog/58" compactIntoNextLevel: true destinationLevel: 1
3012265:COMPACT_ABORT input_files: "datalog/57" input_files: "datalog/58" compactIntoNextLevel: true destinationLevel: 1
3012265:COMPACT_START sstable=0 input_files: "datalog/63" input_files: "datalog/64" compactIntoNextLevel: true destinationLevel: 1
2026-05-01 07:30:09:870 - Compaction started: 
139926142187072:Compacting datalog/63 datalog/64 into:sstable1/fc380011-e08b-4c93-bfdc-0a19873ebbbe202605010130081777620610021437316.sst
2026-05-01 07:30:10:042 - Compaction completed: 
3012265:COMPACT_START sstable=0 input_files: "datalog/77" input_files: "datalog/78" compactIntoNextLevel: true destinationLevel: 1
2026-05-01 07:30:10:072 - Compaction started: 
139926142187072:Compacting datalog/77 datalog/78 into:sstable1/fc380011-e08b-4c93-bfdc-0a19873ebbbe202605010130081777620610125165545.sst
2026-05-01 07:30:10:144 - Compaction completed: 
3012265:COMPACT_START sstable=0 input_files: "datalog/85" input_files: "datalog/86" compactIntoNextLevel: true destinationLevel: 1
2026-05-01 07:30:10:173 - Compaction started: 
139926142187072:Compacting datalog/85 datalog/86 into:sstable1/fc380011-e08b-4c93-bfdc-0a19873ebbbe202605010130081777620610177287954.sst
2026-05-01 07:30:10:197 - Compaction completed: 
3012265:COMPACT_START sstable=0 input_files: "datalog/93" input_files: "datalog/94" compactIntoNextLevel: true destinationLevel: 1
2026-05-01 07:30:10:275 - Compaction started: 
139926142187072:Compacting datalog/93 datalog/94 into:sstable1/fc380011-e08b-4c93-bfdc-0a19873ebbbe202605010130081777620610279312749.sst
2026-05-01 07:30:10:299 - Compaction completed: 
3012265:COMPACT_START sstable=0 input_files: "datalog/101" input_files: "datalog/102" compactIntoNextLevel: true destinationLevel: 1
2026-05-01 07:30:10:377 - Compaction started: 
139926142187072:Compacting datalog/101 datalog/102 into:sstable1/fc380011-e08b-4c93-bfdc-0a19873ebbbe202605010130081777620610428801491.sst
2026-05-01 07:30:10:446 - Compaction completed: 
3012265:COMPACT_START sstable=0 input_files: "datalog/109" input_files: "datalog/110" compactIntoNextLevel: true destinationLevel: 1
3012265:COMPACT_ABORT input_files: "datalog/109" input_files: "datalog/110" compactIntoNextLevel: true destinationLevel: 1
3012265:COMPACT_START sstable=0 input_files: "datalog/117" input_files: "datalog/118" compactIntoNextLevel: true destinationLevel: 1
2026-05-01 07:30:10:580 - Compaction started: 
139926142187072:Compacting datalog/117 datalog/118 into:sstable1/fc380011-e08b-4c93-bfdc-0a19873ebbbe202605010130081777620610588508157.sst
2026-05-01 07:30:10:608 - Compaction completed: 
3012265:COMPACT_START sstable=0 input_files: "datalog/125" input_files: "datalog/126" compactIntoNextLevel: true destinationLevel: 1
2026-05-01 07:30:10:682 - Compaction started: 
139926142187072:Compacting datalog/125 datalog/126 into:sstable1/fc380011-e08b-4c93-bfdc-0a19873ebbbe202605010130081777620610686343639.sst
2026-05-01 07:30:10:706 - Compaction completed: 
3012265:COMPACT_START sstable=0 input_files: "datalog/133" input_files: "datalog/134" compactIntoNextLevel: true destinationLevel: 1
3012265:COMPACT_ABORT input_files: "datalog/133" input_files: "datalog/134" compactIntoNextLevel: true destinationLevel: 1
3012265:COMPACT_START sstable=0 input_files: "datalog/141" input_files: "datalog/142" compactIntoNextLevel: true destinationLevel: 1
2026-05-01 07:30:10:883 - Compaction started: 
139926142187072:Compacting datalog/141 datalog/142 into:sstable1/fc380011-e08b-4c93-bfdc-0a19873ebbbe202605010130081777620610886599068.sst
2026-05-01 07:30:10:904 - Compaction completed: 
3012265:COMPACT_START sstable=0 input_files: "datalog/149" input_files: "datalog/150" compactIntoNextLevel: true destinationLevel: 1
2026-05-01 07:30:10:985 - Compaction started: 
139926142187072:Compacting datalog/149 datalog/150 into:sstable1/fc380011-e08b-4c93-bfdc-0a19873ebbbe202605010130081777620610988015343.sst
2026-05-01 07:30:11:004 - Compaction completed: 
3012265:COMPACT_START sstable=0 input_files: "datalog/157" input_files: "datalog/158" compactIntoNextLevel: true destinationLevel: 1
2026-05-01 07:30:11:087 - Compaction started: 
139926142187072:Compacting datalog/157 datalog/158 into:sstable1/fc380011-e08b-4c93-bfdc-0a19873ebbbe202605010130081777620611089411670.sst
2026-05-01 07:30:11:105 - Compaction completed: 
3012265:COMPACT_START sstable=0 input_files: "datalog/167" input_files: "datalog/168" compactIntoNextLevel: true destinationLevel: 1
2026-05-01 07:30:11:188 - Compaction started: 
139926142187072:Compacting datalog/167 datalog/168 into:sstable1/fc380011-e08b-4c93-bfdc-0a19873ebbbe202605010130081777620611191017641.sst
2026-05-01 07:30:11:208 - Compaction completed: 
3012265:COMPACT_START sstable=0 input_files: "datalog/175" input_files: "datalog/176" compactIntoNextLevel: true destinationLevel: 1
2026-05-01 07:30:11:290 - Compaction started: 
139926142187072:Compacting datalog/175 datalog/176 into:sstable1/fc380011-e08b-4c93-bfdc-0a19873ebbbe202605010130081777620611292700105.sst
2026-05-01 07:30:11:308 - Compaction completed: 
3012265:COMPACT_START sstable=0 input_files: "datalog/185" input_files: "datalog/186" compactIntoNextLevel: true destinationLevel: 1
2026-05-01 07:30:11:391 - Compaction started: 
139926142187072:Compacting datalog/185 datalog/186 into:sstable1/fc380011-e08b-4c93-bfdc-0a19873ebbbe202605010130081777620611394302729.sst
2026-05-01 07:30:11:411 - Compaction completed: 
3012265:COMPACT_START sstable=0 input_files: "datalog/193" input_files: "datalog/194" compactIntoNextLevel: true destinationLevel: 1
2026-05-01 07:30:11:493 - Compaction started: 
139926142187072:Compacting datalog/193 datalog/194 into:sstable1/fc380011-e08b-4c93-bfdc-0a19873ebbbe202605010130081777620611495803112.sst
2026-05-01 07:30:11:513 - Compaction completed: 
3012265:COMPACT_START sstable=0 input_files: "datalog/201" input_files: "datalog/202" compactIntoNextLevel: true destinationLevel: 1
3012265:COMPACT_ABORT input_files: "datalog/201" input_files: "datalog/202" compactIntoNextLevel: true destinationLevel: 1
3012265:COMPACT_START sstable=0 input_files: "datalog/203" input_files: "datalog/204" compactIntoNextLevel: true destinationLevel: 1
2026-05-01 07:30:11:595 - Compaction started: 
139926142187072:Compacting datalog/203 datalog/204 into:sstable1/fc380011-e08b-4c93-bfdc-0a19873ebbbe202605010130081777620611597667367.sst
2026-05-01 07:30:11:614 - Compaction completed: 
3012265:COMPACT_START sstable=0 input_files: "datalog/211" input_files: "datalog/212" compactIntoNextLevel: true destinationLevel: 1
2026-05-01 07:30:11:696 - Compaction started: 
139926142187072:Compacting datalog/211 datalog/212 into:sstable1/fc380011-e08b-4c93-bfdc-0a19873ebbbe202605010130081777620611699309856.sst
2026-05-01 07:30:11:716 - Compaction completed: 
3012265:COMPACT_START sstable=0 input_files: "datalog/219" input_files: "datalog/220" compactIntoNextLevel: true destinationLevel: 1
2026-05-01 07:30:11:798 - Compaction started: 
139926142187072:Compacting datalog/219 datalog/220 into:sstable1/fc380011-e08b-4c93-bfdc-0a19873ebbbe202605010130081777620611800941053.sst
2026-05-01 07:30:11:818 - Compaction completed: 
3012265:Task input_files: "datalog/1" input_files: "datalog/2" compactIntoNextLevel: true destinationLevel: 1 is dead (hb=30)
3012265:Found dead task input_files: "datalog/1" input_files: "datalog/2" compactIntoNextLevel: true destinationLevel: 1
3012265:COMPACT_START sstable=0 input_files: "datalog/1" input_files: "datalog/2" compactIntoNextLevel: true destinationLevel: 1
2026-05-01 07:30:11:901 - Compaction started: 
139926142187072:Compacting datalog/1 datalog/2 into:sstable1/fc380011-e08b-4c93-bfdc-0a19873ebbbe202605010130081777620611904738622.sst
2026-05-01 07:30:11:920 - Compaction completed: 
3012265:COMPACT_START sstable=0 input_files: "datalog/233" input_files: "datalog/234" compactIntoNextLevel: true destinationLevel: 1
2026-05-01 07:30:12:003 - Compaction started: 
139926142187072:Compacting datalog/233 datalog/234 into:sstable1/fc380011-e08b-4c93-bfdc-0a19873ebbbe202605010130081777620612006197197.sst
2026-05-01 07:30:12:024 - Compaction completed: 
3012265:COMPACT_START sstable=0 input_files: "datalog/241" input_files: "datalog/242" compactIntoNextLevel: true destinationLevel: 1
2026-05-01 07:30:12:105 - Compaction started: 
139926142187072:Compacting datalog/241 datalog/242 into:sstable1/fc380011-e08b-4c93-bfdc-0a19873ebbbe202605010130081777620612108125561.sst
2026-05-01 07:30:12:125 - Compaction completed: 
3012265:COMPACT_START sstable=0 input_files: "datalog/247" input_files: "datalog/248" compactIntoNextLevel: true destinationLevel: 1
2026-05-01 07:30:12:207 - Compaction started: 
139926142187072:Compacting datalog/247 datalog/248 into:sstable1/fc380011-e08b-4c93-bfdc-0a19873ebbbe202605010130081777620612210095775.sst
2026-05-01 07:30:12:226 - Compaction completed: 
3012265:COMPACT_START sstable=0 input_files: "datalog/253" input_files: "datalog/254" compactIntoNextLevel: true destinationLevel: 1
2026-05-01 07:30:12:309 - Compaction started: 
139926142187072:Compacting datalog/253 datalog/254 into:sstable1/fc380011-e08b-4c93-bfdc-0a19873ebbbe202605010130081777620612312393572.sst
2026-05-01 07:30:12:329 - Compaction completed: 
3012265:COMPACT_START sstable=0 input_files: "datalog/259" input_files: "datalog/260" compactIntoNextLevel: true destinationLevel: 1
3012265:COMPACT_ABORT input_files: "datalog/259" input_files: "datalog/260" compactIntoNextLevel: true destinationLevel: 1
3012265:COMPACT_START sstable=0 input_files: "datalog/263" input_files: "datalog/264" compactIntoNextLevel: true destinationLevel: 1
2026-05-01 07:30:12:513 - Compaction started: 
139926142187072:Compacting datalog/263 datalog/264 into:sstable1/fc380011-e08b-4c93-bfdc-0a19873ebbbe202605010130081777620612516462079.sst
2026-05-01 07:30:12:533 - Compaction completed: 
3012265:COMPACT_START sstable=0 input_files: "datalog/271" input_files: "datalog/272" compactIntoNextLevel: true destinationLevel: 1
2026-05-01 07:30:12:615 - Compaction started: 
139926142187072:Compacting datalog/271 datalog/272 into:sstable1/fc380011-e08b-4c93-bfdc-0a19873ebbbe202605010130081777620612618093417.sst
2026-05-01 07:30:12:634 - Compaction completed: 
3012265:COMPACT_START sstable=0 input_files: "datalog/277" input_files: "datalog/278" compactIntoNextLevel: true destinationLevel: 1
2026-05-01 07:30:12:718 - Compaction started: 
139926142187072:Compacting datalog/277 datalog/278 into:sstable1/fc380011-e08b-4c93-bfdc-0a19873ebbbe202605010130081777620612721227602.sst
2026-05-01 07:30:12:739 - Compaction completed: 
3012265:COMPACT_START sstable=0 input_files: "datalog/283" input_files: "datalog/284" compactIntoNextLevel: true destinationLevel: 1
2026-05-01 07:30:12:821 - Compaction started: 
139926142187072:Compacting datalog/283 datalog/284 into:sstable1/fc380011-e08b-4c93-bfdc-0a19873ebbbe202605010130081777620612824378790.sst
2026-05-01 07:30:12:842 - Compaction completed: 
3012265:Task input_files: "datalog/53" input_files: "datalog/54" compactIntoNextLevel: true destinationLevel: 1 is dead (hb=30)
3012265:Found dead task input_files: "datalog/53" input_files: "datalog/54" compactIntoNextLevel: true destinationLevel: 1
3012265:COMPACT_START sstable=0 input_files: "datalog/53" input_files: "datalog/54" compactIntoNextLevel: true destinationLevel: 1
2026-05-01 07:30:12:923 - Compaction started: 
139926142187072:Compacting datalog/53 datalog/54 into:sstable1/fc380011-e08b-4c93-bfdc-0a19873ebbbe202605010130081777620612925964231.sst
2026-05-01 07:30:12:943 - Compaction completed: 
3012265:COMPACT_START sstable=0 input_files: "datalog/291" input_files: "datalog/292" compactIntoNextLevel: true destinationLevel: 1
2026-05-01 07:30:13:025 - Compaction started: 
139926142187072:Compacting datalog/291 datalog/292 into:sstable1/fc380011-e08b-4c93-bfdc-0a19873ebbbe202605010130081777620613028669032.sst
2026-05-01 07:30:13:046 - Compaction completed: 
3012265:COMPACT_START sstable=0 input_files: "datalog/295" input_files: "datalog/296" compactIntoNextLevel: true destinationLevel: 1
2026-05-01 07:30:13:127 - Compaction started: 
139926142187072:Compacting datalog/295 datalog/296 into:sstable1/fc380011-e08b-4c93-bfdc-0a19873ebbbe202605010130081777620613130525142.sst
2026-05-01 07:30:13:147 - Compaction completed: 
3012265:COMPACT_START sstable=0 input_files: "datalog/301" input_files: "datalog/302" compactIntoNextLevel: true destinationLevel: 1
3012265:COMPACT_ABORT input_files: "datalog/301" input_files: "datalog/302" compactIntoNextLevel: true destinationLevel: 1
3012265:COMPACT_START sstable=0 input_files: "datalog/307" input_files: "datalog/308" compactIntoNextLevel: true destinationLevel: 1
3012265:COMPACT_ABORT input_files: "datalog/307" input_files: "datalog/308" compactIntoNextLevel: true destinationLevel: 1
3012265:COMPACT_START sstable=0 input_files: "datalog/313" input_files: "datalog/314" compactIntoNextLevel: true destinationLevel: 1
2026-05-01 07:30:13:432 - Compaction started: 
139926142187072:Compacting datalog/313 datalog/314 into:sstable1/fc380011-e08b-4c93-bfdc-0a19873ebbbe202605010130081777620613435202780.sst
2026-05-01 07:30:13:451 - Compaction completed: 
3012265:COMPACT_START sstable=0 input_files: "datalog/317" input_files: "datalog/318" compactIntoNextLevel: true destinationLevel: 1
3012265:COMPACT_ABORT input_files: "datalog/317" input_files: "datalog/318" compactIntoNextLevel: true destinationLevel: 1
3012265:COMPACT_START sstable=0 input_files: "datalog/323" input_files: "datalog/324" compactIntoNextLevel: true destinationLevel: 1
3012265:COMPACT_ABORT input_files: "datalog/323" input_files: "datalog/324" compactIntoNextLevel: true destinationLevel: 1
3012265:COMPACT_START sstable=0 input_files: "datalog/331" input_files: "datalog/332" compactIntoNextLevel: true destinationLevel: 1
2026-05-01 07:30:13:736 - Compaction started: 
139926142187072:Compacting datalog/331 datalog/332 into:sstable1/fc380011-e08b-4c93-bfdc-0a19873ebbbe202605010130081777620613739889195.sst
2026-05-01 07:30:13:754 - Compaction completed: 
3012265:COMPACT_START sstable=0 input_files: "datalog/343" input_files: "datalog/344" compactIntoNextLevel: true destinationLevel: 1
2026-05-01 07:30:13:838 - Compaction started: 
139926142187072:Compacting datalog/343 datalog/344 into:sstable1/fc380011-e08b-4c93-bfdc-0a19873ebbbe202605010130081777620613839970588.sst
2026-05-01 07:30:13:854 - Compaction completed: 
3012265:COMPACT_START sstable=0 input_files: "datalog/351" input_files: "datalog/352" compactIntoNextLevel: true destinationLevel: 1
2026-05-01 07:30:13:939 - Compaction started: 
139926142187072:Compacting datalog/351 datalog/352 into:sstable1/fc380011-e08b-4c93-bfdc-0a19873ebbbe202605010130081777620613941829232.sst
2026-05-01 07:30:13:957 - Compaction completed: 
3012265:COMPACT_START sstable=0 input_files: "datalog/363" input_files: "datalog/364" compactIntoNextLevel: true destinationLevel: 1
2026-05-01 07:30:14:040 - Compaction started: 
139926142187072:Compacting datalog/363 datalog/364 into:sstable1/fc380011-e08b-4c93-bfdc-0a19873ebbbe202605010130081777620614043221532.sst
2026-05-01 07:30:14:058 - Compaction completed: 
3012265:Task input_files: "datalog/153" input_files: "datalog/154" compactIntoNextLevel: true destinationLevel: 1 is dead (hb=30)
3012265:COMPACT_START sstable=0 input_files: "datalog/369" input_files: "datalog/370" compactIntoNextLevel: true destinationLevel: 1
2026-05-01 07:30:14:142 - Compaction started: 
139926142187072:Compacting datalog/369 datalog/370 into:sstable1/fc380011-e08b-4c93-bfdc-0a19873ebbbe202605010130081777620614144972173.sst
2026-05-01 07:30:14:165 - Compaction completed: 
3012265:COMPACT_START sstable=0 input_files: "datalog/375" input_files: "datalog/376" compactIntoNextLevel: true destinationLevel: 1
3012265:COMPACT_ABORT input_files: "datalog/375" input_files: "datalog/376" compactIntoNextLevel: true destinationLevel: 1
3012265:Task input_files: "datalog/181" input_files: "datalog/182" compactIntoNextLevel: true destinationLevel: 1 is dead (hb=30)
3012265:Found dead task input_files: "datalog/181" input_files: "datalog/182" compactIntoNextLevel: true destinationLevel: 1
3012265:COMPACT_START sstable=0 input_files: "datalog/181" input_files: "datalog/182" compactIntoNextLevel: true destinationLevel: 1
3012265:COMPACT_ABORT input_files: "datalog/181" input_files: "datalog/182" compactIntoNextLevel: true destinationLevel: 1
3012265:COMPACT_START sstable=0 input_files: "datalog/391" input_files: "datalog/392" compactIntoNextLevel: true destinationLevel: 1
3012265:COMPACT_ABORT input_files: "datalog/391" input_files: "datalog/392" compactIntoNextLevel: true destinationLevel: 1
3012265:Task input_files: "datalog/201" input_files: "datalog/202" compactIntoNextLevel: true destinationLevel: 1 is dead (hb=30)
3012265:Found dead task input_files: "datalog/201" input_files: "datalog/202" compactIntoNextLevel: true destinationLevel: 1
3012265:COMPACT_START sstable=0 input_files: "datalog/201" input_files: "datalog/202" compactIntoNextLevel: true destinationLevel: 1
3012265:COMPACT_ABORT input_files: "datalog/201" input_files: "datalog/202" compactIntoNextLevel: true destinationLevel: 1
3012265:COMPACT_START sstable=0 input_files: "datalog/399" input_files: "datalog/400" compactIntoNextLevel: true destinationLevel: 1
3012265:COMPACT_ABORT input_files: "datalog/399" input_files: "datalog/400" compactIntoNextLevel: true destinationLevel: 1
3012265:COMPACT_START sstable=0 input_files: "datalog/407" input_files: "datalog/408" compactIntoNextLevel: true destinationLevel: 1
2026-05-01 07:30:14:648 - Compaction started: 
139926142187072:Compacting datalog/407 datalog/408 into:sstable1/fc380011-e08b-4c93-bfdc-0a19873ebbbe202605010130081777620614651748546.sst
2026-05-01 07:30:14:667 - Compaction completed: 
3012265:Task input_files: "datalog/209" input_files: "datalog/210" compactIntoNextLevel: true destinationLevel: 1 is dead (hb=30)
3012265:Found dead task input_files: "datalog/209" input_files: "datalog/210" compactIntoNextLevel: true destinationLevel: 1
3012265:COMPACT_START sstable=0 input_files: "datalog/209" input_files: "datalog/210" compactIntoNextLevel: true destinationLevel: 1
2026-05-01 07:30:14:749 - Compaction started: 
139926142187072:Compacting datalog/209 datalog/210 into:sstable1/fc380011-e08b-4c93-bfdc-0a19873ebbbe202605010130081777620614753067058.sst
2026-05-01 07:30:14:770 - Compaction completed: 
3012265:COMPACT_START sstable=0 input_files: "datalog/419" input_files: "datalog/420" compactIntoNextLevel: true destinationLevel: 1
2026-05-01 07:30:14:851 - Compaction started: 
139926142187072:Compacting datalog/419 datalog/420 into:sstable1/fc380011-e08b-4c93-bfdc-0a19873ebbbe202605010130081777620614854106346.sst
2026-05-01 07:30:14:870 - Compaction completed: 
3012265:COMPACT_START sstable=0 input_files: "datalog/429" input_files: "datalog/430" compactIntoNextLevel: true destinationLevel: 1
2026-05-01 07:30:14:952 - Compaction started: 
139926142187072:Compacting datalog/429 datalog/430 into:sstable1/fc380011-e08b-4c93-bfdc-0a19873ebbbe202605010130081777620614955247756.sst
2026-05-01 07:30:14:969 - Compaction completed: 
3012265:Task input_files: "datalog/229" input_files: "datalog/230" compactIntoNextLevel: true destinationLevel: 1 is dead (hb=30)
3012265:Found dead task input_files: "datalog/229" input_files: "datalog/230" compactIntoNextLevel: true destinationLevel: 1
3012265:COMPACT_START sstable=0 input_files: "datalog/229" input_files: "datalog/230" compactIntoNextLevel: true destinationLevel: 1
2026-05-01 07:30:15:054 - Compaction started: 
139926142187072:Compacting datalog/229 datalog/230 into:sstable1/fc380011-e08b-4c93-bfdc-0a19873ebbbe202605010130081777620615057203231.sst
2026-05-01 07:30:15:074 - Compaction completed: 
3012265:COMPACT_START sstable=0 input_files: "datalog/443" input_files: "datalog/444" compactIntoNextLevel: true destinationLevel: 1
2026-05-01 07:30:15:155 - Compaction started: 
139926142187072:Compacting datalog/443 datalog/444 into:sstable1/fc380011-e08b-4c93-bfdc-0a19873ebbbe202605010130081777620615158279870.sst
2026-05-01 07:30:15:172 - Compaction completed: 
3012265:COMPACT_START sstable=0 input_files: "datalog/449" input_files: "datalog/450" compactIntoNextLevel: true destinationLevel: 1
2026-05-01 07:30:15:256 - Compaction started: 
139926142187072:Compacting datalog/449 datalog/450 into:sstable1/fc380011-e08b-4c93-bfdc-0a19873ebbbe202605010130081777620615259620703.sst
2026-05-01 07:30:15:274 - Compaction completed: 
3012265:COMPACT_START sstable=0 input_files: "datalog/457" input_files: "datalog/458" compactIntoNextLevel: true destinationLevel: 1
3012265:COMPACT_ABORT input_files: "datalog/457" input_files: "datalog/458" compactIntoNextLevel: true destinationLevel: 1
3012265:COMPACT_START sstable=0 input_files: "datalog/459" input_files: "datalog/460" compactIntoNextLevel: true destinationLevel: 1
3012265:COMPACT_ABORT input_files: "datalog/459" input_files: "datalog/460" compactIntoNextLevel: true destinationLevel: 1
3012265:Task input_files: "datalog/259" input_files: "datalog/260" compactIntoNextLevel: true destinationLevel: 1 is dead (hb=30)
3012265:Task input_files: "datalog/255" input_files: "datalog/256" compactIntoNextLevel: true destinationLevel: 1 is dead (hb=30)
3012265:Found dead task input_files: "datalog/255" input_files: "datalog/256" compactIntoNextLevel: true destinationLevel: 1
3012265:COMPACT_START sstable=0 input_files: "datalog/255" input_files: "datalog/256" compactIntoNextLevel: true destinationLevel: 1
2026-05-01 07:30:15:460 - Compaction started: 
139926142187072:Compacting datalog/255 datalog/256 into:sstable1/fc380011-e08b-4c93-bfdc-0a19873ebbbe202605010130081777620615462494070.sst
2026-05-01 07:30:15:478 - Compaction completed: 
3012265:COMPACT_START sstable=0 input_files: "datalog/475" input_files: "datalog/476" compactIntoNextLevel: true destinationLevel: 1
2026-05-01 07:30:15:561 - Compaction started: 
139926142187072:Compacting datalog/475 datalog/476 into:sstable1/fc380011-e08b-4c93-bfdc-0a19873ebbbe202605010130081777620615563785510.sst
2026-05-01 07:30:15:578 - Compaction completed: 
3012265:COMPACT_START sstable=0 input_files: "datalog/485" input_files: "datalog/486" compactIntoNextLevel: true destinationLevel: 1
3012265:COMPACT_ABORT input_files: "datalog/485" input_files: "datalog/486" compactIntoNextLevel: true destinationLevel: 1
3012265:COMPACT_START sstable=0 input_files: "datalog/493" input_files: "datalog/494" compactIntoNextLevel: true destinationLevel: 1
2026-05-01 07:30:15:764 - Compaction started: 
139926142187072:Compacting datalog/493 datalog/494 into:sstable1/fc380011-e08b-4c93-bfdc-0a19873ebbbe202605010130081777620615766609033.sst
2026-05-01 07:30:15:781 - Compaction completed: 
3012265:COMPACT_START sstable=0 input_files: "datalog/501" input_files: "datalog/502" compactIntoNextLevel: true destinationLevel: 1
2026-05-01 07:30:15:865 - Compaction started: 
139926142187072:Compacting datalog/501 datalog/502 into:sstable1/fc380011-e08b-4c93-bfdc-0a19873ebbbe202605010130081777620615867923107.sst
2026-05-01 07:30:15:882 - Compaction completed: 
3012265:COMPACT_START sstable=0 input_files: "datalog/507" input_files: "datalog/508" compactIntoNextLevel: true destinationLevel: 1
2026-05-01 07:30:15:967 - Compaction started: 
139926142187072:Compacting datalog/507 datalog/508 into:sstable1/fc380011-e08b-4c93-bfdc-0a19873ebbbe202605010130081777620615969744291.sst
2026-05-01 07:30:15:984 - Compaction completed: 
3012265:Task input_files: "datalog/287" input_files: "datalog/288" compactIntoNextLevel: true destinationLevel: 1 is dead (hb=30)
3012265:Found dead task input_files: "datalog/287" input_files: "datalog/288" compactIntoNextLevel: true destinationLevel: 1
3012265:COMPACT_START sstable=0 input_files: "datalog/287" input_files: "datalog/288" compactIntoNextLevel: true destinationLevel: 1
2026-05-01 07:30:16:068 - Compaction started: 
139926142187072:Compacting datalog/287 datalog/288 into:sstable1/fc380011-e08b-4c93-bfdc-0a19873ebbbe202605010130081777620616070891962.sst
2026-05-01 07:30:16:087 - Compaction completed: 
3012265:Task input_files: "datalog/69" input_files: "datalog/70" compactIntoNextLevel: true destinationLevel: 1 is dead (hb=30)
3012265:Found dead task input_files: "datalog/69" input_files: "datalog/70" compactIntoNextLevel: true destinationLevel: 1
3012265:COMPACT_START sstable=0 input_files: "datalog/69" input_files: "datalog/70" compactIntoNextLevel: true destinationLevel: 1
2026-05-01 07:30:16:169 - Compaction started: 
139926142187072:Compacting datalog/69 datalog/70 into:sstable1/fc380011-e08b-4c93-bfdc-0a19873ebbbe202605010130081777620616172724277.sst
2026-05-01 07:30:16:191 - Compaction completed: 
3012265:Task input_files: "datalog/301" input_files: "datalog/302" compactIntoNextLevel: true destinationLevel: 1 is dead (hb=30)
3012265:Found dead task input_files: "datalog/301" input_files: "datalog/302" compactIntoNextLevel: true destinationLevel: 1
3012265:COMPACT_START sstable=0 input_files: "datalog/301" input_files: "datalog/302" compactIntoNextLevel: true destinationLevel: 1
2026-05-01 07:30:16:290 - Compaction started: 
139926142187072:Compacting datalog/301 datalog/302 into:sstable1/fc380011-e08b-4c93-bfdc-0a19873ebbbe202605010130081777620616293678157.sst
2026-05-01 07:30:16:309 - Compaction completed: 
3012265:Task input_files: "datalog/307" input_files: "datalog/308" compactIntoNextLevel: true destinationLevel: 1 is dead (hb=30)
3012265:Found dead task input_files: "datalog/307" input_files: "datalog/308" compactIntoNextLevel: true destinationLevel: 1
3012265:COMPACT_START sstable=0 input_files: "datalog/307" input_files: "datalog/308" compactIntoNextLevel: true destinationLevel: 1
2026-05-01 07:30:16:392 - Compaction started: 
139926142187072:Compacting datalog/307 datalog/308 into:sstable1/fc380011-e08b-4c93-bfdc-0a19873ebbbe202605010130081777620616394786074.sst
2026-05-01 07:30:16:440 - Compaction completed: 
3012265:COMPACT_START sstable=0 input_files: "datalog/535" input_files: "datalog/536" compactIntoNextLevel: true destinationLevel: 1
2026-05-01 07:30:16:493 - Compaction started: 
139926142187072:Compacting datalog/535 datalog/536 into:sstable1/fc380011-e08b-4c93-bfdc-0a19873ebbbe202605010130081777620616496016430.sst
2026-05-01 07:30:16:510 - Compaction completed: 
3012265:Task input_files: "datalog/317" input_files: "datalog/318" compactIntoNextLevel: true destinationLevel: 1 is dead (hb=30)
3012265:Found dead task input_files: "datalog/317" input_files: "datalog/318" compactIntoNextLevel: true destinationLevel: 1
3012265:COMPACT_START sstable=0 input_files: "datalog/317" input_files: "datalog/318" compactIntoNextLevel: true destinationLevel: 1
2026-05-01 07:30:16:594 - Compaction started: 
139926142187072:Compacting datalog/317 datalog/318 into:sstable1/fc380011-e08b-4c93-bfdc-0a19873ebbbe202605010130081777620616597320945.sst
2026-05-01 07:30:16:612 - Compaction completed: 
3012265:Task input_files: "datalog/323" input_files: "datalog/324" compactIntoNextLevel: true destinationLevel: 1 is dead (hb=30)
3012265:Found dead task input_files: "datalog/323" input_files: "datalog/324" compactIntoNextLevel: true destinationLevel: 1
3012265:COMPACT_START sstable=0 input_files: "datalog/323" input_files: "datalog/324" compactIntoNextLevel: true destinationLevel: 1
2026-05-01 07:30:16:695 - Compaction started: 
139926142187072:Compacting datalog/323 datalog/324 into:sstable1/fc380011-e08b-4c93-bfdc-0a19873ebbbe202605010130081777620616698564868.sst
2026-05-01 07:30:16:713 - Compaction completed: 
3012265:Task input_files: "datalog/333" input_files: "datalog/334" compactIntoNextLevel: true destinationLevel: 1 is dead (hb=30)
3012265:Found dead task input_files: "datalog/333" input_files: "datalog/334" compactIntoNextLevel: true destinationLevel: 1
3012265:COMPACT_START sstable=0 input_files: "datalog/333" input_files: "datalog/334" compactIntoNextLevel: true destinationLevel: 1
3012265:COMPACT_ABORT input_files: "datalog/333" input_files: "datalog/334" compactIntoNextLevel: true destinationLevel: 1
3012265:COMPACT_START sstable=0 input_files: "datalog/555" input_files: "datalog/556" compactIntoNextLevel: true destinationLevel: 1
2026-05-01 07:30:16:797 - Compaction started: 
139926142187072:Compacting datalog/555 datalog/556 into:sstable1/fc380011-e08b-4c93-bfdc-0a19873ebbbe202605010130081777620616799898367.sst
2026-05-01 07:30:16:814 - Compaction completed: 
3012265:COMPACT_START sstable=0 input_files: "datalog/559" input_files: "datalog/560" compactIntoNextLevel: true destinationLevel: 1
2026-05-01 07:30:16:898 - Compaction started: 
139926142187072:Compacting datalog/559 datalog/560 into:sstable1/fc380011-e08b-4c93-bfdc-0a19873ebbbe202605010130081777620616901516811.sst
2026-05-01 07:30:16:915 - Compaction completed: 
3012265:Task input_files: "datalog/359" input_files: "datalog/360" compactIntoNextLevel: true destinationLevel: 1 is dead (hb=30)
3012265:Found dead task input_files: "datalog/359" input_files: "datalog/360" compactIntoNextLevel: true destinationLevel: 1
3012265:COMPACT_START sstable=0 input_files: "datalog/359" input_files: "datalog/360" compactIntoNextLevel: true destinationLevel: 1
2026-05-01 07:30:17:021 - Compaction started: 
139926142187072:Compacting datalog/359 datalog/360 into:sstable1/fc380011-e08b-4c93-bfdc-0a19873ebbbe202605010130081777620617024674543.sst
2026-05-01 07:30:17:041 - Compaction completed: 
3012265:Task input_files: "datalog/361" input_files: "datalog/362" compactIntoNextLevel: true destinationLevel: 1 is dead (hb=30)
3012265:Found dead task input_files: "datalog/361" input_files: "datalog/362" compactIntoNextLevel: true destinationLevel: 1
3012265:COMPACT_START sstable=0 input_files: "datalog/361" input_files: "datalog/362" compactIntoNextLevel: true destinationLevel: 1
2026-05-01 07:30:17:123 - Compaction started: 
139926142187072:Compacting datalog/361 datalog/362 into:sstable1/fc380011-e08b-4c93-bfdc-0a19873ebbbe202605010130081777620617126728102.sst
2026-05-01 07:30:17:143 - Compaction completed: 
3012265:COMPACT_START sstable=0 input_files: "datalog/575" input_files: "datalog/576" compactIntoNextLevel: true destinationLevel: 1
2026-05-01 07:30:17:226 - Compaction started: 
139926142187072:Compacting datalog/575 datalog/576 into:sstable1/fc380011-e08b-4c93-bfdc-0a19873ebbbe202605010130081777620617229111319.sst
2026-05-01 07:30:17:244 - Compaction completed: 
3012265:COMPACT_START sstable=0 input_files: "datalog/581" input_files: "datalog/582" compactIntoNextLevel: true destinationLevel: 1
3012265:COMPACT_ABORT input_files: "datalog/581" input_files: "datalog/582" compactIntoNextLevel: true destinationLevel: 1
3012265:COMPACT_START sstable=0 input_files: "datalog/583" input_files: "datalog/584" compactIntoNextLevel: true destinationLevel: 1
2026-05-01 07:30:17:329 - Compaction started: 
139926142187072:Compacting datalog/583 datalog/584 into:sstable1/fc380011-e08b-4c93-bfdc-0a19873ebbbe202605010130081777620617331662331.sst
2026-05-01 07:30:17:346 - Compaction completed: 
3012265:COMPACT_START sstable=0 input_files: "datalog/589" input_files: "datalog/590" compactIntoNextLevel: true destinationLevel: 1
2026-05-01 07:30:17:431 - Compaction started: 
139926142187072:Compacting datalog/589 datalog/590 into:sstable1/fc380011-e08b-4c93-bfdc-0a19873ebbbe202605010130081777620617434564121.sst
2026-05-01 07:30:17:449 - Compaction completed: 
3012265:COMPACT_START sstable=0 input_files: "datalog/595" input_files: "datalog/596" compactIntoNextLevel: true destinationLevel: 1
2026-05-01 07:30:17:547 - Compaction started: 
139926142187072:Compacting datalog/595 datalog/596 into:sstable1/fc380011-e08b-4c93-bfdc-0a19873ebbbe202605010130081777620617550348891.sst
2026-05-01 07:30:17:566 - Compaction completed: 
3012265:Task input_files: "datalog/399" input_files: "datalog/400" compactIntoNextLevel: true destinationLevel: 1 is dead (hb=30)
3012265:Found dead task input_files: "datalog/399" input_files: "datalog/400" compactIntoNextLevel: true destinationLevel: 1
3012265:COMPACT_START sstable=0 input_files: "datalog/399" input_files: "datalog/400" compactIntoNextLevel: true destinationLevel: 1
3012265:COMPACT_ABORT input_files: "datalog/399" input_files: "datalog/400" compactIntoNextLevel: true destinationLevel: 1
3012265:COMPACT_START sstable=0 input_files: "datalog/599" input_files: "datalog/600" compactIntoNextLevel: true destinationLevel: 1
2026-05-01 07:30:17:670 - Compaction started: 
139926142187072:Compacting datalog/599 datalog/600 into:sstable1/fc380011-e08b-4c93-bfdc-0a19873ebbbe202605010130081777620617672479598.sst
2026-05-01 07:30:17:686 - Compaction completed: 
3012265:COMPACT_START sstable=0 input_files: "datalog/605" input_files: "datalog/606" compactIntoNextLevel: true destinationLevel: 1
3012265:COMPACT_ABORT input_files: "datalog/605" input_files: "datalog/606" compactIntoNextLevel: true destinationLevel: 1
3012265:COMPACT_START sstable=0 input_files: "datalog/611" input_files: "datalog/612" compactIntoNextLevel: true destinationLevel: 1
2026-05-01 07:30:17:873 - Compaction started: 
139926142187072:Compacting datalog/611 datalog/612 into:sstable1/fc380011-e08b-4c93-bfdc-0a19873ebbbe202605010130081777620617876648412.sst
2026-05-01 07:30:17:891 - Compaction completed: 
3012265:COMPACT_START sstable=0 input_files: "datalog/619" input_files: "datalog/620" compactIntoNextLevel: true destinationLevel: 1
2026-05-01 07:30:17:976 - Compaction started: 
139926142187072:Compacting datalog/619 datalog/620 into:sstable1/fc380011-e08b-4c93-bfdc-0a19873ebbbe202605010130081777620617979201448.sst
2026-05-01 07:30:17:993 - Compaction completed: 
3012265:COMPACT_START sstable=0 input_files: "datalog/625" input_files: "datalog/626" compactIntoNextLevel: true destinationLevel: 1
2026-05-01 07:30:18:078 - Compaction started: 
139926142187072:Compacting datalog/625 datalog/626 into:sstable1/fc380011-e08b-4c93-bfdc-0a19873ebbbe202605010130081777620618081369593.sst
2026-05-01 07:30:18:095 - Compaction completed: 
3012265:COMPACT_START sstable=0 input_files: "datalog/635" input_files: "datalog/636" compactIntoNextLevel: true destinationLevel: 1
2026-05-01 07:30:18:180 - Compaction started: 
139926142187072:Compacting datalog/635 datalog/636 into:sstable1/fc380011-e08b-4c93-bfdc-0a19873ebbbe202605010130081777620618182858554.sst
2026-05-01 07:30:18:196 - Compaction completed: 
3012265:COMPACT_START sstable=0 input_files: "datalog/645" input_files: "datalog/646" compactIntoNextLevel: true destinationLevel: 1
2026-05-01 07:30:18:295 - Compaction started: 
139926142187072:Compacting datalog/645 datalog/646 into:sstable1/fc380011-e08b-4c93-bfdc-0a19873ebbbe202605010130081777620618298563434.sst
2026-05-01 07:30:18:313 - Compaction completed: 
3012265:Task input_files: "datalog/457" input_files: "datalog/458" compactIntoNextLevel: true destinationLevel: 1 is dead (hb=30)
3012265:Found dead task input_files: "datalog/457" input_files: "datalog/458" compactIntoNextLevel: true destinationLevel: 1
3012265:COMPACT_START sstable=0 input_files: "datalog/457" input_files: "datalog/458" compactIntoNextLevel: true destinationLevel: 1
3012265:COMPACT_ABORT input_files: "datalog/457" input_files: "datalog/458" compactIntoNextLevel: true destinationLevel: 1
3012265:COMPACT_START sstable=0 input_files: "datalog/649" input_files: "datalog/650" compactIntoNextLevel: true destinationLevel: 1
2026-05-01 07:30:18:397 - Compaction started: 
139926142187072:Compacting datalog/649 datalog/650 into:sstable1/fc380011-e08b-4c93-bfdc-0a19873ebbbe202605010130081777620618400728823.sst
2026-05-01 07:30:18:414 - Compaction completed: 
3012265:Task input_files: "datalog/465" input_files: "datalog/466" compactIntoNextLevel: true destinationLevel: 1 is dead (hb=30)
3012265:Found dead task input_files: "datalog/465" input_files: "datalog/466" compactIntoNextLevel: true destinationLevel: 1
3012265:COMPACT_START sstable=0 input_files: "datalog/465" input_files: "datalog/466" compactIntoNextLevel: true destinationLevel: 1
2026-05-01 07:30:18:499 - Compaction started: 
139926142187072:Compacting datalog/465 datalog/466 into:sstable1/fc380011-e08b-4c93-bfdc-0a19873ebbbe202605010130081777620618502217243.sst
2026-05-01 07:30:18:517 - Compaction completed: 
3012265:COMPACT_START sstable=0 input_files: "datalog/657" input_files: "datalog/658" compactIntoNextLevel: true destinationLevel: 1
3012265:COMPACT_ABORT input_files: "datalog/657" input_files: "datalog/658" compactIntoNextLevel: true destinationLevel: 1
3012265:COMPACT_START sstable=0 input_files: "datalog/665" input_files: "datalog/666" compactIntoNextLevel: true destinationLevel: 1
3012265:COMPACT_ABORT input_files: "datalog/665" input_files: "datalog/666" compactIntoNextLevel: true destinationLevel: 1
3012265:COMPACT_START sstable=0 input_files: "datalog/675" input_files: "datalog/676" compactIntoNextLevel: true destinationLevel: 1
2026-05-01 07:30:18:803 - Compaction started: 
139926142187072:Compacting datalog/675 datalog/676 into:sstable1/fc380011-e08b-4c93-bfdc-0a19873ebbbe202605010130081777620618806239012.sst
2026-05-01 07:30:18:819 - Compaction completed: 
3012265:COMPACT_START sstable=0 input_files: "datalog/681" input_files: "datalog/682" compactIntoNextLevel: true destinationLevel: 1
2026-05-01 07:30:18:905 - Compaction started: 
139926142187072:Compacting datalog/681 datalog/682 into:sstable1/fc380011-e08b-4c93-bfdc-0a19873ebbbe202605010130081777620618908394443.sst
2026-05-01 07:30:18:922 - Compaction completed: 
3012265:COMPACT_START sstable=0 input_files: "datalog/689" input_files: "datalog/690" compactIntoNextLevel: true destinationLevel: 1
2026-05-01 07:30:19:007 - Compaction started: 
139926142187072:Compacting datalog/689 datalog/690 into:sstable1/fc380011-e08b-4c93-bfdc-0a19873ebbbe202605010130081777620619010227790.sst
2026-05-01 07:30:19:024 - Compaction completed: 
3012265:COMPACT_START sstable=0 input_files: "datalog/695" input_files: "datalog/696" compactIntoNextLevel: true destinationLevel: 1
2026-05-01 07:30:19:108 - Compaction started: 
139926142187072:Compacting datalog/695 datalog/696 into:sstable1/fc380011-e08b-4c93-bfdc-0a19873ebbbe202605010130081777620619111819724.sst
2026-05-01 07:30:19:126 - Compaction completed: 
3012265:COMPACT_START sstable=0 input_files: "datalog/711" input_files: "datalog/712" compactIntoNextLevel: true destinationLevel: 1
2026-05-01 07:30:19:210 - Compaction started: 
139926142187072:Compacting datalog/711 datalog/712 into:sstable1/fc380011-e08b-4c93-bfdc-0a19873ebbbe202605010130081777620619213350604.sst
2026-05-01 07:30:19:227 - Compaction completed: 
3012265:COMPACT_START sstable=0 input_files: "datalog/721" input_files: "datalog/722" compactIntoNextLevel: true destinationLevel: 1
2026-05-01 07:30:19:312 - Compaction started: 
139926142187072:Compacting datalog/721 datalog/722 into:sstable1/fc380011-e08b-4c93-bfdc-0a19873ebbbe202605010130081777620619315579863.sst
2026-05-01 07:30:19:330 - Compaction completed: 
3012265:COMPACT_START sstable=0 input_files: "datalog/735" input_files: "datalog/736" compactIntoNextLevel: true destinationLevel: 1
3012265:COMPACT_ABORT input_files: "datalog/735" input_files: "datalog/736" compactIntoNextLevel: true destinationLevel: 1
3012265:COMPACT_START sstable=0 input_files: "datalog/743" input_files: "datalog/744" compactIntoNextLevel: true destinationLevel: 1
3012265:COMPACT_ABORT input_files: "datalog/743" input_files: "datalog/744" compactIntoNextLevel: true destinationLevel: 1
3012265:COMPACT_START sstable=0 input_files: "datalog/751" input_files: "datalog/752" compactIntoNextLevel: true destinationLevel: 1
2026-05-01 07:30:19:617 - Compaction started: 
139926142187072:Compacting datalog/751 datalog/752 into:sstable1/fc380011-e08b-4c93-bfdc-0a19873ebbbe202605010130081777620619619754819.sst
2026-05-01 07:30:19:632 - Compaction completed: 
3012265:Task input_files: "datalog/547" input_files: "datalog/548" compactIntoNextLevel: true destinationLevel: 1 is dead (hb=30)
3012265:Found dead task input_files: "datalog/547" input_files: "datalog/548" compactIntoNextLevel: true destinationLevel: 1
3012265:COMPACT_START sstable=0 input_files: "datalog/547" input_files: "datalog/548" compactIntoNextLevel: true destinationLevel: 1
2026-05-01 07:30:19:718 - Compaction started: 
139926142187072:Compacting datalog/547 datalog/548 into:sstable1/fc380011-e08b-4c93-bfdc-0a19873ebbbe202605010130081777620619722181898.sst
2026-05-01 07:30:19:736 - Compaction completed: 
3012265:Task input_files: "datalog/333" input_files: "datalog/334" compactIntoNextLevel: true destinationLevel: 1 is dead (hb=30)
3012265:Found dead task input_files: "datalog/333" input_files: "datalog/334" compactIntoNextLevel: true destinationLevel: 1
3012265:COMPACT_START sstable=0 input_files: "datalog/333" input_files: "datalog/334" compactIntoNextLevel: true destinationLevel: 1
2026-05-01 07:30:19:820 - Compaction started: 
139926142187072:Compacting datalog/333 datalog/334 into:sstable1/fc380011-e08b-4c93-bfdc-0a19873ebbbe202605010130081777620619824181978.sst
2026-05-01 07:30:19:840 - Compaction completed: 
3012265:COMPACT_START sstable=0 input_files: "datalog/765" input_files: "datalog/766" compactIntoNextLevel: true destinationLevel: 1
2026-05-01 07:30:19:925 - Compaction started: 
139926142187072:Compacting datalog/765 datalog/766 into:sstable1/fc380011-e08b-4c93-bfdc-0a19873ebbbe202605010130081777620619928757325.sst
2026-05-01 07:30:19:941 - Compaction completed: 
3012265:COMPACT_START sstable=0 input_files: "datalog/777" input_files: "datalog/778" compactIntoNextLevel: true destinationLevel: 1
2026-05-01 07:30:20:027 - Compaction started: 
139926142187072:Compacting datalog/777 datalog/778 into:sstable1/fc380011-e08b-4c93-bfdc-0a19873ebbbe202605010130081777620620030264269.sst
2026-05-01 07:30:20:043 - Compaction completed: 
3012265:COMPACT_START sstable=0 input_files: "datalog/787" input_files: "datalog/788" compactIntoNextLevel: true destinationLevel: 1
2026-05-01 07:30:20:130 - Compaction started: 
139926142187072:Compacting datalog/787 datalog/788 into:sstable1/fc380011-e08b-4c93-bfdc-0a19873ebbbe202605010130081777620620132432164.sst
2026-05-01 07:30:20:145 - Compaction completed: 
3012265:COMPACT_START sstable=0 input_files: "datalog/791" input_files: "datalog/792" compactIntoNextLevel: true destinationLevel: 1
2026-05-01 07:30:20:232 - Compaction started: 
139926142187072:Compacting datalog/791 datalog/792 into:sstable1/fc380011-e08b-4c93-bfdc-0a19873ebbbe202605010130081777620620235018071.sst
2026-05-01 07:30:20:248 - Compaction completed: 
3012265:Task input_files: "datalog/581" input_files: "datalog/582" compactIntoNextLevel: true destinationLevel: 1 is dead (hb=30)
3012265:Found dead task input_files: "datalog/581" input_files: "datalog/582" compactIntoNextLevel: true destinationLevel: 1
3012265:COMPACT_START sstable=0 input_files: "datalog/581" input_files: "datalog/582" compactIntoNextLevel: true destinationLevel: 1
2026-05-01 07:30:20:333 - Compaction started: 
139926142187072:Compacting datalog/581 datalog/582 into:sstable1/fc380011-e08b-4c93-bfdc-0a19873ebbbe202605010130081777620620336653807.sst
2026-05-01 07:30:20:351 - Compaction completed: 
3012265:COMPACT_START sstable=0 input_files: "datalog/807" input_files: "datalog/808" compactIntoNextLevel: true destinationLevel: 1
2026-05-01 07:30:20:435 - Compaction started: 
139926142187072:Compacting datalog/807 datalog/808 into:sstable1/fc380011-e08b-4c93-bfdc-0a19873ebbbe202605010130081777620620438132950.sst
2026-05-01 07:30:20:451 - Compaction completed: 
3012265:COMPACT_START sstable=0 input_files: "datalog/815" input_files: "datalog/816" compactIntoNextLevel: true destinationLevel: 1
3012265:COMPACT_ABORT input_files: "datalog/815" input_files: "datalog/816" compactIntoNextLevel: true destinationLevel: 1
3012265:COMPACT_START sstable=0 input_files: "datalog/823" input_files: "datalog/824" compactIntoNextLevel: true destinationLevel: 1
2026-05-01 07:30:20:638 - Compaction started: 
139926142187072:Compacting datalog/823 datalog/824 into:sstable1/fc380011-e08b-4c93-bfdc-0a19873ebbbe202605010130081777620620641615107.sst
2026-05-01 07:30:20:654 - Compaction completed: 
3012265:Task input_files: "datalog/391" input_files: "datalog/392" compactIntoNextLevel: true destinationLevel: 1 is dead (hb=30)
3012265:Task input_files: "datalog/399" input_files: "datalog/400" compactIntoNextLevel: true destinationLevel: 1 is dead (hb=30)
3012265:Found dead task input_files: "datalog/399" input_files: "datalog/400" compactIntoNextLevel: true destinationLevel: 1
3012265:COMPACT_START sstable=0 input_files: "datalog/399" input_files: "datalog/400" compactIntoNextLevel: true destinationLevel: 1
2026-05-01 07:30:20:740 - Compaction started: 
139926142187072:Compacting datalog/399 datalog/400 into:sstable1/fc380011-e08b-4c93-bfdc-0a19873ebbbe202605010130081777620620744042929.sst
2026-05-01 07:30:20:761 - Compaction completed: 
3012265:COMPACT_START sstable=0 input_files: "datalog/835" input_files: "datalog/836" compactIntoNextLevel: true destinationLevel: 1
3012265:COMPACT_ABORT input_files: "datalog/835" input_files: "datalog/836" compactIntoNextLevel: true destinationLevel: 1
3012265:COMPACT_START sstable=0 input_files: "datalog/839" input_files: "datalog/840" compactIntoNextLevel: true destinationLevel: 1
2026-05-01 07:30:20:955 - Compaction started: 
139926142187072:Compacting datalog/839 datalog/840 into:sstable1/fc380011-e08b-4c93-bfdc-0a19873ebbbe202605010130081777620620957494183.sst
2026-05-01 07:30:20:970 - Compaction completed: 
3012265:COMPACT_START sstable=0 input_files: "datalog/847" input_files: "datalog/848" compactIntoNextLevel: true destinationLevel: 1
3012265:COMPACT_ABORT input_files: "datalog/847" input_files: "datalog/848" compactIntoNextLevel: true destinationLevel: 1
3012265:COMPACT_START sstable=0 input_files: "datalog/851" input_files: "datalog/852" compactIntoNextLevel: true destinationLevel: 1
3012265:COMPACT_ABORT input_files: "datalog/851" input_files: "datalog/852" compactIntoNextLevel: true destinationLevel: 1
3012265:Task input_files: "datalog/639" input_files: "datalog/640" compactIntoNextLevel: true destinationLevel: 1 is dead (hb=30)
3012265:Found dead task input_files: "datalog/639" input_files: "datalog/640" compactIntoNextLevel: true destinationLevel: 1
3012265:COMPACT_START sstable=0 input_files: "datalog/639" input_files: "datalog/640" compactIntoNextLevel: true destinationLevel: 1
2026-05-01 07:30:21:259 - Compaction started: 
139926142187072:Compacting datalog/639 datalog/640 into:sstable1/fc380011-e08b-4c93-bfdc-0a19873ebbbe202605010130081777620621263002469.sst
2026-05-01 07:30:21:277 - Compaction completed: 
3012265:Task input_files: "datalog/457" input_files: "datalog/458" compactIntoNextLevel: true destinationLevel: 1 is dead (hb=30)
3012265:Task input_files: "datalog/643" input_files: "datalog/644" compactIntoNextLevel: true destinationLevel: 1 is dead (hb=30)
3012265:Found dead task input_files: "datalog/643" input_files: "datalog/644" compactIntoNextLevel: true destinationLevel: 1
3012265:COMPACT_START sstable=0 input_files: "datalog/643" input_files: "datalog/644" compactIntoNextLevel: true destinationLevel: 1
2026-05-01 07:30:21:361 - Compaction started: 
139926142187072:Compacting datalog/643 datalog/644 into:sstable1/fc380011-e08b-4c93-bfdc-0a19873ebbbe202605010130081777620621364350166.sst
2026-05-01 07:30:21:378 - Compaction completed: 
3012265:COMPACT_START sstable=1 input_files: "sstable1/fc380011-e08b-4c93-bfdc-0a19873ebbbe202605010130081777620611904738622.sst" input_files: "sstable1/4bd26312-75ba-4c3b-9aad-6608ea48d929202605010130081777620608981444796.sst" compactIntoNextLevel: true destinationLevel: 2
3012265:COMPACT_ABORT input_files: "sstable1/fc380011-e08b-4c93-bfdc-0a19873ebbbe202605010130081777620611904738622.sst" input_files: "sstable1/4bd26312-75ba-4c3b-9aad-6608ea48d929202605010130081777620608981444796.sst" compactIntoNextLevel: true destinationLevel: 2
3012265:COMPACT_START sstable=1 input_files: "sstable1/4bd26312-75ba-4c3b-9aad-6608ea48d929202605010130081777620609322522560.sst" input_files: "sstable1/4bd26312-75ba-4c3b-9aad-6608ea48d929202605010130081777620612355490381.sst" compactIntoNextLevel: true destinationLevel: 2
2026-05-01 07:30:21:579 - Compaction started: 
139926142187072:Compacting sstable1/4bd26312-75ba-4c3b-9aad-6608ea48d929202605010130081777620609322522560.sst sstable1/4bd26312-75ba-4c3b-9aad-6608ea48d929202605010130081777620612355490381.sst into:sstable2/fc380011-e08b-4c93-bfdc-0a19873ebbbe202605010130081777620621605591446.sst
2026-05-01 07:30:21:644 - Compaction completed: 
3012265:Task input_files: "datalog/657" input_files: "datalog/658" compactIntoNextLevel: true destinationLevel: 1 is dead (hb=30)
3012265:Found dead task input_files: "datalog/657" input_files: "datalog/658" compactIntoNextLevel: true destinationLevel: 1
3012265:COMPACT_START sstable=0 input_files: "datalog/657" input_files: "datalog/658" compactIntoNextLevel: true destinationLevel: 1
2026-05-01 07:30:21:681 - Compaction started: 
139926142187072:Compacting datalog/657 datalog/658 into:sstable1/fc380011-e08b-4c93-bfdc-0a19873ebbbe202605010130081777620621684579628.sst
2026-05-01 07:30:21:699 - Compaction completed: 
3012265:Task input_files: "datalog/671" input_files: "datalog/672" compactIntoNextLevel: true destinationLevel: 1 is dead (hb=30)
3012265:Task input_files: "datalog/665" input_files: "datalog/666" compactIntoNextLevel: true destinationLevel: 1 is dead (hb=30)
3012265:Found dead task input_files: "datalog/665" input_files: "datalog/666" compactIntoNextLevel: true destinationLevel: 1
3012265:COMPACT_START sstable=0 input_files: "datalog/665" input_files: "datalog/666" compactIntoNextLevel: true destinationLevel: 1
3012265:COMPACT_ABORT input_files: "datalog/665" input_files: "datalog/666" compactIntoNextLevel: true destinationLevel: 1
3012265:Found dead task input_files: "datalog/671" input_files: "datalog/672" compactIntoNextLevel: true destinationLevel: 1
3012265:COMPACT_START sstable=0 input_files: "datalog/671" input_files: "datalog/672" compactIntoNextLevel: true destinationLevel: 1
2026-05-01 07:30:21:784 - Compaction started: 
139926142187072:Compacting datalog/671 datalog/672 into:sstable1/fc380011-e08b-4c93-bfdc-0a19873ebbbe202605010130081777620621787200871.sst
2026-05-01 07:30:21:804 - Compaction completed: 
3012265:COMPACT_START sstable=1 input_files: "sstable1/7babbd60-3e4d-4e96-827f-e6bb03534eab202605010130081777620609931976222.sst" input_files: "sstable1/fc380011-e08b-4c93-bfdc-0a19873ebbbe202605010130081777620610021437316.sst" compactIntoNextLevel: true destinationLevel: 2
2026-05-01 07:30:21:887 - Compaction started: 
139926142187072:Compacting sstable1/7babbd60-3e4d-4e96-827f-e6bb03534eab202605010130081777620609931976222.sst sstable1/fc380011-e08b-4c93-bfdc-0a19873ebbbe202605010130081777620610021437316.sst into:sstable2/fc380011-e08b-4c93-bfdc-0a19873ebbbe202605010130081777620621912706865.sst
2026-05-01 07:30:21:953 - Compaction completed: 
3012265:COMPACT_START sstable=1 input_files: "sstable1/fc380011-e08b-4c93-bfdc-0a19873ebbbe202605010130081777620610125165545.sst" input_files: "sstable1/4bd26312-75ba-4c3b-9aad-6608ea48d929202605010130081777620613199751183.sst" compactIntoNextLevel: true destinationLevel: 2
2026-05-01 07:30:21:989 - Compaction started: 
139926142187072:Compacting sstable1/fc380011-e08b-4c93-bfdc-0a19873ebbbe202605010130081777620610125165545.sst sstable1/4bd26312-75ba-4c3b-9aad-6608ea48d929202605010130081777620613199751183.sst into:sstable2/fc380011-e08b-4c93-bfdc-0a19873ebbbe202605010130081777620622012787175.sst
2026-05-01 07:30:22:051 - Compaction completed: 
3012265:COMPACT_START sstable=1 input_files: "sstable1/fc380011-e08b-4c93-bfdc-0a19873ebbbe202605010130081777620610279312749.sst" input_files: "sstable1/4bd26312-75ba-4c3b-9aad-6608ea48d929202605010130081777620613404135852.sst" compactIntoNextLevel: true destinationLevel: 2
3012265:COMPACT_ABORT input_files: "sstable1/fc380011-e08b-4c93-bfdc-0a19873ebbbe202605010130081777620610279312749.sst" input_files: "sstable1/4bd26312-75ba-4c3b-9aad-6608ea48d929202605010130081777620613404135852.sst" compactIntoNextLevel: true destinationLevel: 2
3012265:Task input_files: "datalog/705" input_files: "datalog/706" compactIntoNextLevel: true destinationLevel: 1 is dead (hb=30)
3012265:Found dead task input_files: "datalog/705" input_files: "datalog/706" compactIntoNextLevel: true destinationLevel: 1
3012265:COMPACT_START sstable=0 input_files: "datalog/705" input_files: "datalog/706" compactIntoNextLevel: true destinationLevel: 1
3012265:COMPACT_ABORT input_files: "datalog/705" input_files: "datalog/706" compactIntoNextLevel: true destinationLevel: 1
3012265:COMPACT_START sstable=1 input_files: "sstable1/7babbd60-3e4d-4e96-827f-e6bb03534eab202605010130081777620613460154534.sst" input_files: "sstable1/7babbd60-3e4d-4e96-827f-e6bb03534eab202605010130081777620610369480127.sst" compactIntoNextLevel: true destinationLevel: 2
3012265:COMPACT_ABORT input_files: "sstable1/7babbd60-3e4d-4e96-827f-e6bb03534eab202605010130081777620613460154534.sst" input_files: "sstable1/7babbd60-3e4d-4e96-827f-e6bb03534eab202605010130081777620610369480127.sst" compactIntoNextLevel: true destinationLevel: 2
3012265:COMPACT_START sstable=1 input_files: "sstable1/fc380011-e08b-4c93-bfdc-0a19873ebbbe202605010130081777620610428801491.sst" input_files: "sstable1/49e14288-ac4e-44cd-a51f-033e9320e4da202605010130081777620610395441203.sst" compactIntoNextLevel: true destinationLevel: 2
2026-05-01 07:30:22:398 - Compaction started: 
139926142187072:Compacting sstable1/fc380011-e08b-4c93-bfdc-0a19873ebbbe202605010130081777620610428801491.sst sstable1/49e14288-ac4e-44cd-a51f-033e9320e4da202605010130081777620610395441203.sst into:sstable2/fc380011-e08b-4c93-bfdc-0a19873ebbbe202605010130081777620622420947262.sst
2026-05-01 07:30:22:456 - Compaction completed: 
3012265:Task input_files: "datalog/735" input_files: "datalog/736" compactIntoNextLevel: true destinationLevel: 1 is dead (hb=30)
3012265:Found dead task input_files: "datalog/735" input_files: "datalog/736" compactIntoNextLevel: true destinationLevel: 1
3012265:COMPACT_START sstable=0 input_files: "datalog/735" input_files: "datalog/736" compactIntoNextLevel: true destinationLevel: 1
3012265:COMPACT_ABORT input_files: "datalog/735" input_files: "datalog/736" compactIntoNextLevel: true destinationLevel: 1
3012265:Task input_files: "datalog/743" input_files: "datalog/744" compactIntoNextLevel: true destinationLevel: 1 is dead (hb=30)
3012265:Found dead task input_files: "datalog/743" input_files: "datalog/744" compactIntoNextLevel: true destinationLevel: 1
3012265:COMPACT_START sstable=0 input_files: "datalog/743" input_files: "datalog/744" compactIntoNextLevel: true destinationLevel: 1
3012265:COMPACT_ABORT input_files: "datalog/743" input_files: "datalog/744" compactIntoNextLevel: true destinationLevel: 1
3012265:COMPACT_START sstable=1 input_files: "sstable1/4bd26312-75ba-4c3b-9aad-6608ea48d929202605010130081777620610729515760.sst" input_files: "sstable1/7babbd60-3e4d-4e96-827f-e6bb03534eab202605010130081777620610771745523.sst" compactIntoNextLevel: true destinationLevel: 2
3012265:COMPACT_ABORT input_files: "sstable1/4bd26312-75ba-4c3b-9aad-6608ea48d929202605010130081777620610729515760.sst" input_files: "sstable1/7babbd60-3e4d-4e96-827f-e6bb03534eab202605010130081777620610771745523.sst" compactIntoNextLevel: true destinationLevel: 2
3012265:COMPACT_START sstable=1 input_files: "sstable1/4bd26312-75ba-4c3b-9aad-6608ea48d929202605010130081777620610931265950.sst" input_files: "sstable1/7babbd60-3e4d-4e96-827f-e6bb03534eab202605010130081777620610973777042.sst" compactIntoNextLevel: true destinationLevel: 2
2026-05-01 07:30:22:810 - Compaction started: 
139926142187072:Compacting sstable1/4bd26312-75ba-4c3b-9aad-6608ea48d929202605010130081777620610931265950.sst sstable1/7babbd60-3e4d-4e96-827f-e6bb03534eab202605010130081777620610973777042.sst into:sstable2/fc380011-e08b-4c93-bfdc-0a19873ebbbe202605010130081777620622833113569.sst
2026-05-01 07:30:22:869 - Compaction completed: 
3012265:COMPACT_START sstable=1 input_files: "sstable1/4bd26312-75ba-4c3b-9aad-6608ea48d929202605010130081777620614116309121.sst" input_files: "sstable1/4bd26312-75ba-4c3b-9aad-6608ea48d929202605010130081777620611133500309.sst" compactIntoNextLevel: true destinationLevel: 2
2026-05-01 07:30:22:913 - Compaction started: 
139926142187072:Compacting sstable1/4bd26312-75ba-4c3b-9aad-6608ea48d929202605010130081777620614116309121.sst sstable1/4bd26312-75ba-4c3b-9aad-6608ea48d929202605010130081777620611133500309.sst into:sstable2/fc380011-e08b-4c93-bfdc-0a19873ebbbe202605010130081777620622935838577.sst
2026-05-01 07:30:22:971 - Compaction completed: 
3012265:COMPACT_START sstable=1 input_files: "sstable1/7babbd60-3e4d-4e96-827f-e6bb03534eab202605010130081777620611277581945.sst" input_files: "sstable1/fc380011-e08b-4c93-bfdc-0a19873ebbbe202605010130081777620611292700105.sst" compactIntoNextLevel: true destinationLevel: 2
2026-05-01 07:30:23:016 - Compaction started: 
139926142187072:Compacting sstable1/7babbd60-3e4d-4e96-827f-e6bb03534eab202605010130081777620611277581945.sst sstable1/fc380011-e08b-4c93-bfdc-0a19873ebbbe202605010130081777620611292700105.sst into:sstable2/fc380011-e08b-4c93-bfdc-0a19873ebbbe202605010130081777620623038706804.sst
2026-05-01 07:30:23:075 - Compaction completed: 
3012265:COMPACT_START sstable=1 input_files: "sstable1/fc380011-e08b-4c93-bfdc-0a19873ebbbe202605010130081777620611394302729.sst" input_files: "sstable1/49e14288-ac4e-44cd-a51f-033e9320e4da202605010130081777620611409180008.sst" compactIntoNextLevel: true destinationLevel: 2
2026-05-01 07:30:23:119 - Compaction started: 
139926142187072:Compacting sstable1/fc380011-e08b-4c93-bfdc-0a19873ebbbe202605010130081777620611394302729.sst sstable1/49e14288-ac4e-44cd-a51f-033e9320e4da202605010130081777620611409180008.sst into:sstable2/fc380011-e08b-4c93-bfdc-0a19873ebbbe202605010130081777620623143948449.sst
2026-05-01 07:30:23:182 - Compaction completed: 
3012265:COMPACT_START sstable=1 input_files: "sstable1/4bd26312-75ba-4c3b-9aad-6608ea48d929202605010130081777620617619006687.sst" input_files: "sstable1/fc380011-e08b-4c93-bfdc-0a19873ebbbe202605010130081777620611597667367.sst" compactIntoNextLevel: true destinationLevel: 2
2026-05-01 07:30:23:221 - Compaction started: 
139926142187072:Compacting sstable1/4bd26312-75ba-4c3b-9aad-6608ea48d929202605010130081777620617619006687.sst sstable1/fc380011-e08b-4c93-bfdc-0a19873ebbbe202605010130081777620611597667367.sst into:sstable2/fc380011-e08b-4c93-bfdc-0a19873ebbbe202605010130081777620623245804849.sst
2026-05-01 07:30:23:283 - Compaction completed: 
3012265:COMPACT_START sstable=1 input_files: "sstable1/7babbd60-3e4d-4e96-827f-e6bb03534eab202605010130081777620611784990893.sst" input_files: "sstable1/fc380011-e08b-4c93-bfdc-0a19873ebbbe202605010130081777620611800941053.sst" compactIntoNextLevel: true destinationLevel: 2
2026-05-01 07:30:23:323 - Compaction started: 
139926142187072:Compacting sstable1/7babbd60-3e4d-4e96-827f-e6bb03534eab202605010130081777620611784990893.sst sstable1/fc380011-e08b-4c93-bfdc-0a19873ebbbe202605010130081777620611800941053.sst into:sstable2/fc380011-e08b-4c93-bfdc-0a19873ebbbe202605010130081777620623347805159.sst
2026-05-01 07:30:23:385 - Compaction completed: 
3012265:COMPACT_START sstable=1 input_files: "sstable1/fc380011-e08b-4c93-bfdc-0a19873ebbbe202605010130081777620615057203231.sst" input_files: "sstable1/7babbd60-3e4d-4e96-827f-e6bb03534eab202605010130081777620611991375922.sst" compactIntoNextLevel: true destinationLevel: 2
3012265:COMPACT_ABORT input_files: "sstable1/fc380011-e08b-4c93-bfdc-0a19873ebbbe202605010130081777620615057203231.sst" input_files: "sstable1/7babbd60-3e4d-4e96-827f-e6bb03534eab202605010130081777620611991375922.sst" compactIntoNextLevel: true destinationLevel: 2
3012265:COMPACT_START sstable=1 input_files: "sstable1/49e14288-ac4e-44cd-a51f-033e9320e4da202605010130081777620612247717490.sst" input_files: "sstable1/4bd26312-75ba-4c3b-9aad-6608ea48d929202605010130081777620612253007427.sst" compactIntoNextLevel: true destinationLevel: 2
2026-05-01 07:30:23:527 - Compaction started: 
139926142187072:Compacting sstable1/49e14288-ac4e-44cd-a51f-033e9320e4da202605010130081777620612247717490.sst sstable1/4bd26312-75ba-4c3b-9aad-6608ea48d929202605010130081777620612253007427.sst into:sstable2/fc380011-e08b-4c93-bfdc-0a19873ebbbe202605010130081777620623550114568.sst
2026-05-01 07:30:23:586 - Compaction completed: 
3012265:Task input_files: "datalog/815" input_files: "datalog/816" compactIntoNextLevel: true destinationLevel: 1 is dead (hb=30)
3012265:Found dead task input_files: "datalog/815" input_files: "datalog/816" compactIntoNextLevel: true destinationLevel: 1
3012265:COMPACT_START sstable=0 input_files: "datalog/815" input_files: "datalog/816" compactIntoNextLevel: true destinationLevel: 1
2026-05-01 07:30:23:629 - Compaction started: 
139926142187072:Compacting datalog/815 datalog/816 into:sstable1/fc380011-e08b-4c93-bfdc-0a19873ebbbe202605010130081777620623632579817.sst
2026-05-01 07:30:23:647 - Compaction completed: 
3012265:COMPACT_START sstable=1 input_files: "sstable1/fc380011-e08b-4c93-bfdc-0a19873ebbbe202605010130081777620612721227602.sst" input_files: "sstable1/7babbd60-3e4d-4e96-827f-e6bb03534eab202605010130081777620612736618674.sst" compactIntoNextLevel: true destinationLevel: 2
2026-05-01 07:30:23:732 - Compaction started: 
139926142187072:Compacting sstable1/fc380011-e08b-4c93-bfdc-0a19873ebbbe202605010130081777620612721227602.sst sstable1/7babbd60-3e4d-4e96-827f-e6bb03534eab202605010130081777620612736618674.sst into:sstable2/fc380011-e08b-4c93-bfdc-0a19873ebbbe202605010130081777620623752760288.sst
2026-05-01 07:30:23:786 - Compaction completed: 
3012265:COMPACT_START sstable=1 input_files: "sstable1/7babbd60-3e4d-4e96-827f-e6bb03534eab202605010130081777620612845311610.sst" input_files: "sstable1/fc380011-e08b-4c93-bfdc-0a19873ebbbe202605010130081777620616070891962.sst" compactIntoNextLevel: true destinationLevel: 2
2026-05-01 07:30:23:833 - Compaction started: 
139926142187072:Compacting sstable1/7babbd60-3e4d-4e96-827f-e6bb03534eab202605010130081777620612845311610.sst sstable1/fc380011-e08b-4c93-bfdc-0a19873ebbbe202605010130081777620616070891962.sst into:sstable2/fc380011-e08b-4c93-bfdc-0a19873ebbbe202605010130081777620623856007324.sst
2026-05-01 07:30:23:892 - Compaction completed: 
3012265:Task input_files: "datalog/835" input_files: "datalog/836" compactIntoNextLevel: true destinationLevel: 1 is dead (hb=30)
3012265:Found dead task input_files: "datalog/835" input_files: "datalog/836" compactIntoNextLevel: true destinationLevel: 1
3012265:COMPACT_START sstable=0 input_files: "datalog/835" input_files: "datalog/836" compactIntoNextLevel: true destinationLevel: 1
3012265:COMPACT_ABORT input_files: "datalog/835" input_files: "datalog/836" compactIntoNextLevel: true destinationLevel: 1
3012265:COMPACT_START sstable=1 input_files: "sstable1/fc380011-e08b-4c93-bfdc-0a19873ebbbe202605010130081777620616597320945.sst" input_files: "sstable1/7babbd60-3e4d-4e96-827f-e6bb03534eab202605010130081777620613561725600.sst" compactIntoNextLevel: true destinationLevel: 2
2026-05-01 07:30:24:037 - Compaction started: 
139926142187072:Compacting sstable1/fc380011-e08b-4c93-bfdc-0a19873ebbbe202605010130081777620616597320945.sst sstable1/7babbd60-3e4d-4e96-827f-e6bb03534eab202605010130081777620613561725600.sst into:sstable2/fc380011-e08b-4c93-bfdc-0a19873ebbbe202605010130081777620624059516473.sst
2026-05-01 07:30:24:094 - Compaction completed: 
3012265:COMPACT_START sstable=1 input_files: "sstable1/7babbd60-3e4d-4e96-827f-e6bb03534eab202605010130081777620613764733267.sst" input_files: "sstable1/4bd26312-75ba-4c3b-9aad-6608ea48d929202605010130081777620613811930644.sst" compactIntoNextLevel: true destinationLevel: 2
2026-05-01 07:30:24:139 - Compaction started: 
139926142187072:Compacting sstable1/7babbd60-3e4d-4e96-827f-e6bb03534eab202605010130081777620613764733267.sst sstable1/4bd26312-75ba-4c3b-9aad-6608ea48d929202605010130081777620613811930644.sst into:sstable2/fc380011-e08b-4c93-bfdc-0a19873ebbbe202605010130081777620624160981249.sst
2026-05-01 07:30:24:195 - Compaction completed: 
3012265:COMPACT_START sstable=1 input_files: "sstable1/49e14288-ac4e-44cd-a51f-033e9320e4da202605010130081777620613923621710.sst" input_files: "sstable1/fc380011-e08b-4c93-bfdc-0a19873ebbbe202605010130081777620613941829232.sst" compactIntoNextLevel: true destinationLevel: 2
3012265:COMPACT_ABORT input_files: "sstable1/49e14288-ac4e-44cd-a51f-033e9320e4da202605010130081777620613923621710.sst" input_files: "sstable1/fc380011-e08b-4c93-bfdc-0a19873ebbbe202605010130081777620613941829232.sst" compactIntoNextLevel: true destinationLevel: 2
3012265:COMPACT_START sstable=1 input_files: "sstable1/49e14288-ac4e-44cd-a51f-033e9320e4da202605010130081777620617007814937.sst" input_files: "sstable1/fc380011-e08b-4c93-bfdc-0a19873ebbbe202605010130081777620617024674543.sst" compactIntoNextLevel: true destinationLevel: 2
2026-05-01 07:30:24:343 - Compaction started: 
139926142187072:Compacting sstable1/49e14288-ac4e-44cd-a51f-033e9320e4da202605010130081777620617007814937.sst sstable1/fc380011-e08b-4c93-bfdc-0a19873ebbbe202605010130081777620617024674543.sst into:sstable2/fc380011-e08b-4c93-bfdc-0a19873ebbbe202605010130081777620624364778697.sst
2026-05-01 07:30:24:399 - Compaction completed: 
3012265:COMPACT_START sstable=1 input_files: "sstable1/7babbd60-3e4d-4e96-827f-e6bb03534eab202605010130081777620614272916147.sst" input_files: "sstable1/4bd26312-75ba-4c3b-9aad-6608ea48d929202605010130081777620617299833064.sst" compactIntoNextLevel: true destinationLevel: 2
3012265:COMPACT_ABORT input_files: "sstable1/7babbd60-3e4d-4e96-827f-e6bb03534eab202605010130081777620614272916147.sst" input_files: "sstable1/4bd26312-75ba-4c3b-9aad-6608ea48d929202605010130081777620617299833064.sst" compactIntoNextLevel: true destinationLevel: 2
3012265:COMPACT_START sstable=1 input_files: "sstable1/7babbd60-3e4d-4e96-827f-e6bb03534eab202605010130081777620614476080258.sst" input_files: "sstable1/4bd26312-75ba-4c3b-9aad-6608ea48d929202605010130081777620614523333770.sst" compactIntoNextLevel: true destinationLevel: 2
2026-05-01 07:30:24:547 - Compaction started: 
139926142187072:Compacting sstable1/7babbd60-3e4d-4e96-827f-e6bb03534eab202605010130081777620614476080258.sst sstable1/4bd26312-75ba-4c3b-9aad-6608ea48d929202605010130081777620614523333770.sst into:sstable2/fc380011-e08b-4c93-bfdc-0a19873ebbbe202605010130081777620624568927475.sst
2026-05-01 07:30:24:603 - Compaction completed: 
3012265:Task input_files: "sstable1/fc380011-e08b-4c93-bfdc-0a19873ebbbe202605010130081777620611904738622.sst" input_files: "sstable1/4bd26312-75ba-4c3b-9aad-6608ea48d929202605010130081777620608981444796.sst" compactIntoNextLevel: true destinationLevel: 2 is dead (hb=30)
3012265:Found dead task input_files: "sstable1/fc380011-e08b-4c93-bfdc-0a19873ebbbe202605010130081777620611904738622.sst" input_files: "sstable1/4bd26312-75ba-4c3b-9aad-6608ea48d929202605010130081777620608981444796.sst" compactIntoNextLevel: true destinationLevel: 2
3012265:COMPACT_START sstable=1 input_files: "sstable1/fc380011-e08b-4c93-bfdc-0a19873ebbbe202605010130081777620611904738622.sst" input_files: "sstable1/4bd26312-75ba-4c3b-9aad-6608ea48d929202605010130081777620608981444796.sst" compactIntoNextLevel: true destinationLevel: 2
2026-05-01 07:30:24:650 - Compaction started: 
139926142187072:Compacting sstable1/fc380011-e08b-4c93-bfdc-0a19873ebbbe202605010130081777620611904738622.sst sstable1/4bd26312-75ba-4c3b-9aad-6608ea48d929202605010130081777620608981444796.sst into:sstable2/fc380011-e08b-4c93-bfdc-0a19873ebbbe202605010130081777620624670952822.sst
2026-05-01 07:30:24:704 - Compaction completed: 
3012265:COMPACT_START sstable=1 input_files: "sstable1/7babbd60-3e4d-4e96-827f-e6bb03534eab202605010130081777620614780861642.sst" input_files: "sstable1/4bd26312-75ba-4c3b-9aad-6608ea48d929202605010130081777620614827655391.sst" compactIntoNextLevel: true destinationLevel: 2
3012265:COMPACT_ABORT input_files: "sstable1/7babbd60-3e4d-4e96-827f-e6bb03534eab202605010130081777620614780861642.sst" input_files: "sstable1/4bd26312-75ba-4c3b-9aad-6608ea48d929202605010130081777620614827655391.sst" compactIntoNextLevel: true destinationLevel: 2
3012265:COMPACT_START sstable=1 input_files: "sstable1/fc380011-e08b-4c93-bfdc-0a19873ebbbe202605010130081777620614955247756.sst" input_files: "sstable1/7babbd60-3e4d-4e96-827f-e6bb03534eab202605010130081777620614984057953.sst" compactIntoNextLevel: true destinationLevel: 2
2026-05-01 07:30:24:852 - Compaction started: 
139926142187072:Compacting sstable1/fc380011-e08b-4c93-bfdc-0a19873ebbbe202605010130081777620614955247756.sst sstable1/7babbd60-3e4d-4e96-827f-e6bb03534eab202605010130081777620614984057953.sst into:sstable2/fc380011-e08b-4c93-bfdc-0a19873ebbbe202605010130081777620624871623609.sst
2026-05-01 07:30:24:901 - Compaction completed: 
3012265:COMPACT_START sstable=1 input_files: "sstable1/7babbd60-3e4d-4e96-827f-e6bb03534eab202605010130081777620615187110596.sst" input_files: "sstable1/4bd26312-75ba-4c3b-9aad-6608ea48d929202605010130081777620615232340013.sst" compactIntoNextLevel: true destinationLevel: 2
3012265:COMPACT_ABORT input_files: "sstable1/7babbd60-3e4d-4e96-827f-e6bb03534eab202605010130081777620615187110596.sst" input_files: "sstable1/4bd26312-75ba-4c3b-9aad-6608ea48d929202605010130081777620615232340013.sst" compactIntoNextLevel: true destinationLevel: 2
3012265:COMPACT_START sstable=1 input_files: "sstable1/7babbd60-3e4d-4e96-827f-e6bb03534eab202605010130081777620621375721853.sst" input_files: "sstable1/4bd26312-75ba-4c3b-9aad-6608ea48d929202605010130081777620618466157997.sst" compactIntoNextLevel: true destinationLevel: 2
2026-05-01 07:30:25:055 - Compaction started: 
139926142187072:Compacting sstable1/7babbd60-3e4d-4e96-827f-e6bb03534eab202605010130081777620621375721853.sst sstable1/4bd26312-75ba-4c3b-9aad-6608ea48d929202605010130081777620618466157997.sst into:sstable2/fc380011-e08b-4c93-bfdc-0a19873ebbbe202605010130081777620625074207062.sst
2026-05-01 07:30:25:104 - Compaction completed: 
3012265:COMPACT_START sstable=1 input_files: "sstable1/49e14288-ac4e-44cd-a51f-033e9320e4da202605010130081777620615550310400.sst" input_files: "sstable1/fc380011-e08b-4c93-bfdc-0a19873ebbbe202605010130081777620615563785510.sst" compactIntoNextLevel: true destinationLevel: 2
2026-05-01 07:30:25:157 - Compaction started: 
139926142187072:Compacting sstable1/49e14288-ac4e-44cd-a51f-033e9320e4da202605010130081777620615550310400.sst sstable1/fc380011-e08b-4c93-bfdc-0a19873ebbbe202605010130081777620615563785510.sst into:sstable2/fc380011-e08b-4c93-bfdc-0a19873ebbbe202605010130081777620625176787028.sst
2026-05-01 07:30:25:208 - Compaction completed: 
3012265:COMPACT_START sstable=1 input_files: "sstable1/4bd26312-75ba-4c3b-9aad-6608ea48d929202605010130081777620615638467209.sst" input_files: "sstable1/49e14288-ac4e-44cd-a51f-033e9320e4da202605010130081777620615651599717.sst" compactIntoNextLevel: true destinationLevel: 2
2026-05-01 07:30:25:259 - Compaction started: 
139926142187072:Compacting sstable1/4bd26312-75ba-4c3b-9aad-6608ea48d929202605010130081777620615638467209.sst sstable1/49e14288-ac4e-44cd-a51f-033e9320e4da202605010130081777620615651599717.sst into:sstable2/fc380011-e08b-4c93-bfdc-0a19873ebbbe202605010130081777620625278370647.sst
2026-05-01 07:30:25:309 - Compaction completed: 
3012265:COMPACT_START sstable=1 input_files: "sstable1/fc380011-e08b-4c93-bfdc-0a19873ebbbe202605010130081777620615766609033.sst" input_files: "sstable1/7babbd60-3e4d-4e96-827f-e6bb03534eab202605010130081777620618820549619.sst" compactIntoNextLevel: true destinationLevel: 2
2026-05-01 07:30:25:361 - Compaction started: 
139926142187072:Compacting sstable1/fc380011-e08b-4c93-bfdc-0a19873ebbbe202605010130081777620615766609033.sst sstable1/7babbd60-3e4d-4e96-827f-e6bb03534eab202605010130081777620618820549619.sst into:sstable2/fc380011-e08b-4c93-bfdc-0a19873ebbbe202605010130081777620625380822974.sst
2026-05-01 07:30:25:412 - Compaction completed: 
3012265:COMPACT_START sstable=1 input_files: "sstable1/7babbd60-3e4d-4e96-827f-e6bb03534eab202605010130081777620615797022086.sst" input_files: "sstable1/4bd26312-75ba-4c3b-9aad-6608ea48d929202605010130081777620615841810396.sst" compactIntoNextLevel: true destinationLevel: 2
2026-05-01 07:30:25:463 - Compaction started: 
139926142187072:Compacting sstable1/7babbd60-3e4d-4e96-827f-e6bb03534eab202605010130081777620615797022086.sst sstable1/4bd26312-75ba-4c3b-9aad-6608ea48d929202605010130081777620615841810396.sst into:sstable2/fc380011-e08b-4c93-bfdc-0a19873ebbbe202605010130081777620625481944396.sst
2026-05-01 07:30:25:512 - Compaction completed: 
3012265:COMPACT_START sstable=1 input_files: "sstable1/7babbd60-3e4d-4e96-827f-e6bb03534eab202605010130081777620616000293428.sst" input_files: "sstable1/4bd26312-75ba-4c3b-9aad-6608ea48d929202605010130081777620616044492323.sst" compactIntoNextLevel: true destinationLevel: 2
2026-05-01 07:30:25:565 - Compaction started: 
139926142187072:Compacting sstable1/7babbd60-3e4d-4e96-827f-e6bb03534eab202605010130081777620616000293428.sst sstable1/4bd26312-75ba-4c3b-9aad-6608ea48d929202605010130081777620616044492323.sst into:sstable2/fc380011-e08b-4c93-bfdc-0a19873ebbbe202605010130081777620625584053651.sst
2026-05-01 07:30:25:615 - Compaction completed: 
3012265:COMPACT_START sstable=1 input_files: "sstable1/49e14288-ac4e-44cd-a51f-033e9320e4da202605010130081777620616277642306.sst" input_files: "sstable1/7babbd60-3e4d-4e96-827f-e6bb03534eab202605010130081777620622413354198.sst" compactIntoNextLevel: true destinationLevel: 2
3012265:COMPACT_ABORT input_files: "sstable1/49e14288-ac4e-44cd-a51f-033e9320e4da202605010130081777620616277642306.sst" input_files: "sstable1/7babbd60-3e4d-4e96-827f-e6bb03534eab202605010130081777620622413354198.sst" compactIntoNextLevel: true destinationLevel: 2
3012265:Task input_files: "datalog/743" input_files: "datalog/744" compactIntoNextLevel: true destinationLevel: 1 is dead (hb=30)
3012265:Found dead task input_files: "datalog/743" input_files: "datalog/744" compactIntoNextLevel: true destinationLevel: 1
3012265:COMPACT_START sstable=0 input_files: "datalog/743" input_files: "datalog/744" compactIntoNextLevel: true destinationLevel: 1
2026-05-01 07:30:25:767 - Compaction started: 
139926142187072:Compacting datalog/743 datalog/744 into:sstable1/fc380011-e08b-4c93-bfdc-0a19873ebbbe202605010130081777620625770388984.sst
2026-05-01 07:30:25:783 - Compaction completed: 
3012265:Task input_files: "sstable1/4bd26312-75ba-4c3b-9aad-6608ea48d929202605010130081777620610830861793.sst" input_files: "sstable1/7babbd60-3e4d-4e96-827f-e6bb03534eab202605010130081777620610872618360.sst" compactIntoNextLevel: true destinationLevel: 2 is dead (hb=30)
3012265:Found dead task input_files: "sstable1/4bd26312-75ba-4c3b-9aad-6608ea48d929202605010130081777620610830861793.sst" input_files: "sstable1/7babbd60-3e4d-4e96-827f-e6bb03534eab202605010130081777620610872618360.sst" compactIntoNextLevel: true destinationLevel: 2
3012265:COMPACT_START sstable=1 input_files: "sstable1/4bd26312-75ba-4c3b-9aad-6608ea48d929202605010130081777620610830861793.sst" input_files: "sstable1/7babbd60-3e4d-4e96-827f-e6bb03534eab202605010130081777620610872618360.sst" compactIntoNextLevel: true destinationLevel: 2
3012265:COMPACT_ABORT input_files: "sstable1/4bd26312-75ba-4c3b-9aad-6608ea48d929202605010130081777620610830861793.sst" input_files: "sstable1/7babbd60-3e4d-4e96-827f-e6bb03534eab202605010130081777620610872618360.sst" compactIntoNextLevel: true destinationLevel: 2
3012265:COMPACT_START sstable=1 input_files: "sstable1/49e14288-ac4e-44cd-a51f-033e9320e4da202605010130081777620619702370630.sst" input_files: "sstable1/7babbd60-3e4d-4e96-827f-e6bb03534eab202605010130081777620619634320003.sst" compactIntoNextLevel: true destinationLevel: 2
2026-05-01 07:30:25:870 - Compaction started: 
139926142187072:Compacting sstable1/49e14288-ac4e-44cd-a51f-033e9320e4da202605010130081777620619702370630.sst sstable1/7babbd60-3e4d-4e96-827f-e6bb03534eab202605010130081777620619634320003.sst into:sstable2/fc380011-e08b-4c93-bfdc-0a19873ebbbe202605010130081777620625889183907.sst
2026-05-01 07:30:25:920 - Compaction completed: 
3012265:Task input_files: "sstable1/7babbd60-3e4d-4e96-827f-e6bb03534eab202605010130081777620611176445955.sst" input_files: "sstable1/fc380011-e08b-4c93-bfdc-0a19873ebbbe202605010130081777620611191017641.sst" compactIntoNextLevel: true destinationLevel: 2 is dead (hb=30)
3012265:Task input_files: "sstable1/fc380011-e08b-4c93-bfdc-0a19873ebbbe202605010130081777620611089411670.sst" input_files: "sstable1/49e14288-ac4e-44cd-a51f-033e9320e4da202605010130081777620611104276937.sst" compactIntoNextLevel: true destinationLevel: 2 is dead (hb=30)
3012265:Task input_files: "sstable1/7babbd60-3e4d-4e96-827f-e6bb03534eab202605010130081777620614171574632.sst" input_files: "sstable1/7babbd60-3e4d-4e96-827f-e6bb03534eab202605010130081777620611075101845.sst" compactIntoNextLevel: true destinationLevel: 2 is dead (hb=30)
3012265:Found dead task input_files: "sstable1/7babbd60-3e4d-4e96-827f-e6bb03534eab202605010130081777620614171574632.sst" input_files: "sstable1/7babbd60-3e4d-4e96-827f-e6bb03534eab202605010130081777620611075101845.sst" compactIntoNextLevel: true destinationLevel: 2
3012265:COMPACT_START sstable=1 input_files: "sstable1/7babbd60-3e4d-4e96-827f-e6bb03534eab202605010130081777620614171574632.sst" input_files: "sstable1/7babbd60-3e4d-4e96-827f-e6bb03534eab202605010130081777620611075101845.sst" compactIntoNextLevel: true destinationLevel: 2
2026-05-01 07:30:25:971 - Compaction started: 
139926142187072:Compacting sstable1/7babbd60-3e4d-4e96-827f-e6bb03534eab202605010130081777620614171574632.sst sstable1/7babbd60-3e4d-4e96-827f-e6bb03534eab202605010130081777620611075101845.sst into:sstable2/fc380011-e08b-4c93-bfdc-0a19873ebbbe202605010130081777620625993579407.sst
2026-05-01 07:30:26:028 - Compaction completed: 
3012265:COMPACT_START sstable=1 input_files: "sstable1/7babbd60-3e4d-4e96-827f-e6bb03534eab202605010130081777620616941446583.sst" input_files: "sstable1/4bd26312-75ba-4c3b-9aad-6608ea48d929202605010130081777620616993223544.sst" compactIntoNextLevel: true destinationLevel: 2
2026-05-01 07:30:26:073 - Compaction started: 
139926142187072:Compacting sstable1/7babbd60-3e4d-4e96-827f-e6bb03534eab202605010130081777620616941446583.sst sstable1/4bd26312-75ba-4c3b-9aad-6608ea48d929202605010130081777620616993223544.sst into:sstable2/fc380011-e08b-4c93-bfdc-0a19873ebbbe202605010130081777620626092403993.sst
2026-05-01 07:30:26:124 - Compaction completed: 
3012265:COMPACT_START sstable=1 input_files: "sstable1/7babbd60-3e4d-4e96-827f-e6bb03534eab202605010130081777620617249625936.sst" input_files: "sstable1/49e14288-ac4e-44cd-a51f-033e9320e4da202605010130081777620617315976547.sst" compactIntoNextLevel: true destinationLevel: 2
2026-05-01 07:30:26:175 - Compaction started: 
139926142187072:Compacting sstable1/7babbd60-3e4d-4e96-827f-e6bb03534eab202605010130081777620617249625936.sst sstable1/49e14288-ac4e-44cd-a51f-033e9320e4da202605010130081777620617315976547.sst into:sstable2/fc380011-e08b-4c93-bfdc-0a19873ebbbe202605010130081777620626194831484.sst
2026-05-01 07:30:26:226 - Compaction completed: 
3012265:COMPACT_START sstable=1 input_files: "sstable1/fc380011-e08b-4c93-bfdc-0a19873ebbbe202605010130081777620617434564121.sst" input_files: "sstable1/4bd26312-75ba-4c3b-9aad-6608ea48d929202605010130081777620617516712186.sst" compactIntoNextLevel: true destinationLevel: 2
2026-05-01 07:30:26:277 - Compaction started: 
139926142187072:Compacting sstable1/fc380011-e08b-4c93-bfdc-0a19873ebbbe202605010130081777620617434564121.sst sstable1/4bd26312-75ba-4c3b-9aad-6608ea48d929202605010130081777620617516712186.sst into:sstable2/fc380011-e08b-4c93-bfdc-0a19873ebbbe202605010130081777620626296308773.sst
2026-05-01 07:30:26:328 - Compaction completed: 
3012265:COMPACT_START sstable=1 input_files: "sstable1/4bd26312-75ba-4c3b-9aad-6608ea48d929202605010130081777620620710420260.sst" input_files: "sstable1/fc380011-e08b-4c93-bfdc-0a19873ebbbe202605010130081777620617672479598.sst" compactIntoNextLevel: true destinationLevel: 2
2026-05-01 07:30:26:379 - Compaction started: 
139926142187072:Compacting sstable1/4bd26312-75ba-4c3b-9aad-6608ea48d929202605010130081777620620710420260.sst sstable1/fc380011-e08b-4c93-bfdc-0a19873ebbbe202605010130081777620617672479598.sst into:sstable2/fc380011-e08b-4c93-bfdc-0a19873ebbbe202605010130081777620626397256800.sst
2026-05-01 07:30:26:427 - Compaction completed: 
3012265:Task input_files: "sstable1/fc380011-e08b-4c93-bfdc-0a19873ebbbe202605010130081777620615057203231.sst" input_files: "sstable1/7babbd60-3e4d-4e96-827f-e6bb03534eab202605010130081777620611991375922.sst" compactIntoNextLevel: true destinationLevel: 2 is dead (hb=30)
3012265:Found dead task input_files: "sstable1/fc380011-e08b-4c93-bfdc-0a19873ebbbe202605010130081777620615057203231.sst" input_files: "sstable1/7babbd60-3e4d-4e96-827f-e6bb03534eab202605010130081777620611991375922.sst" compactIntoNextLevel: true destinationLevel: 2
3012265:COMPACT_START sstable=1 input_files: "sstable1/fc380011-e08b-4c93-bfdc-0a19873ebbbe202605010130081777620615057203231.sst" input_files: "sstable1/7babbd60-3e4d-4e96-827f-e6bb03534eab202605010130081777620611991375922.sst" compactIntoNextLevel: true destinationLevel: 2
2026-05-01 07:30:26:480 - Compaction started: 
139926142187072:Compacting sstable1/fc380011-e08b-4c93-bfdc-0a19873ebbbe202605010130081777620615057203231.sst sstable1/7babbd60-3e4d-4e96-827f-e6bb03534eab202605010130081777620611991375922.sst into:sstable2/fc380011-e08b-4c93-bfdc-0a19873ebbbe202605010130081777620626503612024.sst
2026-05-01 07:30:26:541 - Compaction completed: 
3012265:COMPACT_START sstable=1 input_files: "sstable1/4bd26312-75ba-4c3b-9aad-6608ea48d929202605010130081777620617944502852.sst" input_files: "sstable1/fc380011-e08b-4c93-bfdc-0a19873ebbbe202605010130081777620617979201448.sst" compactIntoNextLevel: true destinationLevel: 2
2026-05-01 07:30:26:582 - Compaction started: 
139926142187072:Compacting sstable1/4bd26312-75ba-4c3b-9aad-6608ea48d929202605010130081777620617944502852.sst sstable1/fc380011-e08b-4c93-bfdc-0a19873ebbbe202605010130081777620617979201448.sst into:sstable2/fc380011-e08b-4c93-bfdc-0a19873ebbbe202605010130081777620626599990845.sst
2026-05-01 07:30:26:629 - Compaction completed: 
3012265:COMPACT_START sstable=1 input_files: "sstable1/4bd26312-75ba-4c3b-9aad-6608ea48d929202605010130081777620618148704078.sst" input_files: "sstable1/fc380011-e08b-4c93-bfdc-0a19873ebbbe202605010130081777620618182858554.sst" compactIntoNextLevel: true destinationLevel: 2
2026-05-01 07:30:26:683 - Compaction started: 
139926142187072:Compacting sstable1/4bd26312-75ba-4c3b-9aad-6608ea48d929202605010130081777620618148704078.sst sstable1/fc380011-e08b-4c93-bfdc-0a19873ebbbe202605010130081777620618182858554.sst into:sstable2/fc380011-e08b-4c93-bfdc-0a19873ebbbe202605010130081777620626701724004.sst
2026-05-01 07:30:26:731 - Compaction completed: 
3012265:COMPACT_START sstable=1 input_files: "sstable1/fc380011-e08b-4c93-bfdc-0a19873ebbbe202605010130081777620618298563434.sst" input_files: "sstable1/7babbd60-3e4d-4e96-827f-e6bb03534eab202605010130081777620618312040838.sst" compactIntoNextLevel: true destinationLevel: 2
2026-05-01 07:30:26:785 - Compaction started: 
139926142187072:Compacting sstable1/fc380011-e08b-4c93-bfdc-0a19873ebbbe202605010130081777620618298563434.sst sstable1/7babbd60-3e4d-4e96-827f-e6bb03534eab202605010130081777620618312040838.sst into:sstable2/fc380011-e08b-4c93-bfdc-0a19873ebbbe202605010130081777620626804250841.sst
2026-05-01 07:30:26:834 - Compaction completed: 
3012265:COMPACT_START sstable=1 input_files: "sstable1/7babbd60-3e4d-4e96-827f-e6bb03534eab202605010130081777620618515626430.sst" input_files: "sstable1/49e14288-ac4e-44cd-a51f-033e9320e4da202605010130081777620618584602863.sst" compactIntoNextLevel: true destinationLevel: 2
2026-05-01 07:30:26:887 - Compaction started: 
139926142187072:Compacting sstable1/7babbd60-3e4d-4e96-827f-e6bb03534eab202605010130081777620618515626430.sst sstable1/49e14288-ac4e-44cd-a51f-033e9320e4da202605010130081777620618584602863.sst into:sstable2/fc380011-e08b-4c93-bfdc-0a19873ebbbe202605010130081777620626905024461.sst
2026-05-01 07:30:26:935 - Compaction completed: 
3012265:Task input_files: "datalog/835" input_files: "datalog/836" compactIntoNextLevel: true destinationLevel: 1 is dead (hb=30)
3012265:Found dead task input_files: "datalog/835" input_files: "datalog/836" compactIntoNextLevel: true destinationLevel: 1
3012265:COMPACT_START sstable=0 input_files: "datalog/835" input_files: "datalog/836" compactIntoNextLevel: true destinationLevel: 1
2026-05-01 07:30:26:989 - Compaction started: 
139926142187072:Compacting datalog/835 datalog/836 into:sstable1/fc380011-e08b-4c93-bfdc-0a19873ebbbe202605010130081777620626992151259.sst
2026-05-01 07:30:27:005 - Compaction completed: 
3012265:COMPACT_START sstable=1 input_files: "sstable1/49e14288-ac4e-44cd-a51f-033e9320e4da202605010130081777620621778005523.sst" input_files: "sstable1/fc380011-e08b-4c93-bfdc-0a19873ebbbe202605010130081777620621787200871.sst" compactIntoNextLevel: true destinationLevel: 2
2026-05-01 07:30:27:091 - Compaction started: 
139926142187072:Compacting sstable1/49e14288-ac4e-44cd-a51f-033e9320e4da202605010130081777620621778005523.sst sstable1/fc380011-e08b-4c93-bfdc-0a19873ebbbe202605010130081777620621787200871.sst into:sstable2/fc380011-e08b-4c93-bfdc-0a19873ebbbe202605010130081777620627109474964.sst
2026-05-01 07:30:27:140 - Compaction completed: 
3012265:Task input_files: "sstable1/fc380011-e08b-4c93-bfdc-0a19873ebbbe202605010130081777620619824181978.sst" input_files: "sstable1/4bd26312-75ba-4c3b-9aad-6608ea48d929202605010130081777620616774688809.sst" compactIntoNextLevel: true destinationLevel: 2 is dead (hb=30)
3012265:Found dead task input_files: "sstable1/fc380011-e08b-4c93-bfdc-0a19873ebbbe202605010130081777620619824181978.sst" input_files: "sstable1/4bd26312-75ba-4c3b-9aad-6608ea48d929202605010130081777620616774688809.sst" compactIntoNextLevel: true destinationLevel: 2
3012265:COMPACT_START sstable=1 input_files: "sstable1/fc380011-e08b-4c93-bfdc-0a19873ebbbe202605010130081777620619824181978.sst" input_files: "sstable1/4bd26312-75ba-4c3b-9aad-6608ea48d929202605010130081777620616774688809.sst" compactIntoNextLevel: true destinationLevel: 2
2026-05-01 07:30:27:204 - Compaction started: 
139926142187072:Compacting sstable1/fc380011-e08b-4c93-bfdc-0a19873ebbbe202605010130081777620619824181978.sst sstable1/4bd26312-75ba-4c3b-9aad-6608ea48d929202605010130081777620616774688809.sst into:sstable2/fc380011-e08b-4c93-bfdc-0a19873ebbbe202605010130081777620627234258383.sst
2026-05-01 07:30:27:270 - Compaction completed: 
3012265:Task input_files: "sstable1/49e14288-ac4e-44cd-a51f-033e9320e4da202605010130081777620613923621710.sst" input_files: "sstable1/fc380011-e08b-4c93-bfdc-0a19873ebbbe202605010130081777620613941829232.sst" compactIntoNextLevel: true destinationLevel: 2 is dead (hb=30)
3012265:Found dead task input_files: "sstable1/49e14288-ac4e-44cd-a51f-033e9320e4da202605010130081777620613923621710.sst" input_files: "sstable1/fc380011-e08b-4c93-bfdc-0a19873ebbbe202605010130081777620613941829232.sst" compactIntoNextLevel: true destinationLevel: 2
3012265:COMPACT_START sstable=1 input_files: "sstable1/49e14288-ac4e-44cd-a51f-033e9320e4da202605010130081777620613923621710.sst" input_files: "sstable1/fc380011-e08b-4c93-bfdc-0a19873ebbbe202605010130081777620613941829232.sst" compactIntoNextLevel: true destinationLevel: 2
2026-05-01 07:30:27:306 - Compaction started: 
139926142187072:Compacting sstable1/49e14288-ac4e-44cd-a51f-033e9320e4da202605010130081777620613923621710.sst sstable1/fc380011-e08b-4c93-bfdc-0a19873ebbbe202605010130081777620613941829232.sst into:sstable2/fc380011-e08b-4c93-bfdc-0a19873ebbbe202605010130081777620627329177378.sst
2026-05-01 07:30:27:365 - Compaction completed: 
3012265:Task input_files: "sstable1/7babbd60-3e4d-4e96-827f-e6bb03534eab202605010130081777620614272916147.sst" input_files: "sstable1/4bd26312-75ba-4c3b-9aad-6608ea48d929202605010130081777620617299833064.sst" compactIntoNextLevel: true destinationLevel: 2 is dead (hb=30)
3012265:Found dead task input_files: "sstable1/7babbd60-3e4d-4e96-827f-e6bb03534eab202605010130081777620614272916147.sst" input_files: "sstable1/4bd26312-75ba-4c3b-9aad-6608ea48d929202605010130081777620617299833064.sst" compactIntoNextLevel: true destinationLevel: 2
3012265:COMPACT_START sstable=1 input_files: "sstable1/7babbd60-3e4d-4e96-827f-e6bb03534eab202605010130081777620614272916147.sst" input_files: "sstable1/4bd26312-75ba-4c3b-9aad-6608ea48d929202605010130081777620617299833064.sst" compactIntoNextLevel: true destinationLevel: 2
2026-05-01 07:30:27:511 - Compaction started: 
139926142187072:Compacting sstable1/7babbd60-3e4d-4e96-827f-e6bb03534eab202605010130081777620614272916147.sst sstable1/4bd26312-75ba-4c3b-9aad-6608ea48d929202605010130081777620617299833064.sst into:sstable2/fc380011-e08b-4c93-bfdc-0a19873ebbbe202605010130081777620627531192165.sst
2026-05-01 07:30:27:562 - Compaction completed: 
3012265:Task input_files: "sstable1/7babbd60-3e4d-4e96-827f-e6bb03534eab202605010130081777620614780861642.sst" input_files: "sstable1/4bd26312-75ba-4c3b-9aad-6608ea48d929202605010130081777620614827655391.sst" compactIntoNextLevel: true destinationLevel: 2 is dead (hb=30)
3012265:Task input_files: "sstable1/7babbd60-3e4d-4e96-827f-e6bb03534eab202605010130081777620614679396715.sst" input_files: "sstable1/49e14288-ac4e-44cd-a51f-033e9320e4da202605010130081777620617755888225.sst" compactIntoNextLevel: true destinationLevel: 2 is dead (hb=30)
3012265:Found dead task input_files: "sstable1/7babbd60-3e4d-4e96-827f-e6bb03534eab202605010130081777620614679396715.sst" input_files: "sstable1/49e14288-ac4e-44cd-a51f-033e9320e4da202605010130081777620617755888225.sst" compactIntoNextLevel: true destinationLevel: 2
3012265:COMPACT_START sstable=1 input_files: "sstable1/7babbd60-3e4d-4e96-827f-e6bb03534eab202605010130081777620614679396715.sst" input_files: "sstable1/49e14288-ac4e-44cd-a51f-033e9320e4da202605010130081777620617755888225.sst" compactIntoNextLevel: true destinationLevel: 2
2026-05-01 07:30:27:817 - Compaction started: 
139926142187072:Compacting sstable1/7babbd60-3e4d-4e96-827f-e6bb03534eab202605010130081777620614679396715.sst sstable1/49e14288-ac4e-44cd-a51f-033e9320e4da202605010130081777620617755888225.sst into:sstable2/fc380011-e08b-4c93-bfdc-0a19873ebbbe202605010130081777620627839314290.sst
2026-05-01 07:30:27:873 - Compaction completed: 
3012265:Task input_files: "sstable1/7babbd60-3e4d-4e96-827f-e6bb03534eab202605010130081777620615187110596.sst" input_files: "sstable1/4bd26312-75ba-4c3b-9aad-6608ea48d929202605010130081777620615232340013.sst" compactIntoNextLevel: true destinationLevel: 2 is dead (hb=30)
3012265:Found dead task input_files: "sstable1/7babbd60-3e4d-4e96-827f-e6bb03534eab202605010130081777620615187110596.sst" input_files: "sstable1/4bd26312-75ba-4c3b-9aad-6608ea48d929202605010130081777620615232340013.sst" compactIntoNextLevel: true destinationLevel: 2
3012265:COMPACT_START sstable=1 input_files: "sstable1/7babbd60-3e4d-4e96-827f-e6bb03534eab202605010130081777620615187110596.sst" input_files: "sstable1/4bd26312-75ba-4c3b-9aad-6608ea48d929202605010130081777620615232340013.sst" compactIntoNextLevel: true destinationLevel: 2
3012265:COMPACT_ABORT input_files: "sstable1/7babbd60-3e4d-4e96-827f-e6bb03534eab202605010130081777620615187110596.sst" input_files: "sstable1/4bd26312-75ba-4c3b-9aad-6608ea48d929202605010130081777620615232340013.sst" compactIntoNextLevel: true destinationLevel: 2
3012265:Task input_files: "sstable1/49e14288-ac4e-44cd-a51f-033e9320e4da202605010130081777620616277642306.sst" input_files: "sstable1/7babbd60-3e4d-4e96-827f-e6bb03534eab202605010130081777620622413354198.sst" compactIntoNextLevel: true destinationLevel: 2 is dead (hb=30)
3012265:Found dead task input_files: "sstable1/49e14288-ac4e-44cd-a51f-033e9320e4da202605010130081777620616277642306.sst" input_files: "sstable1/7babbd60-3e4d-4e96-827f-e6bb03534eab202605010130081777620622413354198.sst" compactIntoNextLevel: true destinationLevel: 2
3012265:COMPACT_START sstable=1 input_files: "sstable1/49e14288-ac4e-44cd-a51f-033e9320e4da202605010130081777620616277642306.sst" input_files: "sstable1/7babbd60-3e4d-4e96-827f-e6bb03534eab202605010130081777620622413354198.sst" compactIntoNextLevel: true destinationLevel: 2
2026-05-01 07:30:28:731 - Compaction started: 
139926142187072:Compacting sstable1/49e14288-ac4e-44cd-a51f-033e9320e4da202605010130081777620616277642306.sst sstable1/7babbd60-3e4d-4e96-827f-e6bb03534eab202605010130081777620622413354198.sst into:sstable2/fc380011-e08b-4c93-bfdc-0a19873ebbbe202605010130081777620628755226458.sst
2026-05-01 07:30:28:787 - Compaction completed: 
3012265:COMPACT_START sstable=1 input_files: "sstable2/fc380011-e08b-4c93-bfdc-0a19873ebbbe202605010130081777620624670952822.sst" input_files: "sstable2/7babbd60-3e4d-4e96-827f-e6bb03534eab202605010130081777620621513957980.sst" compactIntoNextLevel: false destinationLevel: 2
2026-05-01 07:30:30:873 - Compaction started: 
139926142187072:Compacting sstable2/fc380011-e08b-4c93-bfdc-0a19873ebbbe202605010130081777620624670952822.sst sstable2/7babbd60-3e4d-4e96-827f-e6bb03534eab202605010130081777620621513957980.sst into:sstable2/0_fc380011-e08b-4c93-bfdc-0a19873ebbbe202605010130081777620630925720945.sst
2026-05-01 07:30:30:998 - Compaction completed: 
3012265:COMPACT_START sstable=1 input_files: "sstable2/0_fc380011-e08b-4c93-bfdc-0a19873ebbbe202605010130081777620630925720945.sst" input_files: "sstable2/0_49e14288-ac4e-44cd-a51f-033e9320e4da202605010130081777620630975568420.sst" compactIntoNextLevel: false destinationLevel: 2
2026-05-01 07:30:31:076 - Compaction started: 
139926142187072:Compacting sstable2/0_fc380011-e08b-4c93-bfdc-0a19873ebbbe202605010130081777620630925720945.sst sstable2/0_49e14288-ac4e-44cd-a51f-033e9320e4da202605010130081777620630975568420.sst into:sstable2/1_fc380011-e08b-4c93-bfdc-0a19873ebbbe202605010130081777620631171698855.sst
2026-05-01 07:30:31:317 - Compaction completed: 
3012265:COMPACT_START sstable=1 input_files: "sstable2/49e14288-ac4e-44cd-a51f-033e9320e4da202605010130081777620622001778729.sst" input_files: "sstable2/fc380011-e08b-4c93-bfdc-0a19873ebbbe202605010130081777620622012787175.sst" compactIntoNextLevel: false destinationLevel: 2
2026-05-01 07:30:31:384 - Compaction started: 
139926142187072:Compacting sstable2/49e14288-ac4e-44cd-a51f-033e9320e4da202605010130081777620622001778729.sst sstable2/fc380011-e08b-4c93-bfdc-0a19873ebbbe202605010130081777620622012787175.sst into:sstable2/0_fc380011-e08b-4c93-bfdc-0a19873ebbbe202605010130081777620631434182448.sst
2026-05-01 07:30:31:512 - Compaction completed: 
3012265:COMPACT_START sstable=1 input_files: "sstable1/4bd26312-75ba-4c3b-9aad-6608ea48d929202605010130081777620622177607597.sst" input_files: "sstable1/49e14288-ac4e-44cd-a51f-033e9320e4da202605010130081777620622188482042.sst" compactIntoNextLevel: true destinationLevel: 2
2026-05-01 07:30:31:587 - Compaction started: 
139926142187072:Compacting sstable1/4bd26312-75ba-4c3b-9aad-6608ea48d929202605010130081777620622177607597.sst sstable1/49e14288-ac4e-44cd-a51f-033e9320e4da202605010130081777620622188482042.sst into:sstable2/fc380011-e08b-4c93-bfdc-0a19873ebbbe202605010130081777620631606477341.sst
2026-05-01 07:30:31:635 - Compaction completed: 
3012265:COMPACT_START sstable=1 input_files: "sstable1/4bd26312-75ba-4c3b-9aad-6608ea48d929202605010130081777620619278626900.sst" input_files: "sstable1/49e14288-ac4e-44cd-a51f-033e9320e4da202605010130081777620619296188221.sst" compactIntoNextLevel: true destinationLevel: 2
3012265:COMPACT_ABORT input_files: "sstable1/4bd26312-75ba-4c3b-9aad-6608ea48d929202605010130081777620619278626900.sst" input_files: "sstable1/49e14288-ac4e-44cd-a51f-033e9320e4da202605010130081777620619296188221.sst" compactIntoNextLevel: true destinationLevel: 2
3012265:COMPACT_START sstable=1 input_files: "sstable1/fc380011-e08b-4c93-bfdc-0a19873ebbbe202605010130081777620619315579863.sst" input_files: "sstable1/7babbd60-3e4d-4e96-827f-e6bb03534eab202605010130081777620622309985212.sst" compactIntoNextLevel: true destinationLevel: 2
3012265:COMPACT_ABORT input_files: "sstable1/fc380011-e08b-4c93-bfdc-0a19873ebbbe202605010130081777620619315579863.sst" input_files: "sstable1/7babbd60-3e4d-4e96-827f-e6bb03534eab202605010130081777620622309985212.sst" compactIntoNextLevel: true destinationLevel: 2
3012265:COMPACT_START sstable=1 input_files: "sstable1/7babbd60-3e4d-4e96-827f-e6bb03534eab202605010130081777620619329337963.sst" input_files: "sstable1/7babbd60-3e4d-4e96-827f-e6bb03534eab202605010130081777620625481120241.sst" compactIntoNextLevel: true destinationLevel: 2
2026-05-01 07:30:31:690 - Compaction started: 
139926142187072:Compacting sstable1/7babbd60-3e4d-4e96-827f-e6bb03534eab202605010130081777620619329337963.sst sstable1/7babbd60-3e4d-4e96-827f-e6bb03534eab202605010130081777620625481120241.sst into:sstable2/fc380011-e08b-4c93-bfdc-0a19873ebbbe202605010130081777620631708479104.sst
2026-05-01 07:30:31:735 - Compaction completed: 
3012265:COMPACT_START sstable=1 input_files: "sstable1/49e14288-ac4e-44cd-a51f-033e9320e4da202605010130081777620619498754973.sst" input_files: "sstable1/fc380011-e08b-4c93-bfdc-0a19873ebbbe202605010130081777620625770388984.sst" compactIntoNextLevel: true destinationLevel: 2
2026-05-01 07:30:31:792 - Compaction started: 
139926142187072:Compacting sstable1/49e14288-ac4e-44cd-a51f-033e9320e4da202605010130081777620619498754973.sst sstable1/fc380011-e08b-4c93-bfdc-0a19873ebbbe202605010130081777620625770388984.sst into:sstable2/fc380011-e08b-4c93-bfdc-0a19873ebbbe202605010130081777620631810321928.sst
2026-05-01 07:30:31:837 - Compaction completed: 
3012265:COMPACT_START sstable=1 input_files: "sstable1/49e14288-ac4e-44cd-a51f-033e9320e4da202605010130081777620619803317495.sst" input_files: "sstable1/7babbd60-3e4d-4e96-827f-e6bb03534eab202605010130081777620619836461477.sst" compactIntoNextLevel: true destinationLevel: 2
3012265:COMPACT_ABORT input_files: "sstable1/49e14288-ac4e-44cd-a51f-033e9320e4da202605010130081777620619803317495.sst" input_files: "sstable1/7babbd60-3e4d-4e96-827f-e6bb03534eab202605010130081777620619836461477.sst" compactIntoNextLevel: true destinationLevel: 2
3012265:COMPACT_START sstable=1 input_files: "sstable1/4bd26312-75ba-4c3b-9aad-6608ea48d929202605010130081777620619897504948.sst" input_files: "sstable1/49e14288-ac4e-44cd-a51f-033e9320e4da202605010130081777620619912803037.sst" compactIntoNextLevel: true destinationLevel: 2
2026-05-01 07:30:31:894 - Compaction started: 
139926142187072:Compacting sstable1/4bd26312-75ba-4c3b-9aad-6608ea48d929202605010130081777620619897504948.sst sstable1/49e14288-ac4e-44cd-a51f-033e9320e4da202605010130081777620619912803037.sst into:sstable2/fc380011-e08b-4c93-bfdc-0a19873ebbbe202605010130081777620631912072530.sst
2026-05-01 07:30:31:939 - Compaction completed: 
3012265:COMPACT_START sstable=1 input_files: "sstable1/49e14288-ac4e-44cd-a51f-033e9320e4da202605010130081777620620116678161.sst" input_files: "sstable1/fc380011-e08b-4c93-bfdc-0a19873ebbbe202605010130081777620620132432164.sst" compactIntoNextLevel: true destinationLevel: 2
2026-05-01 07:30:31:996 - Compaction started: 
139926142187072:Compacting sstable1/49e14288-ac4e-44cd-a51f-033e9320e4da202605010130081777620620116678161.sst sstable1/fc380011-e08b-4c93-bfdc-0a19873ebbbe202605010130081777620620132432164.sst into:sstable2/fc380011-e08b-4c93-bfdc-0a19873ebbbe202605010130081777620632014593065.sst
2026-05-01 07:30:32:042 - Compaction completed: 
3012265:COMPACT_START sstable=1 input_files: "sstable1/7babbd60-3e4d-4e96-827f-e6bb03534eab202605010130081777620626507713653.sst" input_files: "sstable1/4bd26312-75ba-4c3b-9aad-6608ea48d929202605010130081777620620405841556.sst" compactIntoNextLevel: true destinationLevel: 2
3012265:COMPACT_ABORT input_files: "sstable1/7babbd60-3e4d-4e96-827f-e6bb03534eab202605010130081777620626507713653.sst" input_files: "sstable1/4bd26312-75ba-4c3b-9aad-6608ea48d929202605010130081777620620405841556.sst" compactIntoNextLevel: true destinationLevel: 2
3012265:COMPACT_START sstable=1 input_files: "sstable1/7babbd60-3e4d-4e96-827f-e6bb03534eab202605010130081777620620550563041.sst" input_files: "sstable1/4bd26312-75ba-4c3b-9aad-6608ea48d929202605010130081777620620608816303.sst" compactIntoNextLevel: true destinationLevel: 2
2026-05-01 07:30:32:200 - Compaction started: 
139926142187072:Compacting sstable1/7babbd60-3e4d-4e96-827f-e6bb03534eab202605010130081777620620550563041.sst sstable1/4bd26312-75ba-4c3b-9aad-6608ea48d929202605010130081777620620608816303.sst into:sstable2/fc380011-e08b-4c93-bfdc-0a19873ebbbe202605010130081777620632219107177.sst
2026-05-01 07:30:32:247 - Compaction completed: 
3012265:COMPACT_START sstable=1 input_files: "sstable1/49e14288-ac4e-44cd-a51f-033e9320e4da202605010130081777620621048434009.sst" input_files: "sstable1/4bd26312-75ba-4c3b-9aad-6608ea48d929202605010130081777620624220795927.sst" compactIntoNextLevel: true destinationLevel: 2
2026-05-01 07:30:32:302 - Compaction started: 
139926142187072:Compacting sstable1/49e14288-ac4e-44cd-a51f-033e9320e4da202605010130081777620621048434009.sst sstable1/4bd26312-75ba-4c3b-9aad-6608ea48d929202605010130081777620624220795927.sst into:sstable2/fc380011-e08b-4c93-bfdc-0a19873ebbbe202605010130081777620632333596488.sst
2026-05-01 07:30:32:364 - Compaction completed: 
3012265:COMPACT_START sstable=1 input_files: "sstable2/7babbd60-3e4d-4e96-827f-e6bb03534eab202605010130081777620625401044351.sst" input_files: "sstable2/fc380011-e08b-4c93-bfdc-0a19873ebbbe202605010130081777620622420947262.sst" compactIntoNextLevel: false destinationLevel: 2
2026-05-01 07:30:32:411 - Compaction started: 
139926142187072:Compacting sstable2/7babbd60-3e4d-4e96-827f-e6bb03534eab202605010130081777620625401044351.sst sstable2/fc380011-e08b-4c93-bfdc-0a19873ebbbe202605010130081777620622420947262.sst into:sstable2/0_fc380011-e08b-4c93-bfdc-0a19873ebbbe202605010130081777620632462850337.sst
2026-05-01 07:30:32:542 - Compaction completed: 
3012265:COMPACT_START sstable=1 input_files: "sstable2/49e14288-ac4e-44cd-a51f-033e9320e4da202605010130081777620628935150945.sst" input_files: "sstable2/49e14288-ac4e-44cd-a51f-033e9320e4da202605010130081777620622819640953.sst" compactIntoNextLevel: false destinationLevel: 2
2026-05-01 07:30:32:625 - Compaction started: 
139926142187072:Compacting sstable2/49e14288-ac4e-44cd-a51f-033e9320e4da202605010130081777620628935150945.sst sstable2/49e14288-ac4e-44cd-a51f-033e9320e4da202605010130081777620622819640953.sst into:sstable2/0_fc380011-e08b-4c93-bfdc-0a19873ebbbe202605010130081777620632669462092.sst
2026-05-01 07:30:32:747 - Compaction completed: 
3012265:COMPACT_START sstable=1 input_files: "sstable2/49e14288-ac4e-44cd-a51f-033e9320e4da202605010130081777620623029721399.sst" input_files: "sstable2/fc380011-e08b-4c93-bfdc-0a19873ebbbe202605010130081777620623038706804.sst" compactIntoNextLevel: false destinationLevel: 2
2026-05-01 07:30:32:843 - Compaction started: 
139926142187072:Compacting sstable2/49e14288-ac4e-44cd-a51f-033e9320e4da202605010130081777620623029721399.sst sstable2/fc380011-e08b-4c93-bfdc-0a19873ebbbe202605010130081777620623038706804.sst into:sstable2/0_fc380011-e08b-4c93-bfdc-0a19873ebbbe202605010130081777620632889259794.sst
2026-05-01 07:30:32:961 - Compaction completed: 
3012265:COMPACT_START sstable=1 input_files: "sstable2/fc380011-e08b-4c93-bfdc-0a19873ebbbe202605010130081777620623245804849.sst" input_files: "sstable2/7babbd60-3e4d-4e96-827f-e6bb03534eab202605010130081777620623255486088.sst" compactIntoNextLevel: false destinationLevel: 2
2026-05-01 07:30:33:063 - Compaction started: 
139926142187072:Compacting sstable2/fc380011-e08b-4c93-bfdc-0a19873ebbbe202605010130081777620623245804849.sst sstable2/7babbd60-3e4d-4e96-827f-e6bb03534eab202605010130081777620623255486088.sst into:sstable2/0_fc380011-e08b-4c93-bfdc-0a19873ebbbe202605010130081777620633112183186.sst
2026-05-01 07:30:33:187 - Compaction completed: 
3012265:COMPACT_START sstable=1 input_files: "sstable2/4bd26312-75ba-4c3b-9aad-6608ea48d929202605010130081777620629538604138.sst" input_files: "sstable2/4bd26312-75ba-4c3b-9aad-6608ea48d929202605010130081777620626489581542.sst" compactIntoNextLevel: false destinationLevel: 2
3012265:COMPACT_ABORT input_files: "sstable2/4bd26312-75ba-4c3b-9aad-6608ea48d929202605010130081777620629538604138.sst" input_files: "sstable2/4bd26312-75ba-4c3b-9aad-6608ea48d929202605010130081777620626489581542.sst" compactIntoNextLevel: false destinationLevel: 2
3012265:Task input_files: "sstable1/4bd26312-75ba-4c3b-9aad-6608ea48d929202605010130081777620618973152068.sst" input_files: "sstable1/49e14288-ac4e-44cd-a51f-033e9320e4da202605010130081777620618991702993.sst" compactIntoNextLevel: true destinationLevel: 2 is dead (hb=30)
3012265:Found dead task input_files: "sstable1/4bd26312-75ba-4c3b-9aad-6608ea48d929202605010130081777620618973152068.sst" input_files: "sstable1/49e14288-ac4e-44cd-a51f-033e9320e4da202605010130081777620618991702993.sst" compactIntoNextLevel: true destinationLevel: 2
3012265:COMPACT_START sstable=1 input_files: "sstable1/4bd26312-75ba-4c3b-9aad-6608ea48d929202605010130081777620618973152068.sst" input_files: "sstable1/49e14288-ac4e-44cd-a51f-033e9320e4da202605010130081777620618991702993.sst" compactIntoNextLevel: true destinationLevel: 2
2026-05-01 07:30:33:386 - Compaction started: 
139926142187072:Compacting sstable1/4bd26312-75ba-4c3b-9aad-6608ea48d929202605010130081777620618973152068.sst sstable1/49e14288-ac4e-44cd-a51f-033e9320e4da202605010130081777620618991702993.sst into:sstable2/fc380011-e08b-4c93-bfdc-0a19873ebbbe202605010130081777620633406123336.sst
2026-05-01 07:30:33:436 - Compaction completed: 
3012265:COMPACT_START sstable=1 input_files: "sstable2/7babbd60-3e4d-4e96-827f-e6bb03534eab202605010130081777620623662326781.sst" input_files: "sstable2/49e14288-ac4e-44cd-a51f-033e9320e4da202605010130081777620626793719108.sst" compactIntoNextLevel: false destinationLevel: 2
2026-05-01 07:30:33:510 - Compaction started: 
139926142187072:Compacting sstable2/7babbd60-3e4d-4e96-827f-e6bb03534eab202605010130081777620623662326781.sst sstable2/49e14288-ac4e-44cd-a51f-033e9320e4da202605010130081777620626793719108.sst into:sstable2/0_fc380011-e08b-4c93-bfdc-0a19873ebbbe202605010130081777620633557771205.sst
2026-05-01 07:30:33:629 - Compaction completed: 
3012265:COMPACT_START sstable=1 input_files: "sstable2/7babbd60-3e4d-4e96-827f-e6bb03534eab202605010130081777620627040910824.sst" input_files: "sstable2/4bd26312-75ba-4c3b-9aad-6608ea48d929202605010130081777620624036199533.sst" compactIntoNextLevel: false destinationLevel: 2
2026-05-01 07:30:33:737 - Compaction started: 
139926142187072:Compacting sstable2/7babbd60-3e4d-4e96-827f-e6bb03534eab202605010130081777620627040910824.sst sstable2/4bd26312-75ba-4c3b-9aad-6608ea48d929202605010130081777620624036199533.sst into:sstable2/0_fc380011-e08b-4c93-bfdc-0a19873ebbbe202605010130081777620633782803410.sst
2026-05-01 07:30:33:854 - Compaction completed: 
3012265:COMPACT_START sstable=1 input_files: "sstable2/49e14288-ac4e-44cd-a51f-033e9320e4da202605010130081777620624249167673.sst" input_files: "sstable2/fc380011-e08b-4c93-bfdc-0a19873ebbbe202605010130081777620627329177378.sst" compactIntoNextLevel: false destinationLevel: 2
2026-05-01 07:30:33:969 - Compaction started: 
139926142187072:Compacting sstable2/49e14288-ac4e-44cd-a51f-033e9320e4da202605010130081777620624249167673.sst sstable2/fc380011-e08b-4c93-bfdc-0a19873ebbbe202605010130081777620627329177378.sst into:sstable2/0_fc380011-e08b-4c93-bfdc-0a19873ebbbe202605010130081777620634012121469.sst
2026-05-01 07:30:34:081 - Compaction completed: 
3012265:COMPACT_START sstable=1 input_files: "sstable2/fc380011-e08b-4c93-bfdc-0a19873ebbbe202605010130081777620627531192165.sst" input_files: "sstable2/7babbd60-3e4d-4e96-827f-e6bb03534eab202605010130081777620624477022409.sst" compactIntoNextLevel: false destinationLevel: 2
2026-05-01 07:30:34:203 - Compaction started: 
139926142187072:Compacting sstable2/fc380011-e08b-4c93-bfdc-0a19873ebbbe202605010130081777620627531192165.sst sstable2/7babbd60-3e4d-4e96-827f-e6bb03534eab202605010130081777620624477022409.sst into:sstable2/0_fc380011-e08b-4c93-bfdc-0a19873ebbbe202605010130081777620634244172551.sst
2026-05-01 07:30:34:308 - Compaction completed: 
3012265:COMPACT_START sstable=1 input_files: "sstable2/4bd26312-75ba-4c3b-9aad-6608ea48d929202605010130081777620621785680521.sst" input_files: "sstable2/7babbd60-3e4d-4e96-827f-e6bb03534eab202605010130081777620621818614830.sst" compactIntoNextLevel: false destinationLevel: 2
3012265:COMPACT_ABORT input_files: "sstable2/4bd26312-75ba-4c3b-9aad-6608ea48d929202605010130081777620621785680521.sst" input_files: "sstable2/7babbd60-3e4d-4e96-827f-e6bb03534eab202605010130081777620621818614830.sst" compactIntoNextLevel: false destinationLevel: 2
3012265:COMPACT_START sstable=1 input_files: "sstable2/4bd26312-75ba-4c3b-9aad-6608ea48d929202605010130081777620621885066189.sst" input_files: "sstable2/49e14288-ac4e-44cd-a51f-033e9320e4da202605010130081777620621900400986.sst" compactIntoNextLevel: false destinationLevel: 2
2026-05-01 07:30:34:510 - Compaction started: 
139926142187072:Compacting sstable2/4bd26312-75ba-4c3b-9aad-6608ea48d929202605010130081777620621885066189.sst sstable2/49e14288-ac4e-44cd-a51f-033e9320e4da202605010130081777620621900400986.sst into:sstable2/0_fc380011-e08b-4c93-bfdc-0a19873ebbbe202605010130081777620634559850431.sst
2026-05-01 07:30:34:640 - Compaction completed: 
3012265:Task input_files: "sstable1/fc380011-e08b-4c93-bfdc-0a19873ebbbe202605010130081777620619315579863.sst" input_files: "sstable1/7babbd60-3e4d-4e96-827f-e6bb03534eab202605010130081777620622309985212.sst" compactIntoNextLevel: true destinationLevel: 2 is dead (hb=30)
3012265:Task input_files: "sstable1/4bd26312-75ba-4c3b-9aad-6608ea48d929202605010130081777620619278626900.sst" input_files: "sstable1/49e14288-ac4e-44cd-a51f-033e9320e4da202605010130081777620619296188221.sst" compactIntoNextLevel: true destinationLevel: 2 is dead (hb=30)
3012265:Found dead task input_files: "sstable1/4bd26312-75ba-4c3b-9aad-6608ea48d929202605010130081777620619278626900.sst" input_files: "sstable1/49e14288-ac4e-44cd-a51f-033e9320e4da202605010130081777620619296188221.sst" compactIntoNextLevel: true destinationLevel: 2
3012265:COMPACT_START sstable=1 input_files: "sstable1/4bd26312-75ba-4c3b-9aad-6608ea48d929202605010130081777620619278626900.sst" input_files: "sstable1/49e14288-ac4e-44cd-a51f-033e9320e4da202605010130081777620619296188221.sst" compactIntoNextLevel: true destinationLevel: 2
3012265:COMPACT_ABORT input_files: "sstable1/4bd26312-75ba-4c3b-9aad-6608ea48d929202605010130081777620619278626900.sst" input_files: "sstable1/49e14288-ac4e-44cd-a51f-033e9320e4da202605010130081777620619296188221.sst" compactIntoNextLevel: true destinationLevel: 2
3012265:Found dead task input_files: "sstable1/fc380011-e08b-4c93-bfdc-0a19873ebbbe202605010130081777620619315579863.sst" input_files: "sstable1/7babbd60-3e4d-4e96-827f-e6bb03534eab202605010130081777620622309985212.sst" compactIntoNextLevel: true destinationLevel: 2
3012265:COMPACT_START sstable=1 input_files: "sstable1/fc380011-e08b-4c93-bfdc-0a19873ebbbe202605010130081777620619315579863.sst" input_files: "sstable1/7babbd60-3e4d-4e96-827f-e6bb03534eab202605010130081777620622309985212.sst" compactIntoNextLevel: true destinationLevel: 2
3012265:COMPACT_ABORT input_files: "sstable1/fc380011-e08b-4c93-bfdc-0a19873ebbbe202605010130081777620619315579863.sst" input_files: "sstable1/7babbd60-3e4d-4e96-827f-e6bb03534eab202605010130081777620622309985212.sst" compactIntoNextLevel: true destinationLevel: 2
3012265:COMPACT_START sstable=1 input_files: "sstable2/4bd26312-75ba-4c3b-9aad-6608ea48d929202605010130081777620624850878801.sst" input_files: "sstable2/49e14288-ac4e-44cd-a51f-033e9320e4da202605010130081777620627814920913.sst" compactIntoNextLevel: false destinationLevel: 2
2026-05-01 07:30:34:849 - Compaction started: 
139926142187072:Compacting sstable2/4bd26312-75ba-4c3b-9aad-6608ea48d929202605010130081777620624850878801.sst sstable2/49e14288-ac4e-44cd-a51f-033e9320e4da202605010130081777620627814920913.sst into:sstable2/0_fc380011-e08b-4c93-bfdc-0a19873ebbbe202605010130081777620634891406145.sst
2026-05-01 07:30:34:957 - Compaction completed: 
3012265:COMPACT_START sstable=1 input_files: "sstable2/7babbd60-3e4d-4e96-827f-e6bb03534eab202605010130081777620624885384646.sst" input_files: "sstable2/4bd26312-75ba-4c3b-9aad-6608ea48d929202605010130081777620624950564742.sst" compactIntoNextLevel: false destinationLevel: 2
2026-05-01 07:30:35:089 - Compaction started: 
139926142187072:Compacting sstable2/7babbd60-3e4d-4e96-827f-e6bb03534eab202605010130081777620624885384646.sst sstable2/4bd26312-75ba-4c3b-9aad-6608ea48d929202605010130081777620624950564742.sst into:sstable2/0_fc380011-e08b-4c93-bfdc-0a19873ebbbe202605010130081777620635129374570.sst
2026-05-01 07:30:35:195 - Compaction completed: 
3012265:Task input_files: "sstable1/49e14288-ac4e-44cd-a51f-033e9320e4da202605010130081777620620946367696.sst" input_files: "sstable1/fc380011-e08b-4c93-bfdc-0a19873ebbbe202605010130081777620620957494183.sst" compactIntoNextLevel: true destinationLevel: 2 is dead (hb=30)
3012265:Task input_files: "sstable1/49e14288-ac4e-44cd-a51f-033e9320e4da202605010130081777620620844049701.sst" input_files: "sstable1/fc380011-e08b-4c93-bfdc-0a19873ebbbe202605010130081777620626992151259.sst" compactIntoNextLevel: true destinationLevel: 2 is dead (hb=30)
3012265:Task input_files: "sstable1/4bd26312-75ba-4c3b-9aad-6608ea48d929202605010130081777620623813114968.sst" input_files: "sstable1/4bd26312-75ba-4c3b-9aad-6608ea48d929202605010130081777620629923946741.sst" compactIntoNextLevel: true destinationLevel: 2 is dead (hb=30)
3012265:Found dead task input_files: "sstable1/4bd26312-75ba-4c3b-9aad-6608ea48d929202605010130081777620623813114968.sst" input_files: "sstable1/4bd26312-75ba-4c3b-9aad-6608ea48d929202605010130081777620629923946741.sst" compactIntoNextLevel: true destinationLevel: 2
3012265:COMPACT_START sstable=1 input_files: "sstable1/4bd26312-75ba-4c3b-9aad-6608ea48d929202605010130081777620623813114968.sst" input_files: "sstable1/4bd26312-75ba-4c3b-9aad-6608ea48d929202605010130081777620629923946741.sst" compactIntoNextLevel: true destinationLevel: 2
2026-05-01 07:30:35:291 - Compaction started: 
139926142187072:Compacting sstable1/4bd26312-75ba-4c3b-9aad-6608ea48d929202605010130081777620623813114968.sst sstable1/4bd26312-75ba-4c3b-9aad-6608ea48d929202605010130081777620629923946741.sst into:sstable2/fc380011-e08b-4c93-bfdc-0a19873ebbbe202605010130081777620635308703171.sst
2026-05-01 07:30:35:336 - Compaction completed: 
3012265:COMPACT_START sstable=1 input_files: "sstable2/7babbd60-3e4d-4e96-827f-e6bb03534eab202605010130081777620631492086194.sst" input_files: "sstable2/fc380011-e08b-4c93-bfdc-0a19873ebbbe202605010130081777620625380822974.sst" compactIntoNextLevel: false destinationLevel: 2
2026-05-01 07:30:35:434 - Compaction started: 
139926142187072:Compacting sstable2/7babbd60-3e4d-4e96-827f-e6bb03534eab202605010130081777620631492086194.sst sstable2/fc380011-e08b-4c93-bfdc-0a19873ebbbe202605010130081777620625380822974.sst into:sstable2/0_fc380011-e08b-4c93-bfdc-0a19873ebbbe202605010130081777620635474143415.sst
2026-05-01 07:30:35:541 - Compaction completed: 
3012265:COMPACT_START sstable=1 input_files: "sstable2/49e14288-ac4e-44cd-a51f-033e9320e4da202605010130081777620625876274958.sst" input_files: "sstable2/fc380011-e08b-4c93-bfdc-0a19873ebbbe202605010130081777620625889183907.sst" compactIntoNextLevel: false destinationLevel: 2
3012265:COMPACT_ABORT input_files: "sstable2/49e14288-ac4e-44cd-a51f-033e9320e4da202605010130081777620625876274958.sst" input_files: "sstable2/fc380011-e08b-4c93-bfdc-0a19873ebbbe202605010130081777620625889183907.sst" compactIntoNextLevel: false destinationLevel: 2
3012265:COMPACT_START sstable=1 input_files: "sstable2/7babbd60-3e4d-4e96-827f-e6bb03534eab202605010130081777620625908556282.sst" input_files: "sstable2/4bd26312-75ba-4c3b-9aad-6608ea48d929202605010130081777620625973908652.sst" compactIntoNextLevel: false destinationLevel: 2
2026-05-01 07:30:35:730 - Compaction started: 
139926142187072:Compacting sstable2/7babbd60-3e4d-4e96-827f-e6bb03534eab202605010130081777620625908556282.sst sstable2/4bd26312-75ba-4c3b-9aad-6608ea48d929202605010130081777620625973908652.sst into:sstable2/0_fc380011-e08b-4c93-bfdc-0a19873ebbbe202605010130081777620635769576584.sst
2026-05-01 07:30:35:833 - Compaction completed: 
3012265:COMPACT_START sstable=1 input_files: "sstable2/fc380011-e08b-4c93-bfdc-0a19873ebbbe202605010130081777620626194831484.sst" input_files: "sstable2/7babbd60-3e4d-4e96-827f-e6bb03534eab202605010130081777620626215749206.sst" compactIntoNextLevel: false destinationLevel: 2
3012265:COMPACT_ABORT input_files: "sstable2/fc380011-e08b-4c93-bfdc-0a19873ebbbe202605010130081777620626194831484.sst" input_files: "sstable2/7babbd60-3e4d-4e96-827f-e6bb03534eab202605010130081777620626215749206.sst" compactIntoNextLevel: false destinationLevel: 2
3012265:COMPACT_START sstable=1 input_files: "sstable2/7babbd60-3e4d-4e96-827f-e6bb03534eab202605010130081777620626420536080.sst" input_files: "sstable2/49e14288-ac4e-44cd-a51f-033e9320e4da202605010130081777620626487171785.sst" compactIntoNextLevel: false destinationLevel: 2
2026-05-01 07:30:36:038 - Compaction started: 
139926142187072:Compacting sstable2/7babbd60-3e4d-4e96-827f-e6bb03534eab202605010130081777620626420536080.sst sstable2/49e14288-ac4e-44cd-a51f-033e9320e4da202605010130081777620626487171785.sst into:sstable2/0_fc380011-e08b-4c93-bfdc-0a19873ebbbe202605010130081777620636078141910.sst
2026-05-01 07:30:36:142 - Compaction completed: 
3012265:COMPACT_START sstable=1 input_files: "sstable2/fc380011-e08b-4c93-bfdc-0a19873ebbbe202605010130081777620626701724004.sst" input_files: "sstable2/7babbd60-3e4d-4e96-827f-e6bb03534eab202605010130081777620626729187026.sst" compactIntoNextLevel: false destinationLevel: 2
2026-05-01 07:30:36:198 - Compaction started: 
139926142187072:Compacting sstable2/fc380011-e08b-4c93-bfdc-0a19873ebbbe202605010130081777620626701724004.sst sstable2/7babbd60-3e4d-4e96-827f-e6bb03534eab202605010130081777620626729187026.sst into:sstable2/0_fc380011-e08b-4c93-bfdc-0a19873ebbbe202605010130081777620636235789756.sst
2026-05-01 07:30:36:298 - Compaction completed: 
3012265:COMPACT_START sstable=1 input_files: "sstable2/7babbd60-3e4d-4e96-827f-e6bb03534eab202605010130081777620626935102656.sst" input_files: "sstable2/4bd26312-75ba-4c3b-9aad-6608ea48d929202605010130081777620626997586588.sst" compactIntoNextLevel: false destinationLevel: 2
2026-05-01 07:30:36:357 - Compaction started: 
139926142187072:Compacting sstable2/7babbd60-3e4d-4e96-827f-e6bb03534eab202605010130081777620626935102656.sst sstable2/4bd26312-75ba-4c3b-9aad-6608ea48d929202605010130081777620626997586588.sst into:sstable2/0_fc380011-e08b-4c93-bfdc-0a19873ebbbe202605010130081777620636394024984.sst
2026-05-01 07:30:36:473 - Compaction completed: 
3012265:COMPACT_START sstable=1 input_files: "sstable2/49e14288-ac4e-44cd-a51f-033e9320e4da202605010130081777620627300391396.sst" input_files: "sstable2/fc380011-e08b-4c93-bfdc-0a19873ebbbe202605010130081777620633406123336.sst" compactIntoNextLevel: false destinationLevel: 2
2026-05-01 07:30:36:626 - Compaction started: 
139926142187072:Compacting sstable2/49e14288-ac4e-44cd-a51f-033e9320e4da202605010130081777620627300391396.sst sstable2/fc380011-e08b-4c93-bfdc-0a19873ebbbe202605010130081777620633406123336.sst into:sstable2/0_fc380011-e08b-4c93-bfdc-0a19873ebbbe202605010130081777620636666385581.sst
2026-05-01 07:30:36:727 - Compaction completed: 
3012265:Task input_files: "sstable2/7babbd60-3e4d-4e96-827f-e6bb03534eab202605010130081777620623866306181.sst" input_files: "sstable2/4bd26312-75ba-4c3b-9aad-6608ea48d929202605010130081777620626899105967.sst" compactIntoNextLevel: false destinationLevel: 2 is dead (hb=30)
3012265:Found dead task input_files: "sstable2/7babbd60-3e4d-4e96-827f-e6bb03534eab202605010130081777620623866306181.sst" input_files: "sstable2/4bd26312-75ba-4c3b-9aad-6608ea48d929202605010130081777620626899105967.sst" compactIntoNextLevel: false destinationLevel: 2
3012265:COMPACT_START sstable=1 input_files: "sstable2/7babbd60-3e4d-4e96-827f-e6bb03534eab202605010130081777620623866306181.sst" input_files: "sstable2/4bd26312-75ba-4c3b-9aad-6608ea48d929202605010130081777620626899105967.sst" compactIntoNextLevel: false destinationLevel: 2
2026-05-01 07:30:36:729 - Compaction started: 
139926142187072:Compacting sstable2/7babbd60-3e4d-4e96-827f-e6bb03534eab202605010130081777620623866306181.sst sstable2/4bd26312-75ba-4c3b-9aad-6608ea48d929202605010130081777620626899105967.sst into:sstable2/fc380011-e08b-4c93-bfdc-0a19873ebbbe202605010130081777620636774289788.sst
2026-05-01 07:30:36:845 - Compaction completed: 
3012265:Task input_files: "sstable2/4bd26312-75ba-4c3b-9aad-6608ea48d929202605010130081777620621785680521.sst" input_files: "sstable2/7babbd60-3e4d-4e96-827f-e6bb03534eab202605010130081777620621818614830.sst" compactIntoNextLevel: false destinationLevel: 2 is dead (hb=30)
3012265:Found dead task input_files: "sstable2/4bd26312-75ba-4c3b-9aad-6608ea48d929202605010130081777620621785680521.sst" input_files: "sstable2/7babbd60-3e4d-4e96-827f-e6bb03534eab202605010130081777620621818614830.sst" compactIntoNextLevel: false destinationLevel: 2
3012265:COMPACT_START sstable=1 input_files: "sstable2/4bd26312-75ba-4c3b-9aad-6608ea48d929202605010130081777620621785680521.sst" input_files: "sstable2/7babbd60-3e4d-4e96-827f-e6bb03534eab202605010130081777620621818614830.sst" compactIntoNextLevel: false destinationLevel: 2
2026-05-01 07:30:37:572 - Compaction started: 
139926142187072:Compacting sstable2/4bd26312-75ba-4c3b-9aad-6608ea48d929202605010130081777620621785680521.sst sstable2/7babbd60-3e4d-4e96-827f-e6bb03534eab202605010130081777620621818614830.sst into:sstable2/fc380011-e08b-4c93-bfdc-0a19873ebbbe202605010130081777620637624136900.sst
2026-05-01 07:30:37:705 - Compaction completed: 
3012265:COMPACT_START sstable=1 input_files: "sstable2/4bd26312-75ba-4c3b-9aad-6608ea48d929202605010130081777620631661812222.sst" input_files: "sstable2/49e14288-ac4e-44cd-a51f-033e9320e4da202605010130081777620631665766204.sst" compactIntoNextLevel: false destinationLevel: 2
2026-05-01 07:30:37:995 - Compaction started: 
139926142187072:Compacting sstable2/4bd26312-75ba-4c3b-9aad-6608ea48d929202605010130081777620631661812222.sst sstable2/49e14288-ac4e-44cd-a51f-033e9320e4da202605010130081777620631665766204.sst into:sstable2/0_fc380011-e08b-4c93-bfdc-0a19873ebbbe202605010130081777620638033465457.sst
2026-05-01 07:30:38:093 - Compaction completed: 
3012265:COMPACT_START sstable=1 input_files: "sstable2/7babbd60-3e4d-4e96-827f-e6bb03534eab202605010130081777620631795713664.sst" input_files: "sstable2/fc380011-e08b-4c93-bfdc-0a19873ebbbe202605010130081777620631810321928.sst" compactIntoNextLevel: false destinationLevel: 2
3012265:COMPACT_ABORT input_files: "sstable2/7babbd60-3e4d-4e96-827f-e6bb03534eab202605010130081777620631795713664.sst" input_files: "sstable2/fc380011-e08b-4c93-bfdc-0a19873ebbbe202605010130081777620631810321928.sst" compactIntoNextLevel: false destinationLevel: 2
3012265:COMPACT_START sstable=1 input_files: "sstable2/49e14288-ac4e-44cd-a51f-033e9320e4da202605010130081777620634945356150.sst" input_files: "sstable2/4bd26312-75ba-4c3b-9aad-6608ea48d929202605010130081777620631967304428.sst" compactIntoNextLevel: false destinationLevel: 2
3012265:COMPACT_ABORT input_files: "sstable2/49e14288-ac4e-44cd-a51f-033e9320e4da202605010130081777620634945356150.sst" input_files: "sstable2/4bd26312-75ba-4c3b-9aad-6608ea48d929202605010130081777620631967304428.sst" compactIntoNextLevel: false destinationLevel: 2
3012265:COMPACT_START sstable=1 input_files: "sstable2/49e14288-ac4e-44cd-a51f-033e9320e4da202605010130081777620631967181738.sst" input_files: "sstable2/7babbd60-3e4d-4e96-827f-e6bb03534eab202605010130081777620631999664139.sst" compactIntoNextLevel: false destinationLevel: 2
2026-05-01 07:30:38:297 - Compaction started: 
139926142187072:Compacting sstable2/49e14288-ac4e-44cd-a51f-033e9320e4da202605010130081777620631967181738.sst sstable2/7babbd60-3e4d-4e96-827f-e6bb03534eab202605010130081777620631999664139.sst into:sstable2/0_fc380011-e08b-4c93-bfdc-0a19873ebbbe202605010130081777620638332803286.sst
2026-05-01 07:30:38:388 - Compaction completed: 
3012265:Task input_files: "sstable1/49e14288-ac4e-44cd-a51f-033e9320e4da202605010130081777620620946367696.sst" input_files: "sstable1/fc380011-e08b-4c93-bfdc-0a19873ebbbe202605010130081777620620957494183.sst" compactIntoNextLevel: true destinationLevel: 2 is dead (hb=30)
3012265:Found dead task input_files: "sstable1/49e14288-ac4e-44cd-a51f-033e9320e4da202605010130081777620620946367696.sst" input_files: "sstable1/fc380011-e08b-4c93-bfdc-0a19873ebbbe202605010130081777620620957494183.sst" compactIntoNextLevel: true destinationLevel: 2
3012265:COMPACT_START sstable=1 input_files: "sstable1/49e14288-ac4e-44cd-a51f-033e9320e4da202605010130081777620620946367696.sst" input_files: "sstable1/fc380011-e08b-4c93-bfdc-0a19873ebbbe202605010130081777620620957494183.sst" compactIntoNextLevel: true destinationLevel: 2
2026-05-01 07:30:38:398 - Compaction started: 
139926142187072:Compacting sstable1/49e14288-ac4e-44cd-a51f-033e9320e4da202605010130081777620620946367696.sst sstable1/fc380011-e08b-4c93-bfdc-0a19873ebbbe202605010130081777620620957494183.sst into:sstable2/fc380011-e08b-4c93-bfdc-0a19873ebbbe202605010130081777620638416358819.sst
2026-05-01 07:30:38:443 - Compaction completed: 
3012265:COMPACT_START sstable=1 input_files: "sstable2/4bd26312-75ba-4c3b-9aad-6608ea48d929202605010130081777620638233733219.sst" input_files: "sstable2/49e14288-ac4e-44cd-a51f-033e9320e4da202605010130081777620632170043953.sst" compactIntoNextLevel: false destinationLevel: 2
2026-05-01 07:30:38:568 - Compaction started: 
139926142187072:Compacting sstable2/4bd26312-75ba-4c3b-9aad-6608ea48d929202605010130081777620638233733219.sst sstable2/49e14288-ac4e-44cd-a51f-033e9320e4da202605010130081777620632170043953.sst into:sstable2/0_fc380011-e08b-4c93-bfdc-0a19873ebbbe202605010130081777620638601892820.sst
2026-05-01 07:30:38:657 - Compaction completed: 
3012265:Task input_files: "sstable2/49e14288-ac4e-44cd-a51f-033e9320e4da202605010130081777620625876274958.sst" input_files: "sstable2/fc380011-e08b-4c93-bfdc-0a19873ebbbe202605010130081777620625889183907.sst" compactIntoNextLevel: false destinationLevel: 2 is dead (hb=30)
3012265:Found dead task input_files: "sstable2/49e14288-ac4e-44cd-a51f-033e9320e4da202605010130081777620625876274958.sst" input_files: "sstable2/fc380011-e08b-4c93-bfdc-0a19873ebbbe202605010130081777620625889183907.sst" compactIntoNextLevel: false destinationLevel: 2
3012265:COMPACT_START sstable=1 input_files: "sstable2/49e14288-ac4e-44cd-a51f-033e9320e4da202605010130081777620625876274958.sst" input_files: "sstable2/fc380011-e08b-4c93-bfdc-0a19873ebbbe202605010130081777620625889183907.sst" compactIntoNextLevel: false destinationLevel: 2
3012265:COMPACT_ABORT input_files: "sstable2/49e14288-ac4e-44cd-a51f-033e9320e4da202605010130081777620625876274958.sst" input_files: "sstable2/fc380011-e08b-4c93-bfdc-0a19873ebbbe202605010130081777620625889183907.sst" compactIntoNextLevel: false destinationLevel: 2
2026-05-01 07:30:38:725 30 sec: 116379 operations; 3879.17 current ops/sec; est completion in 2 days 23 hours [READ: Count=116391, Max=1845247, Min=33, Avg=255.28, 90=362, 99=427, 99.9=1274, 99.99=23887] 
3012265:COMPACT_START sstable=1 input_files: "sstable2/49e14288-ac4e-44cd-a51f-033e9320e4da202605010130081777620635330620277.sst" input_files: "sstable2/fc380011-e08b-4c93-bfdc-0a19873ebbbe202605010130081777620638416358819.sst" compactIntoNextLevel: false destinationLevel: 2
3012265:COMPACT_ABORT input_files: "sstable2/49e14288-ac4e-44cd-a51f-033e9320e4da202605010130081777620635330620277.sst" input_files: "sstable2/fc380011-e08b-4c93-bfdc-0a19873ebbbe202605010130081777620638416358819.sst" compactIntoNextLevel: false destinationLevel: 2
3012265:Task input_files: "sstable2/4bd26312-75ba-4c3b-9aad-6608ea48d929202605010130081777620626178576051.sst" input_files: "sstable2/49e14288-ac4e-44cd-a51f-033e9320e4da202605010130081777620626181914169.sst" compactIntoNextLevel: false destinationLevel: 2 is dead (hb=30)
3012265:Found dead task input_files: "sstable2/4bd26312-75ba-4c3b-9aad-6608ea48d929202605010130081777620626178576051.sst" input_files: "sstable2/49e14288-ac4e-44cd-a51f-033e9320e4da202605010130081777620626181914169.sst" compactIntoNextLevel: false destinationLevel: 2
3012265:COMPACT_START sstable=1 input_files: "sstable2/4bd26312-75ba-4c3b-9aad-6608ea48d929202605010130081777620626178576051.sst" input_files: "sstable2/49e14288-ac4e-44cd-a51f-033e9320e4da202605010130081777620626181914169.sst" compactIntoNextLevel: false destinationLevel: 2
2026-05-01 07:30:38:845 - Compaction started: 
139926142187072:Compacting sstable2/4bd26312-75ba-4c3b-9aad-6608ea48d929202605010130081777620626178576051.sst sstable2/49e14288-ac4e-44cd-a51f-033e9320e4da202605010130081777620626181914169.sst into:sstable2/fc380011-e08b-4c93-bfdc-0a19873ebbbe202605010130081777620638887647356.sst
2026-05-01 07:30:38:951 - Compaction completed: 
3012265:Task input_files: "sstable2/fc380011-e08b-4c93-bfdc-0a19873ebbbe202605010130081777620626194831484.sst" input_files: "sstable2/7babbd60-3e4d-4e96-827f-e6bb03534eab202605010130081777620626215749206.sst" compactIntoNextLevel: false destinationLevel: 2 is dead (hb=31)
3012265:Found dead task input_files: "sstable2/fc380011-e08b-4c93-bfdc-0a19873ebbbe202605010130081777620626194831484.sst" input_files: "sstable2/7babbd60-3e4d-4e96-827f-e6bb03534eab202605010130081777620626215749206.sst" compactIntoNextLevel: false destinationLevel: 2
3012265:COMPACT_START sstable=1 input_files: "sstable2/fc380011-e08b-4c93-bfdc-0a19873ebbbe202605010130081777620626194831484.sst" input_files: "sstable2/7babbd60-3e4d-4e96-827f-e6bb03534eab202605010130081777620626215749206.sst" compactIntoNextLevel: false destinationLevel: 2
2026-05-01 07:30:39:047 - Compaction started: 
139926142187072:Compacting sstable2/fc380011-e08b-4c93-bfdc-0a19873ebbbe202605010130081777620626194831484.sst sstable2/7babbd60-3e4d-4e96-827f-e6bb03534eab202605010130081777620626215749206.sst into:sstable2/fc380011-e08b-4c93-bfdc-0a19873ebbbe202605010130081777620639087643308.sst
2026-05-01 07:30:39:150 - Compaction completed: 
3012265:Task input_files: "sstable2/49e14288-ac4e-44cd-a51f-033e9320e4da202605010130081777620634383563804.sst" input_files: "sstable2/7babbd60-3e4d-4e96-827f-e6bb03534eab202605010130081777620634233296564.sst" compactIntoNextLevel: false destinationLevel: 2 is dead (hb=30)
3012265:Found dead task input_files: "sstable2/49e14288-ac4e-44cd-a51f-033e9320e4da202605010130081777620634383563804.sst" input_files: "sstable2/7babbd60-3e4d-4e96-827f-e6bb03534eab202605010130081777620634233296564.sst" compactIntoNextLevel: false destinationLevel: 2
3012265:COMPACT_START sstable=1 input_files: "sstable2/49e14288-ac4e-44cd-a51f-033e9320e4da202605010130081777620634383563804.sst" input_files: "sstable2/7babbd60-3e4d-4e96-827f-e6bb03534eab202605010130081777620634233296564.sst" compactIntoNextLevel: false destinationLevel: 2
3012265:COMPACT_ABORT input_files: "sstable2/49e14288-ac4e-44cd-a51f-033e9320e4da202605010130081777620634383563804.sst" input_files: "sstable2/7babbd60-3e4d-4e96-827f-e6bb03534eab202605010130081777620634233296564.sst" compactIntoNextLevel: false destinationLevel: 2
3012265:Task input_files: "sstable2/fc380011-e08b-4c93-bfdc-0a19873ebbbe202605010130081777620631912072530.sst" input_files: "sstable2/4bd26312-75ba-4c3b-9aad-6608ea48d929202605010130081777620635034624853.sst" compactIntoNextLevel: false destinationLevel: 2 is dead (hb=30)
3012265:Task input_files: "sstable2/49e14288-ac4e-44cd-a51f-033e9320e4da202605010130081777620634945356150.sst" input_files: "sstable2/4bd26312-75ba-4c3b-9aad-6608ea48d929202605010130081777620631967304428.sst" compactIntoNextLevel: false destinationLevel: 2 is dead (hb=30)
3012265:Found dead task input_files: "sstable2/49e14288-ac4e-44cd-a51f-033e9320e4da202605010130081777620634945356150.sst" input_files: "sstable2/4bd26312-75ba-4c3b-9aad-6608ea48d929202605010130081777620631967304428.sst" compactIntoNextLevel: false destinationLevel: 2
3012265:COMPACT_START sstable=1 input_files: "sstable2/49e14288-ac4e-44cd-a51f-033e9320e4da202605010130081777620634945356150.sst" input_files: "sstable2/4bd26312-75ba-4c3b-9aad-6608ea48d929202605010130081777620631967304428.sst" compactIntoNextLevel: false destinationLevel: 2
2026-05-01 07:30:41:222 - Compaction started: 
139926142187072:Compacting sstable2/49e14288-ac4e-44cd-a51f-033e9320e4da202605010130081777620634945356150.sst sstable2/4bd26312-75ba-4c3b-9aad-6608ea48d929202605010130081777620631967304428.sst into:sstable2/fc380011-e08b-4c93-bfdc-0a19873ebbbe202605010130081777620641260073643.sst
2026-05-01 07:30:41:316 - Compaction completed: 
3012265:Found dead task input_files: "sstable2/fc380011-e08b-4c93-bfdc-0a19873ebbbe202605010130081777620631912072530.sst" input_files: "sstable2/4bd26312-75ba-4c3b-9aad-6608ea48d929202605010130081777620635034624853.sst" compactIntoNextLevel: false destinationLevel: 2
3012265:COMPACT_START sstable=1 input_files: "sstable2/fc380011-e08b-4c93-bfdc-0a19873ebbbe202605010130081777620631912072530.sst" input_files: "sstable2/4bd26312-75ba-4c3b-9aad-6608ea48d929202605010130081777620635034624853.sst" compactIntoNextLevel: false destinationLevel: 2
2026-05-01 07:30:41:324 - Compaction started: 
139926142187072:Compacting sstable2/fc380011-e08b-4c93-bfdc-0a19873ebbbe202605010130081777620631912072530.sst sstable2/4bd26312-75ba-4c3b-9aad-6608ea48d929202605010130081777620635034624853.sst into:sstable2/fc380011-e08b-4c93-bfdc-0a19873ebbbe202605010130081777620641358283577.sst
2026-05-01 07:30:41:411 - Compaction completed: 
3012265:COMPACT_START sstable=1 input_files: "sstable2/fc380011-e08b-4c93-bfdc-0a19873ebbbe202605010130081777620621912706865.sst" input_files: "sstable2/7babbd60-3e4d-4e96-827f-e6bb03534eab202605010130081777620624994255124.sst" compactIntoNextLevel: false destinationLevel: 2
2026-05-01 07:30:47:307 - Compaction started: 
139926142187072:Compacting sstable2/fc380011-e08b-4c93-bfdc-0a19873ebbbe202605010130081777620621912706865.sst sstable2/7babbd60-3e4d-4e96-827f-e6bb03534eab202605010130081777620624994255124.sst into:sstable2/0_fc380011-e08b-4c93-bfdc-0a19873ebbbe202605010130081777620647363204614.sst
2026-05-01 07:30:47:450 - Compaction completed: 
3012265:COMPACT_START sstable=1 input_files: "sstable2/7babbd60-3e4d-4e96-827f-e6bb03534eab202605010130081777620625197349736.sst" input_files: "sstable2/7babbd60-3e4d-4e96-827f-e6bb03534eab202605010130081777620625401044351.sst" compactIntoNextLevel: false destinationLevel: 2
2026-05-01 07:30:47:515 - Compaction started: 
139926142187072:Compacting sstable2/7babbd60-3e4d-4e96-827f-e6bb03534eab202605010130081777620625197349736.sst sstable2/7babbd60-3e4d-4e96-827f-e6bb03534eab202605010130081777620625401044351.sst into:sstable2/0_fc380011-e08b-4c93-bfdc-0a19873ebbbe202605010130081777620647564739341.sst
2026-05-01 07:30:47:643 - Compaction completed: 
3012265:COMPACT_START sstable=1 input_files: "sstable2/7babbd60-3e4d-4e96-827f-e6bb03534eab202605010130081777620622844489935.sst" input_files: "sstable2/fc380011-e08b-4c93-bfdc-0a19873ebbbe202605010130081777620625993579407.sst" compactIntoNextLevel: false destinationLevel: 2
2026-05-01 07:30:47:728 - Compaction started: 
139926142187072:Compacting sstable2/7babbd60-3e4d-4e96-827f-e6bb03534eab202605010130081777620622844489935.sst sstable2/fc380011-e08b-4c93-bfdc-0a19873ebbbe202605010130081777620625993579407.sst into:sstable2/0_fc380011-e08b-4c93-bfdc-0a19873ebbbe202605010130081777620647774119144.sst
2026-05-01 07:30:47:845 - Compaction completed: 
3012265:COMPACT_START sstable=1 input_files: "sstable2/7babbd60-3e4d-4e96-827f-e6bb03534eab202605010130081777620623154731113.sst" input_files: "sstable2/4bd26312-75ba-4c3b-9aad-6608ea48d929202605010130081777620623223972372.sst" compactIntoNextLevel: false destinationLevel: 2
2026-05-01 07:30:47:945 - Compaction started: 
139926142187072:Compacting sstable2/7babbd60-3e4d-4e96-827f-e6bb03534eab202605010130081777620623154731113.sst sstable2/4bd26312-75ba-4c3b-9aad-6608ea48d929202605010130081777620623223972372.sst into:sstable2/0_fc380011-e08b-4c93-bfdc-0a19873ebbbe202605010130081777620647994367091.sst
2026-05-01 07:30:48:071 - Compaction completed: 
3012265:COMPACT_START sstable=1 input_files: "sstable2/4bd26312-75ba-4c3b-9aad-6608ea48d929202605010130081777620623424180382.sst" input_files: "sstable2/49e14288-ac4e-44cd-a51f-033e9320e4da202605010130081777620623437557789.sst" compactIntoNextLevel: false destinationLevel: 2
2026-05-01 07:30:48:164 - Compaction started: 
139926142187072:Compacting sstable2/4bd26312-75ba-4c3b-9aad-6608ea48d929202605010130081777620623424180382.sst sstable2/49e14288-ac4e-44cd-a51f-033e9320e4da202605010130081777620623437557789.sst into:sstable2/0_fc380011-e08b-4c93-bfdc-0a19873ebbbe202605010130081777620648210917165.sst
2026-05-01 07:30:48:283 - Compaction completed: 
3012265:COMPACT_START sstable=1 input_files: "sstable2/49e14288-ac4e-44cd-a51f-033e9320e4da202605010130081777620623640424333.sst" input_files: "sstable2/7babbd60-3e4d-4e96-827f-e6bb03534eab202605010130081777620623662326781.sst" compactIntoNextLevel: false destinationLevel: 2
2026-05-01 07:30:48:388 - Compaction started: 
139926142187072:Compacting sstable2/49e14288-ac4e-44cd-a51f-033e9320e4da202605010130081777620623640424333.sst sstable2/7babbd60-3e4d-4e96-827f-e6bb03534eab202605010130081777620623662326781.sst into:sstable2/0_fc380011-e08b-4c93-bfdc-0a19873ebbbe202605010130081777620648433474441.sst
2026-05-01 07:30:48:509 - Compaction completed: 
3012265:COMPACT_START sstable=1 input_files: "sstable2/4bd26312-75ba-4c3b-9aad-6608ea48d929202605010130081777620626899105967.sst" input_files: "sstable2/49e14288-ac4e-44cd-a51f-033e9320e4da202605010130081777620630142856127.sst" compactIntoNextLevel: false destinationLevel: 2
2026-05-01 07:30:48:614 - Compaction started: 
139926142187072:Compacting sstable2/4bd26312-75ba-4c3b-9aad-6608ea48d929202605010130081777620626899105967.sst sstable2/49e14288-ac4e-44cd-a51f-033e9320e4da202605010130081777620630142856127.sst into:sstable2/0_fc380011-e08b-4c93-bfdc-0a19873ebbbe202605010130081777620648659454221.sst
2026-05-01 07:30:48:736 - Compaction completed: 
3012265:COMPACT_START sstable=1 input_files: "sstable2/7babbd60-3e4d-4e96-827f-e6bb03534eab202605010130081777620627141184006.sst" input_files: "sstable2/49e14288-ac4e-44cd-a51f-033e9320e4da202605010130081777620627204587402.sst" compactIntoNextLevel: false destinationLevel: 2
2026-05-01 07:30:48:843 - Compaction started: 
139926142187072:Compacting sstable2/7babbd60-3e4d-4e96-827f-e6bb03534eab202605010130081777620627141184006.sst sstable2/49e14288-ac4e-44cd-a51f-033e9320e4da202605010130081777620627204587402.sst into:sstable2/0_fc380011-e08b-4c93-bfdc-0a19873ebbbe202605010130081777620648884546919.sst
2026-05-01 07:30:48:950 - Compaction completed: 
3012265:COMPACT_START sstable=1 input_files: "sstable2/fc380011-e08b-4c93-bfdc-0a19873ebbbe202605010130081777620624364778697.sst" input_files: "sstable2/7babbd60-3e4d-4e96-827f-e6bb03534eab202605010130081777620624375715179.sst" compactIntoNextLevel: false destinationLevel: 2
2026-05-01 07:30:49:074 - Compaction started: 
139926142187072:Compacting sstable2/fc380011-e08b-4c93-bfdc-0a19873ebbbe202605010130081777620624364778697.sst sstable2/7babbd60-3e4d-4e96-827f-e6bb03534eab202605010130081777620624375715179.sst into:sstable2/0_fc380011-e08b-4c93-bfdc-0a19873ebbbe202605010130081777620649119164182.sst
2026-05-01 07:30:49:194 - Compaction completed: 
3012265:COMPACT_START sstable=1 input_files: "sstable2/49e14288-ac4e-44cd-a51f-033e9320e4da202605010130081777620624556117772.sst" input_files: "sstable2/fc380011-e08b-4c93-bfdc-0a19873ebbbe202605010130081777620624568927475.sst" compactIntoNextLevel: false destinationLevel: 2
3012265:COMPACT_ABORT input_files: "sstable2/49e14288-ac4e-44cd-a51f-033e9320e4da202605010130081777620624556117772.sst" input_files: "sstable2/fc380011-e08b-4c93-bfdc-0a19873ebbbe202605010130081777620624568927475.sst" compactIntoNextLevel: false destinationLevel: 2
3012265:COMPACT_START sstable=1 input_files: "sstable2/4bd26312-75ba-4c3b-9aad-6608ea48d929202605010130081777620624749530674.sst" input_files: "sstable2/fc380011-e08b-4c93-bfdc-0a19873ebbbe202605010130081777620627839314290.sst" compactIntoNextLevel: false destinationLevel: 2
2026-05-01 07:30:49:444 - Compaction started: 
139926142187072:Compacting sstable2/4bd26312-75ba-4c3b-9aad-6608ea48d929202605010130081777620624749530674.sst sstable2/fc380011-e08b-4c93-bfdc-0a19873ebbbe202605010130081777620627839314290.sst into:sstable2/0_fc380011-e08b-4c93-bfdc-0a19873ebbbe202605010130081777620649488225765.sst
2026-05-01 07:30:49:562 - Compaction completed: 
3012265:COMPACT_START sstable=1 input_files: "sstable2/7babbd60-3e4d-4e96-827f-e6bb03534eab202605010130081777620631184334232.sst" input_files: "sstable2/4bd26312-75ba-4c3b-9aad-6608ea48d929202605010130081777620625053475419.sst" compactIntoNextLevel: false destinationLevel: 2
2026-05-01 07:30:49:684 - Compaction started: 
139926142187072:Compacting sstable2/7babbd60-3e4d-4e96-827f-e6bb03534eab202605010130081777620631184334232.sst sstable2/4bd26312-75ba-4c3b-9aad-6608ea48d929202605010130081777620625053475419.sst into:sstable2/0_fc380011-e08b-4c93-bfdc-0a19873ebbbe202605010130081777620649724301462.sst
2026-05-01 07:30:49:793 - Compaction completed: 
3012265:COMPACT_START sstable=1 input_files: "sstable2/4bd26312-75ba-4c3b-9aad-6608ea48d929202605010130081777620625359588698.sst" input_files: "sstable2/7babbd60-3e4d-4e96-827f-e6bb03534eab202605010130081777620631492086194.sst" compactIntoNextLevel: false destinationLevel: 2
2026-05-01 07:30:49:927 - Compaction started: 
139926142187072:Compacting sstable2/4bd26312-75ba-4c3b-9aad-6608ea48d929202605010130081777620625359588698.sst sstable2/7babbd60-3e4d-4e96-827f-e6bb03534eab202605010130081777620631492086194.sst into:sstable2/0_fc380011-e08b-4c93-bfdc-0a19873ebbbe202605010130081777620649967288625.sst
2026-05-01 07:30:50:033 - Compaction completed: 
3012265:COMPACT_START sstable=1 input_files: "sstable2/4bd26312-75ba-4c3b-9aad-6608ea48d929202605010130081777620625767884439.sst" input_files: "sstable2/7babbd60-3e4d-4e96-827f-e6bb03534eab202605010130081777620625805772434.sst" compactIntoNextLevel: false destinationLevel: 2
3012265:COMPACT_ABORT input_files: "sstable2/4bd26312-75ba-4c3b-9aad-6608ea48d929202605010130081777620625767884439.sst" input_files: "sstable2/7babbd60-3e4d-4e96-827f-e6bb03534eab202605010130081777620625805772434.sst" compactIntoNextLevel: false destinationLevel: 2
3012265:COMPACT_START sstable=1 input_files: "sstable2/4bd26312-75ba-4c3b-9aad-6608ea48d929202605010130081777620625872173119.sst" input_files: "sstable2/49e14288-ac4e-44cd-a51f-033e9320e4da202605010130081777620625876274958.sst" compactIntoNextLevel: false destinationLevel: 2
2026-05-01 07:30:50:219 - Compaction started: 
139926142187072:Compacting sstable2/4bd26312-75ba-4c3b-9aad-6608ea48d929202605010130081777620625872173119.sst sstable2/49e14288-ac4e-44cd-a51f-033e9320e4da202605010130081777620625876274958.sst into:sstable2/0_fc380011-e08b-4c93-bfdc-0a19873ebbbe202605010130081777620650259889495.sst
2026-05-01 07:30:50:328 - Compaction completed: 
3012265:COMPACT_START sstable=1 input_files: "sstable2/49e14288-ac4e-44cd-a51f-033e9320e4da202605010130081777620626181914169.sst" input_files: "sstable2/fc380011-e08b-4c93-bfdc-0a19873ebbbe202605010130081777620626194831484.sst" compactIntoNextLevel: false destinationLevel: 2
2026-05-01 07:30:50:470 - Compaction started: 
139926142187072:Compacting sstable2/49e14288-ac4e-44cd-a51f-033e9320e4da202605010130081777620626181914169.sst sstable2/fc380011-e08b-4c93-bfdc-0a19873ebbbe202605010130081777620626194831484.sst into:sstable2/0_fc380011-e08b-4c93-bfdc-0a19873ebbbe202605010130081777620650511049309.sst
2026-05-01 07:30:50:578 - Compaction completed: 
3012265:Task input_files: "sstable2/49e14288-ac4e-44cd-a51f-033e9320e4da202605010130081777620622721375234.sst" input_files: "sstable2/49e14288-ac4e-44cd-a51f-033e9320e4da202605010130081777620628833532000.sst" compactIntoNextLevel: false destinationLevel: 2 is dead (hb=30)
3012265:Task input_files: "sstable2/7babbd60-3e4d-4e96-827f-e6bb03534eab202605010130081777620622744377384.sst" input_files: "sstable2/49e14288-ac4e-44cd-a51f-033e9320e4da202605010130081777620628935150945.sst" compactIntoNextLevel: false destinationLevel: 2 is dead (hb=30)
3012265:Task input_files: "sstable2/fc380011-e08b-4c93-bfdc-0a19873ebbbe202605010130081777620622420947262.sst" input_files: "sstable2/4bd26312-75ba-4c3b-9aad-6608ea48d929202605010130081777620622510001944.sst" compactIntoNextLevel: false destinationLevel: 2 is dead (hb=30)
3012265:Found dead task input_files: "sstable2/fc380011-e08b-4c93-bfdc-0a19873ebbbe202605010130081777620622420947262.sst" input_files: "sstable2/4bd26312-75ba-4c3b-9aad-6608ea48d929202605010130081777620622510001944.sst" compactIntoNextLevel: false destinationLevel: 2
3012265:COMPACT_START sstable=1 input_files: "sstable2/fc380011-e08b-4c93-bfdc-0a19873ebbbe202605010130081777620622420947262.sst" input_files: "sstable2/4bd26312-75ba-4c3b-9aad-6608ea48d929202605010130081777620622510001944.sst" compactIntoNextLevel: false destinationLevel: 2
3012265:COMPACT_ABORT input_files: "sstable2/fc380011-e08b-4c93-bfdc-0a19873ebbbe202605010130081777620622420947262.sst" input_files: "sstable2/4bd26312-75ba-4c3b-9aad-6608ea48d929202605010130081777620622510001944.sst" compactIntoNextLevel: false destinationLevel: 2
3012265:Found dead task input_files: "sstable2/7babbd60-3e4d-4e96-827f-e6bb03534eab202605010130081777620622744377384.sst" input_files: "sstable2/49e14288-ac4e-44cd-a51f-033e9320e4da202605010130081777620628935150945.sst" compactIntoNextLevel: false destinationLevel: 2
3012265:COMPACT_START sstable=1 input_files: "sstable2/7babbd60-3e4d-4e96-827f-e6bb03534eab202605010130081777620622744377384.sst" input_files: "sstable2/49e14288-ac4e-44cd-a51f-033e9320e4da202605010130081777620628935150945.sst" compactIntoNextLevel: false destinationLevel: 2
2026-05-01 07:30:50:673 - Compaction started: 
139926142187072:Compacting sstable2/7babbd60-3e4d-4e96-827f-e6bb03534eab202605010130081777620622744377384.sst sstable2/49e14288-ac4e-44cd-a51f-033e9320e4da202605010130081777620628935150945.sst into:sstable2/fc380011-e08b-4c93-bfdc-0a19873ebbbe202605010130081777620650724654352.sst
2026-05-01 07:30:50:809 - Compaction completed: 
3012265:Task input_files: "sstable2/7babbd60-3e4d-4e96-827f-e6bb03534eab202605010130081777620626014736528.sst" input_files: "sstable2/fc380011-e08b-4c93-bfdc-0a19873ebbbe202605010130081777620622935838577.sst" compactIntoNextLevel: false destinationLevel: 2 is dead (hb=30)
3012265:COMPACT_START sstable=1 input_files: "sstable2/49e14288-ac4e-44cd-a51f-033e9320e4da202605010130081777620626587274207.sst" input_files: "sstable2/fc380011-e08b-4c93-bfdc-0a19873ebbbe202605010130081777620626599990845.sst" compactIntoNextLevel: false destinationLevel: 2
2026-05-01 07:30:50:927 - Compaction started: 
139926142187072:Compacting sstable2/49e14288-ac4e-44cd-a51f-033e9320e4da202605010130081777620626587274207.sst sstable2/fc380011-e08b-4c93-bfdc-0a19873ebbbe202605010130081777620626599990845.sst into:sstable2/0_fc380011-e08b-4c93-bfdc-0a19873ebbbe202605010130081777620650964474899.sst
2026-05-01 07:30:51:023 - Compaction completed: 
3012265:Task input_files: "sstable2/49e14288-ac4e-44cd-a51f-033e9320e4da202605010130081777620623538606525.sst" input_files: "sstable2/fc380011-e08b-4c93-bfdc-0a19873ebbbe202605010130081777620623550114568.sst" compactIntoNextLevel: false destinationLevel: 2 is dead (hb=30)
3012265:Found dead task input_files: "sstable2/49e14288-ac4e-44cd-a51f-033e9320e4da202605010130081777620623538606525.sst" input_files: "sstable2/fc380011-e08b-4c93-bfdc-0a19873ebbbe202605010130081777620623550114568.sst" compactIntoNextLevel: false destinationLevel: 2
3012265:COMPACT_START sstable=1 input_files: "sstable2/49e14288-ac4e-44cd-a51f-033e9320e4da202605010130081777620623538606525.sst" input_files: "sstable2/fc380011-e08b-4c93-bfdc-0a19873ebbbe202605010130081777620623550114568.sst" compactIntoNextLevel: false destinationLevel: 2
3012265:COMPACT_ABORT input_files: "sstable2/49e14288-ac4e-44cd-a51f-033e9320e4da202605010130081777620623538606525.sst" input_files: "sstable2/fc380011-e08b-4c93-bfdc-0a19873ebbbe202605010130081777620623550114568.sst" compactIntoNextLevel: false destinationLevel: 2
3012265:Task input_files: "sstable2/49e14288-ac4e-44cd-a51f-033e9320e4da202605010130081777620624556117772.sst" input_files: "sstable2/fc380011-e08b-4c93-bfdc-0a19873ebbbe202605010130081777620624568927475.sst" compactIntoNextLevel: false destinationLevel: 2 is dead (hb=30)
3012265:Found dead task input_files: "sstable2/49e14288-ac4e-44cd-a51f-033e9320e4da202605010130081777620624556117772.sst" input_files: "sstable2/fc380011-e08b-4c93-bfdc-0a19873ebbbe202605010130081777620624568927475.sst" compactIntoNextLevel: false destinationLevel: 2
3012265:COMPACT_START sstable=1 input_files: "sstable2/49e14288-ac4e-44cd-a51f-033e9320e4da202605010130081777620624556117772.sst" input_files: "sstable2/fc380011-e08b-4c93-bfdc-0a19873ebbbe202605010130081777620624568927475.sst" compactIntoNextLevel: false destinationLevel: 2
2026-05-01 07:30:52:411 - Compaction started: 
139926142187072:Compacting sstable2/49e14288-ac4e-44cd-a51f-033e9320e4da202605010130081777620624556117772.sst sstable2/fc380011-e08b-4c93-bfdc-0a19873ebbbe202605010130081777620624568927475.sst into:sstable2/fc380011-e08b-4c93-bfdc-0a19873ebbbe202605010130081777620652457882028.sst
2026-05-01 07:30:52:528 - Compaction completed: 
3012265:Task input_files: "sstable2/4bd26312-75ba-4c3b-9aad-6608ea48d929202605010130081777620625767884439.sst" input_files: "sstable2/7babbd60-3e4d-4e96-827f-e6bb03534eab202605010130081777620625805772434.sst" compactIntoNextLevel: false destinationLevel: 2 is dead (hb=30)
3012265:Found dead task input_files: "sstable2/4bd26312-75ba-4c3b-9aad-6608ea48d929202605010130081777620625767884439.sst" input_files: "sstable2/7babbd60-3e4d-4e96-827f-e6bb03534eab202605010130081777620625805772434.sst" compactIntoNextLevel: false destinationLevel: 2
3012265:COMPACT_START sstable=1 input_files: "sstable2/4bd26312-75ba-4c3b-9aad-6608ea48d929202605010130081777620625767884439.sst" input_files: "sstable2/7babbd60-3e4d-4e96-827f-e6bb03534eab202605010130081777620625805772434.sst" compactIntoNextLevel: false destinationLevel: 2
3012265:COMPACT_ABORT input_files: "sstable2/4bd26312-75ba-4c3b-9aad-6608ea48d929202605010130081777620625767884439.sst" input_files: "sstable2/7babbd60-3e4d-4e96-827f-e6bb03534eab202605010130081777620625805772434.sst" compactIntoNextLevel: false destinationLevel: 2
3012265:Task input_files: "sstable2/fc380011-e08b-4c93-bfdc-0a19873ebbbe202605010130081777620622420947262.sst" input_files: "sstable2/4bd26312-75ba-4c3b-9aad-6608ea48d929202605010130081777620622510001944.sst" compactIntoNextLevel: false destinationLevel: 2 is dead (hb=30)
3012265:Found dead task input_files: "sstable2/fc380011-e08b-4c93-bfdc-0a19873ebbbe202605010130081777620622420947262.sst" input_files: "sstable2/4bd26312-75ba-4c3b-9aad-6608ea48d929202605010130081777620622510001944.sst" compactIntoNextLevel: false destinationLevel: 2
3012265:COMPACT_START sstable=1 input_files: "sstable2/fc380011-e08b-4c93-bfdc-0a19873ebbbe202605010130081777620622420947262.sst" input_files: "sstable2/4bd26312-75ba-4c3b-9aad-6608ea48d929202605010130081777620622510001944.sst" compactIntoNextLevel: false destinationLevel: 2
3012265:COMPACT_ABORT input_files: "sstable2/fc380011-e08b-4c93-bfdc-0a19873ebbbe202605010130081777620622420947262.sst" input_files: "sstable2/4bd26312-75ba-4c3b-9aad-6608ea48d929202605010130081777620622510001944.sst" compactIntoNextLevel: false destinationLevel: 2
3012265:Task input_files: "sstable2/49e14288-ac4e-44cd-a51f-033e9320e4da202605010130081777620623538606525.sst" input_files: "sstable2/fc380011-e08b-4c93-bfdc-0a19873ebbbe202605010130081777620623550114568.sst" compactIntoNextLevel: false destinationLevel: 2 is dead (hb=30)
3012265:Found dead task input_files: "sstable2/49e14288-ac4e-44cd-a51f-033e9320e4da202605010130081777620623538606525.sst" input_files: "sstable2/fc380011-e08b-4c93-bfdc-0a19873ebbbe202605010130081777620623550114568.sst" compactIntoNextLevel: false destinationLevel: 2
3012265:COMPACT_START sstable=1 input_files: "sstable2/49e14288-ac4e-44cd-a51f-033e9320e4da202605010130081777620623538606525.sst" input_files: "sstable2/fc380011-e08b-4c93-bfdc-0a19873ebbbe202605010130081777620623550114568.sst" compactIntoNextLevel: false destinationLevel: 2
3012265:COMPACT_ABORT input_files: "sstable2/49e14288-ac4e-44cd-a51f-033e9320e4da202605010130081777620623538606525.sst" input_files: "sstable2/fc380011-e08b-4c93-bfdc-0a19873ebbbe202605010130081777620623550114568.sst" compactIntoNextLevel: false destinationLevel: 2
3012265:COMPACT_START sstable=1 input_files: "sstable2/4bd26312-75ba-4c3b-9aad-6608ea48d929202605010130081777620626690935811.sst" input_files: "sstable2/fc380011-e08b-4c93-bfdc-0a19873ebbbe202605010130081777620626701724004.sst" compactIntoNextLevel: false destinationLevel: 2
3012265:COMPACT_ABORT input_files: "sstable2/4bd26312-75ba-4c3b-9aad-6608ea48d929202605010130081777620626690935811.sst" input_files: "sstable2/fc380011-e08b-4c93-bfdc-0a19873ebbbe202605010130081777620626701724004.sst" compactIntoNextLevel: false destinationLevel: 2
3012265:COMPACT_START sstable=1 input_files: "sstable2/fc380011-e08b-4c93-bfdc-0a19873ebbbe202605010130081777620626804250841.sst" input_files: "sstable2/7babbd60-3e4d-4e96-827f-e6bb03534eab202605010130081777620629966940727.sst" compactIntoNextLevel: false destinationLevel: 2
2026-05-01 07:30:54:782 - Compaction started: 
139926142187072:Compacting sstable2/fc380011-e08b-4c93-bfdc-0a19873ebbbe202605010130081777620626804250841.sst sstable2/7babbd60-3e4d-4e96-827f-e6bb03534eab202605010130081777620629966940727.sst into:sstable2/0_fc380011-e08b-4c93-bfdc-0a19873ebbbe202605010130081777620654822643797.sst
2026-05-01 07:30:54:882 - Compaction completed: 
3012265:COMPACT_START sstable=1 input_files: "sstable2/fc380011-e08b-4c93-bfdc-0a19873ebbbe202605010130081777620627109474964.sst" input_files: "sstable2/4bd26312-75ba-4c3b-9aad-6608ea48d929202605010130081777620627220773604.sst" compactIntoNextLevel: false destinationLevel: 2
3012265:COMPACT_ABORT input_files: "sstable2/fc380011-e08b-4c93-bfdc-0a19873ebbbe202605010130081777620627109474964.sst" input_files: "sstable2/4bd26312-75ba-4c3b-9aad-6608ea48d929202605010130081777620627220773604.sst" compactIntoNextLevel: false destinationLevel: 2
3012265:COMPACT_START sstable=1 input_files: "sstable2/4bd26312-75ba-4c3b-9aad-6608ea48d929202605010130081777620631562209026.sst" input_files: "sstable2/7babbd60-3e4d-4e96-827f-e6bb03534eab202605010130081777620631592611218.sst" compactIntoNextLevel: false destinationLevel: 2
3012265:COMPACT_ABORT input_files: "sstable2/4bd26312-75ba-4c3b-9aad-6608ea48d929202605010130081777620631562209026.sst" input_files: "sstable2/7babbd60-3e4d-4e96-827f-e6bb03534eab202605010130081777620631592611218.sst" compactIntoNextLevel: false destinationLevel: 2
3012265:COMPACT_START sstable=1 input_files: "sstable2/fc380011-e08b-4c93-bfdc-0a19873ebbbe202605010130081777620631606477341.sst" input_files: "sstable2/4bd26312-75ba-4c3b-9aad-6608ea48d929202605010130081777620631661812222.sst" compactIntoNextLevel: false destinationLevel: 2
2026-05-01 07:30:55:158 - Compaction started: 
139926142187072:Compacting sstable2/fc380011-e08b-4c93-bfdc-0a19873ebbbe202605010130081777620631606477341.sst sstable2/4bd26312-75ba-4c3b-9aad-6608ea48d929202605010130081777620631661812222.sst into:sstable2/0_fc380011-e08b-4c93-bfdc-0a19873ebbbe202605010130081777620655196864450.sst
2026-05-01 07:30:55:257 - Compaction completed: 
3012265:COMPACT_START sstable=1 input_files: "sstable2/fc380011-e08b-4c93-bfdc-0a19873ebbbe202605010130081777620631708479104.sst" input_files: "sstable2/4bd26312-75ba-4c3b-9aad-6608ea48d929202605010130081777620631762942841.sst" compactIntoNextLevel: false destinationLevel: 2
2026-05-01 07:30:55:321 - Compaction started: 
139926142187072:Compacting sstable2/fc380011-e08b-4c93-bfdc-0a19873ebbbe202605010130081777620631708479104.sst sstable2/4bd26312-75ba-4c3b-9aad-6608ea48d929202605010130081777620631762942841.sst into:sstable2/0_fc380011-e08b-4c93-bfdc-0a19873ebbbe202605010130081777620655355971081.sst
2026-05-01 07:30:55:409 - Compaction completed: 
3012265:COMPACT_START sstable=1 input_files: "sstable2/49e14288-ac4e-44cd-a51f-033e9320e4da202605010130081777620634842635620.sst" input_files: "sstable2/7babbd60-3e4d-4e96-827f-e6bb03534eab202605010130081777620631795713664.sst" compactIntoNextLevel: false destinationLevel: 2
2026-05-01 07:30:55:753 - Compaction started: 
139926142187072:Compacting sstable2/49e14288-ac4e-44cd-a51f-033e9320e4da202605010130081777620634842635620.sst sstable2/7babbd60-3e4d-4e96-827f-e6bb03534eab202605010130081777620631795713664.sst into:sstable2/0_fc380011-e08b-4c93-bfdc-0a19873ebbbe202605010130081777620655788102394.sst
2026-05-01 07:30:55:845 - Compaction completed: 
3012265:COMPACT_START sstable=1 input_files: "sstable2/fc380011-e08b-4c93-bfdc-0a19873ebbbe202605010130081777620631810321928.sst" input_files: "sstable2/4bd26312-75ba-4c3b-9aad-6608ea48d929202605010130081777620634935669050.sst" compactIntoNextLevel: false destinationLevel: 2
2026-05-01 07:30:55:927 - Compaction started: 
139926142187072:Compacting sstable2/fc380011-e08b-4c93-bfdc-0a19873ebbbe202605010130081777620631810321928.sst sstable2/4bd26312-75ba-4c3b-9aad-6608ea48d929202605010130081777620634935669050.sst into:sstable2/0_fc380011-e08b-4c93-bfdc-0a19873ebbbe202605010130081777620655962858091.sst
2026-05-01 07:30:56:021 - Compaction completed: 
3012265:COMPACT_START sstable=1 input_files: "sstable2/4bd26312-75ba-4c3b-9aad-6608ea48d929202605010130081777620635034624853.sst" input_files: "sstable2/49e14288-ac4e-44cd-a51f-033e9320e4da202605010130081777620634945356150.sst" compactIntoNextLevel: false destinationLevel: 2
2026-05-01 07:30:56:106 - Compaction started: 
139926142187072:Compacting sstable2/4bd26312-75ba-4c3b-9aad-6608ea48d929202605010130081777620635034624853.sst sstable2/49e14288-ac4e-44cd-a51f-033e9320e4da202605010130081777620634945356150.sst into:sstable2/0_fc380011-e08b-4c93-bfdc-0a19873ebbbe202605010130081777620656142191689.sst
2026-05-01 07:30:56:200 - Compaction completed: 
3012265:Task input_files: "sstable2/4bd26312-75ba-4c3b-9aad-6608ea48d929202605010130081777620625767884439.sst" input_files: "sstable2/7babbd60-3e4d-4e96-827f-e6bb03534eab202605010130081777620625805772434.sst" compactIntoNextLevel: false destinationLevel: 2 is dead (hb=30)
3012265:Found dead task input_files: "sstable2/4bd26312-75ba-4c3b-9aad-6608ea48d929202605010130081777620625767884439.sst" input_files: "sstable2/7babbd60-3e4d-4e96-827f-e6bb03534eab202605010130081777620625805772434.sst" compactIntoNextLevel: false destinationLevel: 2
3012265:COMPACT_START sstable=1 input_files: "sstable2/4bd26312-75ba-4c3b-9aad-6608ea48d929202605010130081777620625767884439.sst" input_files: "sstable2/7babbd60-3e4d-4e96-827f-e6bb03534eab202605010130081777620625805772434.sst" compactIntoNextLevel: false destinationLevel: 2
3012265:COMPACT_ABORT input_files: "sstable2/4bd26312-75ba-4c3b-9aad-6608ea48d929202605010130081777620625767884439.sst" input_files: "sstable2/7babbd60-3e4d-4e96-827f-e6bb03534eab202605010130081777620625805772434.sst" compactIntoNextLevel: false destinationLevel: 2
3012265:COMPACT_START sstable=1 input_files: "sstable2/4bd26312-75ba-4c3b-9aad-6608ea48d929202605010130081777620632068623941.sst" input_files: "sstable2/49e14288-ac4e-44cd-a51f-033e9320e4da202605010130081777620632070140344.sst" compactIntoNextLevel: false destinationLevel: 2
2026-05-01 07:30:56:387 - Compaction started: 
139926142187072:Compacting sstable2/4bd26312-75ba-4c3b-9aad-6608ea48d929202605010130081777620632068623941.sst sstable2/49e14288-ac4e-44cd-a51f-033e9320e4da202605010130081777620632070140344.sst into:sstable2/0_fc380011-e08b-4c93-bfdc-0a19873ebbbe202605010130081777620656424036575.sst
2026-05-01 07:30:56:486 - Compaction completed: 
3012265:Task input_files: "sstable2/fc380011-e08b-4c93-bfdc-0a19873ebbbe202605010130081777620622420947262.sst" input_files: "sstable2/4bd26312-75ba-4c3b-9aad-6608ea48d929202605010130081777620622510001944.sst" compactIntoNextLevel: false destinationLevel: 2 is dead (hb=30)
3012265:Found dead task input_files: "sstable2/fc380011-e08b-4c93-bfdc-0a19873ebbbe202605010130081777620622420947262.sst" input_files: "sstable2/4bd26312-75ba-4c3b-9aad-6608ea48d929202605010130081777620622510001944.sst" compactIntoNextLevel: false destinationLevel: 2
3012265:COMPACT_START sstable=1 input_files: "sstable2/fc380011-e08b-4c93-bfdc-0a19873ebbbe202605010130081777620622420947262.sst" input_files: "sstable2/4bd26312-75ba-4c3b-9aad-6608ea48d929202605010130081777620622510001944.sst" compactIntoNextLevel: false destinationLevel: 2
2026-05-01 07:30:56:699 - Compaction started: 
139926142187072:Compacting sstable2/fc380011-e08b-4c93-bfdc-0a19873ebbbe202605010130081777620622420947262.sst sstable2/4bd26312-75ba-4c3b-9aad-6608ea48d929202605010130081777620622510001944.sst into:sstable2/fc380011-e08b-4c93-bfdc-0a19873ebbbe202605010130081777620656746547373.sst
2026-05-01 07:30:56:824 - Compaction completed: 
3012265:COMPACT_START sstable=1 input_files: "sstable2/fc380011-e08b-4c93-bfdc-0a19873ebbbe202605010130081777620635308703171.sst" input_files: "sstable2/49e14288-ac4e-44cd-a51f-033e9320e4da202605010130081777620635330620277.sst" compactIntoNextLevel: false destinationLevel: 2
3012265:COMPACT_ABORT input_files: "sstable2/fc380011-e08b-4c93-bfdc-0a19873ebbbe202605010130081777620635308703171.sst" input_files: "sstable2/49e14288-ac4e-44cd-a51f-033e9320e4da202605010130081777620635330620277.sst" compactIntoNextLevel: false destinationLevel: 2
3012265:Task input_files: "sstable2/4bd26312-75ba-4c3b-9aad-6608ea48d929202605010130081777620626690935811.sst" input_files: "sstable2/fc380011-e08b-4c93-bfdc-0a19873ebbbe202605010130081777620626701724004.sst" compactIntoNextLevel: false destinationLevel: 2 is dead (hb=30)
3012265:COMPACT_START sstable=1 input_files: "sstable2/fc380011-e08b-4c93-bfdc-0a19873ebbbe202605010130081777620638416358819.sst" input_files: "sstable2/7babbd60-3e4d-4e96-827f-e6bb03534eab202605010130081777620632309866965.sst" compactIntoNextLevel: false destinationLevel: 2
2026-05-01 07:30:57:678 - Compaction started: 
139926142187072:Compacting sstable2/fc380011-e08b-4c93-bfdc-0a19873ebbbe202605010130081777620638416358819.sst sstable2/7babbd60-3e4d-4e96-827f-e6bb03534eab202605010130081777620632309866965.sst into:sstable2/0_fc380011-e08b-4c93-bfdc-0a19873ebbbe202605010130081777620657715537129.sst
2026-05-01 07:30:57:770 - Compaction completed: 
3012265:Found dead task input_files: "sstable2/4bd26312-75ba-4c3b-9aad-6608ea48d929202605010130081777620626690935811.sst" input_files: "sstable2/fc380011-e08b-4c93-bfdc-0a19873ebbbe202605010130081777620626701724004.sst" compactIntoNextLevel: false destinationLevel: 2
3012265:COMPACT_START sstable=1 input_files: "sstable2/4bd26312-75ba-4c3b-9aad-6608ea48d929202605010130081777620626690935811.sst" input_files: "sstable2/fc380011-e08b-4c93-bfdc-0a19873ebbbe202605010130081777620626701724004.sst" compactIntoNextLevel: false destinationLevel: 2
2026-05-01 07:30:57:781 - Compaction started: 
139926142187072:Compacting sstable2/4bd26312-75ba-4c3b-9aad-6608ea48d929202605010130081777620626690935811.sst sstable2/fc380011-e08b-4c93-bfdc-0a19873ebbbe202605010130081777620626701724004.sst into:sstable2/fc380011-e08b-4c93-bfdc-0a19873ebbbe202605010130081777620657819413636.sst
2026-05-01 07:30:57:879 - Compaction completed: 
3012265:Task input_files: "sstable2/4bd26312-75ba-4c3b-9aad-6608ea48d929202605010130081777620631562209026.sst" input_files: "sstable2/7babbd60-3e4d-4e96-827f-e6bb03534eab202605010130081777620631592611218.sst" compactIntoNextLevel: false destinationLevel: 2 is dead (hb=30)
3012265:Found dead task input_files: "sstable2/4bd26312-75ba-4c3b-9aad-6608ea48d929202605010130081777620631562209026.sst" input_files: "sstable2/7babbd60-3e4d-4e96-827f-e6bb03534eab202605010130081777620631592611218.sst" compactIntoNextLevel: false destinationLevel: 2
3012265:COMPACT_START sstable=1 input_files: "sstable2/4bd26312-75ba-4c3b-9aad-6608ea48d929202605010130081777620631562209026.sst" input_files: "sstable2/7babbd60-3e4d-4e96-827f-e6bb03534eab202605010130081777620631592611218.sst" compactIntoNextLevel: false destinationLevel: 2
2026-05-01 07:30:58:125 - Compaction started: 
139926142187072:Compacting sstable2/4bd26312-75ba-4c3b-9aad-6608ea48d929202605010130081777620631562209026.sst sstable2/7babbd60-3e4d-4e96-827f-e6bb03534eab202605010130081777620631592611218.sst into:sstable2/fc380011-e08b-4c93-bfdc-0a19873ebbbe202605010130081777620658167923041.sst
2026-05-01 07:30:58:228 - Compaction completed: 
3012265:Task input_files: "sstable2/4bd26312-75ba-4c3b-9aad-6608ea48d929202605010130081777620637720150958.sst" input_files: "sstable2/49e14288-ac4e-44cd-a51f-033e9320e4da202605010130081777620637885692953.sst" compactIntoNextLevel: false destinationLevel: 2 is dead (hb=31)
3012265:Found dead task input_files: "sstable2/4bd26312-75ba-4c3b-9aad-6608ea48d929202605010130081777620637720150958.sst" input_files: "sstable2/49e14288-ac4e-44cd-a51f-033e9320e4da202605010130081777620637885692953.sst" compactIntoNextLevel: false destinationLevel: 2
3012265:COMPACT_START sstable=1 input_files: "sstable2/4bd26312-75ba-4c3b-9aad-6608ea48d929202605010130081777620637720150958.sst" input_files: "sstable2/49e14288-ac4e-44cd-a51f-033e9320e4da202605010130081777620637885692953.sst" compactIntoNextLevel: false destinationLevel: 2
2026-05-01 07:30:58:379 - Compaction started: 
139926142187072:Compacting sstable2/4bd26312-75ba-4c3b-9aad-6608ea48d929202605010130081777620637720150958.sst sstable2/49e14288-ac4e-44cd-a51f-033e9320e4da202605010130081777620637885692953.sst into:sstable2/fc380011-e08b-4c93-bfdc-0a19873ebbbe202605010130081777620658415814217.sst
2026-05-01 07:30:58:473 - Compaction completed: 
3012265:Task input_files: "sstable2/fc380011-e08b-4c93-bfdc-0a19873ebbbe202605010130081777620635308703171.sst" input_files: "sstable2/49e14288-ac4e-44cd-a51f-033e9320e4da202605010130081777620635330620277.sst" compactIntoNextLevel: false destinationLevel: 2 is dead (hb=30)
3012265:Found dead task input_files: "sstable2/fc380011-e08b-4c93-bfdc-0a19873ebbbe202605010130081777620635308703171.sst" input_files: "sstable2/49e14288-ac4e-44cd-a51f-033e9320e4da202605010130081777620635330620277.sst" compactIntoNextLevel: false destinationLevel: 2
3012265:COMPACT_START sstable=1 input_files: "sstable2/fc380011-e08b-4c93-bfdc-0a19873ebbbe202605010130081777620635308703171.sst" input_files: "sstable2/49e14288-ac4e-44cd-a51f-033e9320e4da202605010130081777620635330620277.sst" compactIntoNextLevel: false destinationLevel: 2
2026-05-01 07:31:00:115 - Compaction started: 
139926142187072:Compacting sstable2/fc380011-e08b-4c93-bfdc-0a19873ebbbe202605010130081777620635308703171.sst sstable2/49e14288-ac4e-44cd-a51f-033e9320e4da202605010130081777620635330620277.sst into:sstable2/fc380011-e08b-4c93-bfdc-0a19873ebbbe202605010130081777620660149846681.sst
2026-05-01 07:31:00:204 - Compaction completed: 
3012265:Task input_files: "sstable2/2_4bd26312-75ba-4c3b-9aad-6608ea48d929202605010130081777620657205643393.sst" input_files: "sstable2/2_7babbd60-3e4d-4e96-827f-e6bb03534eab202605010130081777620657017804722.sst" compactIntoNextLevel: false destinationLevel: 2 is dead (hb=30)
3012265:Found dead task input_files: "sstable2/2_4bd26312-75ba-4c3b-9aad-6608ea48d929202605010130081777620657205643393.sst" input_files: "sstable2/2_7babbd60-3e4d-4e96-827f-e6bb03534eab202605010130081777620657017804722.sst" compactIntoNextLevel: false destinationLevel: 2
3012265:COMPACT_START sstable=1 input_files: "sstable2/2_4bd26312-75ba-4c3b-9aad-6608ea48d929202605010130081777620657205643393.sst" input_files: "sstable2/2_7babbd60-3e4d-4e96-827f-e6bb03534eab202605010130081777620657017804722.sst" compactIntoNextLevel: false destinationLevel: 2
2026-05-01 07:31:01:156 - Compaction started: 
139926142187072:Compacting sstable2/2_4bd26312-75ba-4c3b-9aad-6608ea48d929202605010130081777620657205643393.sst sstable2/2_7babbd60-3e4d-4e96-827f-e6bb03534eab202605010130081777620657017804722.sst into:sstable2/fc380011-e08b-4c93-bfdc-0a19873ebbbe202605010130081777620661887705207.sst
2026-05-01 07:31:02:820 - Compaction completed: 
3012265:COMPACT_START sstable=1 input_files: "sstable2/0_49e14288-ac4e-44cd-a51f-033e9320e4da202605010130081777620648097372895.sst" input_files: "sstable2/0_7babbd60-3e4d-4e96-827f-e6bb03534eab202605010130081777620648134272648.sst" compactIntoNextLevel: false destinationLevel: 2
2026-05-01 07:31:03:239 - Compaction started: 
139926142187072:Compacting sstable2/0_49e14288-ac4e-44cd-a51f-033e9320e4da202605010130081777620648097372895.sst sstable2/0_7babbd60-3e4d-4e96-827f-e6bb03534eab202605010130081777620648134272648.sst into:sstable2/1_fc380011-e08b-4c93-bfdc-0a19873ebbbe202605010130081777620663350967817.sst
2026-05-01 07:31:03:515 - Compaction completed: 
3012265:Task input_files: "sstable2/49e14288-ac4e-44cd-a51f-033e9320e4da202605010130081777620635652610499.sst" input_files: "sstable2/4bd26312-75ba-4c3b-9aad-6608ea48d929202605010130081777620622712364622.sst" compactIntoNextLevel: false destinationLevel: 2 is dead (hb=30)
3012265:Found dead task input_files: "sstable2/49e14288-ac4e-44cd-a51f-033e9320e4da202605010130081777620635652610499.sst" input_files: "sstable2/4bd26312-75ba-4c3b-9aad-6608ea48d929202605010130081777620622712364622.sst" compactIntoNextLevel: false destinationLevel: 2
3012265:COMPACT_START sstable=1 input_files: "sstable2/49e14288-ac4e-44cd-a51f-033e9320e4da202605010130081777620635652610499.sst" input_files: "sstable2/4bd26312-75ba-4c3b-9aad-6608ea48d929202605010130081777620622712364622.sst" compactIntoNextLevel: false destinationLevel: 2
2026-05-01 07:31:03:979 - Compaction started: 
139926142187072:Compacting sstable2/49e14288-ac4e-44cd-a51f-033e9320e4da202605010130081777620635652610499.sst sstable2/4bd26312-75ba-4c3b-9aad-6608ea48d929202605010130081777620622712364622.sst into:sstable2/fc380011-e08b-4c93-bfdc-0a19873ebbbe202605010130081777620664070233771.sst
2026-05-01 07:31:04:194 - Compaction completed: 
3012265:COMPACT_START sstable=1 input_files: "sstable2/0_fc380011-e08b-4c93-bfdc-0a19873ebbbe202605010130081777620633557771205.sst" input_files: "sstable2/0_7babbd60-3e4d-4e96-827f-e6bb03534eab202605010130081777620633556067521.sst" compactIntoNextLevel: false destinationLevel: 2
3012265:COMPACT_ABORT input_files: "sstable2/0_fc380011-e08b-4c93-bfdc-0a19873ebbbe202605010130081777620633557771205.sst" input_files: "sstable2/0_7babbd60-3e4d-4e96-827f-e6bb03534eab202605010130081777620633556067521.sst" compactIntoNextLevel: false destinationLevel: 2
3012265:COMPACT_START sstable=1 input_files: "sstable2/fc380011-e08b-4c93-bfdc-0a19873ebbbe202605010130081777620636774289788.sst" input_files: "sstable2/49e14288-ac4e-44cd-a51f-033e9320e4da202605010130081777620630142856127.sst" compactIntoNextLevel: false destinationLevel: 2
3012265:COMPACT_ABORT input_files: "sstable2/fc380011-e08b-4c93-bfdc-0a19873ebbbe202605010130081777620636774289788.sst" input_files: "sstable2/49e14288-ac4e-44cd-a51f-033e9320e4da202605010130081777620630142856127.sst" compactIntoNextLevel: false destinationLevel: 2
3012265:COMPACT_START sstable=1 input_files: "sstable2/fc380011-e08b-4c93-bfdc-0a19873ebbbe202605010130081777620632333596488.sst" input_files: "sstable2/4bd26312-75ba-4c3b-9aad-6608ea48d929202605010130081777620632375826212.sst" compactIntoNextLevel: false destinationLevel: 2
2026-05-01 07:31:07:974 - Compaction started: 
139926142187072:Compacting sstable2/fc380011-e08b-4c93-bfdc-0a19873ebbbe202605010130081777620632333596488.sst sstable2/4bd26312-75ba-4c3b-9aad-6608ea48d929202605010130081777620632375826212.sst into:sstable2/0_fc380011-e08b-4c93-bfdc-0a19873ebbbe202605010130081777620668016773256.sst
2026-05-01 07:31:08:078 - Compaction completed: 
2026-05-01 07:31:08:725 60 sec: 255337 operations; 4631.93 current ops/sec; est completion in 2 days 17 hours [READ: Count=138544, Max=821759, Min=35, Avg=214.33, 90=235, 99=278, 99.9=596, 99.99=89599] [READ-FAILED: Count=405, Max=41855, Min=154, Avg=296.34, 90=218, 99=316, 99.9=41855, 99.99=41855] 
3012265:Task input_files: "sstable2/0_fc380011-e08b-4c93-bfdc-0a19873ebbbe202605010130081777620633557771205.sst" input_files: "sstable2/0_7babbd60-3e4d-4e96-827f-e6bb03534eab202605010130081777620633556067521.sst" compactIntoNextLevel: false destinationLevel: 2 is dead (hb=30)
3012265:Found dead task input_files: "sstable2/0_fc380011-e08b-4c93-bfdc-0a19873ebbbe202605010130081777620633557771205.sst" input_files: "sstable2/0_7babbd60-3e4d-4e96-827f-e6bb03534eab202605010130081777620633556067521.sst" compactIntoNextLevel: false destinationLevel: 2
3012265:COMPACT_START sstable=1 input_files: "sstable2/0_fc380011-e08b-4c93-bfdc-0a19873ebbbe202605010130081777620633557771205.sst" input_files: "sstable2/0_7babbd60-3e4d-4e96-827f-e6bb03534eab202605010130081777620633556067521.sst" compactIntoNextLevel: false destinationLevel: 2
2026-05-01 07:31:09:682 - Compaction started: 
139926142187072:Compacting sstable2/0_fc380011-e08b-4c93-bfdc-0a19873ebbbe202605010130081777620633557771205.sst sstable2/0_7babbd60-3e4d-4e96-827f-e6bb03534eab202605010130081777620633556067521.sst into:sstable2/fc380011-e08b-4c93-bfdc-0a19873ebbbe202605010130081777620669778683949.sst
2026-05-01 07:31:09:928 - Compaction completed: 
3012265:Task input_files: "sstable2/fc380011-e08b-4c93-bfdc-0a19873ebbbe202605010130081777620636774289788.sst" input_files: "sstable2/49e14288-ac4e-44cd-a51f-033e9320e4da202605010130081777620630142856127.sst" compactIntoNextLevel: false destinationLevel: 2 is dead (hb=32)
3012265:Found dead task input_files: "sstable2/fc380011-e08b-4c93-bfdc-0a19873ebbbe202605010130081777620636774289788.sst" input_files: "sstable2/49e14288-ac4e-44cd-a51f-033e9320e4da202605010130081777620630142856127.sst" compactIntoNextLevel: false destinationLevel: 2
3012265:COMPACT_START sstable=1 input_files: "sstable2/fc380011-e08b-4c93-bfdc-0a19873ebbbe202605010130081777620636774289788.sst" input_files: "sstable2/49e14288-ac4e-44cd-a51f-033e9320e4da202605010130081777620630142856127.sst" compactIntoNextLevel: false destinationLevel: 2
2026-05-01 07:31:09:987 - Compaction started: 
139926142187072:Compacting sstable2/fc380011-e08b-4c93-bfdc-0a19873ebbbe202605010130081777620636774289788.sst sstable2/49e14288-ac4e-44cd-a51f-033e9320e4da202605010130081777620630142856127.sst into:sstable2/fc380011-e08b-4c93-bfdc-0a19873ebbbe202605010130081777620670062783722.sst
2026-05-01 07:31:10:175 - Compaction completed: 
