# CMD: /usr/lib/jvm/java-8-openjdk-amd64/bin/java -cp /users/Xinying/ozonedb/ycsb/ozonedb/conf:/users/Xinying/ozonedb/ycsb/ozonedb/target/ozonedb-binding-0.18.0-SNAPSHOT.jar:/users/Xinying/.m2/repository/org/apache/htrace/htrace-core4/4.1.0-incubating/htrace-core4-4.1.0-incubating.jar:/users/Xinying/.m2/repository/org/slf4j/slf4j-api/1.7.25/slf4j-api-1.7.25.jar:/users/Xinying/.m2/repository/org/hdrhistogram/HdrHistogram/2.1.12/HdrHistogram-2.1.12.jar:/users/Xinying/.m2/repository/ch/qos/logback/logback-classic/1.2.3/logback-classic-1.2.3.jar:/users/Xinying/.m2/repository/ozonedbjnimaven/demoproc-jni/1.0/demoproc-jni-1.0.jar:/users/Xinying/.m2/repository/ch/qos/logback/logback-core/1.2.3/logback-core-1.2.3.jar:/users/Xinying/.m2/repository/org/codehaus/jackson/jackson-mapper-asl/1.9.4/jackson-mapper-asl-1.9.4.jar:/users/Xinying/.m2/repository/org/slf4j/slf4j-simple/1.7.25/slf4j-simple-1.7.25.jar:/users/Xinying/.m2/repository/org/codehaus/jackson/jackson-core-asl/1.9.4/jackson-core-asl-1.9.4.jar:/users/Xinying/ozonedb/ycsb/core/target/core-0.18.0-SNAPSHOT.jar site.ycsb.Client -db site.ycsb.db.OzoneDBClient -threads 1 -s -P /users/Xinying/ozonedb/ycsb/workloads/generated_workloads/workloadc_1KB_1000000_1000000 -p status.interval=30 -p requestdistribution=uniform -p operationcount=1000000000 -p maxexecutiontime=660 -p shared_config=/tmp/churn_v4_configs/shared_config_varyR_n4_r25pct_rep5.json -t
# env OZONEDB_CHURN_ABORT_RATE=0.25
Command line: -db site.ycsb.db.OzoneDBClient -threads 1 -s -P /users/Xinying/ozonedb/ycsb/workloads/generated_workloads/workloadc_1KB_1000000_1000000 -p status.interval=30 -p requestdistribution=uniform -p operationcount=1000000000 -p maxexecutiontime=660 -p shared_config=/tmp/churn_v4_configs/shared_config_varyR_n4_r25pct_rep5.json -t
YCSB Client 0.18.0-SNAPSHOT

Loading workload...
Starting test.
SLF4J: Class path contains multiple SLF4J bindings.
SLF4J: Found binding in [jar:file:/users/Xinying/.m2/repository/ch/qos/logback/logback-classic/1.2.3/logback-classic-1.2.3.jar!/org/slf4j/impl/StaticLoggerBinder.class]
SLF4J: Found binding in [jar:file:/users/Xinying/.m2/repository/org/slf4j/slf4j-simple/1.7.25/slf4j-simple-1.7.25.jar!/org/slf4j/impl/StaticLoggerBinder.class]
SLF4J: See http://www.slf4j.org/codes.html#multiple_bindings for an explanation.
SLF4J: Actual binding is of type [ch.qos.logback.classic.util.ContextSelectorStaticBinder]
Maximum execution time specified as: 660 secs
2026-05-01 07:30:08:724 0 sec: 0 operations; est completion in 0 second 
Starting compaction watcher
DBWrapper: report latency for each error is false and specific error codes to track for latency are: []
3012266:COMPACT_START sstable=0 input_files: "datalog/3" input_files: "datalog/4" compactIntoNextLevel: true destinationLevel: 1
2026-05-01 07:30:08:810 - Compaction started: 
140310357087808:Compacting datalog/3 datalog/4 into:sstable1/4bd26312-75ba-4c3b-9aad-6608ea48d929202605010130081777620608981444796.sst
2026-05-01 07:30:09:066 - Compaction completed: 
3012266:COMPACT_START sstable=0 input_files: "datalog/17" input_files: "datalog/18" compactIntoNextLevel: true destinationLevel: 1
2026-05-01 07:30:09:101 - Compaction started: 
140310357087808:Compacting datalog/17 datalog/18 into:sstable1/4bd26312-75ba-4c3b-9aad-6608ea48d929202605010130081777620609172189877.sst
2026-05-01 07:30:09:188 - Compaction completed: 
3012266:COMPACT_START sstable=0 input_files: "datalog/25" input_files: "datalog/26" compactIntoNextLevel: true destinationLevel: 1
2026-05-01 07:30:09:204 - Compaction started: 
140310357087808:Compacting datalog/25 datalog/26 into:sstable1/4bd26312-75ba-4c3b-9aad-6608ea48d929202605010130081777620609322522560.sst
2026-05-01 07:30:09:341 - Compaction completed: 
3012266:COMPACT_START sstable=0 input_files: "datalog/37" input_files: "datalog/38" compactIntoNextLevel: true destinationLevel: 1
3012266:COMPACT_ABORT input_files: "datalog/37" input_files: "datalog/38" compactIntoNextLevel: true destinationLevel: 1
3012266:COMPACT_START sstable=0 input_files: "datalog/43" input_files: "datalog/44" compactIntoNextLevel: true destinationLevel: 1
2026-05-01 07:30:09:511 - Compaction started: 
140310357087808:Compacting datalog/43 datalog/44 into:sstable1/4bd26312-75ba-4c3b-9aad-6608ea48d929202605010130081777620609641080629.sst
2026-05-01 07:30:09:660 - Compaction completed: 
3012266:COMPACT_START sstable=0 input_files: "datalog/53" input_files: "datalog/54" compactIntoNextLevel: true destinationLevel: 1
3012266:COMPACT_ABORT input_files: "datalog/53" input_files: "datalog/54" compactIntoNextLevel: true destinationLevel: 1
3012266:COMPACT_START sstable=0 input_files: "datalog/59" input_files: "datalog/60" compactIntoNextLevel: true destinationLevel: 1
2026-05-01 07:30:09:814 - Compaction started: 
140310357087808:Compacting datalog/59 datalog/60 into:sstable1/4bd26312-75ba-4c3b-9aad-6608ea48d929202605010130081777620609892279237.sst
2026-05-01 07:30:09:913 - Compaction completed: 
3012266:COMPACT_START sstable=0 input_files: "datalog/67" input_files: "datalog/68" compactIntoNextLevel: true destinationLevel: 1
2026-05-01 07:30:09:915 - Compaction started: 
140310357087808:Compacting datalog/67 datalog/68 into:sstable1/4bd26312-75ba-4c3b-9aad-6608ea48d929202605010130081777620609982275073.sst
2026-05-01 07:30:10:002 - Compaction completed: 
3012266:COMPACT_START sstable=0 input_files: "datalog/73" input_files: "datalog/74" compactIntoNextLevel: true destinationLevel: 1
3012266:COMPACT_ABORT input_files: "datalog/73" input_files: "datalog/74" compactIntoNextLevel: true destinationLevel: 1
3012266:COMPACT_START sstable=0 input_files: "datalog/81" input_files: "datalog/82" compactIntoNextLevel: true destinationLevel: 1
2026-05-01 07:30:10:117 - Compaction started: 
140310357087808:Compacting datalog/81 datalog/82 into:sstable1/4bd26312-75ba-4c3b-9aad-6608ea48d929202605010130081777620610124771186.sst
2026-05-01 07:30:10:146 - Compaction completed: 
3012266:COMPACT_START sstable=0 input_files: "datalog/89" input_files: "datalog/90" compactIntoNextLevel: true destinationLevel: 1
2026-05-01 07:30:10:218 - Compaction started: 
140310357087808:Compacting datalog/89 datalog/90 into:sstable1/4bd26312-75ba-4c3b-9aad-6608ea48d929202605010130081777620610227245995.sst
2026-05-01 07:30:10:247 - Compaction completed: 
3012266:COMPACT_START sstable=0 input_files: "datalog/97" input_files: "datalog/98" compactIntoNextLevel: true destinationLevel: 1
3012266:COMPACT_ABORT input_files: "datalog/97" input_files: "datalog/98" compactIntoNextLevel: true destinationLevel: 1
3012266:COMPACT_START sstable=0 input_files: "datalog/105" input_files: "datalog/106" compactIntoNextLevel: true destinationLevel: 1
3012266:COMPACT_ABORT input_files: "datalog/105" input_files: "datalog/106" compactIntoNextLevel: true destinationLevel: 1
3012266:COMPACT_START sstable=0 input_files: "datalog/113" input_files: "datalog/114" compactIntoNextLevel: true destinationLevel: 1
2026-05-01 07:30:10:523 - Compaction started: 
140310357087808:Compacting datalog/113 datalog/114 into:sstable1/4bd26312-75ba-4c3b-9aad-6608ea48d929202605010130081777620610526336931.sst
2026-05-01 07:30:10:548 - Compaction completed: 
3012266:COMPACT_START sstable=0 input_files: "datalog/121" input_files: "datalog/122" compactIntoNextLevel: true destinationLevel: 1
2026-05-01 07:30:10:624 - Compaction started: 
140310357087808:Compacting datalog/121 datalog/122 into:sstable1/4bd26312-75ba-4c3b-9aad-6608ea48d929202605010130081777620610629430931.sst
2026-05-01 07:30:10:648 - Compaction completed: 
3012266:COMPACT_START sstable=0 input_files: "datalog/129" input_files: "datalog/130" compactIntoNextLevel: true destinationLevel: 1
2026-05-01 07:30:10:726 - Compaction started: 
140310357087808:Compacting datalog/129 datalog/130 into:sstable1/4bd26312-75ba-4c3b-9aad-6608ea48d929202605010130081777620610729515760.sst
2026-05-01 07:30:10:748 - Compaction completed: 
3012266:COMPACT_START sstable=0 input_files: "datalog/137" input_files: "datalog/138" compactIntoNextLevel: true destinationLevel: 1
2026-05-01 07:30:10:827 - Compaction started: 
140310357087808:Compacting datalog/137 datalog/138 into:sstable1/4bd26312-75ba-4c3b-9aad-6608ea48d929202605010130081777620610830861793.sst
2026-05-01 07:30:10:849 - Compaction completed: 
3012266:COMPACT_START sstable=0 input_files: "datalog/145" input_files: "datalog/146" compactIntoNextLevel: true destinationLevel: 1
2026-05-01 07:30:10:928 - Compaction started: 
140310357087808:Compacting datalog/145 datalog/146 into:sstable1/4bd26312-75ba-4c3b-9aad-6608ea48d929202605010130081777620610931265950.sst
2026-05-01 07:30:10:948 - Compaction completed: 
3012266:COMPACT_START sstable=0 input_files: "datalog/153" input_files: "datalog/154" compactIntoNextLevel: true destinationLevel: 1
3012266:COMPACT_ABORT input_files: "datalog/153" input_files: "datalog/154" compactIntoNextLevel: true destinationLevel: 1
3012266:COMPACT_START sstable=0 input_files: "datalog/161" input_files: "datalog/162" compactIntoNextLevel: true destinationLevel: 1
3012266:COMPACT_ABORT input_files: "datalog/161" input_files: "datalog/162" compactIntoNextLevel: true destinationLevel: 1
3012266:COMPACT_START sstable=0 input_files: "datalog/163" input_files: "datalog/164" compactIntoNextLevel: true destinationLevel: 1
2026-05-01 07:30:11:131 - Compaction started: 
140310357087808:Compacting datalog/163 datalog/164 into:sstable1/4bd26312-75ba-4c3b-9aad-6608ea48d929202605010130081777620611133500309.sst
2026-05-01 07:30:11:150 - Compaction completed: 
3012266:COMPACT_START sstable=0 input_files: "datalog/171" input_files: "datalog/172" compactIntoNextLevel: true destinationLevel: 1
2026-05-01 07:30:11:232 - Compaction started: 
140310357087808:Compacting datalog/171 datalog/172 into:sstable1/4bd26312-75ba-4c3b-9aad-6608ea48d929202605010130081777620611235307176.sst
2026-05-01 07:30:11:252 - Compaction completed: 
3012266:COMPACT_START sstable=0 input_files: "datalog/179" input_files: "datalog/180" compactIntoNextLevel: true destinationLevel: 1
2026-05-01 07:30:11:334 - Compaction started: 
140310357087808:Compacting datalog/179 datalog/180 into:sstable1/4bd26312-75ba-4c3b-9aad-6608ea48d929202605010130081777620611336288426.sst
2026-05-01 07:30:11:352 - Compaction completed: 
3012266:COMPACT_START sstable=0 input_files: "datalog/189" input_files: "datalog/190" compactIntoNextLevel: true destinationLevel: 1
2026-05-01 07:30:11:435 - Compaction started: 
140310357087808:Compacting datalog/189 datalog/190 into:sstable1/4bd26312-75ba-4c3b-9aad-6608ea48d929202605010130081777620611438213745.sst
2026-05-01 07:30:11:455 - Compaction completed: 
3012266:COMPACT_START sstable=0 input_files: "datalog/197" input_files: "datalog/198" compactIntoNextLevel: true destinationLevel: 1
2026-05-01 07:30:11:537 - Compaction started: 
140310357087808:Compacting datalog/197 datalog/198 into:sstable1/4bd26312-75ba-4c3b-9aad-6608ea48d929202605010130081777620611539355385.sst
2026-05-01 07:30:11:556 - Compaction completed: 
3012266:COMPACT_START sstable=0 input_files: "datalog/207" input_files: "datalog/208" compactIntoNextLevel: true destinationLevel: 1
2026-05-01 07:30:11:638 - Compaction started: 
140310357087808:Compacting datalog/207 datalog/208 into:sstable1/4bd26312-75ba-4c3b-9aad-6608ea48d929202605010130081777620611640979490.sst
2026-05-01 07:30:11:658 - Compaction completed: 
3012266:COMPACT_START sstable=0 input_files: "datalog/215" input_files: "datalog/216" compactIntoNextLevel: true destinationLevel: 1
2026-05-01 07:30:11:739 - Compaction started: 
140310357087808:Compacting datalog/215 datalog/216 into:sstable1/4bd26312-75ba-4c3b-9aad-6608ea48d929202605010130081777620611742441370.sst
2026-05-01 07:30:11:759 - Compaction completed: 
3012266:COMPACT_START sstable=0 input_files: "datalog/223" input_files: "datalog/224" compactIntoNextLevel: true destinationLevel: 1
2026-05-01 07:30:11:842 - Compaction started: 
140310357087808:Compacting datalog/223 datalog/224 into:sstable1/4bd26312-75ba-4c3b-9aad-6608ea48d929202605010130081777620611846089469.sst
2026-05-01 07:30:11:862 - Compaction completed: 
3012266:COMPACT_START sstable=0 input_files: "datalog/229" input_files: "datalog/230" compactIntoNextLevel: true destinationLevel: 1
3012266:COMPACT_ABORT input_files: "datalog/229" input_files: "datalog/230" compactIntoNextLevel: true destinationLevel: 1
3012266:COMPACT_START sstable=0 input_files: "datalog/237" input_files: "datalog/238" compactIntoNextLevel: true destinationLevel: 1
2026-05-01 07:30:12:046 - Compaction started: 
140310357087808:Compacting datalog/237 datalog/238 into:sstable1/4bd26312-75ba-4c3b-9aad-6608ea48d929202605010130081777620612049901334.sst
2026-05-01 07:30:12:067 - Compaction completed: 
3012266:Task input_files: "datalog/13" input_files: "datalog/14" compactIntoNextLevel: true destinationLevel: 1 is dead (hb=30)
3012266:Found dead task input_files: "datalog/13" input_files: "datalog/14" compactIntoNextLevel: true destinationLevel: 1
3012266:COMPACT_START sstable=0 input_files: "datalog/13" input_files: "datalog/14" compactIntoNextLevel: true destinationLevel: 1
2026-05-01 07:30:12:148 - Compaction started: 
140310357087808:Compacting datalog/13 datalog/14 into:sstable1/4bd26312-75ba-4c3b-9aad-6608ea48d929202605010130081777620612151045539.sst
2026-05-01 07:30:12:167 - Compaction completed: 
3012266:COMPACT_START sstable=0 input_files: "datalog/251" input_files: "datalog/252" compactIntoNextLevel: true destinationLevel: 1
2026-05-01 07:30:12:250 - Compaction started: 
140310357087808:Compacting datalog/251 datalog/252 into:sstable1/4bd26312-75ba-4c3b-9aad-6608ea48d929202605010130081777620612253007427.sst
2026-05-01 07:30:12:269 - Compaction completed: 
3012266:Task input_files: "datalog/27" input_files: "datalog/28" compactIntoNextLevel: true destinationLevel: 1 is dead (hb=30)
3012266:Found dead task input_files: "datalog/27" input_files: "datalog/28" compactIntoNextLevel: true destinationLevel: 1
3012266:COMPACT_START sstable=0 input_files: "datalog/27" input_files: "datalog/28" compactIntoNextLevel: true destinationLevel: 1
2026-05-01 07:30:12:352 - Compaction started: 
140310357087808:Compacting datalog/27 datalog/28 into:sstable1/4bd26312-75ba-4c3b-9aad-6608ea48d929202605010130081777620612355490381.sst
2026-05-01 07:30:12:373 - Compaction completed: 
3012266:Task input_files: "datalog/37" input_files: "datalog/38" compactIntoNextLevel: true destinationLevel: 1 is dead (hb=30)
3012266:Found dead task input_files: "datalog/37" input_files: "datalog/38" compactIntoNextLevel: true destinationLevel: 1
3012266:COMPACT_START sstable=0 input_files: "datalog/37" input_files: "datalog/38" compactIntoNextLevel: true destinationLevel: 1
2026-05-01 07:30:12:457 - Compaction started: 
140310357087808:Compacting datalog/37 datalog/38 into:sstable1/4bd26312-75ba-4c3b-9aad-6608ea48d929202605010130081777620612460453926.sst
2026-05-01 07:30:12:479 - Compaction completed: 
3012266:COMPACT_START sstable=0 input_files: "datalog/267" input_files: "datalog/268" compactIntoNextLevel: true destinationLevel: 1
2026-05-01 07:30:12:569 - Compaction started: 
140310357087808:Compacting datalog/267 datalog/268 into:sstable1/4bd26312-75ba-4c3b-9aad-6608ea48d929202605010130081777620612572051987.sst
2026-05-01 07:30:12:588 - Compaction completed: 
3012266:Task input_files: "datalog/45" input_files: "datalog/46" compactIntoNextLevel: true destinationLevel: 1 is dead (hb=30)
3012266:Found dead task input_files: "datalog/45" input_files: "datalog/46" compactIntoNextLevel: true destinationLevel: 1
3012266:COMPACT_START sstable=0 input_files: "datalog/45" input_files: "datalog/46" compactIntoNextLevel: true destinationLevel: 1
2026-05-01 07:30:12:670 - Compaction started: 
140310357087808:Compacting datalog/45 datalog/46 into:sstable1/4bd26312-75ba-4c3b-9aad-6608ea48d929202605010130081777620612673717560.sst
2026-05-01 07:30:12:692 - Compaction completed: 
3012266:Task input_files: "datalog/53" input_files: "datalog/54" compactIntoNextLevel: true destinationLevel: 1 is dead (hb=30)
3012266:Task input_files: "datalog/51" input_files: "datalog/52" compactIntoNextLevel: true destinationLevel: 1 is dead (hb=30)
3012266:Found dead task input_files: "datalog/51" input_files: "datalog/52" compactIntoNextLevel: true destinationLevel: 1
3012266:COMPACT_START sstable=0 input_files: "datalog/51" input_files: "datalog/52" compactIntoNextLevel: true destinationLevel: 1
2026-05-01 07:30:12:781 - Compaction started: 
140310357087808:Compacting datalog/51 datalog/52 into:sstable1/4bd26312-75ba-4c3b-9aad-6608ea48d929202605010130081777620612784174182.sst
2026-05-01 07:30:12:803 - Compaction completed: 
3012266:Task input_files: "datalog/55" input_files: "datalog/56" compactIntoNextLevel: true destinationLevel: 1 is dead (hb=30)
3012266:Task input_files: "datalog/57" input_files: "datalog/58" compactIntoNextLevel: true destinationLevel: 1 is dead (hb=30)
3012266:Found dead task input_files: "datalog/57" input_files: "datalog/58" compactIntoNextLevel: true destinationLevel: 1
3012266:COMPACT_START sstable=0 input_files: "datalog/57" input_files: "datalog/58" compactIntoNextLevel: true destinationLevel: 1
2026-05-01 07:30:12:886 - Compaction started: 
140310357087808:Compacting datalog/57 datalog/58 into:sstable1/4bd26312-75ba-4c3b-9aad-6608ea48d929202605010130081777620612889503322.sst
2026-05-01 07:30:12:906 - Compaction completed: 
3012266:Task input_files: "datalog/65" input_files: "datalog/66" compactIntoNextLevel: true destinationLevel: 1 is dead (hb=30)
3012266:Found dead task input_files: "datalog/65" input_files: "datalog/66" compactIntoNextLevel: true destinationLevel: 1
3012266:COMPACT_START sstable=0 input_files: "datalog/65" input_files: "datalog/66" compactIntoNextLevel: true destinationLevel: 1
2026-05-01 07:30:12:993 - Compaction started: 
140310357087808:Compacting datalog/65 datalog/66 into:sstable1/4bd26312-75ba-4c3b-9aad-6608ea48d929202605010130081777620612996285636.sst
2026-05-01 07:30:13:015 - Compaction completed: 
3012266:Task input_files: "datalog/73" input_files: "datalog/74" compactIntoNextLevel: true destinationLevel: 1 is dead (hb=30)
3012266:Found dead task input_files: "datalog/73" input_files: "datalog/74" compactIntoNextLevel: true destinationLevel: 1
3012266:COMPACT_START sstable=0 input_files: "datalog/73" input_files: "datalog/74" compactIntoNextLevel: true destinationLevel: 1
3012266:COMPACT_ABORT input_files: "datalog/73" input_files: "datalog/74" compactIntoNextLevel: true destinationLevel: 1
3012266:Task input_files: "datalog/79" input_files: "datalog/80" compactIntoNextLevel: true destinationLevel: 1 is dead (hb=30)
3012266:Found dead task input_files: "datalog/79" input_files: "datalog/80" compactIntoNextLevel: true destinationLevel: 1
3012266:COMPACT_START sstable=0 input_files: "datalog/79" input_files: "datalog/80" compactIntoNextLevel: true destinationLevel: 1
2026-05-01 07:30:13:196 - Compaction started: 
140310357087808:Compacting datalog/79 datalog/80 into:sstable1/4bd26312-75ba-4c3b-9aad-6608ea48d929202605010130081777620613199751183.sst
2026-05-01 07:30:13:217 - Compaction completed: 
3012266:Task input_files: "datalog/87" input_files: "datalog/88" compactIntoNextLevel: true destinationLevel: 1 is dead (hb=30)
3012266:Found dead task input_files: "datalog/87" input_files: "datalog/88" compactIntoNextLevel: true destinationLevel: 1
3012266:COMPACT_START sstable=0 input_files: "datalog/87" input_files: "datalog/88" compactIntoNextLevel: true destinationLevel: 1
2026-05-01 07:30:13:298 - Compaction started: 
140310357087808:Compacting datalog/87 datalog/88 into:sstable1/4bd26312-75ba-4c3b-9aad-6608ea48d929202605010130081777620613301821443.sst
2026-05-01 07:30:13:320 - Compaction completed: 
3012266:Task input_files: "datalog/97" input_files: "datalog/98" compactIntoNextLevel: true destinationLevel: 1 is dead (hb=30)
3012266:Task input_files: "datalog/95" input_files: "datalog/96" compactIntoNextLevel: true destinationLevel: 1 is dead (hb=30)
3012266:Found dead task input_files: "datalog/95" input_files: "datalog/96" compactIntoNextLevel: true destinationLevel: 1
3012266:COMPACT_START sstable=0 input_files: "datalog/95" input_files: "datalog/96" compactIntoNextLevel: true destinationLevel: 1
2026-05-01 07:30:13:401 - Compaction started: 
140310357087808:Compacting datalog/95 datalog/96 into:sstable1/4bd26312-75ba-4c3b-9aad-6608ea48d929202605010130081777620613404135852.sst
2026-05-01 07:30:13:422 - Compaction completed: 
3012266:Task input_files: "datalog/105" input_files: "datalog/106" compactIntoNextLevel: true destinationLevel: 1 is dead (hb=30)
3012266:Found dead task input_files: "datalog/105" input_files: "datalog/106" compactIntoNextLevel: true destinationLevel: 1
3012266:COMPACT_START sstable=0 input_files: "datalog/105" input_files: "datalog/106" compactIntoNextLevel: true destinationLevel: 1
2026-05-01 07:30:13:503 - Compaction started: 
140310357087808:Compacting datalog/105 datalog/106 into:sstable1/4bd26312-75ba-4c3b-9aad-6608ea48d929202605010130081777620613506335355.sst
2026-05-01 07:30:13:524 - Compaction completed: 
3012266:Task input_files: "datalog/109" input_files: "datalog/110" compactIntoNextLevel: true destinationLevel: 1 is dead (hb=30)
3012266:Found dead task input_files: "datalog/109" input_files: "datalog/110" compactIntoNextLevel: true destinationLevel: 1
3012266:COMPACT_START sstable=0 input_files: "datalog/109" input_files: "datalog/110" compactIntoNextLevel: true destinationLevel: 1
2026-05-01 07:30:13:606 - Compaction started: 
140310357087808:Compacting datalog/109 datalog/110 into:sstable1/4bd26312-75ba-4c3b-9aad-6608ea48d929202605010130081777620613608854768.sst
2026-05-01 07:30:13:626 - Compaction completed: 
3012266:COMPACT_START sstable=0 input_files: "datalog/327" input_files: "datalog/328" compactIntoNextLevel: true destinationLevel: 1
2026-05-01 07:30:13:707 - Compaction started: 
140310357087808:Compacting datalog/327 datalog/328 into:sstable1/4bd26312-75ba-4c3b-9aad-6608ea48d929202605010130081777620613711377407.sst
2026-05-01 07:30:13:728 - Compaction completed: 
3012266:COMPACT_START sstable=0 input_files: "datalog/339" input_files: "datalog/340" compactIntoNextLevel: true destinationLevel: 1
2026-05-01 07:30:13:808 - Compaction started: 
140310357087808:Compacting datalog/339 datalog/340 into:sstable1/4bd26312-75ba-4c3b-9aad-6608ea48d929202605010130081777620613811930644.sst
2026-05-01 07:30:13:828 - Compaction completed: 
3012266:Task input_files: "datalog/135" input_files: "datalog/136" compactIntoNextLevel: true destinationLevel: 1 is dead (hb=30)
3012266:Task input_files: "datalog/133" input_files: "datalog/134" compactIntoNextLevel: true destinationLevel: 1 is dead (hb=30)
3012266:Found dead task input_files: "datalog/133" input_files: "datalog/134" compactIntoNextLevel: true destinationLevel: 1
3012266:COMPACT_START sstable=0 input_files: "datalog/133" input_files: "datalog/134" compactIntoNextLevel: true destinationLevel: 1
2026-05-01 07:30:13:910 - Compaction started: 
140310357087808:Compacting datalog/133 datalog/134 into:sstable1/4bd26312-75ba-4c3b-9aad-6608ea48d929202605010130081777620613913012732.sst
2026-05-01 07:30:13:931 - Compaction completed: 
3012266:COMPACT_START sstable=0 input_files: "datalog/355" input_files: "datalog/356" compactIntoNextLevel: true destinationLevel: 1
3012266:COMPACT_ABORT input_files: "datalog/355" input_files: "datalog/356" compactIntoNextLevel: true destinationLevel: 1
3012266:Task input_files: "datalog/153" input_files: "datalog/154" compactIntoNextLevel: true destinationLevel: 1 is dead (hb=30)
3012266:Task input_files: "datalog/161" input_files: "datalog/162" compactIntoNextLevel: true destinationLevel: 1 is dead (hb=30)
3012266:Found dead task input_files: "datalog/161" input_files: "datalog/162" compactIntoNextLevel: true destinationLevel: 1
3012266:COMPACT_START sstable=0 input_files: "datalog/161" input_files: "datalog/162" compactIntoNextLevel: true destinationLevel: 1
2026-05-01 07:30:14:113 - Compaction started: 
140310357087808:Compacting datalog/161 datalog/162 into:sstable1/4bd26312-75ba-4c3b-9aad-6608ea48d929202605010130081777620614116309121.sst
2026-05-01 07:30:14:133 - Compaction completed: 
3012266:COMPACT_START sstable=0 input_files: "datalog/371" input_files: "datalog/372" compactIntoNextLevel: true destinationLevel: 1
2026-05-01 07:30:14:215 - Compaction started: 
140310357087808:Compacting datalog/371 datalog/372 into:sstable1/4bd26312-75ba-4c3b-9aad-6608ea48d929202605010130081777620614218209985.sst
2026-05-01 07:30:14:234 - Compaction completed: 
3012266:COMPACT_START sstable=0 input_files: "datalog/379" input_files: "datalog/380" compactIntoNextLevel: true destinationLevel: 1
3012266:COMPACT_ABORT input_files: "datalog/379" input_files: "datalog/380" compactIntoNextLevel: true destinationLevel: 1
3012266:COMPACT_START sstable=0 input_files: "datalog/381" input_files: "datalog/382" compactIntoNextLevel: true destinationLevel: 1
2026-05-01 07:30:14:317 - Compaction started: 
140310357087808:Compacting datalog/381 datalog/382 into:sstable1/4bd26312-75ba-4c3b-9aad-6608ea48d929202605010130081777620614319905133.sst
2026-05-01 07:30:14:335 - Compaction completed: 
3012266:COMPACT_START sstable=0 input_files: "datalog/387" input_files: "datalog/388" compactIntoNextLevel: true destinationLevel: 1
2026-05-01 07:30:14:419 - Compaction started: 
140310357087808:Compacting datalog/387 datalog/388 into:sstable1/4bd26312-75ba-4c3b-9aad-6608ea48d929202605010130081777620614421497728.sst
2026-05-01 07:30:14:437 - Compaction completed: 
3012266:COMPACT_START sstable=0 input_files: "datalog/395" input_files: "datalog/396" compactIntoNextLevel: true destinationLevel: 1
2026-05-01 07:30:14:520 - Compaction started: 
140310357087808:Compacting datalog/395 datalog/396 into:sstable1/4bd26312-75ba-4c3b-9aad-6608ea48d929202605010130081777620614523333770.sst
2026-05-01 07:30:14:540 - Compaction completed: 
3012266:COMPACT_START sstable=0 input_files: "datalog/403" input_files: "datalog/404" compactIntoNextLevel: true destinationLevel: 1
2026-05-01 07:30:14:621 - Compaction started: 
140310357087808:Compacting datalog/403 datalog/404 into:sstable1/4bd26312-75ba-4c3b-9aad-6608ea48d929202605010130081777620614624845714.sst
2026-05-01 07:30:14:640 - Compaction completed: 
3012266:COMPACT_START sstable=0 input_files: "datalog/411" input_files: "datalog/412" compactIntoNextLevel: true destinationLevel: 1
3012266:COMPACT_ABORT input_files: "datalog/411" input_files: "datalog/412" compactIntoNextLevel: true destinationLevel: 1
3012266:COMPACT_START sstable=0 input_files: "datalog/415" input_files: "datalog/416" compactIntoNextLevel: true destinationLevel: 1
2026-05-01 07:30:14:824 - Compaction started: 
140310357087808:Compacting datalog/415 datalog/416 into:sstable1/4bd26312-75ba-4c3b-9aad-6608ea48d929202605010130081777620614827655391.sst
2026-05-01 07:30:14:843 - Compaction completed: 
3012266:COMPACT_START sstable=0 input_files: "datalog/423" input_files: "datalog/424" compactIntoNextLevel: true destinationLevel: 1
2026-05-01 07:30:14:926 - Compaction started: 
140310357087808:Compacting datalog/423 datalog/424 into:sstable1/4bd26312-75ba-4c3b-9aad-6608ea48d929202605010130081777620614928714877.sst
2026-05-01 07:30:14:943 - Compaction completed: 
3012266:COMPACT_START sstable=0 input_files: "datalog/433" input_files: "datalog/434" compactIntoNextLevel: true destinationLevel: 1
3012266:COMPACT_ABORT input_files: "datalog/433" input_files: "datalog/434" compactIntoNextLevel: true destinationLevel: 1
3012266:COMPACT_START sstable=0 input_files: "datalog/439" input_files: "datalog/440" compactIntoNextLevel: true destinationLevel: 1
2026-05-01 07:30:15:128 - Compaction started: 
140310357087808:Compacting datalog/439 datalog/440 into:sstable1/4bd26312-75ba-4c3b-9aad-6608ea48d929202605010130081777620615131423354.sst
2026-05-01 07:30:15:145 - Compaction completed: 
3012266:COMPACT_START sstable=0 input_files: "datalog/447" input_files: "datalog/448" compactIntoNextLevel: true destinationLevel: 1
2026-05-01 07:30:15:230 - Compaction started: 
140310357087808:Compacting datalog/447 datalog/448 into:sstable1/4bd26312-75ba-4c3b-9aad-6608ea48d929202605010130081777620615232340013.sst
2026-05-01 07:30:15:246 - Compaction completed: 
3012266:COMPACT_START sstable=0 input_files: "datalog/453" input_files: "datalog/454" compactIntoNextLevel: true destinationLevel: 1
2026-05-01 07:30:15:331 - Compaction started: 
140310357087808:Compacting datalog/453 datalog/454 into:sstable1/4bd26312-75ba-4c3b-9aad-6608ea48d929202605010130081777620615334229926.sst
2026-05-01 07:30:15:348 - Compaction completed: 
3012266:COMPACT_START sstable=0 input_files: "datalog/463" input_files: "datalog/464" compactIntoNextLevel: true destinationLevel: 1
2026-05-01 07:30:15:432 - Compaction started: 
140310357087808:Compacting datalog/463 datalog/464 into:sstable1/4bd26312-75ba-4c3b-9aad-6608ea48d929202605010130081777620615435562834.sst
2026-05-01 07:30:15:449 - Compaction completed: 
3012266:COMPACT_START sstable=0 input_files: "datalog/469" input_files: "datalog/470" compactIntoNextLevel: true destinationLevel: 1
2026-05-01 07:30:15:534 - Compaction started: 
140310357087808:Compacting datalog/469 datalog/470 into:sstable1/4bd26312-75ba-4c3b-9aad-6608ea48d929202605010130081777620615537112319.sst
2026-05-01 07:30:15:552 - Compaction completed: 
3012266:COMPACT_START sstable=0 input_files: "datalog/481" input_files: "datalog/482" compactIntoNextLevel: true destinationLevel: 1
2026-05-01 07:30:15:636 - Compaction started: 
140310357087808:Compacting datalog/481 datalog/482 into:sstable1/4bd26312-75ba-4c3b-9aad-6608ea48d929202605010130081777620615638467209.sst
2026-05-01 07:30:15:653 - Compaction completed: 
3012266:COMPACT_START sstable=0 input_files: "datalog/489" input_files: "datalog/490" compactIntoNextLevel: true destinationLevel: 1
2026-05-01 07:30:15:737 - Compaction started: 
140310357087808:Compacting datalog/489 datalog/490 into:sstable1/4bd26312-75ba-4c3b-9aad-6608ea48d929202605010130081777620615740096413.sst
2026-05-01 07:30:15:754 - Compaction completed: 
3012266:COMPACT_START sstable=0 input_files: "datalog/499" input_files: "datalog/500" compactIntoNextLevel: true destinationLevel: 1
2026-05-01 07:30:15:839 - Compaction started: 
140310357087808:Compacting datalog/499 datalog/500 into:sstable1/4bd26312-75ba-4c3b-9aad-6608ea48d929202605010130081777620615841810396.sst
2026-05-01 07:30:15:856 - Compaction completed: 
3012266:COMPACT_START sstable=0 input_files: "datalog/505" input_files: "datalog/506" compactIntoNextLevel: true destinationLevel: 1
2026-05-01 07:30:15:940 - Compaction started: 
140310357087808:Compacting datalog/505 datalog/506 into:sstable1/4bd26312-75ba-4c3b-9aad-6608ea48d929202605010130081777620615943201724.sst
2026-05-01 07:30:15:957 - Compaction completed: 
3012266:COMPACT_START sstable=0 input_files: "datalog/511" input_files: "datalog/512" compactIntoNextLevel: true destinationLevel: 1
2026-05-01 07:30:16:041 - Compaction started: 
140310357087808:Compacting datalog/511 datalog/512 into:sstable1/4bd26312-75ba-4c3b-9aad-6608ea48d929202605010130081777620616044492323.sst
2026-05-01 07:30:16:058 - Compaction completed: 
3012266:COMPACT_START sstable=0 input_files: "datalog/517" input_files: "datalog/518" compactIntoNextLevel: true destinationLevel: 1
2026-05-01 07:30:16:143 - Compaction started: 
140310357087808:Compacting datalog/517 datalog/518 into:sstable1/4bd26312-75ba-4c3b-9aad-6608ea48d929202605010130081777620616145356133.sst
2026-05-01 07:30:16:159 - Compaction completed: 
3012266:Task input_files: "datalog/297" input_files: "datalog/298" compactIntoNextLevel: true destinationLevel: 1 is dead (hb=30)
3012266:Found dead task input_files: "datalog/297" input_files: "datalog/298" compactIntoNextLevel: true destinationLevel: 1
3012266:COMPACT_START sstable=0 input_files: "datalog/297" input_files: "datalog/298" compactIntoNextLevel: true destinationLevel: 1
2026-05-01 07:30:16:263 - Compaction started: 
140310357087808:Compacting datalog/297 datalog/298 into:sstable1/4bd26312-75ba-4c3b-9aad-6608ea48d929202605010130081777620616266229582.sst
2026-05-01 07:30:16:282 - Compaction completed: 
3012266:COMPACT_START sstable=0 input_files: "datalog/525" input_files: "datalog/526" compactIntoNextLevel: true destinationLevel: 1
2026-05-01 07:30:16:365 - Compaction started: 
140310357087808:Compacting datalog/525 datalog/526 into:sstable1/4bd26312-75ba-4c3b-9aad-6608ea48d929202605010130081777620616367624166.sst
2026-05-01 07:30:16:381 - Compaction completed: 
3012266:COMPACT_START sstable=0 input_files: "datalog/531" input_files: "datalog/532" compactIntoNextLevel: true destinationLevel: 1
2026-05-01 07:30:16:466 - Compaction started: 
140310357087808:Compacting datalog/531 datalog/532 into:sstable1/4bd26312-75ba-4c3b-9aad-6608ea48d929202605010130081777620616469555837.sst
2026-05-01 07:30:16:484 - Compaction completed: 
3012266:COMPACT_START sstable=0 input_files: "datalog/539" input_files: "datalog/540" compactIntoNextLevel: true destinationLevel: 1
3012266:COMPACT_ABORT input_files: "datalog/539" input_files: "datalog/540" compactIntoNextLevel: true destinationLevel: 1
3012266:COMPACT_START sstable=0 input_files: "datalog/547" input_files: "datalog/548" compactIntoNextLevel: true destinationLevel: 1
3012266:COMPACT_ABORT input_files: "datalog/547" input_files: "datalog/548" compactIntoNextLevel: true destinationLevel: 1
3012266:COMPACT_START sstable=0 input_files: "datalog/549" input_files: "datalog/550" compactIntoNextLevel: true destinationLevel: 1
2026-05-01 07:30:16:670 - Compaction started: 
140310357087808:Compacting datalog/549 datalog/550 into:sstable1/4bd26312-75ba-4c3b-9aad-6608ea48d929202605010130081777620616673085985.sst
2026-05-01 07:30:16:687 - Compaction completed: 
3012266:Task input_files: "datalog/333" input_files: "datalog/334" compactIntoNextLevel: true destinationLevel: 1 is dead (hb=30)
3012266:Task input_files: "datalog/325" input_files: "datalog/326" compactIntoNextLevel: true destinationLevel: 1 is dead (hb=30)
3012266:Task input_files: "datalog/335" input_files: "datalog/336" compactIntoNextLevel: true destinationLevel: 1 is dead (hb=30)
3012266:Found dead task input_files: "datalog/335" input_files: "datalog/336" compactIntoNextLevel: true destinationLevel: 1
3012266:COMPACT_START sstable=0 input_files: "datalog/335" input_files: "datalog/336" compactIntoNextLevel: true destinationLevel: 1
2026-05-01 07:30:16:771 - Compaction started: 
140310357087808:Compacting datalog/335 datalog/336 into:sstable1/4bd26312-75ba-4c3b-9aad-6608ea48d929202605010130081777620616774688809.sst
2026-05-01 07:30:16:790 - Compaction completed: 
3012266:Task input_files: "datalog/345" input_files: "datalog/346" compactIntoNextLevel: true destinationLevel: 1 is dead (hb=30)
3012266:Found dead task input_files: "datalog/345" input_files: "datalog/346" compactIntoNextLevel: true destinationLevel: 1
3012266:COMPACT_START sstable=0 input_files: "datalog/345" input_files: "datalog/346" compactIntoNextLevel: true destinationLevel: 1
2026-05-01 07:30:16:873 - Compaction started: 
140310357087808:Compacting datalog/345 datalog/346 into:sstable1/4bd26312-75ba-4c3b-9aad-6608ea48d929202605010130081777620616875407326.sst
2026-05-01 07:30:16:889 - Compaction completed: 
3012266:COMPACT_START sstable=0 input_files: "datalog/563" input_files: "datalog/564" compactIntoNextLevel: true destinationLevel: 1
2026-05-01 07:30:16:990 - Compaction started: 
140310357087808:Compacting datalog/563 datalog/564 into:sstable1/4bd26312-75ba-4c3b-9aad-6608ea48d929202605010130081777620616993223544.sst
2026-05-01 07:30:17:007 - Compaction completed: 
3012266:Task input_files: "datalog/353" input_files: "datalog/354" compactIntoNextLevel: true destinationLevel: 1 is dead (hb=30)
3012266:Task input_files: "datalog/355" input_files: "datalog/356" compactIntoNextLevel: true destinationLevel: 1 is dead (hb=30)
3012266:Found dead task input_files: "datalog/355" input_files: "datalog/356" compactIntoNextLevel: true destinationLevel: 1
3012266:COMPACT_START sstable=0 input_files: "datalog/355" input_files: "datalog/356" compactIntoNextLevel: true destinationLevel: 1
2026-05-01 07:30:17:092 - Compaction started: 
140310357087808:Compacting datalog/355 datalog/356 into:sstable1/4bd26312-75ba-4c3b-9aad-6608ea48d929202605010130081777620617095736385.sst
2026-05-01 07:30:17:111 - Compaction completed: 
3012266:COMPACT_START sstable=0 input_files: "datalog/571" input_files: "datalog/572" compactIntoNextLevel: true destinationLevel: 1
2026-05-01 07:30:17:195 - Compaction started: 
140310357087808:Compacting datalog/571 datalog/572 into:sstable1/4bd26312-75ba-4c3b-9aad-6608ea48d929202605010130081777620617197936499.sst
2026-05-01 07:30:17:213 - Compaction completed: 
3012266:Task input_files: "datalog/379" input_files: "datalog/380" compactIntoNextLevel: true destinationLevel: 1 is dead (hb=30)
3012266:Found dead task input_files: "datalog/379" input_files: "datalog/380" compactIntoNextLevel: true destinationLevel: 1
3012266:COMPACT_START sstable=0 input_files: "datalog/379" input_files: "datalog/380" compactIntoNextLevel: true destinationLevel: 1
2026-05-01 07:30:17:297 - Compaction started: 
140310357087808:Compacting datalog/379 datalog/380 into:sstable1/4bd26312-75ba-4c3b-9aad-6608ea48d929202605010130081777620617299833064.sst
2026-05-01 07:30:17:314 - Compaction completed: 
3012266:Task input_files: "datalog/375" input_files: "datalog/376" compactIntoNextLevel: true destinationLevel: 1 is dead (hb=30)
3012266:Found dead task input_files: "datalog/375" input_files: "datalog/376" compactIntoNextLevel: true destinationLevel: 1
3012266:COMPACT_START sstable=0 input_files: "datalog/375" input_files: "datalog/376" compactIntoNextLevel: true destinationLevel: 1
2026-05-01 07:30:17:399 - Compaction started: 
140310357087808:Compacting datalog/375 datalog/376 into:sstable1/4bd26312-75ba-4c3b-9aad-6608ea48d929202605010130081777620617401783861.sst
2026-05-01 07:30:17:416 - Compaction completed: 
3012266:COMPACT_START sstable=0 input_files: "datalog/591" input_files: "datalog/592" compactIntoNextLevel: true destinationLevel: 1
2026-05-01 07:30:17:514 - Compaction started: 
140310357087808:Compacting datalog/591 datalog/592 into:sstable1/4bd26312-75ba-4c3b-9aad-6608ea48d929202605010130081777620617516712186.sst
2026-05-01 07:30:17:531 - Compaction completed: 
3012266:Task input_files: "datalog/201" input_files: "datalog/202" compactIntoNextLevel: true destinationLevel: 1 is dead (hb=30)
3012266:Found dead task input_files: "datalog/201" input_files: "datalog/202" compactIntoNextLevel: true destinationLevel: 1
3012266:COMPACT_START sstable=0 input_files: "datalog/201" input_files: "datalog/202" compactIntoNextLevel: true destinationLevel: 1
2026-05-01 07:30:17:615 - Compaction started: 
140310357087808:Compacting datalog/201 datalog/202 into:sstable1/4bd26312-75ba-4c3b-9aad-6608ea48d929202605010130081777620617619006687.sst
2026-05-01 07:30:17:636 - Compaction completed: 
3012266:COMPACT_START sstable=0 input_files: "datalog/603" input_files: "datalog/604" compactIntoNextLevel: true destinationLevel: 1
2026-05-01 07:30:17:736 - Compaction started: 
140310357087808:Compacting datalog/603 datalog/604 into:sstable1/4bd26312-75ba-4c3b-9aad-6608ea48d929202605010130081777620617739440082.sst
2026-05-01 07:30:17:754 - Compaction completed: 
3012266:COMPACT_START sstable=0 input_files: "datalog/609" input_files: "datalog/610" compactIntoNextLevel: true destinationLevel: 1
2026-05-01 07:30:17:839 - Compaction started: 
140310357087808:Compacting datalog/609 datalog/610 into:sstable1/4bd26312-75ba-4c3b-9aad-6608ea48d929202605010130081777620617842091512.sst
2026-05-01 07:30:17:856 - Compaction completed: 
3012266:COMPACT_START sstable=0 input_files: "datalog/615" input_files: "datalog/616" compactIntoNextLevel: true destinationLevel: 1
3012266:COMPACT_ABORT input_files: "datalog/615" input_files: "datalog/616" compactIntoNextLevel: true destinationLevel: 1
3012266:COMPACT_START sstable=0 input_files: "datalog/617" input_files: "datalog/618" compactIntoNextLevel: true destinationLevel: 1
2026-05-01 07:30:17:941 - Compaction started: 
140310357087808:Compacting datalog/617 datalog/618 into:sstable1/4bd26312-75ba-4c3b-9aad-6608ea48d929202605010130081777620617944502852.sst
2026-05-01 07:30:17:958 - Compaction completed: 
3012266:COMPACT_START sstable=0 input_files: "datalog/623" input_files: "datalog/624" compactIntoNextLevel: true destinationLevel: 1
2026-05-01 07:30:18:044 - Compaction started: 
140310357087808:Compacting datalog/623 datalog/624 into:sstable1/4bd26312-75ba-4c3b-9aad-6608ea48d929202605010130081777620618047776970.sst
2026-05-01 07:30:18:062 - Compaction completed: 
3012266:COMPACT_START sstable=0 input_files: "datalog/633" input_files: "datalog/634" compactIntoNextLevel: true destinationLevel: 1
2026-05-01 07:30:18:146 - Compaction started: 
140310357087808:Compacting datalog/633 datalog/634 into:sstable1/4bd26312-75ba-4c3b-9aad-6608ea48d929202605010130081777620618148704078.sst
2026-05-01 07:30:18:162 - Compaction completed: 
3012266:COMPACT_START sstable=0 input_files: "datalog/639" input_files: "datalog/640" compactIntoNextLevel: true destinationLevel: 1
3012266:COMPACT_ABORT input_files: "datalog/639" input_files: "datalog/640" compactIntoNextLevel: true destinationLevel: 1
3012266:COMPACT_START sstable=0 input_files: "datalog/641" input_files: "datalog/642" compactIntoNextLevel: true destinationLevel: 1
2026-05-01 07:30:18:260 - Compaction started: 
140310357087808:Compacting datalog/641 datalog/642 into:sstable1/4bd26312-75ba-4c3b-9aad-6608ea48d929202605010130081777620618263210712.sst
2026-05-01 07:30:18:276 - Compaction completed: 
3012266:Task input_files: "datalog/457" input_files: "datalog/458" compactIntoNextLevel: true destinationLevel: 1 is dead (hb=30)
3012266:Task input_files: "datalog/451" input_files: "datalog/452" compactIntoNextLevel: true destinationLevel: 1 is dead (hb=30)
3012266:Found dead task input_files: "datalog/451" input_files: "datalog/452" compactIntoNextLevel: true destinationLevel: 1
3012266:COMPACT_START sstable=0 input_files: "datalog/451" input_files: "datalog/452" compactIntoNextLevel: true destinationLevel: 1
2026-05-01 07:30:18:361 - Compaction started: 
140310357087808:Compacting datalog/451 datalog/452 into:sstable1/4bd26312-75ba-4c3b-9aad-6608ea48d929202605010130081777620618364689424.sst
2026-05-01 07:30:18:378 - Compaction completed: 
3012266:Task input_files: "datalog/465" input_files: "datalog/466" compactIntoNextLevel: true destinationLevel: 1 is dead (hb=30)
3012266:Task input_files: "datalog/459" input_files: "datalog/460" compactIntoNextLevel: true destinationLevel: 1 is dead (hb=30)
3012266:Found dead task input_files: "datalog/459" input_files: "datalog/460" compactIntoNextLevel: true destinationLevel: 1
3012266:COMPACT_START sstable=0 input_files: "datalog/459" input_files: "datalog/460" compactIntoNextLevel: true destinationLevel: 1
2026-05-01 07:30:18:463 - Compaction started: 
140310357087808:Compacting datalog/459 datalog/460 into:sstable1/4bd26312-75ba-4c3b-9aad-6608ea48d929202605010130081777620618466157997.sst
2026-05-01 07:30:18:480 - Compaction completed: 
3012266:Task input_files: "datalog/477" input_files: "datalog/478" compactIntoNextLevel: true destinationLevel: 1 is dead (hb=30)
3012266:Found dead task input_files: "datalog/477" input_files: "datalog/478" compactIntoNextLevel: true destinationLevel: 1
3012266:COMPACT_START sstable=0 input_files: "datalog/477" input_files: "datalog/478" compactIntoNextLevel: true destinationLevel: 1
2026-05-01 07:30:18:564 - Compaction started: 
140310357087808:Compacting datalog/477 datalog/478 into:sstable1/4bd26312-75ba-4c3b-9aad-6608ea48d929202605010130081777620618567434189.sst
2026-05-01 07:30:18:582 - Compaction completed: 
3012266:COMPACT_START sstable=0 input_files: "datalog/661" input_files: "datalog/662" compactIntoNextLevel: true destinationLevel: 1
2026-05-01 07:30:18:665 - Compaction started: 
140310357087808:Compacting datalog/661 datalog/662 into:sstable1/4bd26312-75ba-4c3b-9aad-6608ea48d929202605010130081777620618668561492.sst
2026-05-01 07:30:18:681 - Compaction completed: 
3012266:Task input_files: "datalog/495" input_files: "datalog/496" compactIntoNextLevel: true destinationLevel: 1 is dead (hb=30)
3012266:Task input_files: "datalog/485" input_files: "datalog/486" compactIntoNextLevel: true destinationLevel: 1 is dead (hb=30)
3012266:Found dead task input_files: "datalog/485" input_files: "datalog/486" compactIntoNextLevel: true destinationLevel: 1
3012266:COMPACT_START sstable=0 input_files: "datalog/485" input_files: "datalog/486" compactIntoNextLevel: true destinationLevel: 1
2026-05-01 07:30:18:767 - Compaction started: 
140310357087808:Compacting datalog/485 datalog/486 into:sstable1/4bd26312-75ba-4c3b-9aad-6608ea48d929202605010130081777620618770077103.sst
2026-05-01 07:30:18:784 - Compaction completed: 
3012266:COMPACT_START sstable=0 input_files: "datalog/677" input_files: "datalog/678" compactIntoNextLevel: true destinationLevel: 1
2026-05-01 07:30:18:869 - Compaction started: 
140310357087808:Compacting datalog/677 datalog/678 into:sstable1/4bd26312-75ba-4c3b-9aad-6608ea48d929202605010130081777620618871295477.sst
2026-05-01 07:30:18:884 - Compaction completed: 
3012266:COMPACT_START sstable=0 input_files: "datalog/685" input_files: "datalog/686" compactIntoNextLevel: true destinationLevel: 1
2026-05-01 07:30:18:970 - Compaction started: 
140310357087808:Compacting datalog/685 datalog/686 into:sstable1/4bd26312-75ba-4c3b-9aad-6608ea48d929202605010130081777620618973152068.sst
2026-05-01 07:30:18:986 - Compaction completed: 
3012266:Task input_files: "datalog/513" input_files: "datalog/514" compactIntoNextLevel: true destinationLevel: 1 is dead (hb=30)
3012266:Found dead task input_files: "datalog/513" input_files: "datalog/514" compactIntoNextLevel: true destinationLevel: 1
3012266:COMPACT_START sstable=0 input_files: "datalog/513" input_files: "datalog/514" compactIntoNextLevel: true destinationLevel: 1
2026-05-01 07:30:19:071 - Compaction started: 
140310357087808:Compacting datalog/513 datalog/514 into:sstable1/4bd26312-75ba-4c3b-9aad-6608ea48d929202605010130081777620619074714416.sst
2026-05-01 07:30:19:088 - Compaction completed: 
3012266:COMPACT_START sstable=0 input_files: "datalog/701" input_files: "datalog/702" compactIntoNextLevel: true destinationLevel: 1
3012266:COMPACT_ABORT input_files: "datalog/701" input_files: "datalog/702" compactIntoNextLevel: true destinationLevel: 1
3012266:COMPACT_START sstable=0 input_files: "datalog/703" input_files: "datalog/704" compactIntoNextLevel: true destinationLevel: 1
3012266:COMPACT_ABORT input_files: "datalog/703" input_files: "datalog/704" compactIntoNextLevel: true destinationLevel: 1
3012266:COMPACT_START sstable=0 input_files: "datalog/705" input_files: "datalog/706" compactIntoNextLevel: true destinationLevel: 1
3012266:COMPACT_ABORT input_files: "datalog/705" input_files: "datalog/706" compactIntoNextLevel: true destinationLevel: 1
3012266:COMPACT_START sstable=0 input_files: "datalog/707" input_files: "datalog/708" compactIntoNextLevel: true destinationLevel: 1
3012266:COMPACT_ABORT input_files: "datalog/707" input_files: "datalog/708" compactIntoNextLevel: true destinationLevel: 1
3012266:COMPACT_START sstable=0 input_files: "datalog/715" input_files: "datalog/716" compactIntoNextLevel: true destinationLevel: 1
3012266:COMPACT_ABORT input_files: "datalog/715" input_files: "datalog/716" compactIntoNextLevel: true destinationLevel: 1
3012266:COMPACT_START sstable=0 input_files: "datalog/717" input_files: "datalog/718" compactIntoNextLevel: true destinationLevel: 1
2026-05-01 07:30:19:276 - Compaction started: 
140310357087808:Compacting datalog/717 datalog/718 into:sstable1/4bd26312-75ba-4c3b-9aad-6608ea48d929202605010130081777620619278626900.sst
2026-05-01 07:30:19:291 - Compaction completed: 
3012266:COMPACT_START sstable=0 input_files: "datalog/727" input_files: "datalog/728" compactIntoNextLevel: true destinationLevel: 1
3012266:COMPACT_ABORT input_files: "datalog/727" input_files: "datalog/728" compactIntoNextLevel: true destinationLevel: 1
3012266:COMPACT_START sstable=0 input_files: "datalog/729" input_files: "datalog/730" compactIntoNextLevel: true destinationLevel: 1
2026-05-01 07:30:19:378 - Compaction started: 
140310357087808:Compacting datalog/729 datalog/730 into:sstable1/4bd26312-75ba-4c3b-9aad-6608ea48d929202605010130081777620619380445139.sst
2026-05-01 07:30:19:392 - Compaction completed: 
3012266:COMPACT_START sstable=0 input_files: "datalog/739" input_files: "datalog/740" compactIntoNextLevel: true destinationLevel: 1
2026-05-01 07:30:19:480 - Compaction started: 
140310357087808:Compacting datalog/739 datalog/740 into:sstable1/4bd26312-75ba-4c3b-9aad-6608ea48d929202605010130081777620619482196823.sst
2026-05-01 07:30:19:494 - Compaction completed: 
3012266:COMPACT_START sstable=0 input_files: "datalog/747" input_files: "datalog/748" compactIntoNextLevel: true destinationLevel: 1
2026-05-01 07:30:19:581 - Compaction started: 
140310357087808:Compacting datalog/747 datalog/748 into:sstable1/4bd26312-75ba-4c3b-9aad-6608ea48d929202605010130081777620619583967762.sst
2026-05-01 07:30:19:596 - Compaction completed: 
3012266:Task input_files: "datalog/547" input_files: "datalog/548" compactIntoNextLevel: true destinationLevel: 1 is dead (hb=30)
3012266:Task input_files: "datalog/539" input_files: "datalog/540" compactIntoNextLevel: true destinationLevel: 1 is dead (hb=30)
3012266:Found dead task input_files: "datalog/539" input_files: "datalog/540" compactIntoNextLevel: true destinationLevel: 1
3012266:COMPACT_START sstable=0 input_files: "datalog/539" input_files: "datalog/540" compactIntoNextLevel: true destinationLevel: 1
2026-05-01 07:30:19:683 - Compaction started: 
140310357087808:Compacting datalog/539 datalog/540 into:sstable1/4bd26312-75ba-4c3b-9aad-6608ea48d929202605010130081777620619685735155.sst
2026-05-01 07:30:19:700 - Compaction completed: 
3012266:COMPACT_START sstable=0 input_files: "datalog/755" input_files: "datalog/756" compactIntoNextLevel: true destinationLevel: 1
2026-05-01 07:30:19:784 - Compaction started: 
140310357087808:Compacting datalog/755 datalog/756 into:sstable1/4bd26312-75ba-4c3b-9aad-6608ea48d929202605010130081777620619786753524.sst
2026-05-01 07:30:19:799 - Compaction completed: 
3012266:COMPACT_START sstable=0 input_files: "datalog/761" input_files: "datalog/762" compactIntoNextLevel: true destinationLevel: 1
2026-05-01 07:30:19:895 - Compaction started: 
140310357087808:Compacting datalog/761 datalog/762 into:sstable1/4bd26312-75ba-4c3b-9aad-6608ea48d929202605010130081777620619897504948.sst
2026-05-01 07:30:19:909 - Compaction completed: 
3012266:COMPACT_START sstable=0 input_files: "datalog/771" input_files: "datalog/772" compactIntoNextLevel: true destinationLevel: 1
3012266:COMPACT_ABORT input_files: "datalog/771" input_files: "datalog/772" compactIntoNextLevel: true destinationLevel: 1
3012266:COMPACT_START sstable=0 input_files: "datalog/773" input_files: "datalog/774" compactIntoNextLevel: true destinationLevel: 1
2026-05-01 07:30:19:997 - Compaction started: 
140310357087808:Compacting datalog/773 datalog/774 into:sstable1/4bd26312-75ba-4c3b-9aad-6608ea48d929202605010130081777620619999311416.sst
2026-05-01 07:30:20:012 - Compaction completed: 
3012266:COMPACT_START sstable=0 input_files: "datalog/781" input_files: "datalog/782" compactIntoNextLevel: true destinationLevel: 1
3012266:COMPACT_ABORT input_files: "datalog/781" input_files: "datalog/782" compactIntoNextLevel: true destinationLevel: 1
3012266:COMPACT_START sstable=0 input_files: "datalog/783" input_files: "datalog/784" compactIntoNextLevel: true destinationLevel: 1
2026-05-01 07:30:20:099 - Compaction started: 
140310357087808:Compacting datalog/783 datalog/784 into:sstable1/4bd26312-75ba-4c3b-9aad-6608ea48d929202605010130081777620620101608461.sst
2026-05-01 07:30:20:113 - Compaction completed: 
3012266:Task input_files: "datalog/567" input_files: "datalog/568" compactIntoNextLevel: true destinationLevel: 1 is dead (hb=30)
3012266:Found dead task input_files: "datalog/567" input_files: "datalog/568" compactIntoNextLevel: true destinationLevel: 1
3012266:COMPACT_START sstable=0 input_files: "datalog/567" input_files: "datalog/568" compactIntoNextLevel: true destinationLevel: 1
2026-05-01 07:30:20:200 - Compaction started: 
140310357087808:Compacting datalog/567 datalog/568 into:sstable1/4bd26312-75ba-4c3b-9aad-6608ea48d929202605010130081777620620203285204.sst
2026-05-01 07:30:20:218 - Compaction completed: 
3012266:COMPACT_START sstable=0 input_files: "datalog/795" input_files: "datalog/796" compactIntoNextLevel: true destinationLevel: 1
2026-05-01 07:30:20:301 - Compaction started: 
140310357087808:Compacting datalog/795 datalog/796 into:sstable1/4bd26312-75ba-4c3b-9aad-6608ea48d929202605010130081777620620304598206.sst
2026-05-01 07:30:20:318 - Compaction completed: 
3012266:COMPACT_START sstable=0 input_files: "datalog/803" input_files: "datalog/804" compactIntoNextLevel: true destinationLevel: 1
2026-05-01 07:30:20:403 - Compaction started: 
140310357087808:Compacting datalog/803 datalog/804 into:sstable1/4bd26312-75ba-4c3b-9aad-6608ea48d929202605010130081777620620405841556.sst
2026-05-01 07:30:20:418 - Compaction completed: 
3012266:COMPACT_START sstable=0 input_files: "datalog/811" input_files: "datalog/812" compactIntoNextLevel: true destinationLevel: 1
2026-05-01 07:30:20:504 - Compaction started: 
140310357087808:Compacting datalog/811 datalog/812 into:sstable1/4bd26312-75ba-4c3b-9aad-6608ea48d929202605010130081777620620507245919.sst
2026-05-01 07:30:20:520 - Compaction completed: 
3012266:COMPACT_START sstable=0 input_files: "datalog/819" input_files: "datalog/820" compactIntoNextLevel: true destinationLevel: 1
2026-05-01 07:30:20:606 - Compaction started: 
140310357087808:Compacting datalog/819 datalog/820 into:sstable1/4bd26312-75ba-4c3b-9aad-6608ea48d929202605010130081777620620608816303.sst
2026-05-01 07:30:20:621 - Compaction completed: 
3012266:Task input_files: "datalog/391" input_files: "datalog/392" compactIntoNextLevel: true destinationLevel: 1 is dead (hb=30)
3012266:Task input_files: "datalog/399" input_files: "datalog/400" compactIntoNextLevel: true destinationLevel: 1 is dead (hb=30)
3012266:Task input_files: "datalog/597" input_files: "datalog/598" compactIntoNextLevel: true destinationLevel: 1 is dead (hb=30)
3012266:Found dead task input_files: "datalog/597" input_files: "datalog/598" compactIntoNextLevel: true destinationLevel: 1
3012266:COMPACT_START sstable=0 input_files: "datalog/597" input_files: "datalog/598" compactIntoNextLevel: true destinationLevel: 1
2026-05-01 07:30:20:707 - Compaction started: 
140310357087808:Compacting datalog/597 datalog/598 into:sstable1/4bd26312-75ba-4c3b-9aad-6608ea48d929202605010130081777620620710420260.sst
2026-05-01 07:30:20:724 - Compaction completed: 
3012266:COMPACT_START sstable=0 input_files: "datalog/829" input_files: "datalog/830" compactIntoNextLevel: true destinationLevel: 1
3012266:COMPACT_ABORT input_files: "datalog/829" input_files: "datalog/830" compactIntoNextLevel: true destinationLevel: 1
3012266:COMPACT_START sstable=0 input_files: "datalog/831" input_files: "datalog/832" compactIntoNextLevel: true destinationLevel: 1
3012266:COMPACT_ABORT input_files: "datalog/831" input_files: "datalog/832" compactIntoNextLevel: true destinationLevel: 1
3012266:Task input_files: "datalog/615" input_files: "datalog/616" compactIntoNextLevel: true destinationLevel: 1 is dead (hb=30)
3012266:Found dead task input_files: "datalog/615" input_files: "datalog/616" compactIntoNextLevel: true destinationLevel: 1
3012266:COMPACT_START sstable=0 input_files: "datalog/615" input_files: "datalog/616" compactIntoNextLevel: true destinationLevel: 1
2026-05-01 07:30:20:929 - Compaction started: 
140310357087808:Compacting datalog/615 datalog/616 into:sstable1/4bd26312-75ba-4c3b-9aad-6608ea48d929202605010130081777620620931407261.sst
2026-05-01 07:30:20:944 - Compaction completed: 
3012266:COMPACT_START sstable=0 input_files: "datalog/843" input_files: "datalog/844" compactIntoNextLevel: true destinationLevel: 1
2026-05-01 07:30:21:030 - Compaction started: 
140310357087808:Compacting datalog/843 datalog/844 into:sstable1/4bd26312-75ba-4c3b-9aad-6608ea48d929202605010130081777620621032871286.sst
2026-05-01 07:30:21:045 - Compaction completed: 
3012266:Task input_files: "datalog/629" input_files: "datalog/630" compactIntoNextLevel: true destinationLevel: 1 is dead (hb=30)
3012266:Found dead task input_files: "datalog/629" input_files: "datalog/630" compactIntoNextLevel: true destinationLevel: 1
3012266:COMPACT_START sstable=0 input_files: "datalog/629" input_files: "datalog/630" compactIntoNextLevel: true destinationLevel: 1
2026-05-01 07:30:21:131 - Compaction started: 
140310357087808:Compacting datalog/629 datalog/630 into:sstable1/4bd26312-75ba-4c3b-9aad-6608ea48d929202605010130081777620621134605857.sst
2026-05-01 07:30:21:148 - Compaction completed: 
3012266:COMPACT_START sstable=0 input_files: "datalog/855" input_files: "datalog/856" compactIntoNextLevel: true destinationLevel: 1
2026-05-01 07:30:21:233 - Compaction started: 
140310357087808:Compacting datalog/855 datalog/856 into:sstable1/4bd26312-75ba-4c3b-9aad-6608ea48d929202605010130081777620621236019587.sst
2026-05-01 07:30:21:248 - Compaction completed: 
3012266:COMPACT_START sstable=0 input_files: "datalog/861" input_files: "datalog/862" compactIntoNextLevel: true destinationLevel: 1
3012266:COMPACT_ABORT input_files: "datalog/861" input_files: "datalog/862" compactIntoNextLevel: true destinationLevel: 1
3012266:COMPACT_START sstable=0 input_files: "datalog/863" input_files: "datalog/864" compactIntoNextLevel: true destinationLevel: 1
3012266:COMPACT_ABORT input_files: "datalog/863" input_files: "datalog/864" compactIntoNextLevel: true destinationLevel: 1
3012266:COMPACT_START sstable=0 input_files: "datalog/867" input_files: "datalog/868" compactIntoNextLevel: true destinationLevel: 1
2026-05-01 07:30:21:455 - Compaction started: 
140310357087808:Compacting datalog/867 datalog/868 into:sstable1/4bd26312-75ba-4c3b-9aad-6608ea48d929202605010130081777620621457422629.sst
2026-05-01 07:30:21:469 - Compaction completed: 
3012266:COMPACT_START sstable=1 input_files: "sstable1/fc380011-e08b-4c93-bfdc-0a19873ebbbe202605010130081777620608973855549.sst" input_files: "sstable1/7babbd60-3e4d-4e96-827f-e6bb03534eab202605010130081777620609072550964.sst" compactIntoNextLevel: true destinationLevel: 2
3012266:COMPACT_ABORT input_files: "sstable1/fc380011-e08b-4c93-bfdc-0a19873ebbbe202605010130081777620608973855549.sst" input_files: "sstable1/7babbd60-3e4d-4e96-827f-e6bb03534eab202605010130081777620609072550964.sst" compactIntoNextLevel: true destinationLevel: 2
3012266:COMPACT_START sstable=1 input_files: "sstable1/4bd26312-75ba-4c3b-9aad-6608ea48d929202605010130081777620612151045539.sst" input_files: "sstable1/49e14288-ac4e-44cd-a51f-033e9320e4da202605010130081777620609063060764.sst" compactIntoNextLevel: true destinationLevel: 2
3012266:COMPACT_ABORT input_files: "sstable1/4bd26312-75ba-4c3b-9aad-6608ea48d929202605010130081777620612151045539.sst" input_files: "sstable1/49e14288-ac4e-44cd-a51f-033e9320e4da202605010130081777620609063060764.sst" compactIntoNextLevel: true destinationLevel: 2
3012266:COMPACT_START sstable=1 input_files: "sstable1/4bd26312-75ba-4c3b-9aad-6608ea48d929202605010130081777620609172189877.sst" input_files: "sstable1/7babbd60-3e4d-4e96-827f-e6bb03534eab202605010130081777620609211758903.sst" compactIntoNextLevel: true destinationLevel: 2
2026-05-01 07:30:21:558 - Compaction started: 
140310357087808:Compacting sstable1/4bd26312-75ba-4c3b-9aad-6608ea48d929202605010130081777620609172189877.sst sstable1/7babbd60-3e4d-4e96-827f-e6bb03534eab202605010130081777620609211758903.sst into:sstable2/4bd26312-75ba-4c3b-9aad-6608ea48d929202605010130081777620621581360313.sst
2026-05-01 07:30:21:615 - Compaction completed: 
3012266:COMPACT_START sstable=1 input_files: "sstable1/fc380011-e08b-4c93-bfdc-0a19873ebbbe202605010130081777620609365051876.sst" input_files: "sstable1/49e14288-ac4e-44cd-a51f-033e9320e4da202605010130081777620609497752296.sst" compactIntoNextLevel: true destinationLevel: 2
2026-05-01 07:30:21:659 - Compaction started: 
140310357087808:Compacting sstable1/fc380011-e08b-4c93-bfdc-0a19873ebbbe202605010130081777620609365051876.sst sstable1/49e14288-ac4e-44cd-a51f-033e9320e4da202605010130081777620609497752296.sst into:sstable2/4bd26312-75ba-4c3b-9aad-6608ea48d929202605010130081777620621682836380.sst
2026-05-01 07:30:21:720 - Compaction completed: 
3012266:COMPACT_START sstable=1 input_files: "sstable1/4bd26312-75ba-4c3b-9aad-6608ea48d929202605010130081777620612673717560.sst" input_files: "sstable1/49e14288-ac4e-44cd-a51f-033e9320e4da202605010130081777620609754111076.sst" compactIntoNextLevel: true destinationLevel: 2
2026-05-01 07:30:21:761 - Compaction started: 
140310357087808:Compacting sstable1/4bd26312-75ba-4c3b-9aad-6608ea48d929202605010130081777620612673717560.sst sstable1/49e14288-ac4e-44cd-a51f-033e9320e4da202605010130081777620609754111076.sst into:sstable2/4bd26312-75ba-4c3b-9aad-6608ea48d929202605010130081777620621785680521.sst
2026-05-01 07:30:21:824 - Compaction completed: 
3012266:COMPACT_START sstable=1 input_files: "sstable1/fc380011-e08b-4c93-bfdc-0a19873ebbbe202605010130081777620612925964231.sst" input_files: "sstable1/49e14288-ac4e-44cd-a51f-033e9320e4da202605010130081777620615956627692.sst" compactIntoNextLevel: true destinationLevel: 2
2026-05-01 07:30:21:863 - Compaction started: 
140310357087808:Compacting sstable1/fc380011-e08b-4c93-bfdc-0a19873ebbbe202605010130081777620612925964231.sst sstable1/49e14288-ac4e-44cd-a51f-033e9320e4da202605010130081777620615956627692.sst into:sstable2/4bd26312-75ba-4c3b-9aad-6608ea48d929202605010130081777620621885066189.sst
2026-05-01 07:30:21:920 - Compaction completed: 
3012266:COMPACT_START sstable=1 input_files: "sstable1/fc380011-e08b-4c93-bfdc-0a19873ebbbe202605010130081777620616172724277.sst" input_files: "sstable1/49e14288-ac4e-44cd-a51f-033e9320e4da202605010130081777620609998650460.sst" compactIntoNextLevel: true destinationLevel: 2
2026-05-01 07:30:21:964 - Compaction started: 
140310357087808:Compacting sstable1/fc380011-e08b-4c93-bfdc-0a19873ebbbe202605010130081777620616172724277.sst sstable1/49e14288-ac4e-44cd-a51f-033e9320e4da202605010130081777620609998650460.sst into:sstable2/4bd26312-75ba-4c3b-9aad-6608ea48d929202605010130081777620621989171014.sst
2026-05-01 07:30:22:028 - Compaction completed: 
3012266:COMPACT_START sstable=1 input_files: "sstable1/fc380011-e08b-4c93-bfdc-0a19873ebbbe202605010130081777620610177287954.sst" input_files: "sstable1/4bd26312-75ba-4c3b-9aad-6608ea48d929202605010130081777620613301821443.sst" compactIntoNextLevel: true destinationLevel: 2
2026-05-01 07:30:22:072 - Compaction started: 
140310357087808:Compacting sstable1/fc380011-e08b-4c93-bfdc-0a19873ebbbe202605010130081777620610177287954.sst sstable1/4bd26312-75ba-4c3b-9aad-6608ea48d929202605010130081777620613301821443.sst into:sstable2/4bd26312-75ba-4c3b-9aad-6608ea48d929202605010130081777620622099923861.sst
2026-05-01 07:30:22:137 - Compaction completed: 
3012266:Task input_files: "datalog/705" input_files: "datalog/706" compactIntoNextLevel: true destinationLevel: 1 is dead (hb=30)
3012266:Task input_files: "datalog/703" input_files: "datalog/704" compactIntoNextLevel: true destinationLevel: 1 is dead (hb=30)
3012266:Task input_files: "datalog/701" input_files: "datalog/702" compactIntoNextLevel: true destinationLevel: 1 is dead (hb=30)
3012266:Found dead task input_files: "datalog/701" input_files: "datalog/702" compactIntoNextLevel: true destinationLevel: 1
3012266:COMPACT_START sstable=0 input_files: "datalog/701" input_files: "datalog/702" compactIntoNextLevel: true destinationLevel: 1
2026-05-01 07:30:22:174 - Compaction started: 
140310357087808:Compacting datalog/701 datalog/702 into:sstable1/4bd26312-75ba-4c3b-9aad-6608ea48d929202605010130081777620622177607597.sst
2026-05-01 07:30:22:194 - Compaction completed: 
3012266:Task input_files: "datalog/707" input_files: "datalog/708" compactIntoNextLevel: true destinationLevel: 1 is dead (hb=30)
3012266:Task input_files: "datalog/715" input_files: "datalog/716" compactIntoNextLevel: true destinationLevel: 1 is dead (hb=30)
3012266:Found dead task input_files: "datalog/715" input_files: "datalog/716" compactIntoNextLevel: true destinationLevel: 1
3012266:COMPACT_START sstable=0 input_files: "datalog/715" input_files: "datalog/716" compactIntoNextLevel: true destinationLevel: 1
3012266:COMPACT_ABORT input_files: "datalog/715" input_files: "datalog/716" compactIntoNextLevel: true destinationLevel: 1
3012266:Task input_files: "datalog/727" input_files: "datalog/728" compactIntoNextLevel: true destinationLevel: 1 is dead (hb=30)
3012266:Found dead task input_files: "datalog/727" input_files: "datalog/728" compactIntoNextLevel: true destinationLevel: 1
3012266:COMPACT_START sstable=0 input_files: "datalog/727" input_files: "datalog/728" compactIntoNextLevel: true destinationLevel: 1
3012266:COMPACT_ABORT input_files: "datalog/727" input_files: "datalog/728" compactIntoNextLevel: true destinationLevel: 1
3012266:COMPACT_START sstable=1 input_files: "sstable1/4bd26312-75ba-4c3b-9aad-6608ea48d929202605010130081777620613506335355.sst" input_files: "sstable1/7babbd60-3e4d-4e96-827f-e6bb03534eab202605010130081777620610467481801.sst" compactIntoNextLevel: true destinationLevel: 2
2026-05-01 07:30:22:484 - Compaction started: 
140310357087808:Compacting sstable1/4bd26312-75ba-4c3b-9aad-6608ea48d929202605010130081777620613506335355.sst sstable1/7babbd60-3e4d-4e96-827f-e6bb03534eab202605010130081777620610467481801.sst into:sstable2/4bd26312-75ba-4c3b-9aad-6608ea48d929202605010130081777620622510001944.sst
2026-05-01 07:30:22:545 - Compaction completed: 
3012266:COMPACT_START sstable=1 input_files: "sstable1/4bd26312-75ba-4c3b-9aad-6608ea48d929202605010130081777620610526336931.sst" input_files: "sstable1/7babbd60-3e4d-4e96-827f-e6bb03534eab202605010130081777620610570127470.sst" compactIntoNextLevel: true destinationLevel: 2
2026-05-01 07:30:22:587 - Compaction started: 
140310357087808:Compacting sstable1/4bd26312-75ba-4c3b-9aad-6608ea48d929202605010130081777620610526336931.sst sstable1/7babbd60-3e4d-4e96-827f-e6bb03534eab202605010130081777620610570127470.sst into:sstable2/4bd26312-75ba-4c3b-9aad-6608ea48d929202605010130081777620622609723862.sst
2026-05-01 07:30:22:645 - Compaction completed: 
3012266:COMPACT_START sstable=1 input_files: "sstable1/4bd26312-75ba-4c3b-9aad-6608ea48d929202605010130081777620610629430931.sst" input_files: "sstable1/7babbd60-3e4d-4e96-827f-e6bb03534eab202605010130081777620610671894693.sst" compactIntoNextLevel: true destinationLevel: 2
2026-05-01 07:30:22:688 - Compaction started: 
140310357087808:Compacting sstable1/4bd26312-75ba-4c3b-9aad-6608ea48d929202605010130081777620610629430931.sst sstable1/7babbd60-3e4d-4e96-827f-e6bb03534eab202605010130081777620610671894693.sst into:sstable2/4bd26312-75ba-4c3b-9aad-6608ea48d929202605010130081777620622712364622.sst
2026-05-01 07:30:22:750 - Compaction completed: 
3012266:COMPACT_START sstable=1 input_files: "sstable1/4bd26312-75ba-4c3b-9aad-6608ea48d929202605010130081777620610830861793.sst" input_files: "sstable1/7babbd60-3e4d-4e96-827f-e6bb03534eab202605010130081777620610872618360.sst" compactIntoNextLevel: true destinationLevel: 2
3012266:COMPACT_ABORT input_files: "sstable1/4bd26312-75ba-4c3b-9aad-6608ea48d929202605010130081777620610830861793.sst" input_files: "sstable1/7babbd60-3e4d-4e96-827f-e6bb03534eab202605010130081777620610872618360.sst" compactIntoNextLevel: true destinationLevel: 2
3012266:COMPACT_START sstable=1 input_files: "sstable1/7babbd60-3e4d-4e96-827f-e6bb03534eab202605010130081777620614171574632.sst" input_files: "sstable1/7babbd60-3e4d-4e96-827f-e6bb03534eab202605010130081777620611075101845.sst" compactIntoNextLevel: true destinationLevel: 2
3012266:COMPACT_ABORT input_files: "sstable1/7babbd60-3e4d-4e96-827f-e6bb03534eab202605010130081777620614171574632.sst" input_files: "sstable1/7babbd60-3e4d-4e96-827f-e6bb03534eab202605010130081777620611075101845.sst" compactIntoNextLevel: true destinationLevel: 2
3012266:Task input_files: "datalog/771" input_files: "datalog/772" compactIntoNextLevel: true destinationLevel: 1 is dead (hb=30)
3012266:Found dead task input_files: "datalog/771" input_files: "datalog/772" compactIntoNextLevel: true destinationLevel: 1
3012266:COMPACT_START sstable=0 input_files: "datalog/771" input_files: "datalog/772" compactIntoNextLevel: true destinationLevel: 1
2026-05-01 07:30:22:994 - Compaction started: 
140310357087808:Compacting datalog/771 datalog/772 into:sstable1/4bd26312-75ba-4c3b-9aad-6608ea48d929202605010130081777620622997212608.sst
2026-05-01 07:30:23:012 - Compaction completed: 
3012266:Task input_files: "datalog/781" input_files: "datalog/782" compactIntoNextLevel: true destinationLevel: 1 is dead (hb=30)
3012266:Found dead task input_files: "datalog/781" input_files: "datalog/782" compactIntoNextLevel: true destinationLevel: 1
3012266:COMPACT_START sstable=0 input_files: "datalog/781" input_files: "datalog/782" compactIntoNextLevel: true destinationLevel: 1
2026-05-01 07:30:23:096 - Compaction started: 
140310357087808:Compacting datalog/781 datalog/782 into:sstable1/4bd26312-75ba-4c3b-9aad-6608ea48d929202605010130081777620623099055984.sst
2026-05-01 07:30:23:112 - Compaction completed: 
3012266:COMPACT_START sstable=1 input_files: "sstable1/fc380011-e08b-4c93-bfdc-0a19873ebbbe202605010130081777620611495803112.sst" input_files: "sstable1/49e14288-ac4e-44cd-a51f-033e9320e4da202605010130081777620611511712225.sst" compactIntoNextLevel: true destinationLevel: 2
2026-05-01 07:30:23:200 - Compaction started: 
140310357087808:Compacting sstable1/fc380011-e08b-4c93-bfdc-0a19873ebbbe202605010130081777620611495803112.sst sstable1/49e14288-ac4e-44cd-a51f-033e9320e4da202605010130081777620611511712225.sst into:sstable2/4bd26312-75ba-4c3b-9aad-6608ea48d929202605010130081777620623223972372.sst
2026-05-01 07:30:23:260 - Compaction completed: 
3012266:COMPACT_START sstable=1 input_files: "sstable1/fc380011-e08b-4c93-bfdc-0a19873ebbbe202605010130081777620614753067058.sst" input_files: "sstable1/fc380011-e08b-4c93-bfdc-0a19873ebbbe202605010130081777620611699309856.sst" compactIntoNextLevel: true destinationLevel: 2
3012266:COMPACT_ABORT input_files: "sstable1/fc380011-e08b-4c93-bfdc-0a19873ebbbe202605010130081777620614753067058.sst" input_files: "sstable1/fc380011-e08b-4c93-bfdc-0a19873ebbbe202605010130081777620611699309856.sst" compactIntoNextLevel: true destinationLevel: 2
3012266:Task input_files: "datalog/799" input_files: "datalog/800" compactIntoNextLevel: true destinationLevel: 1 is dead (hb=30)
3012266:Found dead task input_files: "datalog/799" input_files: "datalog/800" compactIntoNextLevel: true destinationLevel: 1
3012266:COMPACT_START sstable=0 input_files: "datalog/799" input_files: "datalog/800" compactIntoNextLevel: true destinationLevel: 1
3012266:COMPACT_ABORT input_files: "datalog/799" input_files: "datalog/800" compactIntoNextLevel: true destinationLevel: 1
3012266:COMPACT_START sstable=1 input_files: "sstable1/49e14288-ac4e-44cd-a51f-033e9320e4da202605010130081777620611816357783.sst" input_files: "sstable1/4bd26312-75ba-4c3b-9aad-6608ea48d929202605010130081777620611846089469.sst" compactIntoNextLevel: true destinationLevel: 2
2026-05-01 07:30:23:403 - Compaction started: 
140310357087808:Compacting sstable1/49e14288-ac4e-44cd-a51f-033e9320e4da202605010130081777620611816357783.sst sstable1/4bd26312-75ba-4c3b-9aad-6608ea48d929202605010130081777620611846089469.sst into:sstable2/4bd26312-75ba-4c3b-9aad-6608ea48d929202605010130081777620623424180382.sst
2026-05-01 07:30:23:456 - Compaction completed: 
3012266:COMPACT_START sstable=1 input_files: "sstable1/fc380011-e08b-4c93-bfdc-0a19873ebbbe202605010130081777620612006197197.sst" input_files: "sstable1/49e14288-ac4e-44cd-a51f-033e9320e4da202605010130081777620618161913811.sst" compactIntoNextLevel: true destinationLevel: 2
3012266:COMPACT_ABORT input_files: "sstable1/fc380011-e08b-4c93-bfdc-0a19873ebbbe202605010130081777620612006197197.sst" input_files: "sstable1/49e14288-ac4e-44cd-a51f-033e9320e4da202605010130081777620618161913811.sst" compactIntoNextLevel: true destinationLevel: 2
3012266:COMPACT_START sstable=1 input_files: "sstable1/4bd26312-75ba-4c3b-9aad-6608ea48d929202605010130081777620612049901334.sst" input_files: "sstable1/7babbd60-3e4d-4e96-827f-e6bb03534eab202605010130081777620612094303370.sst" compactIntoNextLevel: true destinationLevel: 2
3012266:COMPACT_ABORT input_files: "sstable1/4bd26312-75ba-4c3b-9aad-6608ea48d929202605010130081777620612049901334.sst" input_files: "sstable1/7babbd60-3e4d-4e96-827f-e6bb03534eab202605010130081777620612094303370.sst" compactIntoNextLevel: true destinationLevel: 2
3012266:COMPACT_START sstable=1 input_files: "sstable1/fc380011-e08b-4c93-bfdc-0a19873ebbbe202605010130081777620612108125561.sst" input_files: "sstable1/49e14288-ac4e-44cd-a51f-033e9320e4da202605010130081777620615245454557.sst" compactIntoNextLevel: true destinationLevel: 2
3012266:COMPACT_ABORT input_files: "sstable1/fc380011-e08b-4c93-bfdc-0a19873ebbbe202605010130081777620612108125561.sst" input_files: "sstable1/49e14288-ac4e-44cd-a51f-033e9320e4da202605010130081777620615245454557.sst" compactIntoNextLevel: true destinationLevel: 2
3012266:COMPACT_START sstable=1 input_files: "sstable1/7babbd60-3e4d-4e96-827f-e6bb03534eab202605010130081777620612409083176.sst" input_files: "sstable1/7babbd60-3e4d-4e96-827f-e6bb03534eab202605010130081777620615491439861.sst" compactIntoNextLevel: true destinationLevel: 2
2026-05-01 07:30:23:607 - Compaction started: 
140310357087808:Compacting sstable1/7babbd60-3e4d-4e96-827f-e6bb03534eab202605010130081777620612409083176.sst sstable1/7babbd60-3e4d-4e96-827f-e6bb03534eab202605010130081777620615491439861.sst into:sstable2/4bd26312-75ba-4c3b-9aad-6608ea48d929202605010130081777620623628791135.sst
2026-05-01 07:30:23:662 - Compaction completed: 
3012266:COMPACT_START sstable=1 input_files: "sstable1/49e14288-ac4e-44cd-a51f-033e9320e4da202605010130081777620612580577940.sst" input_files: "sstable1/fc380011-e08b-4c93-bfdc-0a19873ebbbe202605010130081777620612618093417.sst" compactIntoNextLevel: true destinationLevel: 2
3012266:COMPACT_ABORT input_files: "sstable1/49e14288-ac4e-44cd-a51f-033e9320e4da202605010130081777620612580577940.sst" input_files: "sstable1/fc380011-e08b-4c93-bfdc-0a19873ebbbe202605010130081777620612618093417.sst" compactIntoNextLevel: true destinationLevel: 2
3012266:Task input_files: "datalog/829" input_files: "datalog/830" compactIntoNextLevel: true destinationLevel: 1 is dead (hb=30)
3012266:Found dead task input_files: "datalog/829" input_files: "datalog/830" compactIntoNextLevel: true destinationLevel: 1
3012266:COMPACT_START sstable=0 input_files: "datalog/829" input_files: "datalog/830" compactIntoNextLevel: true destinationLevel: 1
2026-05-01 07:30:23:810 - Compaction started: 
140310357087808:Compacting datalog/829 datalog/830 into:sstable1/4bd26312-75ba-4c3b-9aad-6608ea48d929202605010130081777620623813114968.sst
2026-05-01 07:30:23:825 - Compaction completed: 
3012266:Task input_files: "datalog/831" input_files: "datalog/832" compactIntoNextLevel: true destinationLevel: 1 is dead (hb=30)
3012266:Found dead task input_files: "datalog/831" input_files: "datalog/832" compactIntoNextLevel: true destinationLevel: 1
3012266:COMPACT_START sstable=0 input_files: "datalog/831" input_files: "datalog/832" compactIntoNextLevel: true destinationLevel: 1
3012266:COMPACT_ABORT input_files: "datalog/831" input_files: "datalog/832" compactIntoNextLevel: true destinationLevel: 1
3012266:COMPACT_START sstable=1 input_files: "sstable1/49e14288-ac4e-44cd-a51f-033e9320e4da202605010130081777620613105738887.sst" input_files: "sstable1/fc380011-e08b-4c93-bfdc-0a19873ebbbe202605010130081777620613130525142.sst" compactIntoNextLevel: true destinationLevel: 2
3012266:COMPACT_ABORT input_files: "sstable1/49e14288-ac4e-44cd-a51f-033e9320e4da202605010130081777620613105738887.sst" input_files: "sstable1/fc380011-e08b-4c93-bfdc-0a19873ebbbe202605010130081777620613130525142.sst" compactIntoNextLevel: true destinationLevel: 2
3012266:COMPACT_START sstable=1 input_files: "sstable1/4bd26312-75ba-4c3b-9aad-6608ea48d929202605010130081777620616266229582.sst" input_files: "sstable1/49e14288-ac4e-44cd-a51f-033e9320e4da202605010130081777620613207830899.sst" compactIntoNextLevel: true destinationLevel: 2
3012266:COMPACT_ABORT input_files: "sstable1/4bd26312-75ba-4c3b-9aad-6608ea48d929202605010130081777620616266229582.sst" input_files: "sstable1/49e14288-ac4e-44cd-a51f-033e9320e4da202605010130081777620613207830899.sst" compactIntoNextLevel: true destinationLevel: 2
3012266:COMPACT_START sstable=1 input_files: "sstable1/7babbd60-3e4d-4e96-827f-e6bb03534eab202605010130081777620613358228224.sst" input_files: "sstable1/49e14288-ac4e-44cd-a51f-033e9320e4da202605010130081777620613413159387.sst" compactIntoNextLevel: true destinationLevel: 2
2026-05-01 07:30:24:015 - Compaction started: 
140310357087808:Compacting sstable1/7babbd60-3e4d-4e96-827f-e6bb03534eab202605010130081777620613358228224.sst sstable1/49e14288-ac4e-44cd-a51f-033e9320e4da202605010130081777620613413159387.sst into:sstable2/4bd26312-75ba-4c3b-9aad-6608ea48d929202605010130081777620624036199533.sst
2026-05-01 07:30:24:070 - Compaction completed: 
3012266:COMPACT_START sstable=1 input_files: "sstable1/49e14288-ac4e-44cd-a51f-033e9320e4da202605010130081777620613720490460.sst" input_files: "sstable1/fc380011-e08b-4c93-bfdc-0a19873ebbbe202605010130081777620613739889195.sst" compactIntoNextLevel: true destinationLevel: 2
3012266:COMPACT_ABORT input_files: "sstable1/49e14288-ac4e-44cd-a51f-033e9320e4da202605010130081777620613720490460.sst" input_files: "sstable1/fc380011-e08b-4c93-bfdc-0a19873ebbbe202605010130081777620613739889195.sst" compactIntoNextLevel: true destinationLevel: 2
3012266:Task input_files: "datalog/847" input_files: "datalog/848" compactIntoNextLevel: true destinationLevel: 1 is dead (hb=30)
3012266:Found dead task input_files: "datalog/847" input_files: "datalog/848" compactIntoNextLevel: true destinationLevel: 1
3012266:COMPACT_START sstable=0 input_files: "datalog/847" input_files: "datalog/848" compactIntoNextLevel: true destinationLevel: 1
2026-05-01 07:30:24:218 - Compaction started: 
140310357087808:Compacting datalog/847 datalog/848 into:sstable1/4bd26312-75ba-4c3b-9aad-6608ea48d929202605010130081777620624220795927.sst
2026-05-01 07:30:24:234 - Compaction completed: 
3012266:Task input_files: "datalog/861" input_files: "datalog/862" compactIntoNextLevel: true destinationLevel: 1 is dead (hb=30)
3012266:Task input_files: "datalog/851" input_files: "datalog/852" compactIntoNextLevel: true destinationLevel: 1 is dead (hb=30)
3012266:Found dead task input_files: "datalog/851" input_files: "datalog/852" compactIntoNextLevel: true destinationLevel: 1
3012266:COMPACT_START sstable=0 input_files: "datalog/851" input_files: "datalog/852" compactIntoNextLevel: true destinationLevel: 1
2026-05-01 07:30:24:320 - Compaction started: 
140310357087808:Compacting datalog/851 datalog/852 into:sstable1/4bd26312-75ba-4c3b-9aad-6608ea48d929202605010130081777620624322579571.sst
2026-05-01 07:30:24:335 - Compaction completed: 
3012266:COMPACT_START sstable=1 input_files: "sstable1/7babbd60-3e4d-4e96-827f-e6bb03534eab202605010130081777620614069627833.sst" input_files: "sstable1/49e14288-ac4e-44cd-a51f-033e9320e4da202605010130081777620614127402968.sst" compactIntoNextLevel: true destinationLevel: 2
3012266:COMPACT_ABORT input_files: "sstable1/7babbd60-3e4d-4e96-827f-e6bb03534eab202605010130081777620614069627833.sst" input_files: "sstable1/49e14288-ac4e-44cd-a51f-033e9320e4da202605010130081777620614127402968.sst" compactIntoNextLevel: true destinationLevel: 2
3012266:COMPACT_START sstable=1 input_files: "sstable1/fc380011-e08b-4c93-bfdc-0a19873ebbbe202605010130081777620614144972173.sst" input_files: "sstable1/4bd26312-75ba-4c3b-9aad-6608ea48d929202605010130081777620614218209985.sst" compactIntoNextLevel: true destinationLevel: 2
2026-05-01 07:30:24:422 - Compaction started: 
140310357087808:Compacting sstable1/fc380011-e08b-4c93-bfdc-0a19873ebbbe202605010130081777620614144972173.sst sstable1/4bd26312-75ba-4c3b-9aad-6608ea48d929202605010130081777620614218209985.sst into:sstable2/4bd26312-75ba-4c3b-9aad-6608ea48d929202605010130081777620624444021636.sst
2026-05-01 07:30:24:478 - Compaction completed: 
3012266:Task input_files: "datalog/863" input_files: "datalog/864" compactIntoNextLevel: true destinationLevel: 1 is dead (hb=30)
3012266:Found dead task input_files: "datalog/863" input_files: "datalog/864" compactIntoNextLevel: true destinationLevel: 1
3012266:COMPACT_START sstable=0 input_files: "datalog/863" input_files: "datalog/864" compactIntoNextLevel: true destinationLevel: 1
3012266:COMPACT_ABORT input_files: "datalog/863" input_files: "datalog/864" compactIntoNextLevel: true destinationLevel: 1
3012266:COMPACT_START sstable=1 input_files: "sstable1/7babbd60-3e4d-4e96-827f-e6bb03534eab202605010130081777620614374177852.sst" input_files: "sstable1/4bd26312-75ba-4c3b-9aad-6608ea48d929202605010130081777620614421497728.sst" compactIntoNextLevel: true destinationLevel: 2
2026-05-01 07:30:24:525 - Compaction started: 
140310357087808:Compacting sstable1/7babbd60-3e4d-4e96-827f-e6bb03534eab202605010130081777620614374177852.sst sstable1/4bd26312-75ba-4c3b-9aad-6608ea48d929202605010130081777620614421497728.sst into:sstable2/4bd26312-75ba-4c3b-9aad-6608ea48d929202605010130081777620624545394360.sst
2026-05-01 07:30:24:578 - Compaction completed: 
3012266:Task input_files: "sstable1/4bd26312-75ba-4c3b-9aad-6608ea48d929202605010130081777620612151045539.sst" input_files: "sstable1/49e14288-ac4e-44cd-a51f-033e9320e4da202605010130081777620609063060764.sst" compactIntoNextLevel: true destinationLevel: 2 is dead (hb=30)
3012266:Task input_files: "sstable1/fc380011-e08b-4c93-bfdc-0a19873ebbbe202605010130081777620608973855549.sst" input_files: "sstable1/7babbd60-3e4d-4e96-827f-e6bb03534eab202605010130081777620609072550964.sst" compactIntoNextLevel: true destinationLevel: 2 is dead (hb=30)
3012266:Found dead task input_files: "sstable1/fc380011-e08b-4c93-bfdc-0a19873ebbbe202605010130081777620608973855549.sst" input_files: "sstable1/7babbd60-3e4d-4e96-827f-e6bb03534eab202605010130081777620609072550964.sst" compactIntoNextLevel: true destinationLevel: 2
3012266:COMPACT_START sstable=1 input_files: "sstable1/fc380011-e08b-4c93-bfdc-0a19873ebbbe202605010130081777620608973855549.sst" input_files: "sstable1/7babbd60-3e4d-4e96-827f-e6bb03534eab202605010130081777620609072550964.sst" compactIntoNextLevel: true destinationLevel: 2
3012266:COMPACT_ABORT input_files: "sstable1/fc380011-e08b-4c93-bfdc-0a19873ebbbe202605010130081777620608973855549.sst" input_files: "sstable1/7babbd60-3e4d-4e96-827f-e6bb03534eab202605010130081777620609072550964.sst" compactIntoNextLevel: true destinationLevel: 2
3012266:Found dead task input_files: "sstable1/4bd26312-75ba-4c3b-9aad-6608ea48d929202605010130081777620612151045539.sst" input_files: "sstable1/49e14288-ac4e-44cd-a51f-033e9320e4da202605010130081777620609063060764.sst" compactIntoNextLevel: true destinationLevel: 2
3012266:COMPACT_START sstable=1 input_files: "sstable1/4bd26312-75ba-4c3b-9aad-6608ea48d929202605010130081777620612151045539.sst" input_files: "sstable1/49e14288-ac4e-44cd-a51f-033e9320e4da202605010130081777620609063060764.sst" compactIntoNextLevel: true destinationLevel: 2
3012266:COMPACT_ABORT input_files: "sstable1/4bd26312-75ba-4c3b-9aad-6608ea48d929202605010130081777620612151045539.sst" input_files: "sstable1/49e14288-ac4e-44cd-a51f-033e9320e4da202605010130081777620609063060764.sst" compactIntoNextLevel: true destinationLevel: 2
3012266:COMPACT_START sstable=1 input_files: "sstable1/49e14288-ac4e-44cd-a51f-033e9320e4da202605010130081777620614636211010.sst" input_files: "sstable1/fc380011-e08b-4c93-bfdc-0a19873ebbbe202605010130081777620614651748546.sst" compactIntoNextLevel: true destinationLevel: 2
2026-05-01 07:30:24:728 - Compaction started: 
140310357087808:Compacting sstable1/49e14288-ac4e-44cd-a51f-033e9320e4da202605010130081777620614636211010.sst sstable1/fc380011-e08b-4c93-bfdc-0a19873ebbbe202605010130081777620614651748546.sst into:sstable2/4bd26312-75ba-4c3b-9aad-6608ea48d929202605010130081777620624749530674.sst
2026-05-01 07:30:24:786 - Compaction completed: 
3012266:COMPACT_START sstable=1 input_files: "sstable1/49e14288-ac4e-44cd-a51f-033e9320e4da202605010130081777620614839448439.sst" input_files: "sstable1/fc380011-e08b-4c93-bfdc-0a19873ebbbe202605010130081777620614854106346.sst" compactIntoNextLevel: true destinationLevel: 2
2026-05-01 07:30:24:829 - Compaction started: 
140310357087808:Compacting sstable1/49e14288-ac4e-44cd-a51f-033e9320e4da202605010130081777620614839448439.sst sstable1/fc380011-e08b-4c93-bfdc-0a19873ebbbe202605010130081777620614854106346.sst into:sstable2/4bd26312-75ba-4c3b-9aad-6608ea48d929202605010130081777620624850878801.sst
2026-05-01 07:30:24:885 - Compaction completed: 
3012266:COMPACT_START sstable=1 input_files: "sstable1/7babbd60-3e4d-4e96-827f-e6bb03534eab202605010130081777620615085243435.sst" input_files: "sstable1/4bd26312-75ba-4c3b-9aad-6608ea48d929202605010130081777620615131423354.sst" compactIntoNextLevel: true destinationLevel: 2
2026-05-01 07:30:24:931 - Compaction started: 
140310357087808:Compacting sstable1/7babbd60-3e4d-4e96-827f-e6bb03534eab202605010130081777620615085243435.sst sstable1/4bd26312-75ba-4c3b-9aad-6608ea48d929202605010130081777620615131423354.sst into:sstable2/4bd26312-75ba-4c3b-9aad-6608ea48d929202605010130081777620624950564742.sst
2026-05-01 07:30:24:980 - Compaction completed: 
3012266:COMPACT_START sstable=1 input_files: "sstable1/fc380011-e08b-4c93-bfdc-0a19873ebbbe202605010130081777620615259620703.sst" input_files: "sstable1/4bd26312-75ba-4c3b-9aad-6608ea48d929202605010130081777620618364689424.sst" compactIntoNextLevel: true destinationLevel: 2
2026-05-01 07:30:25:034 - Compaction started: 
140310357087808:Compacting sstable1/fc380011-e08b-4c93-bfdc-0a19873ebbbe202605010130081777620615259620703.sst sstable1/4bd26312-75ba-4c3b-9aad-6608ea48d929202605010130081777620618364689424.sst into:sstable2/4bd26312-75ba-4c3b-9aad-6608ea48d929202605010130081777620625053475419.sst
2026-05-01 07:30:25:084 - Compaction completed: 
3012266:COMPACT_START sstable=1 input_files: "sstable1/fc380011-e08b-4c93-bfdc-0a19873ebbbe202605010130081777620618502217243.sst" input_files: "sstable1/49e14288-ac4e-44cd-a51f-033e9320e4da202605010130081777620615448376384.sst" compactIntoNextLevel: true destinationLevel: 2
2026-05-01 07:30:25:137 - Compaction started: 
140310357087808:Compacting sstable1/fc380011-e08b-4c93-bfdc-0a19873ebbbe202605010130081777620618502217243.sst sstable1/49e14288-ac4e-44cd-a51f-033e9320e4da202605010130081777620615448376384.sst into:sstable2/4bd26312-75ba-4c3b-9aad-6608ea48d929202605010130081777620625155758839.sst
2026-05-01 07:30:25:186 - Compaction completed: 
3012266:COMPACT_START sstable=1 input_files: "sstable1/4bd26312-75ba-4c3b-9aad-6608ea48d929202605010130081777620618567434189.sst" input_files: "sstable1/7babbd60-3e4d-4e96-827f-e6bb03534eab202605010130081777620615593344121.sst" compactIntoNextLevel: true destinationLevel: 2
2026-05-01 07:30:25:239 - Compaction started: 
140310357087808:Compacting sstable1/4bd26312-75ba-4c3b-9aad-6608ea48d929202605010130081777620618567434189.sst sstable1/7babbd60-3e4d-4e96-827f-e6bb03534eab202605010130081777620615593344121.sst into:sstable2/4bd26312-75ba-4c3b-9aad-6608ea48d929202605010130081777620625258498665.sst
2026-05-01 07:30:25:289 - Compaction completed: 
3012266:COMPACT_START sstable=1 input_files: "sstable1/4bd26312-75ba-4c3b-9aad-6608ea48d929202605010130081777620618770077103.sst" input_files: "sstable1/7babbd60-3e4d-4e96-827f-e6bb03534eab202605010130081777620615695181956.sst" compactIntoNextLevel: true destinationLevel: 2
2026-05-01 07:30:25:341 - Compaction started: 
140310357087808:Compacting sstable1/4bd26312-75ba-4c3b-9aad-6608ea48d929202605010130081777620618770077103.sst sstable1/7babbd60-3e4d-4e96-827f-e6bb03534eab202605010130081777620615695181956.sst into:sstable2/4bd26312-75ba-4c3b-9aad-6608ea48d929202605010130081777620625359588698.sst
2026-05-01 07:30:25:390 - Compaction completed: 
3012266:Task input_files: "datalog/715" input_files: "datalog/716" compactIntoNextLevel: true destinationLevel: 1 is dead (hb=30)
3012266:Found dead task input_files: "datalog/715" input_files: "datalog/716" compactIntoNextLevel: true destinationLevel: 1
3012266:COMPACT_START sstable=0 input_files: "datalog/715" input_files: "datalog/716" compactIntoNextLevel: true destinationLevel: 1
2026-05-01 07:30:25:443 - Compaction started: 
140310357087808:Compacting datalog/715 datalog/716 into:sstable1/4bd26312-75ba-4c3b-9aad-6608ea48d929202605010130081777620625446200461.sst
2026-05-01 07:30:25:459 - Compaction completed: 
3012266:COMPACT_START sstable=1 input_files: "sstable1/fc380011-e08b-4c93-bfdc-0a19873ebbbe202605010130081777620615867923107.sst" input_files: "sstable1/7babbd60-3e4d-4e96-827f-e6bb03534eab202605010130081777620615898723515.sst" compactIntoNextLevel: true destinationLevel: 2
2026-05-01 07:30:25:546 - Compaction started: 
140310357087808:Compacting sstable1/fc380011-e08b-4c93-bfdc-0a19873ebbbe202605010130081777620615867923107.sst sstable1/7babbd60-3e4d-4e96-827f-e6bb03534eab202605010130081777620615898723515.sst into:sstable2/4bd26312-75ba-4c3b-9aad-6608ea48d929202605010130081777620625565686910.sst
2026-05-01 07:30:25:598 - Compaction completed: 
3012266:COMPACT_START sstable=1 input_files: "sstable1/4bd26312-75ba-4c3b-9aad-6608ea48d929202605010130081777620619074714416.sst" input_files: "sstable1/7babbd60-3e4d-4e96-827f-e6bb03534eab202605010130081777620616101650492.sst" compactIntoNextLevel: true destinationLevel: 2
2026-05-01 07:30:25:648 - Compaction started: 
140310357087808:Compacting sstable1/4bd26312-75ba-4c3b-9aad-6608ea48d929202605010130081777620619074714416.sst sstable1/7babbd60-3e4d-4e96-827f-e6bb03534eab202605010130081777620616101650492.sst into:sstable2/4bd26312-75ba-4c3b-9aad-6608ea48d929202605010130081777620625666813081.sst
2026-05-01 07:30:25:699 - Compaction completed: 
3012266:COMPACT_START sstable=1 input_files: "sstable1/4bd26312-75ba-4c3b-9aad-6608ea48d929202605010130081777620616367624166.sst" input_files: "sstable1/49e14288-ac4e-44cd-a51f-033e9320e4da202605010130081777620616378707523.sst" compactIntoNextLevel: true destinationLevel: 2
2026-05-01 07:30:25:750 - Compaction started: 
140310357087808:Compacting sstable1/4bd26312-75ba-4c3b-9aad-6608ea48d929202605010130081777620616367624166.sst sstable1/49e14288-ac4e-44cd-a51f-033e9320e4da202605010130081777620616378707523.sst into:sstable2/4bd26312-75ba-4c3b-9aad-6608ea48d929202605010130081777620625767884439.sst
2026-05-01 07:30:25:797 - Compaction completed: 
3012266:COMPACT_START sstable=1 input_files: "sstable1/49e14288-ac4e-44cd-a51f-033e9320e4da202605010130081777620616480679359.sst" input_files: "sstable1/fc380011-e08b-4c93-bfdc-0a19873ebbbe202605010130081777620616496016430.sst" compactIntoNextLevel: true destinationLevel: 2
2026-05-01 07:30:25:852 - Compaction started: 
140310357087808:Compacting sstable1/49e14288-ac4e-44cd-a51f-033e9320e4da202605010130081777620616480679359.sst sstable1/fc380011-e08b-4c93-bfdc-0a19873ebbbe202605010130081777620616496016430.sst into:sstable2/4bd26312-75ba-4c3b-9aad-6608ea48d929202605010130081777620625872173119.sst
2026-05-01 07:30:25:904 - Compaction completed: 
3012266:COMPACT_START sstable=1 input_files: "sstable1/4bd26312-75ba-4c3b-9aad-6608ea48d929202605010130081777620616673085985.sst" input_files: "sstable1/49e14288-ac4e-44cd-a51f-033e9320e4da202605010130081777620616683814025.sst" compactIntoNextLevel: true destinationLevel: 2
2026-05-01 07:30:25:954 - Compaction started: 
140310357087808:Compacting sstable1/4bd26312-75ba-4c3b-9aad-6608ea48d929202605010130081777620616673085985.sst sstable1/49e14288-ac4e-44cd-a51f-033e9320e4da202605010130081777620616683814025.sst into:sstable2/4bd26312-75ba-4c3b-9aad-6608ea48d929202605010130081777620625973908652.sst
2026-05-01 07:30:26:005 - Compaction completed: 
3012266:COMPACT_START sstable=1 input_files: "sstable1/7babbd60-3e4d-4e96-827f-e6bb03534eab202605010130081777620616822889336.sst" input_files: "sstable1/fc380011-e08b-4c93-bfdc-0a19873ebbbe202605010130081777620616901516811.sst" compactIntoNextLevel: true destinationLevel: 2
2026-05-01 07:30:26:057 - Compaction started: 
140310357087808:Compacting sstable1/7babbd60-3e4d-4e96-827f-e6bb03534eab202605010130081777620616822889336.sst sstable1/fc380011-e08b-4c93-bfdc-0a19873ebbbe202605010130081777620616901516811.sst into:sstable2/4bd26312-75ba-4c3b-9aad-6608ea48d929202605010130081777620626076480082.sst
2026-05-01 07:30:26:107 - Compaction completed: 
3012266:COMPACT_START sstable=1 input_files: "sstable1/7babbd60-3e4d-4e96-827f-e6bb03534eab202605010130081777620617147378373.sst" input_files: "sstable1/4bd26312-75ba-4c3b-9aad-6608ea48d929202605010130081777620617197936499.sst" compactIntoNextLevel: true destinationLevel: 2
2026-05-01 07:30:26:159 - Compaction started: 
140310357087808:Compacting sstable1/7babbd60-3e4d-4e96-827f-e6bb03534eab202605010130081777620617147378373.sst sstable1/4bd26312-75ba-4c3b-9aad-6608ea48d929202605010130081777620617197936499.sst into:sstable2/4bd26312-75ba-4c3b-9aad-6608ea48d929202605010130081777620626178576051.sst
2026-05-01 07:30:26:212 - Compaction completed: 
3012266:COMPACT_START sstable=1 input_files: "sstable1/7babbd60-3e4d-4e96-827f-e6bb03534eab202605010130081777620617351783010.sst" input_files: "sstable1/49e14288-ac4e-44cd-a51f-033e9320e4da202605010130081777620617419286431.sst" compactIntoNextLevel: true destinationLevel: 2
2026-05-01 07:30:26:262 - Compaction started: 
140310357087808:Compacting sstable1/7babbd60-3e4d-4e96-827f-e6bb03534eab202605010130081777620617351783010.sst sstable1/49e14288-ac4e-44cd-a51f-033e9320e4da202605010130081777620617419286431.sst into:sstable2/4bd26312-75ba-4c3b-9aad-6608ea48d929202605010130081777620626281918307.sst
2026-05-01 07:30:26:314 - Compaction completed: 
3012266:Task input_files: "datalog/799" input_files: "datalog/800" compactIntoNextLevel: true destinationLevel: 1 is dead (hb=30)
3012266:Task input_files: "sstable1/fc380011-e08b-4c93-bfdc-0a19873ebbbe202605010130081777620614753067058.sst" input_files: "sstable1/fc380011-e08b-4c93-bfdc-0a19873ebbbe202605010130081777620611699309856.sst" compactIntoNextLevel: true destinationLevel: 2 is dead (hb=30)
3012266:Found dead task input_files: "sstable1/fc380011-e08b-4c93-bfdc-0a19873ebbbe202605010130081777620614753067058.sst" input_files: "sstable1/fc380011-e08b-4c93-bfdc-0a19873ebbbe202605010130081777620611699309856.sst" compactIntoNextLevel: true destinationLevel: 2
3012266:COMPACT_START sstable=1 input_files: "sstable1/fc380011-e08b-4c93-bfdc-0a19873ebbbe202605010130081777620614753067058.sst" input_files: "sstable1/fc380011-e08b-4c93-bfdc-0a19873ebbbe202605010130081777620611699309856.sst" compactIntoNextLevel: true destinationLevel: 2
2026-05-01 07:30:26:364 - Compaction started: 
140310357087808:Compacting sstable1/fc380011-e08b-4c93-bfdc-0a19873ebbbe202605010130081777620614753067058.sst sstable1/fc380011-e08b-4c93-bfdc-0a19873ebbbe202605010130081777620611699309856.sst into:sstable2/4bd26312-75ba-4c3b-9aad-6608ea48d929202605010130081777620626387984027.sst
2026-05-01 07:30:26:426 - Compaction completed: 
3012266:Task input_files: "sstable1/4bd26312-75ba-4c3b-9aad-6608ea48d929202605010130081777620612049901334.sst" input_files: "sstable1/7babbd60-3e4d-4e96-827f-e6bb03534eab202605010130081777620612094303370.sst" compactIntoNextLevel: true destinationLevel: 2 is dead (hb=30)
3012266:Task input_files: "sstable1/fc380011-e08b-4c93-bfdc-0a19873ebbbe202605010130081777620612006197197.sst" input_files: "sstable1/49e14288-ac4e-44cd-a51f-033e9320e4da202605010130081777620618161913811.sst" compactIntoNextLevel: true destinationLevel: 2 is dead (hb=30)
3012266:Found dead task input_files: "sstable1/fc380011-e08b-4c93-bfdc-0a19873ebbbe202605010130081777620612006197197.sst" input_files: "sstable1/49e14288-ac4e-44cd-a51f-033e9320e4da202605010130081777620618161913811.sst" compactIntoNextLevel: true destinationLevel: 2
3012266:COMPACT_START sstable=1 input_files: "sstable1/fc380011-e08b-4c93-bfdc-0a19873ebbbe202605010130081777620612006197197.sst" input_files: "sstable1/49e14288-ac4e-44cd-a51f-033e9320e4da202605010130081777620618161913811.sst" compactIntoNextLevel: true destinationLevel: 2
3012266:COMPACT_ABORT input_files: "sstable1/fc380011-e08b-4c93-bfdc-0a19873ebbbe202605010130081777620612006197197.sst" input_files: "sstable1/49e14288-ac4e-44cd-a51f-033e9320e4da202605010130081777620618161913811.sst" compactIntoNextLevel: true destinationLevel: 2
3012266:Found dead task input_files: "sstable1/4bd26312-75ba-4c3b-9aad-6608ea48d929202605010130081777620612049901334.sst" input_files: "sstable1/7babbd60-3e4d-4e96-827f-e6bb03534eab202605010130081777620612094303370.sst" compactIntoNextLevel: true destinationLevel: 2
3012266:COMPACT_START sstable=1 input_files: "sstable1/4bd26312-75ba-4c3b-9aad-6608ea48d929202605010130081777620612049901334.sst" input_files: "sstable1/7babbd60-3e4d-4e96-827f-e6bb03534eab202605010130081777620612094303370.sst" compactIntoNextLevel: true destinationLevel: 2
2026-05-01 07:30:26:467 - Compaction started: 
140310357087808:Compacting sstable1/4bd26312-75ba-4c3b-9aad-6608ea48d929202605010130081777620612049901334.sst sstable1/7babbd60-3e4d-4e96-827f-e6bb03534eab202605010130081777620612094303370.sst into:sstable2/4bd26312-75ba-4c3b-9aad-6608ea48d929202605010130081777620626489581542.sst
2026-05-01 07:30:26:527 - Compaction completed: 
3012266:Task input_files: "sstable1/fc380011-e08b-4c93-bfdc-0a19873ebbbe202605010130081777620612108125561.sst" input_files: "sstable1/49e14288-ac4e-44cd-a51f-033e9320e4da202605010130081777620615245454557.sst" compactIntoNextLevel: true destinationLevel: 2 is dead (hb=30)
3012266:Found dead task input_files: "sstable1/fc380011-e08b-4c93-bfdc-0a19873ebbbe202605010130081777620612108125561.sst" input_files: "sstable1/49e14288-ac4e-44cd-a51f-033e9320e4da202605010130081777620615245454557.sst" compactIntoNextLevel: true destinationLevel: 2
3012266:COMPACT_START sstable=1 input_files: "sstable1/fc380011-e08b-4c93-bfdc-0a19873ebbbe202605010130081777620612108125561.sst" input_files: "sstable1/49e14288-ac4e-44cd-a51f-033e9320e4da202605010130081777620615245454557.sst" compactIntoNextLevel: true destinationLevel: 2
3012266:COMPACT_ABORT input_files: "sstable1/fc380011-e08b-4c93-bfdc-0a19873ebbbe202605010130081777620612108125561.sst" input_files: "sstable1/49e14288-ac4e-44cd-a51f-033e9320e4da202605010130081777620615245454557.sst" compactIntoNextLevel: true destinationLevel: 2
3012266:COMPACT_START sstable=1 input_files: "sstable1/4bd26312-75ba-4c3b-9aad-6608ea48d929202605010130081777620617842091512.sst" input_files: "sstable1/fc380011-e08b-4c93-bfdc-0a19873ebbbe202605010130081777620617876648412.sst" compactIntoNextLevel: true destinationLevel: 2
2026-05-01 07:30:26:569 - Compaction started: 
140310357087808:Compacting sstable1/4bd26312-75ba-4c3b-9aad-6608ea48d929202605010130081777620617842091512.sst sstable1/fc380011-e08b-4c93-bfdc-0a19873ebbbe202605010130081777620617876648412.sst into:sstable2/4bd26312-75ba-4c3b-9aad-6608ea48d929202605010130081777620626586973302.sst
2026-05-01 07:30:26:617 - Compaction completed: 
3012266:COMPACT_START sstable=1 input_files: "sstable1/4bd26312-75ba-4c3b-9aad-6608ea48d929202605010130081777620621134605857.sst" input_files: "sstable1/7babbd60-3e4d-4e96-827f-e6bb03534eab202605010130081777620618097928804.sst" compactIntoNextLevel: true destinationLevel: 2
2026-05-01 07:30:26:672 - Compaction started: 
140310357087808:Compacting sstable1/4bd26312-75ba-4c3b-9aad-6608ea48d929202605010130081777620621134605857.sst sstable1/7babbd60-3e4d-4e96-827f-e6bb03534eab202605010130081777620618097928804.sst into:sstable2/4bd26312-75ba-4c3b-9aad-6608ea48d929202605010130081777620626690935811.sst
2026-05-01 07:30:26:721 - Compaction completed: 
3012266:COMPACT_START sstable=1 input_files: "sstable1/4bd26312-75ba-4c3b-9aad-6608ea48d929202605010130081777620618263210712.sst" input_files: "sstable1/fc380011-e08b-4c93-bfdc-0a19873ebbbe202605010130081777620621364350166.sst" compactIntoNextLevel: true destinationLevel: 2
2026-05-01 07:30:26:775 - Compaction started: 
140310357087808:Compacting sstable1/4bd26312-75ba-4c3b-9aad-6608ea48d929202605010130081777620618263210712.sst sstable1/fc380011-e08b-4c93-bfdc-0a19873ebbbe202605010130081777620621364350166.sst into:sstable2/4bd26312-75ba-4c3b-9aad-6608ea48d929202605010130081777620626793655289.sst
2026-05-01 07:30:26:822 - Compaction completed: 
3012266:Task input_files: "sstable1/49e14288-ac4e-44cd-a51f-033e9320e4da202605010130081777620613105738887.sst" input_files: "sstable1/fc380011-e08b-4c93-bfdc-0a19873ebbbe202605010130081777620613130525142.sst" compactIntoNextLevel: true destinationLevel: 2 is dead (hb=30)
3012266:Task input_files: "datalog/831" input_files: "datalog/832" compactIntoNextLevel: true destinationLevel: 1 is dead (hb=30)
3012266:Found dead task input_files: "datalog/831" input_files: "datalog/832" compactIntoNextLevel: true destinationLevel: 1
3012266:COMPACT_START sstable=0 input_files: "datalog/831" input_files: "datalog/832" compactIntoNextLevel: true destinationLevel: 1
3012266:COMPACT_ABORT input_files: "datalog/831" input_files: "datalog/832" compactIntoNextLevel: true destinationLevel: 1
3012266:Found dead task input_files: "sstable1/49e14288-ac4e-44cd-a51f-033e9320e4da202605010130081777620613105738887.sst" input_files: "sstable1/fc380011-e08b-4c93-bfdc-0a19873ebbbe202605010130081777620613130525142.sst" compactIntoNextLevel: true destinationLevel: 2
3012266:COMPACT_START sstable=1 input_files: "sstable1/49e14288-ac4e-44cd-a51f-033e9320e4da202605010130081777620613105738887.sst" input_files: "sstable1/fc380011-e08b-4c93-bfdc-0a19873ebbbe202605010130081777620613130525142.sst" compactIntoNextLevel: true destinationLevel: 2
2026-05-01 07:30:26:877 - Compaction started: 
140310357087808:Compacting sstable1/49e14288-ac4e-44cd-a51f-033e9320e4da202605010130081777620613105738887.sst sstable1/fc380011-e08b-4c93-bfdc-0a19873ebbbe202605010130081777620613130525142.sst into:sstable2/4bd26312-75ba-4c3b-9aad-6608ea48d929202605010130081777620626899105967.sst
2026-05-01 07:30:26:936 - Compaction completed: 
3012266:COMPACT_START sstable=1 input_files: "sstable1/4bd26312-75ba-4c3b-9aad-6608ea48d929202605010130081777620618668561492.sst" input_files: "sstable1/49e14288-ac4e-44cd-a51f-033e9320e4da202605010130081777620618685965177.sst" compactIntoNextLevel: true destinationLevel: 2
2026-05-01 07:30:26:980 - Compaction started: 
140310357087808:Compacting sstable1/4bd26312-75ba-4c3b-9aad-6608ea48d929202605010130081777620618668561492.sst sstable1/49e14288-ac4e-44cd-a51f-033e9320e4da202605010130081777620618685965177.sst into:sstable2/4bd26312-75ba-4c3b-9aad-6608ea48d929202605010130081777620626997586588.sst
2026-05-01 07:30:27:027 - Compaction completed: 
3012266:COMPACT_START sstable=1 input_files: "sstable1/7babbd60-3e4d-4e96-827f-e6bb03534eab202605010130081777620624767725302.sst" input_files: "sstable1/7babbd60-3e4d-4e96-827f-e6bb03534eab202605010130081777620618718676277.sst" compactIntoNextLevel: true destinationLevel: 2
2026-05-01 07:30:27:083 - Compaction started: 
140310357087808:Compacting sstable1/7babbd60-3e4d-4e96-827f-e6bb03534eab202605010130081777620624767725302.sst sstable1/7babbd60-3e4d-4e96-827f-e6bb03534eab202605010130081777620618718676277.sst into:sstable2/4bd26312-75ba-4c3b-9aad-6608ea48d929202605010130081777620627099590685.sst
2026-05-01 07:30:27:128 - Compaction completed: 
3012266:COMPACT_START sstable=1 input_files: "sstable1/49e14288-ac4e-44cd-a51f-033e9320e4da202605010130081777620618788509607.sst" input_files: "sstable1/fc380011-e08b-4c93-bfdc-0a19873ebbbe202605010130081777620618806239012.sst" compactIntoNextLevel: true destinationLevel: 2
2026-05-01 07:30:27:199 - Compaction started: 
140310357087808:Compacting sstable1/49e14288-ac4e-44cd-a51f-033e9320e4da202605010130081777620618788509607.sst sstable1/fc380011-e08b-4c93-bfdc-0a19873ebbbe202605010130081777620618806239012.sst into:sstable2/4bd26312-75ba-4c3b-9aad-6608ea48d929202605010130081777620627220773604.sst
2026-05-01 07:30:27:251 - Compaction completed: 
3012266:COMPACT_START sstable=1 input_files: "sstable1/4bd26312-75ba-4c3b-9aad-6608ea48d929202605010130081777620618973152068.sst" input_files: "sstable1/49e14288-ac4e-44cd-a51f-033e9320e4da202605010130081777620618991702993.sst" compactIntoNextLevel: true destinationLevel: 2
3012266:COMPACT_ABORT input_files: "sstable1/4bd26312-75ba-4c3b-9aad-6608ea48d929202605010130081777620618973152068.sst" input_files: "sstable1/49e14288-ac4e-44cd-a51f-033e9320e4da202605010130081777620618991702993.sst" compactIntoNextLevel: true destinationLevel: 2
3012266:Task input_files: "sstable1/7babbd60-3e4d-4e96-827f-e6bb03534eab202605010130081777620620144264675.sst" input_files: "sstable1/4bd26312-75ba-4c3b-9aad-6608ea48d929202605010130081777620620203285204.sst" compactIntoNextLevel: true destinationLevel: 2 is dead (hb=30)
3012266:Found dead task input_files: "sstable1/7babbd60-3e4d-4e96-827f-e6bb03534eab202605010130081777620620144264675.sst" input_files: "sstable1/4bd26312-75ba-4c3b-9aad-6608ea48d929202605010130081777620620203285204.sst" compactIntoNextLevel: true destinationLevel: 2
3012266:COMPACT_START sstable=1 input_files: "sstable1/7babbd60-3e4d-4e96-827f-e6bb03534eab202605010130081777620620144264675.sst" input_files: "sstable1/4bd26312-75ba-4c3b-9aad-6608ea48d929202605010130081777620620203285204.sst" compactIntoNextLevel: true destinationLevel: 2
2026-05-01 07:30:29:213 - Compaction started: 
140310357087808:Compacting sstable1/7babbd60-3e4d-4e96-827f-e6bb03534eab202605010130081777620620144264675.sst sstable1/4bd26312-75ba-4c3b-9aad-6608ea48d929202605010130081777620620203285204.sst into:sstable2/4bd26312-75ba-4c3b-9aad-6608ea48d929202605010130081777620629233419098.sst
2026-05-01 07:30:29:263 - Compaction completed: 
3012266:Task input_files: "sstable1/fc380011-e08b-4c93-bfdc-0a19873ebbbe202605010130081777620612006197197.sst" input_files: "sstable1/49e14288-ac4e-44cd-a51f-033e9320e4da202605010130081777620618161913811.sst" compactIntoNextLevel: true destinationLevel: 2 is dead (hb=30)
3012266:Found dead task input_files: "sstable1/fc380011-e08b-4c93-bfdc-0a19873ebbbe202605010130081777620612006197197.sst" input_files: "sstable1/49e14288-ac4e-44cd-a51f-033e9320e4da202605010130081777620618161913811.sst" compactIntoNextLevel: true destinationLevel: 2
3012266:COMPACT_START sstable=1 input_files: "sstable1/fc380011-e08b-4c93-bfdc-0a19873ebbbe202605010130081777620612006197197.sst" input_files: "sstable1/49e14288-ac4e-44cd-a51f-033e9320e4da202605010130081777620618161913811.sst" compactIntoNextLevel: true destinationLevel: 2
2026-05-01 07:30:29:516 - Compaction started: 
140310357087808:Compacting sstable1/fc380011-e08b-4c93-bfdc-0a19873ebbbe202605010130081777620612006197197.sst sstable1/49e14288-ac4e-44cd-a51f-033e9320e4da202605010130081777620618161913811.sst into:sstable2/4bd26312-75ba-4c3b-9aad-6608ea48d929202605010130081777620629538604138.sst
2026-05-01 07:30:29:572 - Compaction completed: 
3012266:Task input_files: "sstable1/fc380011-e08b-4c93-bfdc-0a19873ebbbe202605010130081777620618081369593.sst" input_files: "sstable1/7babbd60-3e4d-4e96-827f-e6bb03534eab202605010130081777620621071378351.sst" compactIntoNextLevel: true destinationLevel: 2 is dead (hb=30)
3012266:Found dead task input_files: "sstable1/fc380011-e08b-4c93-bfdc-0a19873ebbbe202605010130081777620618081369593.sst" input_files: "sstable1/7babbd60-3e4d-4e96-827f-e6bb03534eab202605010130081777620621071378351.sst" compactIntoNextLevel: true destinationLevel: 2
3012266:COMPACT_START sstable=1 input_files: "sstable1/fc380011-e08b-4c93-bfdc-0a19873ebbbe202605010130081777620618081369593.sst" input_files: "sstable1/7babbd60-3e4d-4e96-827f-e6bb03534eab202605010130081777620621071378351.sst" compactIntoNextLevel: true destinationLevel: 2
2026-05-01 07:30:29:819 - Compaction started: 
140310357087808:Compacting sstable1/fc380011-e08b-4c93-bfdc-0a19873ebbbe202605010130081777620618081369593.sst sstable1/7babbd60-3e4d-4e96-827f-e6bb03534eab202605010130081777620621071378351.sst into:sstable2/4bd26312-75ba-4c3b-9aad-6608ea48d929202605010130081777620629837416751.sst
2026-05-01 07:30:29:865 - Compaction completed: 
3012266:Task input_files: "datalog/831" input_files: "datalog/832" compactIntoNextLevel: true destinationLevel: 1 is dead (hb=30)
3012266:Found dead task input_files: "datalog/831" input_files: "datalog/832" compactIntoNextLevel: true destinationLevel: 1
3012266:COMPACT_START sstable=0 input_files: "datalog/831" input_files: "datalog/832" compactIntoNextLevel: true destinationLevel: 1
2026-05-01 07:30:29:921 - Compaction started: 
140310357087808:Compacting datalog/831 datalog/832 into:sstable1/4bd26312-75ba-4c3b-9aad-6608ea48d929202605010130081777620629923946741.sst
2026-05-01 07:30:29:936 - Compaction completed: 
3012266:Task input_files: "sstable1/4bd26312-75ba-4c3b-9aad-6608ea48d929202605010130081777620618973152068.sst" input_files: "sstable1/49e14288-ac4e-44cd-a51f-033e9320e4da202605010130081777620618991702993.sst" compactIntoNextLevel: true destinationLevel: 2 is dead (hb=30)
3012266:Found dead task input_files: "sstable1/4bd26312-75ba-4c3b-9aad-6608ea48d929202605010130081777620618973152068.sst" input_files: "sstable1/49e14288-ac4e-44cd-a51f-033e9320e4da202605010130081777620618991702993.sst" compactIntoNextLevel: true destinationLevel: 2
3012266:COMPACT_START sstable=1 input_files: "sstable1/4bd26312-75ba-4c3b-9aad-6608ea48d929202605010130081777620618973152068.sst" input_files: "sstable1/49e14288-ac4e-44cd-a51f-033e9320e4da202605010130081777620618991702993.sst" compactIntoNextLevel: true destinationLevel: 2
3012266:COMPACT_ABORT input_files: "sstable1/4bd26312-75ba-4c3b-9aad-6608ea48d929202605010130081777620618973152068.sst" input_files: "sstable1/49e14288-ac4e-44cd-a51f-033e9320e4da202605010130081777620618991702993.sst" compactIntoNextLevel: true destinationLevel: 2
3012266:COMPACT_START sstable=1 input_files: "sstable2/4bd26312-75ba-4c3b-9aad-6608ea48d929202605010130081777620621581360313.sst" input_files: "sstable2/7babbd60-3e4d-4e96-827f-e6bb03534eab202605010130081777620624684341090.sst" compactIntoNextLevel: false destinationLevel: 2
2026-05-01 07:30:30:931 - Compaction started: 
140310357087808:Compacting sstable2/4bd26312-75ba-4c3b-9aad-6608ea48d929202605010130081777620621581360313.sst sstable2/7babbd60-3e4d-4e96-827f-e6bb03534eab202605010130081777620624684341090.sst into:sstable2/0_4bd26312-75ba-4c3b-9aad-6608ea48d929202605010130081777620630984431534.sst
2026-05-01 07:30:31:057 - Compaction completed: 
3012266:COMPACT_START sstable=1 input_files: "sstable2/7babbd60-3e4d-4e96-827f-e6bb03534eab202605010130081777620621716963745.sst" input_files: "sstable2/4bd26312-75ba-4c3b-9aad-6608ea48d929202605010130081777620621785680521.sst" compactIntoNextLevel: false destinationLevel: 2
2026-05-01 07:30:31:136 - Compaction started: 
140310357087808:Compacting sstable2/7babbd60-3e4d-4e96-827f-e6bb03534eab202605010130081777620621716963745.sst sstable2/4bd26312-75ba-4c3b-9aad-6608ea48d929202605010130081777620621785680521.sst into:sstable2/0_4bd26312-75ba-4c3b-9aad-6608ea48d929202605010130081777620631188122984.sst
2026-05-01 07:30:31:269 - Compaction completed: 
3012266:COMPACT_START sstable=1 input_files: "sstable2/7babbd60-3e4d-4e96-827f-e6bb03534eab202605010130081777620624994255124.sst" input_files: "sstable2/4bd26312-75ba-4c3b-9aad-6608ea48d929202605010130081777620621989171014.sst" compactIntoNextLevel: false destinationLevel: 2
2026-05-01 07:30:31:341 - Compaction started: 
140310357087808:Compacting sstable2/7babbd60-3e4d-4e96-827f-e6bb03534eab202605010130081777620624994255124.sst sstable2/4bd26312-75ba-4c3b-9aad-6608ea48d929202605010130081777620621989171014.sst into:sstable2/0_4bd26312-75ba-4c3b-9aad-6608ea48d929202605010130081777620631392876435.sst
2026-05-01 07:30:31:473 - Compaction completed: 
3012266:COMPACT_START sstable=1 input_files: "sstable1/49e14288-ac4e-44cd-a51f-033e9320e4da202605010130081777620619093000846.sst" input_files: "sstable1/fc380011-e08b-4c93-bfdc-0a19873ebbbe202605010130081777620619111819724.sst" compactIntoNextLevel: true destinationLevel: 2
2026-05-01 07:30:31:543 - Compaction started: 
140310357087808:Compacting sstable1/49e14288-ac4e-44cd-a51f-033e9320e4da202605010130081777620619093000846.sst sstable1/fc380011-e08b-4c93-bfdc-0a19873ebbbe202605010130081777620619111819724.sst into:sstable2/4bd26312-75ba-4c3b-9aad-6608ea48d929202605010130081777620631562209026.sst
2026-05-01 07:30:31:591 - Compaction completed: 
3012266:COMPACT_START sstable=1 input_files: "sstable1/7babbd60-3e4d-4e96-827f-e6bb03534eab202605010130081777620631373064365.sst" input_files: "sstable1/49e14288-ac4e-44cd-a51f-033e9320e4da202605010130081777620625453769730.sst" compactIntoNextLevel: true destinationLevel: 2
2026-05-01 07:30:31:644 - Compaction started: 
140310357087808:Compacting sstable1/7babbd60-3e4d-4e96-827f-e6bb03534eab202605010130081777620631373064365.sst sstable1/49e14288-ac4e-44cd-a51f-033e9320e4da202605010130081777620625453769730.sst into:sstable2/4bd26312-75ba-4c3b-9aad-6608ea48d929202605010130081777620631661812222.sst
2026-05-01 07:30:31:690 - Compaction completed: 
3012266:COMPACT_START sstable=1 input_files: "sstable1/4bd26312-75ba-4c3b-9aad-6608ea48d929202605010130081777620619380445139.sst" input_files: "sstable1/49e14288-ac4e-44cd-a51f-033e9320e4da202605010130081777620622391921811.sst" compactIntoNextLevel: true destinationLevel: 2
2026-05-01 07:30:31:746 - Compaction started: 
140310357087808:Compacting sstable1/4bd26312-75ba-4c3b-9aad-6608ea48d929202605010130081777620619380445139.sst sstable1/49e14288-ac4e-44cd-a51f-033e9320e4da202605010130081777620622391921811.sst into:sstable2/4bd26312-75ba-4c3b-9aad-6608ea48d929202605010130081777620631762942841.sst
2026-05-01 07:30:31:789 - Compaction completed: 
3012266:COMPACT_START sstable=1 input_files: "sstable1/7babbd60-3e4d-4e96-827f-e6bb03534eab202605010130081777620625686537677.sst" input_files: "sstable1/4bd26312-75ba-4c3b-9aad-6608ea48d929202605010130081777620619583967762.sst" compactIntoNextLevel: true destinationLevel: 2
3012266:COMPACT_ABORT input_files: "sstable1/7babbd60-3e4d-4e96-827f-e6bb03534eab202605010130081777620625686537677.sst" input_files: "sstable1/4bd26312-75ba-4c3b-9aad-6608ea48d929202605010130081777620619583967762.sst" compactIntoNextLevel: true destinationLevel: 2
3012266:COMPACT_START sstable=1 input_files: "sstable1/fc380011-e08b-4c93-bfdc-0a19873ebbbe202605010130081777620619928757325.sst" input_files: "sstable1/7babbd60-3e4d-4e96-827f-e6bb03534eab202605010130081777620622927067805.sst" compactIntoNextLevel: true destinationLevel: 2
3012266:COMPACT_ABORT input_files: "sstable1/fc380011-e08b-4c93-bfdc-0a19873ebbbe202605010130081777620619928757325.sst" input_files: "sstable1/7babbd60-3e4d-4e96-827f-e6bb03534eab202605010130081777620622927067805.sst" compactIntoNextLevel: true destinationLevel: 2
3012266:COMPACT_START sstable=1 input_files: "sstable1/7babbd60-3e4d-4e96-827f-e6bb03534eab202605010130081777620619940448290.sst" input_files: "sstable1/4bd26312-75ba-4c3b-9aad-6608ea48d929202605010130081777620622997212608.sst" compactIntoNextLevel: true destinationLevel: 2
3012266:COMPACT_ABORT input_files: "sstable1/7babbd60-3e4d-4e96-827f-e6bb03534eab202605010130081777620619940448290.sst" input_files: "sstable1/4bd26312-75ba-4c3b-9aad-6608ea48d929202605010130081777620622997212608.sst" compactIntoNextLevel: true destinationLevel: 2
3012266:COMPACT_START sstable=1 input_files: "sstable1/4bd26312-75ba-4c3b-9aad-6608ea48d929202605010130081777620619999311416.sst" input_files: "sstable1/49e14288-ac4e-44cd-a51f-033e9320e4da202605010130081777620620014858730.sst" compactIntoNextLevel: true destinationLevel: 2
2026-05-01 07:30:31:950 - Compaction started: 
140310357087808:Compacting sstable1/4bd26312-75ba-4c3b-9aad-6608ea48d929202605010130081777620619999311416.sst sstable1/49e14288-ac4e-44cd-a51f-033e9320e4da202605010130081777620620014858730.sst into:sstable2/4bd26312-75ba-4c3b-9aad-6608ea48d929202605010130081777620631967304428.sst
2026-05-01 07:30:31:994 - Compaction completed: 
3012266:COMPACT_START sstable=1 input_files: "sstable1/49e14288-ac4e-44cd-a51f-033e9320e4da202605010130081777620620218722914.sst" input_files: "sstable1/fc380011-e08b-4c93-bfdc-0a19873ebbbe202605010130081777620620235018071.sst" compactIntoNextLevel: true destinationLevel: 2
2026-05-01 07:30:32:051 - Compaction started: 
140310357087808:Compacting sstable1/49e14288-ac4e-44cd-a51f-033e9320e4da202605010130081777620620218722914.sst sstable1/fc380011-e08b-4c93-bfdc-0a19873ebbbe202605010130081777620620235018071.sst into:sstable2/4bd26312-75ba-4c3b-9aad-6608ea48d929202605010130081777620632068623941.sst
2026-05-01 07:30:32:095 - Compaction completed: 
3012266:COMPACT_START sstable=1 input_files: "sstable1/7babbd60-3e4d-4e96-827f-e6bb03534eab202605010130081777620620449167084.sst" input_files: "sstable1/4bd26312-75ba-4c3b-9aad-6608ea48d929202605010130081777620620507245919.sst" compactIntoNextLevel: true destinationLevel: 2
2026-05-01 07:30:32:153 - Compaction started: 
140310357087808:Compacting sstable1/7babbd60-3e4d-4e96-827f-e6bb03534eab202605010130081777620620449167084.sst sstable1/4bd26312-75ba-4c3b-9aad-6608ea48d929202605010130081777620620507245919.sst into:sstable2/4bd26312-75ba-4c3b-9aad-6608ea48d929202605010130081777620632171000005.sst
2026-05-01 07:30:32:198 - Compaction completed: 
3012266:COMPACT_START sstable=1 input_files: "sstable1/7babbd60-3e4d-4e96-827f-e6bb03534eab202605010130081777620623744701481.sst" input_files: "sstable1/49e14288-ac4e-44cd-a51f-033e9320e4da202605010130081777620620726604739.sst" compactIntoNextLevel: true destinationLevel: 2
3012266:COMPACT_ABORT input_files: "sstable1/7babbd60-3e4d-4e96-827f-e6bb03534eab202605010130081777620623744701481.sst" input_files: "sstable1/49e14288-ac4e-44cd-a51f-033e9320e4da202605010130081777620620726604739.sst" compactIntoNextLevel: true destinationLevel: 2
3012266:COMPACT_START sstable=1 input_files: "sstable1/49e14288-ac4e-44cd-a51f-033e9320e4da202605010130081777620621149930414.sst" input_files: "sstable1/4bd26312-75ba-4c3b-9aad-6608ea48d929202605010130081777620624322579571.sst" compactIntoNextLevel: true destinationLevel: 2
2026-05-01 07:30:32:357 - Compaction started: 
140310357087808:Compacting sstable1/49e14288-ac4e-44cd-a51f-033e9320e4da202605010130081777620621149930414.sst sstable1/4bd26312-75ba-4c3b-9aad-6608ea48d929202605010130081777620624322579571.sst into:sstable2/4bd26312-75ba-4c3b-9aad-6608ea48d929202605010130081777620632375826212.sst
2026-05-01 07:30:32:403 - Compaction completed: 
3012266:COMPACT_START sstable=1 input_files: "sstable2/4bd26312-75ba-4c3b-9aad-6608ea48d929202605010130081777620622510001944.sst" input_files: "sstable2/7babbd60-3e4d-4e96-827f-e6bb03534eab202605010130081777620622537440741.sst" compactIntoNextLevel: false destinationLevel: 2
2026-05-01 07:30:32:468 - Compaction started: 
140310357087808:Compacting sstable2/4bd26312-75ba-4c3b-9aad-6608ea48d929202605010130081777620622510001944.sst sstable2/7babbd60-3e4d-4e96-827f-e6bb03534eab202605010130081777620622537440741.sst into:sstable2/0_4bd26312-75ba-4c3b-9aad-6608ea48d929202605010130081777620632514774785.sst
2026-05-01 07:30:32:587 - Compaction completed: 
3012266:COMPACT_START sstable=1 input_files: "sstable2/fc380011-e08b-4c93-bfdc-0a19873ebbbe202605010130081777620622833113569.sst" input_files: "sstable2/7babbd60-3e4d-4e96-827f-e6bb03534eab202605010130081777620622844489935.sst" compactIntoNextLevel: false destinationLevel: 2
2026-05-01 07:30:32:682 - Compaction started: 
140310357087808:Compacting sstable2/fc380011-e08b-4c93-bfdc-0a19873ebbbe202605010130081777620622833113569.sst sstable2/7babbd60-3e4d-4e96-827f-e6bb03534eab202605010130081777620622844489935.sst into:sstable2/0_4bd26312-75ba-4c3b-9aad-6608ea48d929202605010130081777620632729288592.sst
2026-05-01 07:30:32:802 - Compaction completed: 
3012266:COMPACT_START sstable=1 input_files: "sstable2/7babbd60-3e4d-4e96-827f-e6bb03534eab202605010130081777620623050389504.sst" input_files: "sstable2/49e14288-ac4e-44cd-a51f-033e9320e4da202605010130081777620623132471715.sst" compactIntoNextLevel: false destinationLevel: 2
2026-05-01 07:30:32:902 - Compaction started: 
140310357087808:Compacting sstable2/7babbd60-3e4d-4e96-827f-e6bb03534eab202605010130081777620623050389504.sst sstable2/49e14288-ac4e-44cd-a51f-033e9320e4da202605010130081777620623132471715.sst into:sstable2/0_4bd26312-75ba-4c3b-9aad-6608ea48d929202605010130081777620632949926630.sst
2026-05-01 07:30:33:022 - Compaction completed: 
3012266:COMPACT_START sstable=1 input_files: "sstable2/4bd26312-75ba-4c3b-9aad-6608ea48d929202605010130081777620626387984027.sst" input_files: "sstable2/49e14288-ac4e-44cd-a51f-033e9320e4da202605010130081777620623337662506.sst" compactIntoNextLevel: false destinationLevel: 2
2026-05-01 07:30:33:124 - Compaction started: 
140310357087808:Compacting sstable2/4bd26312-75ba-4c3b-9aad-6608ea48d929202605010130081777620626387984027.sst sstable2/49e14288-ac4e-44cd-a51f-033e9320e4da202605010130081777620623337662506.sst into:sstable2/0_4bd26312-75ba-4c3b-9aad-6608ea48d929202605010130081777620633175078750.sst
2026-05-01 07:30:33:250 - Compaction completed: 
3012266:COMPACT_START sstable=1 input_files: "sstable2/fc380011-e08b-4c93-bfdc-0a19873ebbbe202605010130081777620623550114568.sst" input_files: "sstable2/7babbd60-3e4d-4e96-827f-e6bb03534eab202605010130081777620623560442378.sst" compactIntoNextLevel: false destinationLevel: 2
2026-05-01 07:30:33:347 - Compaction started: 
140310357087808:Compacting sstable2/fc380011-e08b-4c93-bfdc-0a19873ebbbe202605010130081777620623550114568.sst sstable2/7babbd60-3e4d-4e96-827f-e6bb03534eab202605010130081777620623560442378.sst into:sstable2/0_4bd26312-75ba-4c3b-9aad-6608ea48d929202605010130081777620633391676143.sst
2026-05-01 07:30:33:462 - Compaction completed: 
3012266:COMPACT_START sstable=1 input_files: "sstable2/49e14288-ac4e-44cd-a51f-033e9320e4da202605010130081777620626895699320.sst" input_files: "sstable2/fc380011-e08b-4c93-bfdc-0a19873ebbbe202605010130081777620623856007324.sst" compactIntoNextLevel: false destinationLevel: 2
2026-05-01 07:30:33:573 - Compaction started: 
140310357087808:Compacting sstable2/49e14288-ac4e-44cd-a51f-033e9320e4da202605010130081777620626895699320.sst sstable2/fc380011-e08b-4c93-bfdc-0a19873ebbbe202605010130081777620623856007324.sst into:sstable2/0_4bd26312-75ba-4c3b-9aad-6608ea48d929202605010130081777620633617172900.sst
2026-05-01 07:30:33:685 - Compaction completed: 
3012266:COMPACT_START sstable=1 input_files: "sstable2/49e14288-ac4e-44cd-a51f-033e9320e4da202605010130081777620627096641286.sst" input_files: "sstable2/7babbd60-3e4d-4e96-827f-e6bb03534eab202605010130081777620627141184006.sst" compactIntoNextLevel: false destinationLevel: 2
2026-05-01 07:30:33:803 - Compaction started: 
140310357087808:Compacting sstable2/49e14288-ac4e-44cd-a51f-033e9320e4da202605010130081777620627096641286.sst sstable2/7babbd60-3e4d-4e96-827f-e6bb03534eab202605010130081777620627141184006.sst into:sstable2/0_4bd26312-75ba-4c3b-9aad-6608ea48d929202605010130081777620633842926386.sst
2026-05-01 07:30:33:906 - Compaction completed: 
3012266:COMPACT_START sstable=1 input_files: "sstable2/fc380011-e08b-4c93-bfdc-0a19873ebbbe202605010130081777620624160981249.sst" input_files: "sstable2/7babbd60-3e4d-4e96-827f-e6bb03534eab202605010130081777620624170902417.sst" compactIntoNextLevel: false destinationLevel: 2
2026-05-01 07:30:33:936 - Compaction started: 
140310357087808:Compacting sstable2/fc380011-e08b-4c93-bfdc-0a19873ebbbe202605010130081777620624160981249.sst sstable2/7babbd60-3e4d-4e96-827f-e6bb03534eab202605010130081777620624170902417.sst into:sstable2/0_4bd26312-75ba-4c3b-9aad-6608ea48d929202605010130081777620633977845966.sst
2026-05-01 07:30:34:044 - Compaction completed: 
3012266:COMPACT_START sstable=1 input_files: "sstable2/4bd26312-75ba-4c3b-9aad-6608ea48d929202605010130081777620624444021636.sst" input_files: "sstable2/49e14288-ac4e-44cd-a51f-033e9320e4da202605010130081777620624452567335.sst" compactIntoNextLevel: false destinationLevel: 2
2026-05-01 07:30:34:170 - Compaction started: 
140310357087808:Compacting sstable2/4bd26312-75ba-4c3b-9aad-6608ea48d929202605010130081777620624444021636.sst sstable2/49e14288-ac4e-44cd-a51f-033e9320e4da202605010130081777620624452567335.sst into:sstable2/0_4bd26312-75ba-4c3b-9aad-6608ea48d929202605010130081777620634211905474.sst
2026-05-01 07:30:34:278 - Compaction completed: 
3012266:COMPACT_START sstable=1 input_files: "sstable2/7babbd60-3e4d-4e96-827f-e6bb03534eab202605010130081777620634233296564.sst" input_files: "sstable2/7babbd60-3e4d-4e96-827f-e6bb03534eab202605010130081777620621716963745.sst" compactIntoNextLevel: false destinationLevel: 2
2026-05-01 07:30:34:373 - Compaction started: 
140310357087808:Compacting sstable2/7babbd60-3e4d-4e96-827f-e6bb03534eab202605010130081777620634233296564.sst sstable2/7babbd60-3e4d-4e96-827f-e6bb03534eab202605010130081777620621716963745.sst into:sstable2/0_4bd26312-75ba-4c3b-9aad-6608ea48d929202605010130081777620634449625373.sst
2026-05-01 07:30:34:572 - Compaction completed: 
3012266:COMPACT_START sstable=1 input_files: "sstable2/49e14288-ac4e-44cd-a51f-033e9320e4da202605010130081777620634383563804.sst" input_files: "sstable2/7babbd60-3e4d-4e96-827f-e6bb03534eab202605010130081777620634233296564.sst" compactIntoNextLevel: false destinationLevel: 2
3012266:COMPACT_ABORT input_files: "sstable2/49e14288-ac4e-44cd-a51f-033e9320e4da202605010130081777620634383563804.sst" input_files: "sstable2/7babbd60-3e4d-4e96-827f-e6bb03534eab202605010130081777620634233296564.sst" compactIntoNextLevel: false destinationLevel: 2
3012266:COMPACT_START sstable=1 input_files: "sstable2/49e14288-ac4e-44cd-a51f-033e9320e4da202605010130081777620624658759544.sst" input_files: "sstable2/4bd26312-75ba-4c3b-9aad-6608ea48d929202605010130081777620624749530674.sst" compactIntoNextLevel: false destinationLevel: 2
2026-05-01 07:30:34:714 - Compaction started: 
140310357087808:Compacting sstable2/49e14288-ac4e-44cd-a51f-033e9320e4da202605010130081777620624658759544.sst sstable2/4bd26312-75ba-4c3b-9aad-6608ea48d929202605010130081777620624749530674.sst into:sstable2/0_4bd26312-75ba-4c3b-9aad-6608ea48d929202605010130081777620634757265996.sst
2026-05-01 07:30:34:824 - Compaction completed: 
3012266:Task input_files: "sstable1/fc380011-e08b-4c93-bfdc-0a19873ebbbe202605010130081777620619928757325.sst" input_files: "sstable1/7babbd60-3e4d-4e96-827f-e6bb03534eab202605010130081777620622927067805.sst" compactIntoNextLevel: true destinationLevel: 2 is dead (hb=30)
3012266:Task input_files: "sstable1/49e14288-ac4e-44cd-a51f-033e9320e4da202605010130081777620619803317495.sst" input_files: "sstable1/7babbd60-3e4d-4e96-827f-e6bb03534eab202605010130081777620619836461477.sst" compactIntoNextLevel: true destinationLevel: 2 is dead (hb=30)
3012266:Task input_files: "sstable1/7babbd60-3e4d-4e96-827f-e6bb03534eab202605010130081777620619940448290.sst" input_files: "sstable1/4bd26312-75ba-4c3b-9aad-6608ea48d929202605010130081777620622997212608.sst" compactIntoNextLevel: true destinationLevel: 2 is dead (hb=30)
3012266:Task input_files: "sstable1/7babbd60-3e4d-4e96-827f-e6bb03534eab202605010130081777620625686537677.sst" input_files: "sstable1/4bd26312-75ba-4c3b-9aad-6608ea48d929202605010130081777620619583967762.sst" compactIntoNextLevel: true destinationLevel: 2 is dead (hb=30)
3012266:Task input_files: "sstable1/49e14288-ac4e-44cd-a51f-033e9320e4da202605010130081777620619600048717.sst" input_files: "sstable1/fc380011-e08b-4c93-bfdc-0a19873ebbbe202605010130081777620619619754819.sst" compactIntoNextLevel: true destinationLevel: 2 is dead (hb=30)
3012266:Found dead task input_files: "sstable1/49e14288-ac4e-44cd-a51f-033e9320e4da202605010130081777620619600048717.sst" input_files: "sstable1/fc380011-e08b-4c93-bfdc-0a19873ebbbe202605010130081777620619619754819.sst" compactIntoNextLevel: true destinationLevel: 2
3012266:COMPACT_START sstable=1 input_files: "sstable1/49e14288-ac4e-44cd-a51f-033e9320e4da202605010130081777620619600048717.sst" input_files: "sstable1/fc380011-e08b-4c93-bfdc-0a19873ebbbe202605010130081777620619619754819.sst" compactIntoNextLevel: true destinationLevel: 2
3012266:COMPACT_ABORT input_files: "sstable1/49e14288-ac4e-44cd-a51f-033e9320e4da202605010130081777620619600048717.sst" input_files: "sstable1/fc380011-e08b-4c93-bfdc-0a19873ebbbe202605010130081777620619619754819.sst" compactIntoNextLevel: true destinationLevel: 2
3012266:Found dead task input_files: "sstable1/7babbd60-3e4d-4e96-827f-e6bb03534eab202605010130081777620625686537677.sst" input_files: "sstable1/4bd26312-75ba-4c3b-9aad-6608ea48d929202605010130081777620619583967762.sst" compactIntoNextLevel: true destinationLevel: 2
3012266:COMPACT_START sstable=1 input_files: "sstable1/7babbd60-3e4d-4e96-827f-e6bb03534eab202605010130081777620625686537677.sst" input_files: "sstable1/4bd26312-75ba-4c3b-9aad-6608ea48d929202605010130081777620619583967762.sst" compactIntoNextLevel: true destinationLevel: 2
2026-05-01 07:30:34:916 - Compaction started: 
140310357087808:Compacting sstable1/7babbd60-3e4d-4e96-827f-e6bb03534eab202605010130081777620625686537677.sst sstable1/4bd26312-75ba-4c3b-9aad-6608ea48d929202605010130081777620619583967762.sst into:sstable2/4bd26312-75ba-4c3b-9aad-6608ea48d929202605010130081777620634935669050.sst
2026-05-01 07:30:34:964 - Compaction completed: 
3012266:Found dead task input_files: "sstable1/fc380011-e08b-4c93-bfdc-0a19873ebbbe202605010130081777620619928757325.sst" input_files: "sstable1/7babbd60-3e4d-4e96-827f-e6bb03534eab202605010130081777620622927067805.sst" compactIntoNextLevel: true destinationLevel: 2
3012266:COMPACT_START sstable=1 input_files: "sstable1/fc380011-e08b-4c93-bfdc-0a19873ebbbe202605010130081777620619928757325.sst" input_files: "sstable1/7babbd60-3e4d-4e96-827f-e6bb03534eab202605010130081777620622927067805.sst" compactIntoNextLevel: true destinationLevel: 2
2026-05-01 07:30:35:017 - Compaction started: 
140310357087808:Compacting sstable1/fc380011-e08b-4c93-bfdc-0a19873ebbbe202605010130081777620619928757325.sst sstable1/7babbd60-3e4d-4e96-827f-e6bb03534eab202605010130081777620622927067805.sst into:sstable2/4bd26312-75ba-4c3b-9aad-6608ea48d929202605010130081777620635034624853.sst
2026-05-01 07:30:35:061 - Compaction completed: 
3012266:COMPACT_START sstable=1 input_files: "sstable2/4bd26312-75ba-4c3b-9aad-6608ea48d929202605010130081777620625053475419.sst" input_files: "sstable2/49e14288-ac4e-44cd-a51f-033e9320e4da202605010130081777620625062939430.sst" compactIntoNextLevel: false destinationLevel: 2
2026-05-01 07:30:35:158 - Compaction started: 
140310357087808:Compacting sstable2/4bd26312-75ba-4c3b-9aad-6608ea48d929202605010130081777620625053475419.sst sstable2/49e14288-ac4e-44cd-a51f-033e9320e4da202605010130081777620625062939430.sst into:sstable2/0_4bd26312-75ba-4c3b-9aad-6608ea48d929202605010130081777620635196888732.sst
2026-05-01 07:30:35:261 - Compaction completed: 
3012266:Task input_files: "sstable1/7babbd60-3e4d-4e96-827f-e6bb03534eab202605010130081777620626507713653.sst" input_files: "sstable1/4bd26312-75ba-4c3b-9aad-6608ea48d929202605010130081777620620405841556.sst" compactIntoNextLevel: true destinationLevel: 2 is dead (hb=30)
3012266:Found dead task input_files: "sstable1/7babbd60-3e4d-4e96-827f-e6bb03534eab202605010130081777620626507713653.sst" input_files: "sstable1/4bd26312-75ba-4c3b-9aad-6608ea48d929202605010130081777620620405841556.sst" compactIntoNextLevel: true destinationLevel: 2
3012266:COMPACT_START sstable=1 input_files: "sstable1/7babbd60-3e4d-4e96-827f-e6bb03534eab202605010130081777620626507713653.sst" input_files: "sstable1/4bd26312-75ba-4c3b-9aad-6608ea48d929202605010130081777620620405841556.sst" compactIntoNextLevel: true destinationLevel: 2
3012266:COMPACT_ABORT input_files: "sstable1/7babbd60-3e4d-4e96-827f-e6bb03534eab202605010130081777620626507713653.sst" input_files: "sstable1/4bd26312-75ba-4c3b-9aad-6608ea48d929202605010130081777620620405841556.sst" compactIntoNextLevel: true destinationLevel: 2
3012266:Task input_files: "sstable1/49e14288-ac4e-44cd-a51f-033e9320e4da202605010130081777620620946367696.sst" input_files: "sstable1/fc380011-e08b-4c93-bfdc-0a19873ebbbe202605010130081777620620957494183.sst" compactIntoNextLevel: true destinationLevel: 2 is dead (hb=30)
3012266:Task input_files: "sstable1/49e14288-ac4e-44cd-a51f-033e9320e4da202605010130081777620620844049701.sst" input_files: "sstable1/fc380011-e08b-4c93-bfdc-0a19873ebbbe202605010130081777620626992151259.sst" compactIntoNextLevel: true destinationLevel: 2 is dead (hb=30)
3012266:Task input_files: "sstable1/7babbd60-3e4d-4e96-827f-e6bb03534eab202605010130081777620623744701481.sst" input_files: "sstable1/49e14288-ac4e-44cd-a51f-033e9320e4da202605010130081777620620726604739.sst" compactIntoNextLevel: true destinationLevel: 2 is dead (hb=30)
3012266:COMPACT_START sstable=1 input_files: "sstable2/4bd26312-75ba-4c3b-9aad-6608ea48d929202605010130081777620625155758839.sst" input_files: "sstable2/49e14288-ac4e-44cd-a51f-033e9320e4da202605010130081777620625165352864.sst" compactIntoNextLevel: false destinationLevel: 2
3012266:COMPACT_ABORT input_files: "sstable2/4bd26312-75ba-4c3b-9aad-6608ea48d929202605010130081777620625155758839.sst" input_files: "sstable2/49e14288-ac4e-44cd-a51f-033e9320e4da202605010130081777620625165352864.sst" compactIntoNextLevel: false destinationLevel: 2
3012266:Found dead task input_files: "sstable1/7babbd60-3e4d-4e96-827f-e6bb03534eab202605010130081777620623744701481.sst" input_files: "sstable1/49e14288-ac4e-44cd-a51f-033e9320e4da202605010130081777620620726604739.sst" compactIntoNextLevel: true destinationLevel: 2
3012266:COMPACT_START sstable=1 input_files: "sstable1/7babbd60-3e4d-4e96-827f-e6bb03534eab202605010130081777620623744701481.sst" input_files: "sstable1/49e14288-ac4e-44cd-a51f-033e9320e4da202605010130081777620620726604739.sst" compactIntoNextLevel: true destinationLevel: 2
2026-05-01 07:30:35:304 - Compaction started: 
140310357087808:Compacting sstable1/7babbd60-3e4d-4e96-827f-e6bb03534eab202605010130081777620623744701481.sst sstable1/49e14288-ac4e-44cd-a51f-033e9320e4da202605010130081777620620726604739.sst into:sstable2/4bd26312-75ba-4c3b-9aad-6608ea48d929202605010130081777620635321156316.sst
2026-05-01 07:30:35:348 - Compaction completed: 
3012266:COMPACT_START sstable=1 input_files: "sstable2/fc380011-e08b-4c93-bfdc-0a19873ebbbe202605010130081777620625481944396.sst" input_files: "sstable2/4bd26312-75ba-4c3b-9aad-6608ea48d929202605010130081777620625565686910.sst" compactIntoNextLevel: false destinationLevel: 2
2026-05-01 07:30:35:448 - Compaction started: 
140310357087808:Compacting sstable2/fc380011-e08b-4c93-bfdc-0a19873ebbbe202605010130081777620625481944396.sst sstable2/4bd26312-75ba-4c3b-9aad-6608ea48d929202605010130081777620625565686910.sst into:sstable2/0_4bd26312-75ba-4c3b-9aad-6608ea48d929202605010130081777620635487619427.sst
2026-05-01 07:30:35:552 - Compaction completed: 
3012266:Task input_files: "sstable2/4bd26312-75ba-4c3b-9aad-6608ea48d929202605010130081777620622609723862.sst" input_files: "sstable2/49e14288-ac4e-44cd-a51f-033e9320e4da202605010130081777620625779548665.sst" compactIntoNextLevel: false destinationLevel: 2 is dead (hb=30)
3012266:COMPACT_START sstable=1 input_files: "sstable2/fc380011-e08b-4c93-bfdc-0a19873ebbbe202605010130081777620628755226458.sst" input_files: "sstable2/4bd26312-75ba-4c3b-9aad-6608ea48d929202605010130081777620625767884439.sst" compactIntoNextLevel: false destinationLevel: 2
2026-05-01 07:30:35:599 - Compaction started: 
140310357087808:Compacting sstable2/fc380011-e08b-4c93-bfdc-0a19873ebbbe202605010130081777620628755226458.sst sstable2/4bd26312-75ba-4c3b-9aad-6608ea48d929202605010130081777620625767884439.sst into:sstable2/0_4bd26312-75ba-4c3b-9aad-6608ea48d929202605010130081777620635637343420.sst
2026-05-01 07:30:35:699 - Compaction completed: 
3012266:COMPACT_START sstable=1 input_files: "sstable2/49e14288-ac4e-44cd-a51f-033e9320e4da202605010130081777620625978054664.sst" input_files: "sstable2/4bd26312-75ba-4c3b-9aad-6608ea48d929202605010130081777620626076480082.sst" compactIntoNextLevel: false destinationLevel: 2
2026-05-01 07:30:35:749 - Compaction started: 
140310357087808:Compacting sstable2/49e14288-ac4e-44cd-a51f-033e9320e4da202605010130081777620625978054664.sst sstable2/4bd26312-75ba-4c3b-9aad-6608ea48d929202605010130081777620626076480082.sst into:sstable2/0_4bd26312-75ba-4c3b-9aad-6608ea48d929202605010130081777620635787774488.sst
2026-05-01 07:30:35:850 - Compaction completed: 
3012266:COMPACT_START sstable=1 input_files: "sstable2/4bd26312-75ba-4c3b-9aad-6608ea48d929202605010130081777620626281918307.sst" input_files: "sstable2/fc380011-e08b-4c93-bfdc-0a19873ebbbe202605010130081777620626296308773.sst" compactIntoNextLevel: false destinationLevel: 2
2026-05-01 07:30:35:902 - Compaction started: 
140310357087808:Compacting sstable2/4bd26312-75ba-4c3b-9aad-6608ea48d929202605010130081777620626281918307.sst sstable2/fc380011-e08b-4c93-bfdc-0a19873ebbbe202605010130081777620626296308773.sst into:sstable2/0_4bd26312-75ba-4c3b-9aad-6608ea48d929202605010130081777620635942392705.sst
2026-05-01 07:30:36:008 - Compaction completed: 
3012266:COMPACT_START sstable=1 input_files: "sstable2/fc380011-e08b-4c93-bfdc-0a19873ebbbe202605010130081777620626599990845.sst" input_files: "sstable2/7babbd60-3e4d-4e96-827f-e6bb03534eab202605010130081777620626626687140.sst" compactIntoNextLevel: false destinationLevel: 2
3012266:COMPACT_ABORT input_files: "sstable2/fc380011-e08b-4c93-bfdc-0a19873ebbbe202605010130081777620626599990845.sst" input_files: "sstable2/7babbd60-3e4d-4e96-827f-e6bb03534eab202605010130081777620626626687140.sst" compactIntoNextLevel: false destinationLevel: 2
3012266:COMPACT_START sstable=1 input_files: "sstable2/7babbd60-3e4d-4e96-827f-e6bb03534eab202605010130081777620629966940727.sst" input_files: "sstable2/fc380011-e08b-4c93-bfdc-0a19873ebbbe202605010130081777620626905024461.sst" compactIntoNextLevel: false destinationLevel: 2
2026-05-01 07:30:36:217 - Compaction started: 
140310357087808:Compacting sstable2/7babbd60-3e4d-4e96-827f-e6bb03534eab202605010130081777620629966940727.sst sstable2/fc380011-e08b-4c93-bfdc-0a19873ebbbe202605010130081777620626905024461.sst into:sstable2/0_4bd26312-75ba-4c3b-9aad-6608ea48d929202605010130081777620636253762839.sst
2026-05-01 07:30:36:314 - Compaction completed: 
3012266:Task input_files: "sstable2/49e14288-ac4e-44cd-a51f-033e9320e4da202605010130081777620623437557789.sst" input_files: "sstable2/fc380011-e08b-4c93-bfdc-0a19873ebbbe202605010130081777620626503612024.sst" compactIntoNextLevel: false destinationLevel: 2 is dead (hb=30)
3012266:Found dead task input_files: "sstable2/49e14288-ac4e-44cd-a51f-033e9320e4da202605010130081777620623437557789.sst" input_files: "sstable2/fc380011-e08b-4c93-bfdc-0a19873ebbbe202605010130081777620626503612024.sst" compactIntoNextLevel: false destinationLevel: 2
3012266:COMPACT_START sstable=1 input_files: "sstable2/49e14288-ac4e-44cd-a51f-033e9320e4da202605010130081777620623437557789.sst" input_files: "sstable2/fc380011-e08b-4c93-bfdc-0a19873ebbbe202605010130081777620626503612024.sst" compactIntoNextLevel: false destinationLevel: 2
2026-05-01 07:30:36:319 - Compaction started: 
140310357087808:Compacting sstable2/49e14288-ac4e-44cd-a51f-033e9320e4da202605010130081777620623437557789.sst sstable2/fc380011-e08b-4c93-bfdc-0a19873ebbbe202605010130081777620626503612024.sst into:sstable2/4bd26312-75ba-4c3b-9aad-6608ea48d929202605010130081777620636365878821.sst
2026-05-01 07:30:36:462 - Compaction completed: 
3012266:Task input_files: "sstable2/4bd26312-75ba-4c3b-9aad-6608ea48d929202605010130081777620629538604138.sst" input_files: "sstable2/4bd26312-75ba-4c3b-9aad-6608ea48d929202605010130081777620626489581542.sst" compactIntoNextLevel: false destinationLevel: 2 is dead (hb=30)
3012266:Found dead task input_files: "sstable2/4bd26312-75ba-4c3b-9aad-6608ea48d929202605010130081777620629538604138.sst" input_files: "sstable2/4bd26312-75ba-4c3b-9aad-6608ea48d929202605010130081777620626489581542.sst" compactIntoNextLevel: false destinationLevel: 2
3012266:COMPACT_START sstable=1 input_files: "sstable2/4bd26312-75ba-4c3b-9aad-6608ea48d929202605010130081777620629538604138.sst" input_files: "sstable2/4bd26312-75ba-4c3b-9aad-6608ea48d929202605010130081777620626489581542.sst" compactIntoNextLevel: false destinationLevel: 2
2026-05-01 07:30:36:524 - Compaction started: 
140310357087808:Compacting sstable2/4bd26312-75ba-4c3b-9aad-6608ea48d929202605010130081777620629538604138.sst sstable2/4bd26312-75ba-4c3b-9aad-6608ea48d929202605010130081777620626489581542.sst into:sstable2/4bd26312-75ba-4c3b-9aad-6608ea48d929202605010130081777620636575766617.sst
2026-05-01 07:30:36:655 - Compaction completed: 
3012266:Task input_files: "sstable2/7babbd60-3e4d-4e96-827f-e6bb03534eab202605010130081777620623866306181.sst" input_files: "sstable2/4bd26312-75ba-4c3b-9aad-6608ea48d929202605010130081777620626899105967.sst" compactIntoNextLevel: false destinationLevel: 2 is dead (hb=30)
3012266:Found dead task input_files: "sstable2/7babbd60-3e4d-4e96-827f-e6bb03534eab202605010130081777620623866306181.sst" input_files: "sstable2/4bd26312-75ba-4c3b-9aad-6608ea48d929202605010130081777620626899105967.sst" compactIntoNextLevel: false destinationLevel: 2
3012266:Task input_files: "sstable2/49e14288-ac4e-44cd-a51f-033e9320e4da202605010130081777620630142856127.sst" input_files: "sstable2/49e14288-ac4e-44cd-a51f-033e9320e4da202605010130081777620623945535564.sst" compactIntoNextLevel: false destinationLevel: 2 is dead (hb=30)
3012266:Found dead task input_files: "sstable2/49e14288-ac4e-44cd-a51f-033e9320e4da202605010130081777620630142856127.sst" input_files: "sstable2/49e14288-ac4e-44cd-a51f-033e9320e4da202605010130081777620623945535564.sst" compactIntoNextLevel: false destinationLevel: 2
3012266:COMPACT_START sstable=1 input_files: "sstable2/49e14288-ac4e-44cd-a51f-033e9320e4da202605010130081777620630142856127.sst" input_files: "sstable2/49e14288-ac4e-44cd-a51f-033e9320e4da202605010130081777620623945535564.sst" compactIntoNextLevel: false destinationLevel: 2
2026-05-01 07:30:36:896 - Compaction started: 
140310357087808:Compacting sstable2/49e14288-ac4e-44cd-a51f-033e9320e4da202605010130081777620630142856127.sst sstable2/49e14288-ac4e-44cd-a51f-033e9320e4da202605010130081777620623945535564.sst into:sstable2/4bd26312-75ba-4c3b-9aad-6608ea48d929202605010130081777620636947181280.sst
2026-05-01 07:30:37:021 - Compaction completed: 
3012266:Task input_files: "sstable2/49e14288-ac4e-44cd-a51f-033e9320e4da202605010130081777620634383563804.sst" input_files: "sstable2/7babbd60-3e4d-4e96-827f-e6bb03534eab202605010130081777620634233296564.sst" compactIntoNextLevel: false destinationLevel: 2 is dead (hb=30)
3012266:Found dead task input_files: "sstable2/49e14288-ac4e-44cd-a51f-033e9320e4da202605010130081777620634383563804.sst" input_files: "sstable2/7babbd60-3e4d-4e96-827f-e6bb03534eab202605010130081777620634233296564.sst" compactIntoNextLevel: false destinationLevel: 2
3012266:COMPACT_START sstable=1 input_files: "sstable2/49e14288-ac4e-44cd-a51f-033e9320e4da202605010130081777620634383563804.sst" input_files: "sstable2/7babbd60-3e4d-4e96-827f-e6bb03534eab202605010130081777620634233296564.sst" compactIntoNextLevel: false destinationLevel: 2
3012266:COMPACT_ABORT input_files: "sstable2/49e14288-ac4e-44cd-a51f-033e9320e4da202605010130081777620634383563804.sst" input_files: "sstable2/7babbd60-3e4d-4e96-827f-e6bb03534eab202605010130081777620634233296564.sst" compactIntoNextLevel: false destinationLevel: 2
3012266:Task input_files: "sstable1/4bd26312-75ba-4c3b-9aad-6608ea48d929202605010130081777620619278626900.sst" input_files: "sstable1/49e14288-ac4e-44cd-a51f-033e9320e4da202605010130081777620619296188221.sst" compactIntoNextLevel: true destinationLevel: 2 is dead (hb=30)
3012266:Found dead task input_files: "sstable1/4bd26312-75ba-4c3b-9aad-6608ea48d929202605010130081777620619278626900.sst" input_files: "sstable1/49e14288-ac4e-44cd-a51f-033e9320e4da202605010130081777620619296188221.sst" compactIntoNextLevel: true destinationLevel: 2
3012266:COMPACT_START sstable=1 input_files: "sstable1/4bd26312-75ba-4c3b-9aad-6608ea48d929202605010130081777620619278626900.sst" input_files: "sstable1/49e14288-ac4e-44cd-a51f-033e9320e4da202605010130081777620619296188221.sst" compactIntoNextLevel: true destinationLevel: 2
2026-05-01 07:30:37:698 - Compaction started: 
140310357087808:Compacting sstable1/4bd26312-75ba-4c3b-9aad-6608ea48d929202605010130081777620619278626900.sst sstable1/49e14288-ac4e-44cd-a51f-033e9320e4da202605010130081777620619296188221.sst into:sstable2/4bd26312-75ba-4c3b-9aad-6608ea48d929202605010130081777620637720150958.sst
2026-05-01 07:30:37:751 - Compaction completed: 
3012266:COMPACT_START sstable=1 input_files: "sstable2/49e14288-ac4e-44cd-a51f-033e9320e4da202605010130081777620637885692953.sst" input_files: "sstable2/fc380011-e08b-4c93-bfdc-0a19873ebbbe202605010130081777620631708479104.sst" compactIntoNextLevel: false destinationLevel: 2
2026-05-01 07:30:38:038 - Compaction started: 
140310357087808:Compacting sstable2/49e14288-ac4e-44cd-a51f-033e9320e4da202605010130081777620637885692953.sst sstable2/fc380011-e08b-4c93-bfdc-0a19873ebbbe202605010130081777620631708479104.sst into:sstable2/0_4bd26312-75ba-4c3b-9aad-6608ea48d929202605010130081777620638077798043.sst
2026-05-01 07:30:38:139 - Compaction completed: 
3012266:Task input_files: "sstable1/7babbd60-3e4d-4e96-827f-e6bb03534eab202605010130081777620626507713653.sst" input_files: "sstable1/4bd26312-75ba-4c3b-9aad-6608ea48d929202605010130081777620620405841556.sst" compactIntoNextLevel: true destinationLevel: 2 is dead (hb=30)
3012266:COMPACT_START sstable=1 input_files: "sstable2/fc380011-e08b-4c93-bfdc-0a19873ebbbe202605010130081777620631912072530.sst" input_files: "sstable2/4bd26312-75ba-4c3b-9aad-6608ea48d929202605010130081777620635034624853.sst" compactIntoNextLevel: false destinationLevel: 2
3012266:COMPACT_ABORT input_files: "sstable2/fc380011-e08b-4c93-bfdc-0a19873ebbbe202605010130081777620631912072530.sst" input_files: "sstable2/4bd26312-75ba-4c3b-9aad-6608ea48d929202605010130081777620635034624853.sst" compactIntoNextLevel: false destinationLevel: 2
3012266:Found dead task input_files: "sstable1/7babbd60-3e4d-4e96-827f-e6bb03534eab202605010130081777620626507713653.sst" input_files: "sstable1/4bd26312-75ba-4c3b-9aad-6608ea48d929202605010130081777620620405841556.sst" compactIntoNextLevel: true destinationLevel: 2
3012266:COMPACT_START sstable=1 input_files: "sstable1/7babbd60-3e4d-4e96-827f-e6bb03534eab202605010130081777620626507713653.sst" input_files: "sstable1/4bd26312-75ba-4c3b-9aad-6608ea48d929202605010130081777620620405841556.sst" compactIntoNextLevel: true destinationLevel: 2
2026-05-01 07:30:38:213 - Compaction started: 
140310357087808:Compacting sstable1/7babbd60-3e4d-4e96-827f-e6bb03534eab202605010130081777620626507713653.sst sstable1/4bd26312-75ba-4c3b-9aad-6608ea48d929202605010130081777620620405841556.sst into:sstable2/4bd26312-75ba-4c3b-9aad-6608ea48d929202605010130081777620638233733219.sst
2026-05-01 07:30:38:264 - Compaction completed: 
3012266:COMPACT_START sstable=1 input_files: "sstable2/fc380011-e08b-4c93-bfdc-0a19873ebbbe202605010130081777620632014593065.sst" input_files: "sstable2/4bd26312-75ba-4c3b-9aad-6608ea48d929202605010130081777620632068623941.sst" compactIntoNextLevel: false destinationLevel: 2
2026-05-01 07:30:38:386 - Compaction started: 
140310357087808:Compacting sstable2/fc380011-e08b-4c93-bfdc-0a19873ebbbe202605010130081777620632014593065.sst sstable2/4bd26312-75ba-4c3b-9aad-6608ea48d929202605010130081777620632068623941.sst into:sstable2/0_4bd26312-75ba-4c3b-9aad-6608ea48d929202605010130081777620638421981559.sst
2026-05-01 07:30:38:476 - Compaction completed: 
3012266:COMPACT_START sstable=1 input_files: "sstable2/49e14288-ac4e-44cd-a51f-033e9320e4da202605010130081777620632070140344.sst" input_files: "sstable2/7babbd60-3e4d-4e96-827f-e6bb03534eab202605010130081777620632102331008.sst" compactIntoNextLevel: false destinationLevel: 2
2026-05-01 07:30:38:557 - Compaction started: 
140310357087808:Compacting sstable2/49e14288-ac4e-44cd-a51f-033e9320e4da202605010130081777620632070140344.sst sstable2/7babbd60-3e4d-4e96-827f-e6bb03534eab202605010130081777620632102331008.sst into:sstable2/0_4bd26312-75ba-4c3b-9aad-6608ea48d929202605010130081777620638592523918.sst
2026-05-01 07:30:38:649 - Compaction completed: 
3012266:COMPACT_START sstable=1 input_files: "sstable2/4bd26312-75ba-4c3b-9aad-6608ea48d929202605010130081777620635321156316.sst" input_files: "sstable2/fc380011-e08b-4c93-bfdc-0a19873ebbbe202605010130081777620635308703171.sst" compactIntoNextLevel: false destinationLevel: 2
2026-05-01 07:30:38:730 - Compaction started: 
2026-05-01 07:30:38:724 30 sec: 113530 operations; 3784.21 current ops/sec; est completion in 3 days 1 hour [READ: Count=113540, Max=1906687, Min=32, Avg=261.79, 90=368, 99=435, 99.9=1202, 99.99=29503] 
140310357087808:Compacting sstable2/4bd26312-75ba-4c3b-9aad-6608ea48d929202605010130081777620635321156316.sst sstable2/fc380011-e08b-4c93-bfdc-0a19873ebbbe202605010130081777620635308703171.sst into:sstable2/0_4bd26312-75ba-4c3b-9aad-6608ea48d929202605010130081777620638764562932.sst
2026-05-01 07:30:38:818 - Compaction completed: 
3012266:Task input_files: "sstable2/4bd26312-75ba-4c3b-9aad-6608ea48d929202605010130081777620626586973302.sst" input_files: "sstable2/49e14288-ac4e-44cd-a51f-033e9320e4da202605010130081777620626587274207.sst" compactIntoNextLevel: false destinationLevel: 2 is dead (hb=30)
3012266:Task input_files: "sstable2/fc380011-e08b-4c93-bfdc-0a19873ebbbe202605010130081777620626599990845.sst" input_files: "sstable2/7babbd60-3e4d-4e96-827f-e6bb03534eab202605010130081777620626626687140.sst" compactIntoNextLevel: false destinationLevel: 2 is dead (hb=30)
3012266:Found dead task input_files: "sstable2/fc380011-e08b-4c93-bfdc-0a19873ebbbe202605010130081777620626599990845.sst" input_files: "sstable2/7babbd60-3e4d-4e96-827f-e6bb03534eab202605010130081777620626626687140.sst" compactIntoNextLevel: false destinationLevel: 2
3012266:COMPACT_START sstable=1 input_files: "sstable2/fc380011-e08b-4c93-bfdc-0a19873ebbbe202605010130081777620626599990845.sst" input_files: "sstable2/7babbd60-3e4d-4e96-827f-e6bb03534eab202605010130081777620626626687140.sst" compactIntoNextLevel: false destinationLevel: 2
3012266:COMPACT_ABORT input_files: "sstable2/fc380011-e08b-4c93-bfdc-0a19873ebbbe202605010130081777620626599990845.sst" input_files: "sstable2/7babbd60-3e4d-4e96-827f-e6bb03534eab202605010130081777620626626687140.sst" compactIntoNextLevel: false destinationLevel: 2
3012266:Found dead task input_files: "sstable2/4bd26312-75ba-4c3b-9aad-6608ea48d929202605010130081777620626586973302.sst" input_files: "sstable2/49e14288-ac4e-44cd-a51f-033e9320e4da202605010130081777620626587274207.sst" compactIntoNextLevel: false destinationLevel: 2
3012266:COMPACT_START sstable=1 input_files: "sstable2/4bd26312-75ba-4c3b-9aad-6608ea48d929202605010130081777620626586973302.sst" input_files: "sstable2/49e14288-ac4e-44cd-a51f-033e9320e4da202605010130081777620626587274207.sst" compactIntoNextLevel: false destinationLevel: 2
2026-05-01 07:30:39:179 - Compaction started: 
140310357087808:Compacting sstable2/4bd26312-75ba-4c3b-9aad-6608ea48d929202605010130081777620626586973302.sst sstable2/49e14288-ac4e-44cd-a51f-033e9320e4da202605010130081777620626587274207.sst into:sstable2/4bd26312-75ba-4c3b-9aad-6608ea48d929202605010130081777620639215672632.sst
2026-05-01 07:30:39:272 - Compaction completed: 
3012266:Task input_files: "sstable2/49e14288-ac4e-44cd-a51f-033e9320e4da202605010130081777620625571486362.sst" input_files: "sstable2/fc380011-e08b-4c93-bfdc-0a19873ebbbe202605010130081777620625584053651.sst" compactIntoNextLevel: false destinationLevel: 2 is dead (hb=30)
3012266:Found dead task input_files: "sstable2/49e14288-ac4e-44cd-a51f-033e9320e4da202605010130081777620625571486362.sst" input_files: "sstable2/fc380011-e08b-4c93-bfdc-0a19873ebbbe202605010130081777620625584053651.sst" compactIntoNextLevel: false destinationLevel: 2
3012266:COMPACT_START sstable=1 input_files: "sstable2/49e14288-ac4e-44cd-a51f-033e9320e4da202605010130081777620625571486362.sst" input_files: "sstable2/fc380011-e08b-4c93-bfdc-0a19873ebbbe202605010130081777620625584053651.sst" compactIntoNextLevel: false destinationLevel: 2
2026-05-01 07:30:41:528 - Compaction started: 
140310357087808:Compacting sstable2/49e14288-ac4e-44cd-a51f-033e9320e4da202605010130081777620625571486362.sst sstable2/fc380011-e08b-4c93-bfdc-0a19873ebbbe202605010130081777620625584053651.sst into:sstable2/4bd26312-75ba-4c3b-9aad-6608ea48d929202605010130081777620641569630428.sst
2026-05-01 07:30:41:631 - Compaction completed: 
3012266:Task input_files: "sstable2/fc380011-e08b-4c93-bfdc-0a19873ebbbe202605010130081777620626599990845.sst" input_files: "sstable2/7babbd60-3e4d-4e96-827f-e6bb03534eab202605010130081777620626626687140.sst" compactIntoNextLevel: false destinationLevel: 2 is dead (hb=30)
3012266:Found dead task input_files: "sstable2/fc380011-e08b-4c93-bfdc-0a19873ebbbe202605010130081777620626599990845.sst" input_files: "sstable2/7babbd60-3e4d-4e96-827f-e6bb03534eab202605010130081777620626626687140.sst" compactIntoNextLevel: false destinationLevel: 2
3012266:COMPACT_START sstable=1 input_files: "sstable2/fc380011-e08b-4c93-bfdc-0a19873ebbbe202605010130081777620626599990845.sst" input_files: "sstable2/7babbd60-3e4d-4e96-827f-e6bb03534eab202605010130081777620626626687140.sst" compactIntoNextLevel: false destinationLevel: 2
2026-05-01 07:30:42:156 - Compaction started: 
140310357087808:Compacting sstable2/fc380011-e08b-4c93-bfdc-0a19873ebbbe202605010130081777620626599990845.sst sstable2/7babbd60-3e4d-4e96-827f-e6bb03534eab202605010130081777620626626687140.sst into:sstable2/4bd26312-75ba-4c3b-9aad-6608ea48d929202605010130081777620642196383999.sst
2026-05-01 07:30:42:255 - Compaction completed: 
3012266:COMPACT_START sstable=1 input_files: "sstable2/49e14288-ac4e-44cd-a51f-033e9320e4da202605010130081777620646888793063.sst" input_files: "sstable2/7babbd60-3e4d-4e96-827f-e6bb03534eab202605010130081777620621716963745.sst" compactIntoNextLevel: false destinationLevel: 2
3012266:COMPACT_ABORT input_files: "sstable2/49e14288-ac4e-44cd-a51f-033e9320e4da202605010130081777620646888793063.sst" input_files: "sstable2/7babbd60-3e4d-4e96-827f-e6bb03534eab202605010130081777620621716963745.sst" compactIntoNextLevel: false destinationLevel: 2
3012266:COMPACT_START sstable=1 input_files: "sstable2/fc380011-e08b-4c93-bfdc-0a19873ebbbe202605010130081777620622012787175.sst" input_files: "sstable2/7babbd60-3e4d-4e96-827f-e6bb03534eab202605010130081777620622020557912.sst" compactIntoNextLevel: false destinationLevel: 2
2026-05-01 07:30:47:369 - Compaction started: 
140310357087808:Compacting sstable2/fc380011-e08b-4c93-bfdc-0a19873ebbbe202605010130081777620622012787175.sst sstable2/7babbd60-3e4d-4e96-827f-e6bb03534eab202605010130081777620622020557912.sst into:sstable2/0_4bd26312-75ba-4c3b-9aad-6608ea48d929202605010130081777620647418457611.sst
2026-05-01 07:30:47:495 - Compaction completed: 
3012266:COMPACT_START sstable=1 input_files: "sstable2/7babbd60-3e4d-4e96-827f-e6bb03534eab202605010130081777620622537440741.sst" input_files: "sstable2/4bd26312-75ba-4c3b-9aad-6608ea48d929202605010130081777620622609723862.sst" compactIntoNextLevel: false destinationLevel: 2
2026-05-01 07:30:47:579 - Compaction started: 
140310357087808:Compacting sstable2/7babbd60-3e4d-4e96-827f-e6bb03534eab202605010130081777620622537440741.sst sstable2/4bd26312-75ba-4c3b-9aad-6608ea48d929202605010130081777620622609723862.sst into:sstable2/0_4bd26312-75ba-4c3b-9aad-6608ea48d929202605010130081777620647627171286.sst
2026-05-01 07:30:47:703 - Compaction completed: 
3012266:COMPACT_START sstable=1 input_files: "sstable2/7babbd60-3e4d-4e96-827f-e6bb03534eab202605010130081777620626014736528.sst" input_files: "sstable2/fc380011-e08b-4c93-bfdc-0a19873ebbbe202605010130081777620622935838577.sst" compactIntoNextLevel: false destinationLevel: 2
3012266:COMPACT_ABORT input_files: "sstable2/7babbd60-3e4d-4e96-827f-e6bb03534eab202605010130081777620626014736528.sst" input_files: "sstable2/fc380011-e08b-4c93-bfdc-0a19873ebbbe202605010130081777620622935838577.sst" compactIntoNextLevel: false destinationLevel: 2
3012266:COMPACT_START sstable=1 input_files: "sstable2/49e14288-ac4e-44cd-a51f-033e9320e4da202605010130081777620623132471715.sst" input_files: "sstable2/fc380011-e08b-4c93-bfdc-0a19873ebbbe202605010130081777620623143948449.sst" compactIntoNextLevel: false destinationLevel: 2
2026-05-01 07:30:47:908 - Compaction started: 
140310357087808:Compacting sstable2/49e14288-ac4e-44cd-a51f-033e9320e4da202605010130081777620623132471715.sst sstable2/fc380011-e08b-4c93-bfdc-0a19873ebbbe202605010130081777620623143948449.sst into:sstable2/0_4bd26312-75ba-4c3b-9aad-6608ea48d929202605010130081777620647955356131.sst
2026-05-01 07:30:48:030 - Compaction completed: 
3012266:COMPACT_START sstable=1 input_files: "sstable2/49e14288-ac4e-44cd-a51f-033e9320e4da202605010130081777620623337662506.sst" input_files: "sstable2/fc380011-e08b-4c93-bfdc-0a19873ebbbe202605010130081777620623347805159.sst" compactIntoNextLevel: false destinationLevel: 2
2026-05-01 07:30:48:128 - Compaction started: 
140310357087808:Compacting sstable2/49e14288-ac4e-44cd-a51f-033e9320e4da202605010130081777620623337662506.sst sstable2/fc380011-e08b-4c93-bfdc-0a19873ebbbe202605010130081777620623347805159.sst into:sstable2/0_4bd26312-75ba-4c3b-9aad-6608ea48d929202605010130081777620648176298910.sst
2026-05-01 07:30:48:253 - Compaction completed: 
3012266:COMPACT_START sstable=1 input_files: "sstable2/49e14288-ac4e-44cd-a51f-033e9320e4da202605010130081777620623538606525.sst" input_files: "sstable2/fc380011-e08b-4c93-bfdc-0a19873ebbbe202605010130081777620623550114568.sst" compactIntoNextLevel: false destinationLevel: 2
3012266:COMPACT_ABORT input_files: "sstable2/49e14288-ac4e-44cd-a51f-033e9320e4da202605010130081777620623538606525.sst" input_files: "sstable2/fc380011-e08b-4c93-bfdc-0a19873ebbbe202605010130081777620623550114568.sst" compactIntoNextLevel: false destinationLevel: 2
3012266:COMPACT_START sstable=1 input_files: "sstable2/7babbd60-3e4d-4e96-827f-e6bb03534eab202605010130081777620623560442378.sst" input_files: "sstable2/4bd26312-75ba-4c3b-9aad-6608ea48d929202605010130081777620623628791135.sst" compactIntoNextLevel: false destinationLevel: 2
2026-05-01 07:30:48:371 - Compaction started: 
140310357087808:Compacting sstable2/7babbd60-3e4d-4e96-827f-e6bb03534eab202605010130081777620623560442378.sst sstable2/4bd26312-75ba-4c3b-9aad-6608ea48d929202605010130081777620623628791135.sst into:sstable2/0_4bd26312-75ba-4c3b-9aad-6608ea48d929202605010130081777620648415997218.sst
2026-05-01 07:30:48:492 - Compaction completed: 
3012266:COMPACT_START sstable=1 input_files: "sstable2/fc380011-e08b-4c93-bfdc-0a19873ebbbe202605010130081777620623856007324.sst" input_files: "sstable2/7babbd60-3e4d-4e96-827f-e6bb03534eab202605010130081777620623866306181.sst" compactIntoNextLevel: false destinationLevel: 2
2026-05-01 07:30:48:597 - Compaction started: 
140310357087808:Compacting sstable2/fc380011-e08b-4c93-bfdc-0a19873ebbbe202605010130081777620623856007324.sst sstable2/7babbd60-3e4d-4e96-827f-e6bb03534eab202605010130081777620623866306181.sst into:sstable2/0_4bd26312-75ba-4c3b-9aad-6608ea48d929202605010130081777620648642255621.sst
2026-05-01 07:30:48:717 - Compaction completed: 
3012266:COMPACT_START sstable=1 input_files: "sstable2/fc380011-e08b-4c93-bfdc-0a19873ebbbe202605010130081777620624059516473.sst" input_files: "sstable2/49e14288-ac4e-44cd-a51f-033e9320e4da202605010130081777620627096641286.sst" compactIntoNextLevel: false destinationLevel: 2
2026-05-01 07:30:48:826 - Compaction started: 
140310357087808:Compacting sstable2/fc380011-e08b-4c93-bfdc-0a19873ebbbe202605010130081777620624059516473.sst sstable2/49e14288-ac4e-44cd-a51f-033e9320e4da202605010130081777620627096641286.sst into:sstable2/0_4bd26312-75ba-4c3b-9aad-6608ea48d929202605010130081777620648869048887.sst
2026-05-01 07:30:48:936 - Compaction completed: 
3012266:COMPACT_START sstable=1 input_files: "sstable2/fc380011-e08b-4c93-bfdc-0a19873ebbbe202605010130081777620627329177378.sst" input_files: "sstable2/7babbd60-3e4d-4e96-827f-e6bb03534eab202605010130081777620624273615192.sst" compactIntoNextLevel: false destinationLevel: 2
2026-05-01 07:30:49:058 - Compaction started: 
140310357087808:Compacting sstable2/fc380011-e08b-4c93-bfdc-0a19873ebbbe202605010130081777620627329177378.sst sstable2/7babbd60-3e4d-4e96-827f-e6bb03534eab202605010130081777620624273615192.sst into:sstable2/0_4bd26312-75ba-4c3b-9aad-6608ea48d929202605010130081777620649102330937.sst
2026-05-01 07:30:49:175 - Compaction completed: 
3012266:COMPACT_START sstable=1 input_files: "sstable2/7babbd60-3e4d-4e96-827f-e6bb03534eab202605010130081777620624477022409.sst" input_files: "sstable2/4bd26312-75ba-4c3b-9aad-6608ea48d929202605010130081777620624545394360.sst" compactIntoNextLevel: false destinationLevel: 2
2026-05-01 07:30:49:294 - Compaction started: 
140310357087808:Compacting sstable2/7babbd60-3e4d-4e96-827f-e6bb03534eab202605010130081777620624477022409.sst sstable2/4bd26312-75ba-4c3b-9aad-6608ea48d929202605010130081777620624545394360.sst into:sstable2/0_4bd26312-75ba-4c3b-9aad-6608ea48d929202605010130081777620649335701974.sst
2026-05-01 07:30:49:405 - Compaction completed: 
3012266:COMPACT_START sstable=1 input_files: "sstable2/49e14288-ac4e-44cd-a51f-033e9320e4da202605010130081777620627814920913.sst" input_files: "sstable2/49e14288-ac4e-44cd-a51f-033e9320e4da202605010130081777620624859635576.sst" compactIntoNextLevel: false destinationLevel: 2
2026-05-01 07:30:49:532 - Compaction started: 
140310357087808:Compacting sstable2/49e14288-ac4e-44cd-a51f-033e9320e4da202605010130081777620627814920913.sst sstable2/49e14288-ac4e-44cd-a51f-033e9320e4da202605010130081777620624859635576.sst into:sstable2/0_4bd26312-75ba-4c3b-9aad-6608ea48d929202605010130081777620649571675460.sst
2026-05-01 07:30:49:637 - Compaction completed: 
3012266:COMPACT_START sstable=1 input_files: "sstable2/4bd26312-75ba-4c3b-9aad-6608ea48d929202605010130081777620624950564742.sst" input_files: "sstable2/49e14288-ac4e-44cd-a51f-033e9320e4da202605010130081777620624961296871.sst" compactIntoNextLevel: false destinationLevel: 2
2026-05-01 07:30:49:676 - Compaction started: 
140310357087808:Compacting sstable2/4bd26312-75ba-4c3b-9aad-6608ea48d929202605010130081777620624950564742.sst sstable2/49e14288-ac4e-44cd-a51f-033e9320e4da202605010130081777620624961296871.sst into:sstable2/0_4bd26312-75ba-4c3b-9aad-6608ea48d929202605010130081777620649715431484.sst
2026-05-01 07:30:49:782 - Compaction completed: 
3012266:COMPACT_START sstable=1 input_files: "sstable2/4bd26312-75ba-4c3b-9aad-6608ea48d929202605010130081777620625258498665.sst" input_files: "sstable2/fc380011-e08b-4c93-bfdc-0a19873ebbbe202605010130081777620625278370647.sst" compactIntoNextLevel: false destinationLevel: 2
2026-05-01 07:30:49:920 - Compaction started: 
140310357087808:Compacting sstable2/4bd26312-75ba-4c3b-9aad-6608ea48d929202605010130081777620625258498665.sst sstable2/fc380011-e08b-4c93-bfdc-0a19873ebbbe202605010130081777620625278370647.sst into:sstable2/0_4bd26312-75ba-4c3b-9aad-6608ea48d929202605010130081777620649960110449.sst
2026-05-01 07:30:50:025 - Compaction completed: 
3012266:COMPACT_START sstable=1 input_files: "sstable2/49e14288-ac4e-44cd-a51f-033e9320e4da202605010130081777620625672033327.sst" input_files: "sstable2/fc380011-e08b-4c93-bfdc-0a19873ebbbe202605010130081777620628755226458.sst" compactIntoNextLevel: false destinationLevel: 2
2026-05-01 07:30:50:166 - Compaction started: 
140310357087808:Compacting sstable2/49e14288-ac4e-44cd-a51f-033e9320e4da202605010130081777620625672033327.sst sstable2/fc380011-e08b-4c93-bfdc-0a19873ebbbe202605010130081777620628755226458.sst into:sstable2/0_4bd26312-75ba-4c3b-9aad-6608ea48d929202605010130081777620650205472715.sst
2026-05-01 07:30:50:271 - Compaction completed: 
3012266:Task input_files: "sstable2/49e14288-ac4e-44cd-a51f-033e9320e4da202605010130081777620646888793063.sst" input_files: "sstable2/7babbd60-3e4d-4e96-827f-e6bb03534eab202605010130081777620621716963745.sst" compactIntoNextLevel: false destinationLevel: 2 is dead (hb=30)
3012266:Found dead task input_files: "sstable2/49e14288-ac4e-44cd-a51f-033e9320e4da202605010130081777620646888793063.sst" input_files: "sstable2/7babbd60-3e4d-4e96-827f-e6bb03534eab202605010130081777620621716963745.sst" compactIntoNextLevel: false destinationLevel: 2
3012266:COMPACT_START sstable=1 input_files: "sstable2/49e14288-ac4e-44cd-a51f-033e9320e4da202605010130081777620646888793063.sst" input_files: "sstable2/7babbd60-3e4d-4e96-827f-e6bb03534eab202605010130081777620621716963745.sst" compactIntoNextLevel: false destinationLevel: 2
2026-05-01 07:30:50:368 - Compaction started: 
140310357087808:Compacting sstable2/49e14288-ac4e-44cd-a51f-033e9320e4da202605010130081777620646888793063.sst sstable2/7babbd60-3e4d-4e96-827f-e6bb03534eab202605010130081777620621716963745.sst into:sstable2/4bd26312-75ba-4c3b-9aad-6608ea48d929202605010130081777620650569467129.sst
2026-05-01 07:30:50:851 - Compaction completed: 
3012266:Task input_files: "sstable2/7babbd60-3e4d-4e96-827f-e6bb03534eab202605010130081777620626014736528.sst" input_files: "sstable2/fc380011-e08b-4c93-bfdc-0a19873ebbbe202605010130081777620622935838577.sst" compactIntoNextLevel: false destinationLevel: 2 is dead (hb=31)
3012266:Found dead task input_files: "sstable2/7babbd60-3e4d-4e96-827f-e6bb03534eab202605010130081777620626014736528.sst" input_files: "sstable2/fc380011-e08b-4c93-bfdc-0a19873ebbbe202605010130081777620622935838577.sst" compactIntoNextLevel: false destinationLevel: 2
3012266:COMPACT_START sstable=1 input_files: "sstable2/7babbd60-3e4d-4e96-827f-e6bb03534eab202605010130081777620626014736528.sst" input_files: "sstable2/fc380011-e08b-4c93-bfdc-0a19873ebbbe202605010130081777620622935838577.sst" compactIntoNextLevel: false destinationLevel: 2
2026-05-01 07:30:50:947 - Compaction started: 
140310357087808:Compacting sstable2/7babbd60-3e4d-4e96-827f-e6bb03534eab202605010130081777620626014736528.sst sstable2/fc380011-e08b-4c93-bfdc-0a19873ebbbe202605010130081777620622935838577.sst into:sstable2/4bd26312-75ba-4c3b-9aad-6608ea48d929202605010130081777620650996078624.sst
2026-05-01 07:30:51:073 - Compaction completed: 
3012266:COMPACT_START sstable=1 input_files: "sstable2/49e14288-ac4e-44cd-a51f-033e9320e4da202605010130081777620654209385303.sst" input_files: "sstable2/7babbd60-3e4d-4e96-827f-e6bb03534eab202605010130081777620621818614830.sst" compactIntoNextLevel: false destinationLevel: 2
2026-05-01 07:30:54:643 - Compaction started: 
140310357087808:Compacting sstable2/49e14288-ac4e-44cd-a51f-033e9320e4da202605010130081777620654209385303.sst sstable2/7babbd60-3e4d-4e96-827f-e6bb03534eab202605010130081777620621818614830.sst into:sstable2/0_4bd26312-75ba-4c3b-9aad-6608ea48d929202605010130081777620654892868760.sst
2026-05-01 07:30:55:245 - Compaction completed: 
3012266:COMPACT_START sstable=1 input_files: "sstable2/0_4bd26312-75ba-4c3b-9aad-6608ea48d929202605010130081777620654892868760.sst" input_files: "sstable2/0_fc380011-e08b-4c93-bfdc-0a19873ebbbe202605010130081777620634559850431.sst" compactIntoNextLevel: false destinationLevel: 2
2026-05-01 07:30:55:643 - Compaction started: 
140310357087808:Compacting sstable2/0_4bd26312-75ba-4c3b-9aad-6608ea48d929202605010130081777620654892868760.sst sstable2/0_fc380011-e08b-4c93-bfdc-0a19873ebbbe202605010130081777620634559850431.sst into:sstable2/1_4bd26312-75ba-4c3b-9aad-6608ea48d929202605010130081777620655959230280.sst
2026-05-01 07:30:56:400 - Compaction completed: 
3012266:COMPACT_START sstable=1 input_files: "sstable2/7babbd60-3e4d-4e96-827f-e6bb03534eab202605010130081777620632204243694.sst" input_files: "sstable2/fc380011-e08b-4c93-bfdc-0a19873ebbbe202605010130081777620632219107177.sst" compactIntoNextLevel: false destinationLevel: 2
2026-05-01 07:30:56:533 - Compaction started: 
140310357087808:Compacting sstable2/7babbd60-3e4d-4e96-827f-e6bb03534eab202605010130081777620632204243694.sst sstable2/fc380011-e08b-4c93-bfdc-0a19873ebbbe202605010130081777620632219107177.sst into:sstable2/0_4bd26312-75ba-4c3b-9aad-6608ea48d929202605010130081777620656573365967.sst
2026-05-01 07:30:56:633 - Compaction completed: 
3012266:COMPACT_START sstable=1 input_files: "sstable2/1_fc380011-e08b-4c93-bfdc-0a19873ebbbe202605010130081777620631171698855.sst" input_files: "sstable2/1_4bd26312-75ba-4c3b-9aad-6608ea48d929202605010130081777620655959230280.sst" compactIntoNextLevel: false destinationLevel: 2
2026-05-01 07:30:56:764 - Compaction started: 
140310357087808:Compacting sstable2/1_fc380011-e08b-4c93-bfdc-0a19873ebbbe202605010130081777620631171698855.sst sstable2/1_4bd26312-75ba-4c3b-9aad-6608ea48d929202605010130081777620655959230280.sst into:sstable2/2_4bd26312-75ba-4c3b-9aad-6608ea48d929202605010130081777620657205643393.sst
2026-05-01 07:30:57:811 - Compaction completed: 
3012266:Task input_files: "sstable2/49e14288-ac4e-44cd-a51f-033e9320e4da202605010130081777620632170043953.sst" input_files: "sstable2/4bd26312-75ba-4c3b-9aad-6608ea48d929202605010130081777620632171000005.sst" compactIntoNextLevel: false destinationLevel: 2 is dead (hb=31)
3012266:Found dead task input_files: "sstable2/49e14288-ac4e-44cd-a51f-033e9320e4da202605010130081777620632170043953.sst" input_files: "sstable2/4bd26312-75ba-4c3b-9aad-6608ea48d929202605010130081777620632171000005.sst" compactIntoNextLevel: false destinationLevel: 2
3012266:COMPACT_START sstable=1 input_files: "sstable2/49e14288-ac4e-44cd-a51f-033e9320e4da202605010130081777620632170043953.sst" input_files: "sstable2/4bd26312-75ba-4c3b-9aad-6608ea48d929202605010130081777620632171000005.sst" compactIntoNextLevel: false destinationLevel: 2
2026-05-01 07:30:59:566 - Compaction started: 
140310357087808:Compacting sstable2/49e14288-ac4e-44cd-a51f-033e9320e4da202605010130081777620632170043953.sst sstable2/4bd26312-75ba-4c3b-9aad-6608ea48d929202605010130081777620632171000005.sst into:sstable2/4bd26312-75ba-4c3b-9aad-6608ea48d929202605010130081777620659605470695.sst
2026-05-01 07:30:59:664 - Compaction completed: 
3012266:COMPACT_START sstable=1 input_files: "sstable2/49e14288-ac4e-44cd-a51f-033e9320e4da202605010130081777620660836396286.sst" input_files: "sstable2/49e14288-ac4e-44cd-a51f-033e9320e4da202605010130081777620635652610499.sst" compactIntoNextLevel: false destinationLevel: 2
2026-05-01 07:31:01:198 - Compaction started: 
140310357087808:Compacting sstable2/49e14288-ac4e-44cd-a51f-033e9320e4da202605010130081777620660836396286.sst sstable2/49e14288-ac4e-44cd-a51f-033e9320e4da202605010130081777620635652610499.sst into:sstable2/0_4bd26312-75ba-4c3b-9aad-6608ea48d929202605010130081777620661387772595.sst
2026-05-01 07:31:01:662 - Compaction completed: 
3012266:COMPACT_START sstable=1 input_files: "sstable2/0_4bd26312-75ba-4c3b-9aad-6608ea48d929202605010130081777620632729288592.sst" input_files: "sstable2/0_49e14288-ac4e-44cd-a51f-033e9320e4da202605010130081777620632848757629.sst" compactIntoNextLevel: false destinationLevel: 2
2026-05-01 07:31:02:140 - Compaction started: 
140310357087808:Compacting sstable2/0_4bd26312-75ba-4c3b-9aad-6608ea48d929202605010130081777620632729288592.sst sstable2/0_49e14288-ac4e-44cd-a51f-033e9320e4da202605010130081777620632848757629.sst into:sstable2/1_4bd26312-75ba-4c3b-9aad-6608ea48d929202605010130081777620662250986163.sst
2026-05-01 07:31:02:412 - Compaction completed: 
3012266:COMPACT_START sstable=1 input_files: "sstable2/0_49e14288-ac4e-44cd-a51f-033e9320e4da202605010130081777620662318165137.sst" input_files: "sstable2/0_7babbd60-3e4d-4e96-827f-e6bb03534eab202605010130081777620647912995612.sst" compactIntoNextLevel: false destinationLevel: 2
2026-05-01 07:31:03:173 - Compaction started: 
140310357087808:Compacting sstable2/0_49e14288-ac4e-44cd-a51f-033e9320e4da202605010130081777620662318165137.sst sstable2/0_7babbd60-3e4d-4e96-827f-e6bb03534eab202605010130081777620647912995612.sst into:sstable2/1_4bd26312-75ba-4c3b-9aad-6608ea48d929202605010130081777620663304347362.sst
2026-05-01 07:31:03:502 - Compaction completed: 
3012266:COMPACT_START sstable=1 input_files: "sstable2/7babbd60-3e4d-4e96-827f-e6bb03534eab202605010130081777620660618976582.sst" input_files: "sstable2/7babbd60-3e4d-4e96-827f-e6bb03534eab202605010130081777620623560442378.sst" compactIntoNextLevel: false destinationLevel: 2
2026-05-01 07:31:05:590 - Compaction started: 
140310357087808:Compacting sstable2/7babbd60-3e4d-4e96-827f-e6bb03534eab202605010130081777620660618976582.sst sstable2/7babbd60-3e4d-4e96-827f-e6bb03534eab202605010130081777620623560442378.sst into:sstable2/0_4bd26312-75ba-4c3b-9aad-6608ea48d929202605010130081777620665667300820.sst
2026-05-01 07:31:05:780 - Compaction completed: 
3012266:COMPACT_START sstable=1 input_files: "sstable2/0_4bd26312-75ba-4c3b-9aad-6608ea48d929202605010130081777620665667300820.sst" input_files: "sstable2/0_49e14288-ac4e-44cd-a51f-033e9320e4da202605010130081777620633406151238.sst" compactIntoNextLevel: false destinationLevel: 2
2026-05-01 07:31:06:623 - Compaction started: 
140310357087808:Compacting sstable2/0_4bd26312-75ba-4c3b-9aad-6608ea48d929202605010130081777620665667300820.sst sstable2/0_49e14288-ac4e-44cd-a51f-033e9320e4da202605010130081777620633406151238.sst into:sstable2/1_4bd26312-75ba-4c3b-9aad-6608ea48d929202605010130081777620666752190041.sst
2026-05-01 07:31:06:951 - Compaction completed: 
3012266:COMPACT_START sstable=1 input_files: "sstable2/1_7babbd60-3e4d-4e96-827f-e6bb03534eab202605010130081777620663288005127.sst" input_files: "sstable2/1_fc380011-e08b-4c93-bfdc-0a19873ebbbe202605010130081777620663350967817.sst" compactIntoNextLevel: false destinationLevel: 2
2026-05-01 07:31:07:868 - Compaction started: 
140310357087808:Compacting sstable2/1_7babbd60-3e4d-4e96-827f-e6bb03534eab202605010130081777620663288005127.sst sstable2/1_fc380011-e08b-4c93-bfdc-0a19873ebbbe202605010130081777620663350967817.sst into:sstable2/2_4bd26312-75ba-4c3b-9aad-6608ea48d929202605010130081777620668102579237.sst
2026-05-01 07:31:08:429 - Compaction completed: 
2026-05-01 07:31:08:724 60 sec: 250430 operations; 4563.33 current ops/sec; est completion in 2 days 18 hours [READ: Count=136522, Max=898047, Min=34, Avg=217.92, 90=234, 99=275, 99.9=690, 99.99=118335] [READ-FAILED: Count=370, Max=357, Min=160, Avg=192.27, 90=216, 99=291, 99.9=357, 99.99=357] 
