# CMD: /usr/lib/jvm/java-8-openjdk-amd64/bin/java -cp /users/Xinying/ozonedb/ycsb/ozonedb/conf:/users/Xinying/ozonedb/ycsb/ozonedb/target/ozonedb-binding-0.18.0-SNAPSHOT.jar:/users/Xinying/.m2/repository/org/apache/htrace/htrace-core4/4.1.0-incubating/htrace-core4-4.1.0-incubating.jar:/users/Xinying/.m2/repository/org/slf4j/slf4j-api/1.7.25/slf4j-api-1.7.25.jar:/users/Xinying/.m2/repository/org/hdrhistogram/HdrHistogram/2.1.12/HdrHistogram-2.1.12.jar:/users/Xinying/.m2/repository/ch/qos/logback/logback-classic/1.2.3/logback-classic-1.2.3.jar:/users/Xinying/.m2/repository/ozonedbjnimaven/demoproc-jni/1.0/demoproc-jni-1.0.jar:/users/Xinying/.m2/repository/ch/qos/logback/logback-core/1.2.3/logback-core-1.2.3.jar:/users/Xinying/.m2/repository/org/codehaus/jackson/jackson-mapper-asl/1.9.4/jackson-mapper-asl-1.9.4.jar:/users/Xinying/.m2/repository/org/slf4j/slf4j-simple/1.7.25/slf4j-simple-1.7.25.jar:/users/Xinying/.m2/repository/org/codehaus/jackson/jackson-core-asl/1.9.4/jackson-core-asl-1.9.4.jar:/users/Xinying/ozonedb/ycsb/core/target/core-0.18.0-SNAPSHOT.jar site.ycsb.Client -db site.ycsb.db.OzoneDBClient -threads 1 -s -P /users/Xinying/ozonedb/ycsb/workloads/generated_workloads/workloadc_1KB_1000000_1000000 -p status.interval=30 -p requestdistribution=uniform -p operationcount=1000000000 -p maxexecutiontime=660 -p shared_config=/tmp/churn_v4_configs/shared_config_varyR_n4_r1pct_rep1.json -t
# env OZONEDB_CHURN_ABORT_RATE=0.01
Command line: -db site.ycsb.db.OzoneDBClient -threads 1 -s -P /users/Xinying/ozonedb/ycsb/workloads/generated_workloads/workloadc_1KB_1000000_1000000 -p status.interval=30 -p requestdistribution=uniform -p operationcount=1000000000 -p maxexecutiontime=660 -p shared_config=/tmp/churn_v4_configs/shared_config_varyR_n4_r1pct_rep1.json -t
YCSB Client 0.18.0-SNAPSHOT

Loading workload...
Starting test.
SLF4J: Class path contains multiple SLF4J bindings.
SLF4J: Found binding in [jar:file:/users/Xinying/.m2/repository/ch/qos/logback/logback-classic/1.2.3/logback-classic-1.2.3.jar!/org/slf4j/impl/StaticLoggerBinder.class]
SLF4J: Found binding in [jar:file:/users/Xinying/.m2/repository/org/slf4j/slf4j-simple/1.7.25/slf4j-simple-1.7.25.jar!/org/slf4j/impl/StaticLoggerBinder.class]
SLF4J: See http://www.slf4j.org/codes.html#multiple_bindings for an explanation.
SLF4J: Actual binding is of type [ch.qos.logback.classic.util.ContextSelectorStaticBinder]
Maximum execution time specified as: 660 secs
2026-05-01 06:32:16:661 0 sec: 0 operations; est completion in 0 second 
Starting compaction watcher
DBWrapper: report latency for each error is false and specific error codes to track for latency are: []
2874563:COMPACT_START sstable=0 input_files: "datalog/3" input_files: "datalog/4" compactIntoNextLevel: true destinationLevel: 1
2026-05-01 06:32:16:739 - Compaction started: 
139970392073792:Compacting datalog/3 datalog/4 into:sstable1/2fcd107c-39a0-4c7b-a6ad-9ea004a1b227202605010032161777617136934647002.sst
2026-05-01 06:32:17:003 - Compaction completed: 
2874563:COMPACT_START sstable=0 input_files: "datalog/15" input_files: "datalog/16" compactIntoNextLevel: true destinationLevel: 1
2026-05-01 06:32:17:037 - Compaction started: 
139970392073792:Compacting datalog/15 datalog/16 into:sstable1/2fcd107c-39a0-4c7b-a6ad-9ea004a1b227202605010032161777617137086150249.sst
2026-05-01 06:32:17:104 - Compaction completed: 
2874563:COMPACT_START sstable=0 input_files: "datalog/23" input_files: "datalog/24" compactIntoNextLevel: true destinationLevel: 1
2026-05-01 06:32:17:138 - Compaction started: 
139970392073792:Compacting datalog/23 datalog/24 into:sstable1/2fcd107c-39a0-4c7b-a6ad-9ea004a1b227202605010032161777617137141547734.sst
2026-05-01 06:32:17:162 - Compaction completed: 
2874563:COMPACT_START sstable=0 input_files: "datalog/27" input_files: "datalog/28" compactIntoNextLevel: true destinationLevel: 1
2874563:COMPACT_ABORT input_files: "datalog/27" input_files: "datalog/28" compactIntoNextLevel: true destinationLevel: 1
2874563:COMPACT_START sstable=0 input_files: "datalog/33" input_files: "datalog/34" compactIntoNextLevel: true destinationLevel: 1
2026-05-01 06:32:17:344 - Compaction started: 
139970392073792:Compacting datalog/33 datalog/34 into:sstable1/2fcd107c-39a0-4c7b-a6ad-9ea004a1b227202605010032161777617137431700561.sst
2026-05-01 06:32:17:452 - Compaction completed: 
2874563:COMPACT_START sstable=0 input_files: "datalog/43" input_files: "datalog/44" compactIntoNextLevel: true destinationLevel: 1
2026-05-01 06:32:17:549 - Compaction started: 
139970392073792:Compacting datalog/43 datalog/44 into:sstable1/2fcd107c-39a0-4c7b-a6ad-9ea004a1b227202605010032161777617137574661484.sst
2026-05-01 06:32:17:595 - Compaction completed: 
2874563:COMPACT_START sstable=0 input_files: "datalog/51" input_files: "datalog/52" compactIntoNextLevel: true destinationLevel: 1
2026-05-01 06:32:17:708 - Compaction started: 
139970392073792:Compacting datalog/51 datalog/52 into:sstable1/2fcd107c-39a0-4c7b-a6ad-9ea004a1b227202605010032161777617137818596465.sst
2026-05-01 06:32:17:842 - Compaction completed: 
2874563:COMPACT_START sstable=0 input_files: "datalog/65" input_files: "datalog/66" compactIntoNextLevel: true destinationLevel: 1
2026-05-01 06:32:17:911 - Compaction started: 
139970392073792:Compacting datalog/65 datalog/66 into:sstable1/2fcd107c-39a0-4c7b-a6ad-9ea004a1b227202605010032161777617137922077133.sst
2026-05-01 06:32:17:942 - Compaction completed: 
2874563:COMPACT_START sstable=0 input_files: "datalog/71" input_files: "datalog/72" compactIntoNextLevel: true destinationLevel: 1
2026-05-01 06:32:18:012 - Compaction started: 
139970392073792:Compacting datalog/71 datalog/72 into:sstable1/2fcd107c-39a0-4c7b-a6ad-9ea004a1b227202605010032161777617138016404120.sst
2026-05-01 06:32:18:036 - Compaction completed: 
2874563:COMPACT_START sstable=0 input_files: "datalog/79" input_files: "datalog/80" compactIntoNextLevel: true destinationLevel: 1
2874563:COMPACT_ABORT input_files: "datalog/79" input_files: "datalog/80" compactIntoNextLevel: true destinationLevel: 1
2874563:COMPACT_START sstable=0 input_files: "datalog/87" input_files: "datalog/88" compactIntoNextLevel: true destinationLevel: 1
2026-05-01 06:32:18:215 - Compaction started: 
139970392073792:Compacting datalog/87 datalog/88 into:sstable1/2fcd107c-39a0-4c7b-a6ad-9ea004a1b227202605010032161777617138219434687.sst
2026-05-01 06:32:18:238 - Compaction completed: 
2874563:COMPACT_START sstable=0 input_files: "datalog/95" input_files: "datalog/96" compactIntoNextLevel: true destinationLevel: 1
2026-05-01 06:32:18:317 - Compaction started: 
139970392073792:Compacting datalog/95 datalog/96 into:sstable1/2fcd107c-39a0-4c7b-a6ad-9ea004a1b227202605010032161777617138329820359.sst
2026-05-01 06:32:18:348 - Compaction completed: 
2874563:COMPACT_START sstable=0 input_files: "datalog/103" input_files: "datalog/104" compactIntoNextLevel: true destinationLevel: 1
2026-05-01 06:32:18:418 - Compaction started: 
139970392073792:Compacting datalog/103 datalog/104 into:sstable1/2fcd107c-39a0-4c7b-a6ad-9ea004a1b227202605010032161777617138422129654.sst
2026-05-01 06:32:18:441 - Compaction completed: 
2874563:COMPACT_START sstable=0 input_files: "datalog/111" input_files: "datalog/112" compactIntoNextLevel: true destinationLevel: 1
2026-05-01 06:32:18:520 - Compaction started: 
139970392073792:Compacting datalog/111 datalog/112 into:sstable1/2fcd107c-39a0-4c7b-a6ad-9ea004a1b227202605010032161777617138523664765.sst
2026-05-01 06:32:18:543 - Compaction completed: 
2874563:COMPACT_START sstable=0 input_files: "datalog/119" input_files: "datalog/120" compactIntoNextLevel: true destinationLevel: 1
2026-05-01 06:32:18:621 - Compaction started: 
139970392073792:Compacting datalog/119 datalog/120 into:sstable1/2fcd107c-39a0-4c7b-a6ad-9ea004a1b227202605010032161777617138625260839.sst
2026-05-01 06:32:18:644 - Compaction completed: 
2874563:COMPACT_START sstable=0 input_files: "datalog/127" input_files: "datalog/128" compactIntoNextLevel: true destinationLevel: 1
2026-05-01 06:32:18:724 - Compaction started: 
139970392073792:Compacting datalog/127 datalog/128 into:sstable1/2fcd107c-39a0-4c7b-a6ad-9ea004a1b227202605010032161777617138726792733.sst
2026-05-01 06:32:18:747 - Compaction completed: 
2874563:COMPACT_START sstable=0 input_files: "datalog/135" input_files: "datalog/136" compactIntoNextLevel: true destinationLevel: 1
2026-05-01 06:32:18:825 - Compaction started: 
139970392073792:Compacting datalog/135 datalog/136 into:sstable1/2fcd107c-39a0-4c7b-a6ad-9ea004a1b227202605010032161777617138828737713.sst
2026-05-01 06:32:18:848 - Compaction completed: 
2874563:COMPACT_START sstable=0 input_files: "datalog/143" input_files: "datalog/144" compactIntoNextLevel: true destinationLevel: 1
2026-05-01 06:32:18:927 - Compaction started: 
139970392073792:Compacting datalog/143 datalog/144 into:sstable1/2fcd107c-39a0-4c7b-a6ad-9ea004a1b227202605010032161777617138929473915.sst
2026-05-01 06:32:18:943 - Compaction completed: 
2874563:COMPACT_START sstable=0 input_files: "datalog/151" input_files: "datalog/152" compactIntoNextLevel: true destinationLevel: 1
2026-05-01 06:32:19:029 - Compaction started: 
139970392073792:Compacting datalog/151 datalog/152 into:sstable1/2fcd107c-39a0-4c7b-a6ad-9ea004a1b227202605010032161777617139031922698.sst
2026-05-01 06:32:19:049 - Compaction completed: 
2874563:COMPACT_START sstable=0 input_files: "datalog/159" input_files: "datalog/160" compactIntoNextLevel: true destinationLevel: 1
2026-05-01 06:32:19:130 - Compaction started: 
139970392073792:Compacting datalog/159 datalog/160 into:sstable1/2fcd107c-39a0-4c7b-a6ad-9ea004a1b227202605010032161777617139133907823.sst
2026-05-01 06:32:19:152 - Compaction completed: 
2874563:COMPACT_START sstable=0 input_files: "datalog/167" input_files: "datalog/168" compactIntoNextLevel: true destinationLevel: 1
2026-05-01 06:32:19:232 - Compaction started: 
139970392073792:Compacting datalog/167 datalog/168 into:sstable1/2fcd107c-39a0-4c7b-a6ad-9ea004a1b227202605010032161777617139235624073.sst
2026-05-01 06:32:19:254 - Compaction completed: 
2874563:COMPACT_START sstable=0 input_files: "datalog/175" input_files: "datalog/176" compactIntoNextLevel: true destinationLevel: 1
2026-05-01 06:32:19:334 - Compaction started: 
139970392073792:Compacting datalog/175 datalog/176 into:sstable1/2fcd107c-39a0-4c7b-a6ad-9ea004a1b227202605010032161777617139337075216.sst
2026-05-01 06:32:19:354 - Compaction completed: 
2874563:COMPACT_START sstable=0 input_files: "datalog/183" input_files: "datalog/184" compactIntoNextLevel: true destinationLevel: 1
2026-05-01 06:32:19:435 - Compaction started: 
139970392073792:Compacting datalog/183 datalog/184 into:sstable1/2fcd107c-39a0-4c7b-a6ad-9ea004a1b227202605010032161777617139438833334.sst
2026-05-01 06:32:19:456 - Compaction completed: 
2874563:COMPACT_START sstable=0 input_files: "datalog/191" input_files: "datalog/192" compactIntoNextLevel: true destinationLevel: 1
2026-05-01 06:32:19:537 - Compaction started: 
139970392073792:Compacting datalog/191 datalog/192 into:sstable1/2fcd107c-39a0-4c7b-a6ad-9ea004a1b227202605010032161777617139540902285.sst
2026-05-01 06:32:19:559 - Compaction completed: 
2874563:COMPACT_START sstable=0 input_files: "datalog/199" input_files: "datalog/200" compactIntoNextLevel: true destinationLevel: 1
2026-05-01 06:32:19:639 - Compaction started: 
139970392073792:Compacting datalog/199 datalog/200 into:sstable1/2fcd107c-39a0-4c7b-a6ad-9ea004a1b227202605010032161777617139642765261.sst
2026-05-01 06:32:19:660 - Compaction completed: 
2874563:COMPACT_START sstable=0 input_files: "datalog/207" input_files: "datalog/208" compactIntoNextLevel: true destinationLevel: 1
2026-05-01 06:32:19:742 - Compaction started: 
139970392073792:Compacting datalog/207 datalog/208 into:sstable1/2fcd107c-39a0-4c7b-a6ad-9ea004a1b227202605010032161777617139744659665.sst
2026-05-01 06:32:19:764 - Compaction completed: 
2874563:COMPACT_START sstable=0 input_files: "datalog/215" input_files: "datalog/216" compactIntoNextLevel: true destinationLevel: 1
2026-05-01 06:32:19:843 - Compaction started: 
139970392073792:Compacting datalog/215 datalog/216 into:sstable1/2fcd107c-39a0-4c7b-a6ad-9ea004a1b227202605010032161777617139846744255.sst
2026-05-01 06:32:19:866 - Compaction completed: 
2874563:COMPACT_START sstable=0 input_files: "datalog/223" input_files: "datalog/224" compactIntoNextLevel: true destinationLevel: 1
2026-05-01 06:32:19:945 - Compaction started: 
139970392073792:Compacting datalog/223 datalog/224 into:sstable1/2fcd107c-39a0-4c7b-a6ad-9ea004a1b227202605010032161777617139948274286.sst
2026-05-01 06:32:19:985 - Compaction completed: 
2874563:COMPACT_START sstable=0 input_files: "datalog/231" input_files: "datalog/232" compactIntoNextLevel: true destinationLevel: 1
2026-05-01 06:32:20:048 - Compaction started: 
139970392073792:Compacting datalog/231 datalog/232 into:sstable1/2fcd107c-39a0-4c7b-a6ad-9ea004a1b227202605010032161777617140051730047.sst
2026-05-01 06:32:20:070 - Compaction completed: 
2874563:COMPACT_START sstable=0 input_files: "datalog/239" input_files: "datalog/240" compactIntoNextLevel: true destinationLevel: 1
2026-05-01 06:32:20:151 - Compaction started: 
139970392073792:Compacting datalog/239 datalog/240 into:sstable1/2fcd107c-39a0-4c7b-a6ad-9ea004a1b227202605010032161777617140154050881.sst
2026-05-01 06:32:20:172 - Compaction completed: 
2874563:COMPACT_START sstable=0 input_files: "datalog/247" input_files: "datalog/248" compactIntoNextLevel: true destinationLevel: 1
2026-05-01 06:32:20:254 - Compaction started: 
139970392073792:Compacting datalog/247 datalog/248 into:sstable1/2fcd107c-39a0-4c7b-a6ad-9ea004a1b227202605010032161777617140257575882.sst
2026-05-01 06:32:20:275 - Compaction completed: 
2874563:COMPACT_START sstable=0 input_files: "datalog/253" input_files: "datalog/254" compactIntoNextLevel: true destinationLevel: 1
2026-05-01 06:32:20:356 - Compaction started: 
139970392073792:Compacting datalog/253 datalog/254 into:sstable1/2fcd107c-39a0-4c7b-a6ad-9ea004a1b227202605010032161777617140360100086.sst
2026-05-01 06:32:20:378 - Compaction completed: 
2874563:COMPACT_START sstable=0 input_files: "datalog/261" input_files: "datalog/262" compactIntoNextLevel: true destinationLevel: 1
2026-05-01 06:32:20:459 - Compaction started: 
139970392073792:Compacting datalog/261 datalog/262 into:sstable1/2fcd107c-39a0-4c7b-a6ad-9ea004a1b227202605010032161777617140462636574.sst
2026-05-01 06:32:20:480 - Compaction completed: 
2874563:COMPACT_START sstable=0 input_files: "datalog/269" input_files: "datalog/270" compactIntoNextLevel: true destinationLevel: 1
2026-05-01 06:32:20:562 - Compaction started: 
139970392073792:Compacting datalog/269 datalog/270 into:sstable1/2fcd107c-39a0-4c7b-a6ad-9ea004a1b227202605010032161777617140565797162.sst
2026-05-01 06:32:20:584 - Compaction completed: 
2874563:COMPACT_START sstable=0 input_files: "datalog/277" input_files: "datalog/278" compactIntoNextLevel: true destinationLevel: 1
2026-05-01 06:32:20:665 - Compaction started: 
139970392073792:Compacting datalog/277 datalog/278 into:sstable1/2fcd107c-39a0-4c7b-a6ad-9ea004a1b227202605010032161777617140668417046.sst
2026-05-01 06:32:20:685 - Compaction completed: 
2874563:COMPACT_START sstable=0 input_files: "datalog/285" input_files: "datalog/286" compactIntoNextLevel: true destinationLevel: 1
2026-05-01 06:32:20:767 - Compaction started: 
139970392073792:Compacting datalog/285 datalog/286 into:sstable1/2fcd107c-39a0-4c7b-a6ad-9ea004a1b227202605010032161777617140770226922.sst
2026-05-01 06:32:20:788 - Compaction completed: 
2874563:COMPACT_START sstable=0 input_files: "datalog/293" input_files: "datalog/294" compactIntoNextLevel: true destinationLevel: 1
2026-05-01 06:32:20:870 - Compaction started: 
139970392073792:Compacting datalog/293 datalog/294 into:sstable1/2fcd107c-39a0-4c7b-a6ad-9ea004a1b227202605010032161777617140873544524.sst
2026-05-01 06:32:20:892 - Compaction completed: 
2874563:COMPACT_START sstable=0 input_files: "datalog/301" input_files: "datalog/302" compactIntoNextLevel: true destinationLevel: 1
2026-05-01 06:32:20:972 - Compaction started: 
139970392073792:Compacting datalog/301 datalog/302 into:sstable1/2fcd107c-39a0-4c7b-a6ad-9ea004a1b227202605010032161777617140975835431.sst
2026-05-01 06:32:20:993 - Compaction completed: 
2874563:COMPACT_START sstable=0 input_files: "datalog/309" input_files: "datalog/310" compactIntoNextLevel: true destinationLevel: 1
2026-05-01 06:32:21:075 - Compaction started: 
139970392073792:Compacting datalog/309 datalog/310 into:sstable1/2fcd107c-39a0-4c7b-a6ad-9ea004a1b227202605010032161777617141078448933.sst
2026-05-01 06:32:21:096 - Compaction completed: 
2874563:Task input_files: "datalog/79" input_files: "datalog/80" compactIntoNextLevel: true destinationLevel: 1 is dead (hb=30)
2874563:Found dead task input_files: "datalog/79" input_files: "datalog/80" compactIntoNextLevel: true destinationLevel: 1
2874563:COMPACT_START sstable=0 input_files: "datalog/79" input_files: "datalog/80" compactIntoNextLevel: true destinationLevel: 1
2026-05-01 06:32:21:177 - Compaction started: 
139970392073792:Compacting datalog/79 datalog/80 into:sstable1/2fcd107c-39a0-4c7b-a6ad-9ea004a1b227202605010032161777617141181058408.sst
2026-05-01 06:32:21:200 - Compaction completed: 
2874563:COMPACT_START sstable=0 input_files: "datalog/321" input_files: "datalog/322" compactIntoNextLevel: true destinationLevel: 1
2026-05-01 06:32:21:280 - Compaction started: 
139970392073792:Compacting datalog/321 datalog/322 into:sstable1/2fcd107c-39a0-4c7b-a6ad-9ea004a1b227202605010032161777617141283101310.sst
2026-05-01 06:32:21:299 - Compaction completed: 
2874563:COMPACT_START sstable=0 input_files: "datalog/327" input_files: "datalog/328" compactIntoNextLevel: true destinationLevel: 1
2026-05-01 06:32:21:382 - Compaction started: 
139970392073792:Compacting datalog/327 datalog/328 into:sstable1/2fcd107c-39a0-4c7b-a6ad-9ea004a1b227202605010032161777617141385850597.sst
2026-05-01 06:32:21:401 - Compaction completed: 
2874563:COMPACT_START sstable=0 input_files: "datalog/335" input_files: "datalog/336" compactIntoNextLevel: true destinationLevel: 1
2026-05-01 06:32:21:485 - Compaction started: 
139970392073792:Compacting datalog/335 datalog/336 into:sstable1/2fcd107c-39a0-4c7b-a6ad-9ea004a1b227202605010032161777617141488499856.sst
2026-05-01 06:32:21:505 - Compaction completed: 
2874563:COMPACT_START sstable=0 input_files: "datalog/343" input_files: "datalog/344" compactIntoNextLevel: true destinationLevel: 1
2026-05-01 06:32:21:587 - Compaction started: 
139970392073792:Compacting datalog/343 datalog/344 into:sstable1/2fcd107c-39a0-4c7b-a6ad-9ea004a1b227202605010032161777617141590208762.sst
2026-05-01 06:32:21:606 - Compaction completed: 
2874563:COMPACT_START sstable=0 input_files: "datalog/351" input_files: "datalog/352" compactIntoNextLevel: true destinationLevel: 1
2026-05-01 06:32:21:689 - Compaction started: 
139970392073792:Compacting datalog/351 datalog/352 into:sstable1/2fcd107c-39a0-4c7b-a6ad-9ea004a1b227202605010032161777617141692820792.sst
2026-05-01 06:32:21:709 - Compaction completed: 
2874563:COMPACT_START sstable=0 input_files: "datalog/359" input_files: "datalog/360" compactIntoNextLevel: true destinationLevel: 1
2026-05-01 06:32:21:791 - Compaction started: 
139970392073792:Compacting datalog/359 datalog/360 into:sstable1/2fcd107c-39a0-4c7b-a6ad-9ea004a1b227202605010032161777617141794314745.sst
2026-05-01 06:32:21:810 - Compaction completed: 
2874563:COMPACT_START sstable=0 input_files: "datalog/367" input_files: "datalog/368" compactIntoNextLevel: true destinationLevel: 1
2026-05-01 06:32:21:892 - Compaction started: 
139970392073792:Compacting datalog/367 datalog/368 into:sstable1/2fcd107c-39a0-4c7b-a6ad-9ea004a1b227202605010032161777617141895574690.sst
2026-05-01 06:32:21:911 - Compaction completed: 
2874563:COMPACT_START sstable=0 input_files: "datalog/375" input_files: "datalog/376" compactIntoNextLevel: true destinationLevel: 1
2026-05-01 06:32:21:994 - Compaction started: 
139970392073792:Compacting datalog/375 datalog/376 into:sstable1/2fcd107c-39a0-4c7b-a6ad-9ea004a1b227202605010032161777617141997109209.sst
2026-05-01 06:32:22:012 - Compaction completed: 
2874563:COMPACT_START sstable=0 input_files: "datalog/383" input_files: "datalog/384" compactIntoNextLevel: true destinationLevel: 1
2026-05-01 06:32:22:095 - Compaction started: 
139970392073792:Compacting datalog/383 datalog/384 into:sstable1/2fcd107c-39a0-4c7b-a6ad-9ea004a1b227202605010032161777617142098442912.sst
2026-05-01 06:32:22:113 - Compaction completed: 
2874563:COMPACT_START sstable=0 input_files: "datalog/391" input_files: "datalog/392" compactIntoNextLevel: true destinationLevel: 1
2026-05-01 06:32:22:197 - Compaction started: 
139970392073792:Compacting datalog/391 datalog/392 into:sstable1/2fcd107c-39a0-4c7b-a6ad-9ea004a1b227202605010032161777617142200383092.sst
2026-05-01 06:32:22:216 - Compaction completed: 
2874563:COMPACT_START sstable=0 input_files: "datalog/399" input_files: "datalog/400" compactIntoNextLevel: true destinationLevel: 1
2026-05-01 06:32:22:298 - Compaction started: 
139970392073792:Compacting datalog/399 datalog/400 into:sstable1/2fcd107c-39a0-4c7b-a6ad-9ea004a1b227202605010032161777617142302265103.sst
2026-05-01 06:32:22:318 - Compaction completed: 
2874563:COMPACT_START sstable=0 input_files: "datalog/407" input_files: "datalog/408" compactIntoNextLevel: true destinationLevel: 1
2026-05-01 06:32:22:400 - Compaction started: 
139970392073792:Compacting datalog/407 datalog/408 into:sstable1/2fcd107c-39a0-4c7b-a6ad-9ea004a1b227202605010032161777617142403909027.sst
2026-05-01 06:32:22:420 - Compaction completed: 
2874563:COMPACT_START sstable=0 input_files: "datalog/415" input_files: "datalog/416" compactIntoNextLevel: true destinationLevel: 1
2026-05-01 06:32:22:501 - Compaction started: 
139970392073792:Compacting datalog/415 datalog/416 into:sstable1/2fcd107c-39a0-4c7b-a6ad-9ea004a1b227202605010032161777617142505366552.sst
2026-05-01 06:32:22:522 - Compaction completed: 
2874563:COMPACT_START sstable=0 input_files: "datalog/423" input_files: "datalog/424" compactIntoNextLevel: true destinationLevel: 1
2026-05-01 06:32:22:603 - Compaction started: 
139970392073792:Compacting datalog/423 datalog/424 into:sstable1/2fcd107c-39a0-4c7b-a6ad-9ea004a1b227202605010032161777617142606510449.sst
2026-05-01 06:32:22:621 - Compaction completed: 
2874563:COMPACT_START sstable=0 input_files: "datalog/431" input_files: "datalog/432" compactIntoNextLevel: true destinationLevel: 1
2026-05-01 06:32:22:704 - Compaction started: 
139970392073792:Compacting datalog/431 datalog/432 into:sstable1/2fcd107c-39a0-4c7b-a6ad-9ea004a1b227202605010032161777617142707970238.sst
2026-05-01 06:32:22:722 - Compaction completed: 
2874563:COMPACT_START sstable=0 input_files: "datalog/439" input_files: "datalog/440" compactIntoNextLevel: true destinationLevel: 1
2026-05-01 06:32:22:806 - Compaction started: 
139970392073792:Compacting datalog/439 datalog/440 into:sstable1/2fcd107c-39a0-4c7b-a6ad-9ea004a1b227202605010032161777617142809363663.sst
2026-05-01 06:32:22:823 - Compaction completed: 
2874563:COMPACT_START sstable=0 input_files: "datalog/447" input_files: "datalog/448" compactIntoNextLevel: true destinationLevel: 1
2026-05-01 06:32:22:907 - Compaction started: 
139970392073792:Compacting datalog/447 datalog/448 into:sstable1/2fcd107c-39a0-4c7b-a6ad-9ea004a1b227202605010032161777617142910993461.sst
2026-05-01 06:32:22:925 - Compaction completed: 
2874563:COMPACT_START sstable=0 input_files: "datalog/455" input_files: "datalog/456" compactIntoNextLevel: true destinationLevel: 1
2026-05-01 06:32:23:009 - Compaction started: 
139970392073792:Compacting datalog/455 datalog/456 into:sstable1/2fcd107c-39a0-4c7b-a6ad-9ea004a1b227202605010032161777617143012472046.sst
2026-05-01 06:32:23:027 - Compaction completed: 
2874563:COMPACT_START sstable=0 input_files: "datalog/463" input_files: "datalog/464" compactIntoNextLevel: true destinationLevel: 1
2026-05-01 06:32:23:110 - Compaction started: 
139970392073792:Compacting datalog/463 datalog/464 into:sstable1/2fcd107c-39a0-4c7b-a6ad-9ea004a1b227202605010032161777617143114065686.sst
2026-05-01 06:32:23:128 - Compaction completed: 
2874563:COMPACT_START sstable=0 input_files: "datalog/469" input_files: "datalog/470" compactIntoNextLevel: true destinationLevel: 1
2026-05-01 06:32:23:213 - Compaction started: 
139970392073792:Compacting datalog/469 datalog/470 into:sstable1/2fcd107c-39a0-4c7b-a6ad-9ea004a1b227202605010032161777617143215964147.sst
2026-05-01 06:32:23:231 - Compaction completed: 
2874563:COMPACT_START sstable=0 input_files: "datalog/477" input_files: "datalog/478" compactIntoNextLevel: true destinationLevel: 1
2026-05-01 06:32:23:314 - Compaction started: 
139970392073792:Compacting datalog/477 datalog/478 into:sstable1/2fcd107c-39a0-4c7b-a6ad-9ea004a1b227202605010032161777617143317918714.sst
2026-05-01 06:32:23:333 - Compaction completed: 
2874563:COMPACT_START sstable=0 input_files: "datalog/485" input_files: "datalog/486" compactIntoNextLevel: true destinationLevel: 1
2026-05-01 06:32:23:416 - Compaction started: 
139970392073792:Compacting datalog/485 datalog/486 into:sstable1/2fcd107c-39a0-4c7b-a6ad-9ea004a1b227202605010032161777617143419235625.sst
2026-05-01 06:32:23:434 - Compaction completed: 
2874563:COMPACT_START sstable=0 input_files: "datalog/493" input_files: "datalog/494" compactIntoNextLevel: true destinationLevel: 1
2026-05-01 06:32:23:517 - Compaction started: 
139970392073792:Compacting datalog/493 datalog/494 into:sstable1/2fcd107c-39a0-4c7b-a6ad-9ea004a1b227202605010032161777617143520602200.sst
2026-05-01 06:32:23:535 - Compaction completed: 
2874563:COMPACT_START sstable=0 input_files: "datalog/501" input_files: "datalog/502" compactIntoNextLevel: true destinationLevel: 1
2026-05-01 06:32:23:619 - Compaction started: 
139970392073792:Compacting datalog/501 datalog/502 into:sstable1/2fcd107c-39a0-4c7b-a6ad-9ea004a1b227202605010032161777617143622282262.sst
2026-05-01 06:32:23:637 - Compaction completed: 
2874563:COMPACT_START sstable=0 input_files: "datalog/509" input_files: "datalog/510" compactIntoNextLevel: true destinationLevel: 1
2026-05-01 06:32:23:720 - Compaction started: 
139970392073792:Compacting datalog/509 datalog/510 into:sstable1/2fcd107c-39a0-4c7b-a6ad-9ea004a1b227202605010032161777617143723757831.sst
2026-05-01 06:32:23:738 - Compaction completed: 
2874563:COMPACT_START sstable=0 input_files: "datalog/517" input_files: "datalog/518" compactIntoNextLevel: true destinationLevel: 1
2026-05-01 06:32:23:822 - Compaction started: 
139970392073792:Compacting datalog/517 datalog/518 into:sstable1/2fcd107c-39a0-4c7b-a6ad-9ea004a1b227202605010032161777617143824825375.sst
2026-05-01 06:32:23:839 - Compaction completed: 
2874563:COMPACT_START sstable=0 input_files: "datalog/525" input_files: "datalog/526" compactIntoNextLevel: true destinationLevel: 1
2026-05-01 06:32:23:924 - Compaction started: 
139970392073792:Compacting datalog/525 datalog/526 into:sstable1/2fcd107c-39a0-4c7b-a6ad-9ea004a1b227202605010032161777617143926995406.sst
2026-05-01 06:32:23:940 - Compaction completed: 
2874563:COMPACT_START sstable=0 input_files: "datalog/533" input_files: "datalog/534" compactIntoNextLevel: true destinationLevel: 1
2026-05-01 06:32:24:025 - Compaction started: 
139970392073792:Compacting datalog/533 datalog/534 into:sstable1/2fcd107c-39a0-4c7b-a6ad-9ea004a1b227202605010032161777617144028955893.sst
2026-05-01 06:32:24:044 - Compaction completed: 
2874563:COMPACT_START sstable=0 input_files: "datalog/541" input_files: "datalog/542" compactIntoNextLevel: true destinationLevel: 1
2026-05-01 06:32:24:127 - Compaction started: 
139970392073792:Compacting datalog/541 datalog/542 into:sstable1/2fcd107c-39a0-4c7b-a6ad-9ea004a1b227202605010032161777617144130830971.sst
2026-05-01 06:32:24:145 - Compaction completed: 
2874563:COMPACT_START sstable=0 input_files: "datalog/549" input_files: "datalog/550" compactIntoNextLevel: true destinationLevel: 1
2026-05-01 06:32:24:229 - Compaction started: 
139970392073792:Compacting datalog/549 datalog/550 into:sstable1/2fcd107c-39a0-4c7b-a6ad-9ea004a1b227202605010032161777617144232724955.sst
2026-05-01 06:32:24:247 - Compaction completed: 
2874563:COMPACT_START sstable=0 input_files: "datalog/557" input_files: "datalog/558" compactIntoNextLevel: true destinationLevel: 1
2026-05-01 06:32:24:331 - Compaction started: 
139970392073792:Compacting datalog/557 datalog/558 into:sstable1/2fcd107c-39a0-4c7b-a6ad-9ea004a1b227202605010032161777617144334546181.sst
2026-05-01 06:32:24:349 - Compaction completed: 
2874563:COMPACT_START sstable=0 input_files: "datalog/565" input_files: "datalog/566" compactIntoNextLevel: true destinationLevel: 1
2026-05-01 06:32:24:433 - Compaction started: 
139970392073792:Compacting datalog/565 datalog/566 into:sstable1/2fcd107c-39a0-4c7b-a6ad-9ea004a1b227202605010032161777617144436213960.sst
2026-05-01 06:32:24:451 - Compaction completed: 
2874563:COMPACT_START sstable=0 input_files: "datalog/573" input_files: "datalog/574" compactIntoNextLevel: true destinationLevel: 1
2026-05-01 06:32:24:534 - Compaction started: 
139970392073792:Compacting datalog/573 datalog/574 into:sstable1/2fcd107c-39a0-4c7b-a6ad-9ea004a1b227202605010032161777617144537939949.sst
2026-05-01 06:32:24:552 - Compaction completed: 
2874563:COMPACT_START sstable=0 input_files: "datalog/581" input_files: "datalog/582" compactIntoNextLevel: true destinationLevel: 1
2026-05-01 06:32:24:636 - Compaction started: 
139970392073792:Compacting datalog/581 datalog/582 into:sstable1/2fcd107c-39a0-4c7b-a6ad-9ea004a1b227202605010032161777617144639619249.sst
2026-05-01 06:32:24:654 - Compaction completed: 
2874563:COMPACT_START sstable=0 input_files: "datalog/589" input_files: "datalog/590" compactIntoNextLevel: true destinationLevel: 1
2026-05-01 06:32:24:738 - Compaction started: 
139970392073792:Compacting datalog/589 datalog/590 into:sstable1/2fcd107c-39a0-4c7b-a6ad-9ea004a1b227202605010032161777617144741267241.sst
2026-05-01 06:32:24:756 - Compaction completed: 
2874563:COMPACT_START sstable=0 input_files: "datalog/597" input_files: "datalog/598" compactIntoNextLevel: true destinationLevel: 1
2026-05-01 06:32:24:840 - Compaction started: 
139970392073792:Compacting datalog/597 datalog/598 into:sstable1/2fcd107c-39a0-4c7b-a6ad-9ea004a1b227202605010032161777617144843396526.sst
2026-05-01 06:32:24:857 - Compaction completed: 
2874563:COMPACT_START sstable=0 input_files: "datalog/605" input_files: "datalog/606" compactIntoNextLevel: true destinationLevel: 1
2026-05-01 06:32:24:941 - Compaction started: 
139970392073792:Compacting datalog/605 datalog/606 into:sstable1/2fcd107c-39a0-4c7b-a6ad-9ea004a1b227202605010032161777617144945092618.sst
2026-05-01 06:32:24:960 - Compaction completed: 
2874563:COMPACT_START sstable=0 input_files: "datalog/613" input_files: "datalog/614" compactIntoNextLevel: true destinationLevel: 1
2026-05-01 06:32:25:043 - Compaction started: 
139970392073792:Compacting datalog/613 datalog/614 into:sstable1/2fcd107c-39a0-4c7b-a6ad-9ea004a1b227202605010032161777617145046603934.sst
2026-05-01 06:32:25:060 - Compaction completed: 
2874563:COMPACT_START sstable=0 input_files: "datalog/621" input_files: "datalog/622" compactIntoNextLevel: true destinationLevel: 1
2026-05-01 06:32:25:146 - Compaction started: 
139970392073792:Compacting datalog/621 datalog/622 into:sstable1/2fcd107c-39a0-4c7b-a6ad-9ea004a1b227202605010032161777617145150074873.sst
2026-05-01 06:32:25:166 - Compaction completed: 
2874563:COMPACT_START sstable=0 input_files: "datalog/629" input_files: "datalog/630" compactIntoNextLevel: true destinationLevel: 1
2026-05-01 06:32:25:249 - Compaction started: 
139970392073792:Compacting datalog/629 datalog/630 into:sstable1/2fcd107c-39a0-4c7b-a6ad-9ea004a1b227202605010032161777617145252634495.sst
2026-05-01 06:32:25:267 - Compaction completed: 
2874563:COMPACT_START sstable=0 input_files: "datalog/637" input_files: "datalog/638" compactIntoNextLevel: true destinationLevel: 1
2026-05-01 06:32:25:351 - Compaction started: 
139970392073792:Compacting datalog/637 datalog/638 into:sstable1/2fcd107c-39a0-4c7b-a6ad-9ea004a1b227202605010032161777617145355004019.sst
2026-05-01 06:32:25:370 - Compaction completed: 
2874563:COMPACT_START sstable=0 input_files: "datalog/645" input_files: "datalog/646" compactIntoNextLevel: true destinationLevel: 1
2026-05-01 06:32:25:453 - Compaction started: 
139970392073792:Compacting datalog/645 datalog/646 into:sstable1/2fcd107c-39a0-4c7b-a6ad-9ea004a1b227202605010032161777617145457140908.sst
2026-05-01 06:32:25:473 - Compaction completed: 
2874563:COMPACT_START sstable=0 input_files: "datalog/653" input_files: "datalog/654" compactIntoNextLevel: true destinationLevel: 1
2026-05-01 06:32:25:556 - Compaction started: 
139970392073792:Compacting datalog/653 datalog/654 into:sstable1/2fcd107c-39a0-4c7b-a6ad-9ea004a1b227202605010032161777617145559689618.sst
2026-05-01 06:32:25:574 - Compaction completed: 
2874563:COMPACT_START sstable=0 input_files: "datalog/661" input_files: "datalog/662" compactIntoNextLevel: true destinationLevel: 1
2026-05-01 06:32:25:659 - Compaction started: 
139970392073792:Compacting datalog/661 datalog/662 into:sstable1/2fcd107c-39a0-4c7b-a6ad-9ea004a1b227202605010032161777617145662282762.sst
2026-05-01 06:32:25:676 - Compaction completed: 
2874563:COMPACT_START sstable=0 input_files: "datalog/669" input_files: "datalog/670" compactIntoNextLevel: true destinationLevel: 1
2026-05-01 06:32:25:762 - Compaction started: 
139970392073792:Compacting datalog/669 datalog/670 into:sstable1/2fcd107c-39a0-4c7b-a6ad-9ea004a1b227202605010032161777617145765083265.sst
2026-05-01 06:32:25:779 - Compaction completed: 
2874563:COMPACT_START sstable=0 input_files: "datalog/677" input_files: "datalog/678" compactIntoNextLevel: true destinationLevel: 1
2026-05-01 06:32:25:864 - Compaction started: 
139970392073792:Compacting datalog/677 datalog/678 into:sstable1/2fcd107c-39a0-4c7b-a6ad-9ea004a1b227202605010032161777617145867458040.sst
2026-05-01 06:32:25:881 - Compaction completed: 
2874563:COMPACT_START sstable=0 input_files: "datalog/685" input_files: "datalog/686" compactIntoNextLevel: true destinationLevel: 1
2026-05-01 06:32:25:967 - Compaction started: 
139970392073792:Compacting datalog/685 datalog/686 into:sstable1/2fcd107c-39a0-4c7b-a6ad-9ea004a1b227202605010032161777617145970535622.sst
2026-05-01 06:32:25:985 - Compaction completed: 
2874563:COMPACT_START sstable=0 input_files: "datalog/693" input_files: "datalog/694" compactIntoNextLevel: true destinationLevel: 1
2026-05-01 06:32:26:070 - Compaction started: 
139970392073792:Compacting datalog/693 datalog/694 into:sstable1/2fcd107c-39a0-4c7b-a6ad-9ea004a1b227202605010032161777617146073671774.sst
2026-05-01 06:32:26:088 - Compaction completed: 
2874563:COMPACT_START sstable=0 input_files: "datalog/701" input_files: "datalog/702" compactIntoNextLevel: true destinationLevel: 1
2026-05-01 06:32:26:173 - Compaction started: 
139970392073792:Compacting datalog/701 datalog/702 into:sstable1/2fcd107c-39a0-4c7b-a6ad-9ea004a1b227202605010032161777617146176377619.sst
2026-05-01 06:32:26:190 - Compaction completed: 
2874563:COMPACT_START sstable=0 input_files: "datalog/709" input_files: "datalog/710" compactIntoNextLevel: true destinationLevel: 1
2026-05-01 06:32:26:275 - Compaction started: 
139970392073792:Compacting datalog/709 datalog/710 into:sstable1/2fcd107c-39a0-4c7b-a6ad-9ea004a1b227202605010032161777617146278477047.sst
2026-05-01 06:32:26:292 - Compaction completed: 
2874563:COMPACT_START sstable=0 input_files: "datalog/717" input_files: "datalog/718" compactIntoNextLevel: true destinationLevel: 1
2026-05-01 06:32:26:376 - Compaction started: 
139970392073792:Compacting datalog/717 datalog/718 into:sstable1/2fcd107c-39a0-4c7b-a6ad-9ea004a1b227202605010032161777617146379725370.sst
2026-05-01 06:32:26:393 - Compaction completed: 
2874563:COMPACT_START sstable=0 input_files: "datalog/725" input_files: "datalog/726" compactIntoNextLevel: true destinationLevel: 1
2026-05-01 06:32:26:478 - Compaction started: 
139970392073792:Compacting datalog/725 datalog/726 into:sstable1/2fcd107c-39a0-4c7b-a6ad-9ea004a1b227202605010032161777617146481306356.sst
2026-05-01 06:32:26:494 - Compaction completed: 
2874563:COMPACT_START sstable=0 input_files: "datalog/733" input_files: "datalog/734" compactIntoNextLevel: true destinationLevel: 1
2026-05-01 06:32:26:580 - Compaction started: 
139970392073792:Compacting datalog/733 datalog/734 into:sstable1/2fcd107c-39a0-4c7b-a6ad-9ea004a1b227202605010032161777617146583183768.sst
2026-05-01 06:32:26:596 - Compaction completed: 
2874563:COMPACT_START sstable=0 input_files: "datalog/741" input_files: "datalog/742" compactIntoNextLevel: true destinationLevel: 1
2026-05-01 06:32:26:682 - Compaction started: 
139970392073792:Compacting datalog/741 datalog/742 into:sstable1/2fcd107c-39a0-4c7b-a6ad-9ea004a1b227202605010032161777617146684927300.sst
2026-05-01 06:32:26:698 - Compaction completed: 
2874563:COMPACT_START sstable=0 input_files: "datalog/749" input_files: "datalog/750" compactIntoNextLevel: true destinationLevel: 1
2026-05-01 06:32:26:783 - Compaction started: 
139970392073792:Compacting datalog/749 datalog/750 into:sstable1/2fcd107c-39a0-4c7b-a6ad-9ea004a1b227202605010032161777617146786668617.sst
2026-05-01 06:32:26:799 - Compaction completed: 
2874563:COMPACT_START sstable=0 input_files: "datalog/757" input_files: "datalog/758" compactIntoNextLevel: true destinationLevel: 1
2026-05-01 06:32:26:885 - Compaction started: 
139970392073792:Compacting datalog/757 datalog/758 into:sstable1/2fcd107c-39a0-4c7b-a6ad-9ea004a1b227202605010032161777617146888452473.sst
2026-05-01 06:32:26:901 - Compaction completed: 
2874563:COMPACT_START sstable=0 input_files: "datalog/765" input_files: "datalog/766" compactIntoNextLevel: true destinationLevel: 1
2026-05-01 06:32:26:987 - Compaction started: 
139970392073792:Compacting datalog/765 datalog/766 into:sstable1/2fcd107c-39a0-4c7b-a6ad-9ea004a1b227202605010032161777617146990053367.sst
2026-05-01 06:32:27:002 - Compaction completed: 
2874563:COMPACT_START sstable=0 input_files: "datalog/773" input_files: "datalog/774" compactIntoNextLevel: true destinationLevel: 1
2026-05-01 06:32:27:088 - Compaction started: 
139970392073792:Compacting datalog/773 datalog/774 into:sstable1/2fcd107c-39a0-4c7b-a6ad-9ea004a1b227202605010032161777617147091763145.sst
2026-05-01 06:32:27:105 - Compaction completed: 
2874563:COMPACT_START sstable=0 input_files: "datalog/781" input_files: "datalog/782" compactIntoNextLevel: true destinationLevel: 1
2026-05-01 06:32:27:190 - Compaction started: 
139970392073792:Compacting datalog/781 datalog/782 into:sstable1/2fcd107c-39a0-4c7b-a6ad-9ea004a1b227202605010032161777617147193238483.sst
2026-05-01 06:32:27:206 - Compaction completed: 
2874563:COMPACT_START sstable=0 input_files: "datalog/789" input_files: "datalog/790" compactIntoNextLevel: true destinationLevel: 1
2026-05-01 06:32:27:292 - Compaction started: 
139970392073792:Compacting datalog/789 datalog/790 into:sstable1/2fcd107c-39a0-4c7b-a6ad-9ea004a1b227202605010032161777617147295107790.sst
2026-05-01 06:32:27:308 - Compaction completed: 
2874563:COMPACT_START sstable=0 input_files: "datalog/797" input_files: "datalog/798" compactIntoNextLevel: true destinationLevel: 1
2026-05-01 06:32:27:393 - Compaction started: 
139970392073792:Compacting datalog/797 datalog/798 into:sstable1/2fcd107c-39a0-4c7b-a6ad-9ea004a1b227202605010032161777617147396901045.sst
2026-05-01 06:32:27:410 - Compaction completed: 
2874563:COMPACT_START sstable=0 input_files: "datalog/805" input_files: "datalog/806" compactIntoNextLevel: true destinationLevel: 1
2026-05-01 06:32:27:495 - Compaction started: 
139970392073792:Compacting datalog/805 datalog/806 into:sstable1/2fcd107c-39a0-4c7b-a6ad-9ea004a1b227202605010032161777617147498446625.sst
2026-05-01 06:32:27:511 - Compaction completed: 
2874563:COMPACT_START sstable=0 input_files: "datalog/813" input_files: "datalog/814" compactIntoNextLevel: true destinationLevel: 1
2026-05-01 06:32:27:597 - Compaction started: 
139970392073792:Compacting datalog/813 datalog/814 into:sstable1/2fcd107c-39a0-4c7b-a6ad-9ea004a1b227202605010032161777617147600306113.sst
2026-05-01 06:32:27:613 - Compaction completed: 
2874563:COMPACT_START sstable=0 input_files: "datalog/821" input_files: "datalog/822" compactIntoNextLevel: true destinationLevel: 1
2026-05-01 06:32:27:699 - Compaction started: 
139970392073792:Compacting datalog/821 datalog/822 into:sstable1/2fcd107c-39a0-4c7b-a6ad-9ea004a1b227202605010032161777617147702744658.sst
2026-05-01 06:32:27:717 - Compaction completed: 
2874563:COMPACT_START sstable=0 input_files: "datalog/829" input_files: "datalog/830" compactIntoNextLevel: true destinationLevel: 1
2026-05-01 06:32:27:801 - Compaction started: 
139970392073792:Compacting datalog/829 datalog/830 into:sstable1/2fcd107c-39a0-4c7b-a6ad-9ea004a1b227202605010032161777617147804609827.sst
2026-05-01 06:32:27:817 - Compaction completed: 
2874563:COMPACT_START sstable=0 input_files: "datalog/837" input_files: "datalog/838" compactIntoNextLevel: true destinationLevel: 1
2026-05-01 06:32:27:903 - Compaction started: 
139970392073792:Compacting datalog/837 datalog/838 into:sstable1/2fcd107c-39a0-4c7b-a6ad-9ea004a1b227202605010032161777617147906271985.sst
2026-05-01 06:32:27:919 - Compaction completed: 
2874563:COMPACT_START sstable=0 input_files: "datalog/845" input_files: "datalog/846" compactIntoNextLevel: true destinationLevel: 1
2026-05-01 06:32:28:005 - Compaction started: 
139970392073792:Compacting datalog/845 datalog/846 into:sstable1/2fcd107c-39a0-4c7b-a6ad-9ea004a1b227202605010032161777617148008621683.sst
2026-05-01 06:32:28:022 - Compaction completed: 
2874563:COMPACT_START sstable=0 input_files: "datalog/853" input_files: "datalog/854" compactIntoNextLevel: true destinationLevel: 1
2026-05-01 06:32:28:107 - Compaction started: 
139970392073792:Compacting datalog/853 datalog/854 into:sstable1/2fcd107c-39a0-4c7b-a6ad-9ea004a1b227202605010032161777617148110434764.sst
2026-05-01 06:32:28:123 - Compaction completed: 
2874563:COMPACT_START sstable=0 input_files: "datalog/861" input_files: "datalog/862" compactIntoNextLevel: true destinationLevel: 1
2026-05-01 06:32:28:209 - Compaction started: 
139970392073792:Compacting datalog/861 datalog/862 into:sstable1/2fcd107c-39a0-4c7b-a6ad-9ea004a1b227202605010032161777617148212396504.sst
2026-05-01 06:32:28:225 - Compaction completed: 
2874563:COMPACT_START sstable=0 input_files: "datalog/869" input_files: "datalog/870" compactIntoNextLevel: true destinationLevel: 1
2026-05-01 06:32:28:311 - Compaction started: 
139970392073792:Compacting datalog/869 datalog/870 into:sstable1/2fcd107c-39a0-4c7b-a6ad-9ea004a1b227202605010032161777617148314087036.sst
2026-05-01 06:32:28:326 - Compaction completed: 
2874563:COMPACT_START sstable=1 input_files: "sstable1/c5eac0a4-7c12-4f7a-97b5-2e495bf7393b202605010032161777617137037184382.sst" input_files: "sstable1/2fcd107c-39a0-4c7b-a6ad-9ea004a1b227202605010032161777617137086150249.sst" compactIntoNextLevel: true destinationLevel: 2
2026-05-01 06:32:28:413 - Compaction started: 
139970392073792:Compacting sstable1/c5eac0a4-7c12-4f7a-97b5-2e495bf7393b202605010032161777617137037184382.sst sstable1/2fcd107c-39a0-4c7b-a6ad-9ea004a1b227202605010032161777617137086150249.sst into:sstable2/2fcd107c-39a0-4c7b-a6ad-9ea004a1b227202605010032161777617148437958241.sst
2026-05-01 06:32:28:472 - Compaction completed: 
2874563:COMPACT_START sstable=1 input_files: "sstable1/25e0ebb8-832a-469a-9271-5f7e2ff52585202605010032161777617137258734487.sst" input_files: "sstable1/a8eaeac9-1865-42e4-9a4e-3e12f7d9a15b202605010032161777617137301408289.sst" compactIntoNextLevel: true destinationLevel: 2
2026-05-01 06:32:28:515 - Compaction started: 
139970392073792:Compacting sstable1/25e0ebb8-832a-469a-9271-5f7e2ff52585202605010032161777617137258734487.sst sstable1/a8eaeac9-1865-42e4-9a4e-3e12f7d9a15b202605010032161777617137301408289.sst into:sstable2/2fcd107c-39a0-4c7b-a6ad-9ea004a1b227202605010032161777617148539263410.sst
2026-05-01 06:32:28:576 - Compaction completed: 
2874563:COMPACT_START sstable=1 input_files: "sstable1/25e0ebb8-832a-469a-9271-5f7e2ff52585202605010032161777617137623448406.sst" input_files: "sstable1/a8eaeac9-1865-42e4-9a4e-3e12f7d9a15b202605010032161777617137738565108.sst" compactIntoNextLevel: true destinationLevel: 2
2026-05-01 06:32:28:616 - Compaction started: 
139970392073792:Compacting sstable1/25e0ebb8-832a-469a-9271-5f7e2ff52585202605010032161777617137623448406.sst sstable1/a8eaeac9-1865-42e4-9a4e-3e12f7d9a15b202605010032161777617137738565108.sst into:sstable2/2fcd107c-39a0-4c7b-a6ad-9ea004a1b227202605010032161777617148641393927.sst
2026-05-01 06:32:28:680 - Compaction completed: 
2874563:COMPACT_START sstable=1 input_files: "sstable1/c5eac0a4-7c12-4f7a-97b5-2e495bf7393b202605010032161777617137877145769.sst" input_files: "sstable1/a8eaeac9-1865-42e4-9a4e-3e12f7d9a15b202605010032161777617137895522320.sst" compactIntoNextLevel: true destinationLevel: 2
2026-05-01 06:32:28:718 - Compaction started: 
139970392073792:Compacting sstable1/c5eac0a4-7c12-4f7a-97b5-2e495bf7393b202605010032161777617137877145769.sst sstable1/a8eaeac9-1865-42e4-9a4e-3e12f7d9a15b202605010032161777617137895522320.sst into:sstable2/2fcd107c-39a0-4c7b-a6ad-9ea004a1b227202605010032161777617148743265037.sst
2026-05-01 06:32:28:782 - Compaction completed: 
2874563:COMPACT_START sstable=1 input_files: "sstable1/a8eaeac9-1865-42e4-9a4e-3e12f7d9a15b202605010032161777617138090360799.sst" input_files: "sstable1/2fcd107c-39a0-4c7b-a6ad-9ea004a1b227202605010032161777617141181058408.sst" compactIntoNextLevel: true destinationLevel: 2
2026-05-01 06:32:28:820 - Compaction started: 
139970392073792:Compacting sstable1/a8eaeac9-1865-42e4-9a4e-3e12f7d9a15b202605010032161777617138090360799.sst sstable1/2fcd107c-39a0-4c7b-a6ad-9ea004a1b227202605010032161777617141181058408.sst into:sstable2/2fcd107c-39a0-4c7b-a6ad-9ea004a1b227202605010032161777617148842679101.sst
2026-05-01 06:32:28:878 - Compaction completed: 
2874563:COMPACT_START sstable=1 input_files: "sstable1/a8eaeac9-1865-42e4-9a4e-3e12f7d9a15b202605010032161777617138294372254.sst" input_files: "sstable1/2fcd107c-39a0-4c7b-a6ad-9ea004a1b227202605010032161777617138329820359.sst" compactIntoNextLevel: true destinationLevel: 2
2026-05-01 06:32:28:921 - Compaction started: 
139970392073792:Compacting sstable1/a8eaeac9-1865-42e4-9a4e-3e12f7d9a15b202605010032161777617138294372254.sst sstable1/2fcd107c-39a0-4c7b-a6ad-9ea004a1b227202605010032161777617138329820359.sst into:sstable2/2fcd107c-39a0-4c7b-a6ad-9ea004a1b227202605010032161777617148944812212.sst
2026-05-01 06:32:28:981 - Compaction completed: 
2874563:COMPACT_START sstable=1 input_files: "sstable1/a8eaeac9-1865-42e4-9a4e-3e12f7d9a15b202605010032161777617138498332844.sst" input_files: "sstable1/2fcd107c-39a0-4c7b-a6ad-9ea004a1b227202605010032161777617138523664765.sst" compactIntoNextLevel: true destinationLevel: 2
2026-05-01 06:32:29:023 - Compaction started: 
139970392073792:Compacting sstable1/a8eaeac9-1865-42e4-9a4e-3e12f7d9a15b202605010032161777617138498332844.sst sstable1/2fcd107c-39a0-4c7b-a6ad-9ea004a1b227202605010032161777617138523664765.sst into:sstable2/2fcd107c-39a0-4c7b-a6ad-9ea004a1b227202605010032161777617149046108896.sst
2026-05-01 06:32:29:081 - Compaction completed: 
2874563:Task input_files: "datalog/689" input_files: "datalog/690" compactIntoNextLevel: true destinationLevel: 1 is dead (hb=30)
2874563:Found dead task input_files: "datalog/689" input_files: "datalog/690" compactIntoNextLevel: true destinationLevel: 1
2874563:COMPACT_START sstable=0 input_files: "datalog/689" input_files: "datalog/690" compactIntoNextLevel: true destinationLevel: 1
2026-05-01 06:32:29:125 - Compaction started: 
139970392073792:Compacting datalog/689 datalog/690 into:sstable1/2fcd107c-39a0-4c7b-a6ad-9ea004a1b227202605010032161777617149128275907.sst
2026-05-01 06:32:29:142 - Compaction completed: 
2874563:COMPACT_START sstable=1 input_files: "sstable1/c5eac0a4-7c12-4f7a-97b5-2e495bf7393b202605010032161777617138840133887.sst" input_files: "sstable1/25e0ebb8-832a-469a-9271-5f7e2ff52585202605010032161777617138840139798.sst" compactIntoNextLevel: true destinationLevel: 2
2026-05-01 06:32:29:227 - Compaction started: 
139970392073792:Compacting sstable1/c5eac0a4-7c12-4f7a-97b5-2e495bf7393b202605010032161777617138840133887.sst sstable1/25e0ebb8-832a-469a-9271-5f7e2ff52585202605010032161777617138840139798.sst into:sstable2/2fcd107c-39a0-4c7b-a6ad-9ea004a1b227202605010032161777617149250891817.sst
2026-05-01 06:32:29:288 - Compaction completed: 
2874563:COMPACT_START sstable=1 input_files: "sstable1/c5eac0a4-7c12-4f7a-97b5-2e495bf7393b202605010032161777617139041645646.sst" input_files: "sstable1/25e0ebb8-832a-469a-9271-5f7e2ff52585202605010032161777617139041855119.sst" compactIntoNextLevel: true destinationLevel: 2
2026-05-01 06:32:29:329 - Compaction started: 
139970392073792:Compacting sstable1/c5eac0a4-7c12-4f7a-97b5-2e495bf7393b202605010032161777617139041645646.sst sstable1/25e0ebb8-832a-469a-9271-5f7e2ff52585202605010032161777617139041855119.sst into:sstable2/2fcd107c-39a0-4c7b-a6ad-9ea004a1b227202605010032161777617149350560719.sst
2026-05-01 06:32:29:384 - Compaction completed: 
2874563:COMPACT_START sstable=1 input_files: "sstable1/c5eac0a4-7c12-4f7a-97b5-2e495bf7393b202605010032161777617139244348559.sst" input_files: "sstable1/25e0ebb8-832a-469a-9271-5f7e2ff52585202605010032161777617139244588338.sst" compactIntoNextLevel: true destinationLevel: 2
2026-05-01 06:32:29:430 - Compaction started: 
139970392073792:Compacting sstable1/c5eac0a4-7c12-4f7a-97b5-2e495bf7393b202605010032161777617139244348559.sst sstable1/25e0ebb8-832a-469a-9271-5f7e2ff52585202605010032161777617139244588338.sst into:sstable2/2fcd107c-39a0-4c7b-a6ad-9ea004a1b227202605010032161777617149452782387.sst
2026-05-01 06:32:29:487 - Compaction completed: 
2874563:COMPACT_START sstable=1 input_files: "sstable1/c5eac0a4-7c12-4f7a-97b5-2e495bf7393b202605010032161777617139446910807.sst" input_files: "sstable1/25e0ebb8-832a-469a-9271-5f7e2ff52585202605010032161777617139446938289.sst" compactIntoNextLevel: true destinationLevel: 2
2026-05-01 06:32:29:532 - Compaction started: 
139970392073792:Compacting sstable1/c5eac0a4-7c12-4f7a-97b5-2e495bf7393b202605010032161777617139446910807.sst sstable1/25e0ebb8-832a-469a-9271-5f7e2ff52585202605010032161777617139446938289.sst into:sstable2/2fcd107c-39a0-4c7b-a6ad-9ea004a1b227202605010032161777617149555189813.sst
2026-05-01 06:32:29:591 - Compaction completed: 
2874563:COMPACT_START sstable=1 input_files: "sstable1/25e0ebb8-832a-469a-9271-5f7e2ff52585202605010032161777617139649270536.sst" input_files: "sstable1/c5eac0a4-7c12-4f7a-97b5-2e495bf7393b202605010032161777617139649617717.sst" compactIntoNextLevel: true destinationLevel: 2
2026-05-01 06:32:29:634 - Compaction started: 
139970392073792:Compacting sstable1/25e0ebb8-832a-469a-9271-5f7e2ff52585202605010032161777617139649270536.sst sstable1/c5eac0a4-7c12-4f7a-97b5-2e495bf7393b202605010032161777617139649617717.sst into:sstable2/2fcd107c-39a0-4c7b-a6ad-9ea004a1b227202605010032161777617149656661444.sst
2026-05-01 06:32:29:692 - Compaction completed: 
2874563:COMPACT_START sstable=1 input_files: "sstable1/25e0ebb8-832a-469a-9271-5f7e2ff52585202605010032161777617139851378173.sst" input_files: "sstable1/c5eac0a4-7c12-4f7a-97b5-2e495bf7393b202605010032161777617139851904139.sst" compactIntoNextLevel: true destinationLevel: 2
2026-05-01 06:32:29:736 - Compaction started: 
139970392073792:Compacting sstable1/25e0ebb8-832a-469a-9271-5f7e2ff52585202605010032161777617139851378173.sst sstable1/c5eac0a4-7c12-4f7a-97b5-2e495bf7393b202605010032161777617139851904139.sst into:sstable2/2fcd107c-39a0-4c7b-a6ad-9ea004a1b227202605010032161777617149758886016.sst
2026-05-01 06:32:29:795 - Compaction completed: 
2874563:COMPACT_START sstable=1 input_files: "sstable1/c5eac0a4-7c12-4f7a-97b5-2e495bf7393b202605010032161777617143134881290.sst" input_files: "sstable1/c5eac0a4-7c12-4f7a-97b5-2e495bf7393b202605010032161777617140056538502.sst" compactIntoNextLevel: true destinationLevel: 2
2026-05-01 06:32:29:837 - Compaction started: 
139970392073792:Compacting sstable1/c5eac0a4-7c12-4f7a-97b5-2e495bf7393b202605010032161777617143134881290.sst sstable1/c5eac0a4-7c12-4f7a-97b5-2e495bf7393b202605010032161777617140056538502.sst into:sstable2/2fcd107c-39a0-4c7b-a6ad-9ea004a1b227202605010032161777617149859887868.sst
2026-05-01 06:32:29:894 - Compaction completed: 
2874563:COMPACT_START sstable=1 input_files: "sstable1/25e0ebb8-832a-469a-9271-5f7e2ff52585202605010032161777617140261184537.sst" input_files: "sstable1/c5eac0a4-7c12-4f7a-97b5-2e495bf7393b202605010032161777617140264136892.sst" compactIntoNextLevel: true destinationLevel: 2
2026-05-01 06:32:29:939 - Compaction started: 
139970392073792:Compacting sstable1/25e0ebb8-832a-469a-9271-5f7e2ff52585202605010032161777617140261184537.sst sstable1/c5eac0a4-7c12-4f7a-97b5-2e495bf7393b202605010032161777617140264136892.sst into:sstable2/2fcd107c-39a0-4c7b-a6ad-9ea004a1b227202605010032161777617149960718748.sst
2026-05-01 06:32:29:994 - Compaction completed: 
2874563:COMPACT_START sstable=1 input_files: "sstable1/c5eac0a4-7c12-4f7a-97b5-2e495bf7393b202605010032161777617140469834618.sst" input_files: "sstable1/a8eaeac9-1865-42e4-9a4e-3e12f7d9a15b202605010032161777617140533955197.sst" compactIntoNextLevel: true destinationLevel: 2
2026-05-01 06:32:30:040 - Compaction started: 
139970392073792:Compacting sstable1/c5eac0a4-7c12-4f7a-97b5-2e495bf7393b202605010032161777617140469834618.sst sstable1/a8eaeac9-1865-42e4-9a4e-3e12f7d9a15b202605010032161777617140533955197.sst into:sstable2/2fcd107c-39a0-4c7b-a6ad-9ea004a1b227202605010032161777617150062096543.sst
2026-05-01 06:32:30:096 - Compaction completed: 
2874563:COMPACT_START sstable=1 input_files: "sstable1/c5eac0a4-7c12-4f7a-97b5-2e495bf7393b202605010032161777617140674278485.sst" input_files: "sstable1/a8eaeac9-1865-42e4-9a4e-3e12f7d9a15b202605010032161777617140738485455.sst" compactIntoNextLevel: true destinationLevel: 2
2026-05-01 06:32:30:142 - Compaction started: 
139970392073792:Compacting sstable1/c5eac0a4-7c12-4f7a-97b5-2e495bf7393b202605010032161777617140674278485.sst sstable1/a8eaeac9-1865-42e4-9a4e-3e12f7d9a15b202605010032161777617140738485455.sst into:sstable2/2fcd107c-39a0-4c7b-a6ad-9ea004a1b227202605010032161777617150163640790.sst
2026-05-01 06:32:30:212 - Compaction completed: 
2874563:COMPACT_START sstable=1 input_files: "sstable1/c5eac0a4-7c12-4f7a-97b5-2e495bf7393b202605010032161777617140878758709.sst" input_files: "sstable1/a8eaeac9-1865-42e4-9a4e-3e12f7d9a15b202605010032161777617140942758992.sst" compactIntoNextLevel: true destinationLevel: 2
2026-05-01 06:32:30:245 - Compaction started: 
139970392073792:Compacting sstable1/c5eac0a4-7c12-4f7a-97b5-2e495bf7393b202605010032161777617140878758709.sst sstable1/a8eaeac9-1865-42e4-9a4e-3e12f7d9a15b202605010032161777617140942758992.sst into:sstable2/2fcd107c-39a0-4c7b-a6ad-9ea004a1b227202605010032161777617150266928266.sst
2026-05-01 06:32:30:302 - Compaction completed: 
2874563:COMPACT_START sstable=1 input_files: "sstable1/a8eaeac9-1865-42e4-9a4e-3e12f7d9a15b202605010032161777617141146043765.sst" input_files: "sstable1/25e0ebb8-832a-469a-9271-5f7e2ff52585202605010032161777617141182528795.sst" compactIntoNextLevel: true destinationLevel: 2
2026-05-01 06:32:30:348 - Compaction started: 
139970392073792:Compacting sstable1/a8eaeac9-1865-42e4-9a4e-3e12f7d9a15b202605010032161777617141146043765.sst sstable1/25e0ebb8-832a-469a-9271-5f7e2ff52585202605010032161777617141182528795.sst into:sstable2/2fcd107c-39a0-4c7b-a6ad-9ea004a1b227202605010032161777617150369977004.sst
2026-05-01 06:32:30:405 - Compaction completed: 
2874563:COMPACT_START sstable=1 input_files: "sstable1/c5eac0a4-7c12-4f7a-97b5-2e495bf7393b202605010032161777617141404091013.sst" input_files: "sstable1/25e0ebb8-832a-469a-9271-5f7e2ff52585202605010032161777617141428288466.sst" compactIntoNextLevel: true destinationLevel: 2
2026-05-01 06:32:30:451 - Compaction started: 
139970392073792:Compacting sstable1/c5eac0a4-7c12-4f7a-97b5-2e495bf7393b202605010032161777617141404091013.sst sstable1/25e0ebb8-832a-469a-9271-5f7e2ff52585202605010032161777617141428288466.sst into:sstable2/2fcd107c-39a0-4c7b-a6ad-9ea004a1b227202605010032161777617150471109049.sst
2026-05-01 06:32:30:502 - Compaction completed: 
2874563:COMPACT_START sstable=1 input_files: "sstable1/c5eac0a4-7c12-4f7a-97b5-2e495bf7393b202605010032161777617141610228023.sst" input_files: "sstable1/25e0ebb8-832a-469a-9271-5f7e2ff52585202605010032161777617141634109635.sst" compactIntoNextLevel: true destinationLevel: 2
2026-05-01 06:32:30:554 - Compaction started: 
139970392073792:Compacting sstable1/c5eac0a4-7c12-4f7a-97b5-2e495bf7393b202605010032161777617141610228023.sst sstable1/25e0ebb8-832a-469a-9271-5f7e2ff52585202605010032161777617141634109635.sst into:sstable2/2fcd107c-39a0-4c7b-a6ad-9ea004a1b227202605010032161777617150575270613.sst
2026-05-01 06:32:30:606 - Compaction completed: 
2874563:COMPACT_START sstable=1 input_files: "sstable1/c5eac0a4-7c12-4f7a-97b5-2e495bf7393b202605010032161777617141814952766.sst" input_files: "sstable1/25e0ebb8-832a-469a-9271-5f7e2ff52585202605010032161777617141837053148.sst" compactIntoNextLevel: true destinationLevel: 2
2026-05-01 06:32:30:658 - Compaction started: 
139970392073792:Compacting sstable1/c5eac0a4-7c12-4f7a-97b5-2e495bf7393b202605010032161777617141814952766.sst sstable1/25e0ebb8-832a-469a-9271-5f7e2ff52585202605010032161777617141837053148.sst into:sstable2/2fcd107c-39a0-4c7b-a6ad-9ea004a1b227202605010032161777617150679950349.sst
2026-05-01 06:32:30:713 - Compaction completed: 
2874563:COMPACT_START sstable=1 input_files: "sstable1/c5eac0a4-7c12-4f7a-97b5-2e495bf7393b202605010032161777617142017858879.sst" input_files: "sstable1/25e0ebb8-832a-469a-9271-5f7e2ff52585202605010032161777617142039451679.sst" compactIntoNextLevel: true destinationLevel: 2
2026-05-01 06:32:30:760 - Compaction started: 
139970392073792:Compacting sstable1/c5eac0a4-7c12-4f7a-97b5-2e495bf7393b202605010032161777617142017858879.sst sstable1/25e0ebb8-832a-469a-9271-5f7e2ff52585202605010032161777617142039451679.sst into:sstable2/2fcd107c-39a0-4c7b-a6ad-9ea004a1b227202605010032161777617150780229775.sst
2026-05-01 06:32:30:811 - Compaction completed: 
2874563:COMPACT_START sstable=1 input_files: "sstable1/c5eac0a4-7c12-4f7a-97b5-2e495bf7393b202605010032161777617142220932376.sst" input_files: "sstable1/25e0ebb8-832a-469a-9271-5f7e2ff52585202605010032161777617142242207080.sst" compactIntoNextLevel: true destinationLevel: 2
2026-05-01 06:32:30:864 - Compaction started: 
139970392073792:Compacting sstable1/c5eac0a4-7c12-4f7a-97b5-2e495bf7393b202605010032161777617142220932376.sst sstable1/25e0ebb8-832a-469a-9271-5f7e2ff52585202605010032161777617142242207080.sst into:sstable2/2fcd107c-39a0-4c7b-a6ad-9ea004a1b227202605010032161777617150885335329.sst
2026-05-01 06:32:30:918 - Compaction completed: 
2874563:COMPACT_START sstable=1 input_files: "sstable1/c5eac0a4-7c12-4f7a-97b5-2e495bf7393b202605010032161777617142424339709.sst" input_files: "sstable1/25e0ebb8-832a-469a-9271-5f7e2ff52585202605010032161777617142444453727.sst" compactIntoNextLevel: true destinationLevel: 2
2026-05-01 06:32:30:967 - Compaction started: 
139970392073792:Compacting sstable1/c5eac0a4-7c12-4f7a-97b5-2e495bf7393b202605010032161777617142424339709.sst sstable1/25e0ebb8-832a-469a-9271-5f7e2ff52585202605010032161777617142444453727.sst into:sstable2/2fcd107c-39a0-4c7b-a6ad-9ea004a1b227202605010032161777617150988380611.sst
2026-05-01 06:32:31:021 - Compaction completed: 
2874563:COMPACT_START sstable=1 input_files: "sstable1/c5eac0a4-7c12-4f7a-97b5-2e495bf7393b202605010032161777617142626741547.sst" input_files: "sstable1/25e0ebb8-832a-469a-9271-5f7e2ff52585202605010032161777617142647300309.sst" compactIntoNextLevel: true destinationLevel: 2
2026-05-01 06:32:31:070 - Compaction started: 
139970392073792:Compacting sstable1/c5eac0a4-7c12-4f7a-97b5-2e495bf7393b202605010032161777617142626741547.sst sstable1/25e0ebb8-832a-469a-9271-5f7e2ff52585202605010032161777617142647300309.sst into:sstable2/2fcd107c-39a0-4c7b-a6ad-9ea004a1b227202605010032161777617151089068613.sst
2026-05-01 06:32:31:119 - Compaction completed: 
2874563:COMPACT_START sstable=1 input_files: "sstable1/c5eac0a4-7c12-4f7a-97b5-2e495bf7393b202605010032161777617142830033924.sst" input_files: "sstable1/25e0ebb8-832a-469a-9271-5f7e2ff52585202605010032161777617142850056892.sst" compactIntoNextLevel: true destinationLevel: 2
2026-05-01 06:32:31:173 - Compaction started: 
139970392073792:Compacting sstable1/c5eac0a4-7c12-4f7a-97b5-2e495bf7393b202605010032161777617142830033924.sst sstable1/25e0ebb8-832a-469a-9271-5f7e2ff52585202605010032161777617142850056892.sst into:sstable2/2fcd107c-39a0-4c7b-a6ad-9ea004a1b227202605010032161777617151193961839.sst
2026-05-01 06:32:31:224 - Compaction completed: 
2874563:COMPACT_START sstable=1 input_files: "sstable1/c5eac0a4-7c12-4f7a-97b5-2e495bf7393b202605010032161777617143032905793.sst" input_files: "sstable1/25e0ebb8-832a-469a-9271-5f7e2ff52585202605010032161777617143051828929.sst" compactIntoNextLevel: true destinationLevel: 2
2026-05-01 06:32:31:277 - Compaction started: 
139970392073792:Compacting sstable1/c5eac0a4-7c12-4f7a-97b5-2e495bf7393b202605010032161777617143032905793.sst sstable1/25e0ebb8-832a-469a-9271-5f7e2ff52585202605010032161777617143051828929.sst into:sstable2/2fcd107c-39a0-4c7b-a6ad-9ea004a1b227202605010032161777617151300732885.sst
2026-05-01 06:32:31:331 - Compaction completed: 
2874563:COMPACT_START sstable=1 input_files: "sstable1/25e0ebb8-832a-469a-9271-5f7e2ff52585202605010032161777617143266766788.sst" input_files: "sstable1/a8eaeac9-1865-42e4-9a4e-3e12f7d9a15b202605010032161777617143292189639.sst" compactIntoNextLevel: true destinationLevel: 2
2026-05-01 06:32:31:380 - Compaction started: 
139970392073792:Compacting sstable1/25e0ebb8-832a-469a-9271-5f7e2ff52585202605010032161777617143266766788.sst sstable1/a8eaeac9-1865-42e4-9a4e-3e12f7d9a15b202605010032161777617143292189639.sst into:sstable2/2fcd107c-39a0-4c7b-a6ad-9ea004a1b227202605010032161777617151400999958.sst
2026-05-01 06:32:31:432 - Compaction completed: 
2874563:COMPACT_START sstable=1 input_files: "sstable1/25e0ebb8-832a-469a-9271-5f7e2ff52585202605010032161777617143469335930.sst" input_files: "sstable1/a8eaeac9-1865-42e4-9a4e-3e12f7d9a15b202605010032161777617143494562513.sst" compactIntoNextLevel: true destinationLevel: 2
2026-05-01 06:32:31:484 - Compaction started: 
139970392073792:Compacting sstable1/25e0ebb8-832a-469a-9271-5f7e2ff52585202605010032161777617143469335930.sst sstable1/a8eaeac9-1865-42e4-9a4e-3e12f7d9a15b202605010032161777617143494562513.sst into:sstable2/2fcd107c-39a0-4c7b-a6ad-9ea004a1b227202605010032161777617151504023590.sst
2026-05-01 06:32:31:534 - Compaction completed: 
2874563:COMPACT_START sstable=1 input_files: "sstable1/25e0ebb8-832a-469a-9271-5f7e2ff52585202605010032161777617143671536961.sst" input_files: "sstable1/a8eaeac9-1865-42e4-9a4e-3e12f7d9a15b202605010032161777617143696796135.sst" compactIntoNextLevel: true destinationLevel: 2
2026-05-01 06:32:31:587 - Compaction started: 
139970392073792:Compacting sstable1/25e0ebb8-832a-469a-9271-5f7e2ff52585202605010032161777617143671536961.sst sstable1/a8eaeac9-1865-42e4-9a4e-3e12f7d9a15b202605010032161777617143696796135.sst into:sstable2/2fcd107c-39a0-4c7b-a6ad-9ea004a1b227202605010032161777617151607044676.sst
2026-05-01 06:32:31:638 - Compaction completed: 
2874563:COMPACT_START sstable=1 input_files: "sstable1/25e0ebb8-832a-469a-9271-5f7e2ff52585202605010032161777617143873972643.sst" input_files: "sstable1/a8eaeac9-1865-42e4-9a4e-3e12f7d9a15b202605010032161777617143899528923.sst" compactIntoNextLevel: true destinationLevel: 2
2026-05-01 06:32:31:690 - Compaction started: 
139970392073792:Compacting sstable1/25e0ebb8-832a-469a-9271-5f7e2ff52585202605010032161777617143873972643.sst sstable1/a8eaeac9-1865-42e4-9a4e-3e12f7d9a15b202605010032161777617143899528923.sst into:sstable2/2fcd107c-39a0-4c7b-a6ad-9ea004a1b227202605010032161777617151710659906.sst
2026-05-01 06:32:31:742 - Compaction completed: 
2874563:COMPACT_START sstable=1 input_files: "sstable1/25e0ebb8-832a-469a-9271-5f7e2ff52585202605010032161777617144076532767.sst" input_files: "sstable1/a8eaeac9-1865-42e4-9a4e-3e12f7d9a15b202605010032161777617144102847390.sst" compactIntoNextLevel: true destinationLevel: 2
2026-05-01 06:32:31:794 - Compaction started: 
139970392073792:Compacting sstable1/25e0ebb8-832a-469a-9271-5f7e2ff52585202605010032161777617144076532767.sst sstable1/a8eaeac9-1865-42e4-9a4e-3e12f7d9a15b202605010032161777617144102847390.sst into:sstable2/2fcd107c-39a0-4c7b-a6ad-9ea004a1b227202605010032161777617151814500108.sst
2026-05-01 06:32:31:845 - Compaction completed: 
2874563:COMPACT_START sstable=1 input_files: "sstable1/25e0ebb8-832a-469a-9271-5f7e2ff52585202605010032161777617144279002172.sst" input_files: "sstable1/a8eaeac9-1865-42e4-9a4e-3e12f7d9a15b202605010032161777617144305436979.sst" compactIntoNextLevel: true destinationLevel: 2
2026-05-01 06:32:31:898 - Compaction started: 
139970392073792:Compacting sstable1/25e0ebb8-832a-469a-9271-5f7e2ff52585202605010032161777617144279002172.sst sstable1/a8eaeac9-1865-42e4-9a4e-3e12f7d9a15b202605010032161777617144305436979.sst into:sstable2/2fcd107c-39a0-4c7b-a6ad-9ea004a1b227202605010032161777617151917935991.sst
2026-05-01 06:32:31:950 - Compaction completed: 
2874563:COMPACT_START sstable=1 input_files: "sstable1/25e0ebb8-832a-469a-9271-5f7e2ff52585202605010032161777617144481236656.sst" input_files: "sstable1/a8eaeac9-1865-42e4-9a4e-3e12f7d9a15b202605010032161777617144508508202.sst" compactIntoNextLevel: true destinationLevel: 2
2026-05-01 06:32:32:000 - Compaction started: 
139970392073792:Compacting sstable1/25e0ebb8-832a-469a-9271-5f7e2ff52585202605010032161777617144481236656.sst sstable1/a8eaeac9-1865-42e4-9a4e-3e12f7d9a15b202605010032161777617144508508202.sst into:sstable2/2fcd107c-39a0-4c7b-a6ad-9ea004a1b227202605010032161777617152020696158.sst
2026-05-01 06:32:32:053 - Compaction completed: 
2874563:COMPACT_START sstable=1 input_files: "sstable1/25e0ebb8-832a-469a-9271-5f7e2ff52585202605010032161777617144683675924.sst" input_files: "sstable1/a8eaeac9-1865-42e4-9a4e-3e12f7d9a15b202605010032161777617144711005779.sst" compactIntoNextLevel: true destinationLevel: 2
2026-05-01 06:32:32:102 - Compaction started: 
139970392073792:Compacting sstable1/25e0ebb8-832a-469a-9271-5f7e2ff52585202605010032161777617144683675924.sst sstable1/a8eaeac9-1865-42e4-9a4e-3e12f7d9a15b202605010032161777617144711005779.sst into:sstable2/2fcd107c-39a0-4c7b-a6ad-9ea004a1b227202605010032161777617152122511644.sst
2026-05-01 06:32:32:154 - Compaction completed: 
2874563:COMPACT_START sstable=1 input_files: "sstable1/25e0ebb8-832a-469a-9271-5f7e2ff52585202605010032161777617144886284960.sst" input_files: "sstable1/a8eaeac9-1865-42e4-9a4e-3e12f7d9a15b202605010032161777617144914514382.sst" compactIntoNextLevel: true destinationLevel: 2
2026-05-01 06:32:32:204 - Compaction started: 
139970392073792:Compacting sstable1/25e0ebb8-832a-469a-9271-5f7e2ff52585202605010032161777617144886284960.sst sstable1/a8eaeac9-1865-42e4-9a4e-3e12f7d9a15b202605010032161777617144914514382.sst into:sstable2/2fcd107c-39a0-4c7b-a6ad-9ea004a1b227202605010032161777617152224442336.sst
2026-05-01 06:32:32:255 - Compaction completed: 
2874563:COMPACT_START sstable=1 input_files: "sstable1/25e0ebb8-832a-469a-9271-5f7e2ff52585202605010032161777617145090749645.sst" input_files: "sstable1/a8eaeac9-1865-42e4-9a4e-3e12f7d9a15b202605010032161777617145117896348.sst" compactIntoNextLevel: true destinationLevel: 2
2026-05-01 06:32:32:307 - Compaction started: 
139970392073792:Compacting sstable1/25e0ebb8-832a-469a-9271-5f7e2ff52585202605010032161777617145090749645.sst sstable1/a8eaeac9-1865-42e4-9a4e-3e12f7d9a15b202605010032161777617145117896348.sst into:sstable2/2fcd107c-39a0-4c7b-a6ad-9ea004a1b227202605010032161777617152325625146.sst
2026-05-01 06:32:32:354 - Compaction completed: 
2874563:COMPACT_START sstable=1 input_files: "sstable1/25e0ebb8-832a-469a-9271-5f7e2ff52585202605010032161777617145294584499.sst" input_files: "sstable1/a8eaeac9-1865-42e4-9a4e-3e12f7d9a15b202605010032161777617145322830923.sst" compactIntoNextLevel: true destinationLevel: 2
2026-05-01 06:32:32:409 - Compaction started: 
139970392073792:Compacting sstable1/25e0ebb8-832a-469a-9271-5f7e2ff52585202605010032161777617145294584499.sst sstable1/a8eaeac9-1865-42e4-9a4e-3e12f7d9a15b202605010032161777617145322830923.sst into:sstable2/2fcd107c-39a0-4c7b-a6ad-9ea004a1b227202605010032161777617152428521719.sst
2026-05-01 06:32:32:458 - Compaction completed: 
2874563:COMPACT_START sstable=1 input_files: "sstable1/2fcd107c-39a0-4c7b-a6ad-9ea004a1b227202605010032161777617145559689618.sst" input_files: "sstable1/c5eac0a4-7c12-4f7a-97b5-2e495bf7393b202605010032161777617145580282544.sst" compactIntoNextLevel: true destinationLevel: 2
2026-05-01 06:32:32:511 - Compaction started: 
139970392073792:Compacting sstable1/2fcd107c-39a0-4c7b-a6ad-9ea004a1b227202605010032161777617145559689618.sst sstable1/c5eac0a4-7c12-4f7a-97b5-2e495bf7393b202605010032161777617145580282544.sst into:sstable2/2fcd107c-39a0-4c7b-a6ad-9ea004a1b227202605010032161777617152530524536.sst
2026-05-01 06:32:32:565 - Compaction completed: 
2874563:COMPACT_START sstable=1 input_files: "sstable1/2fcd107c-39a0-4c7b-a6ad-9ea004a1b227202605010032161777617145765083265.sst" input_files: "sstable1/c5eac0a4-7c12-4f7a-97b5-2e495bf7393b202605010032161777617145785996932.sst" compactIntoNextLevel: true destinationLevel: 2
2026-05-01 06:32:32:613 - Compaction started: 
139970392073792:Compacting sstable1/2fcd107c-39a0-4c7b-a6ad-9ea004a1b227202605010032161777617145765083265.sst sstable1/c5eac0a4-7c12-4f7a-97b5-2e495bf7393b202605010032161777617145785996932.sst into:sstable2/2fcd107c-39a0-4c7b-a6ad-9ea004a1b227202605010032161777617152633369402.sst
2026-05-01 06:32:32:664 - Compaction completed: 
2874563:COMPACT_START sstable=1 input_files: "sstable1/2fcd107c-39a0-4c7b-a6ad-9ea004a1b227202605010032161777617145970535622.sst" input_files: "sstable1/c5eac0a4-7c12-4f7a-97b5-2e495bf7393b202605010032161777617145990308831.sst" compactIntoNextLevel: true destinationLevel: 2
2026-05-01 06:32:32:715 - Compaction started: 
139970392073792:Compacting sstable1/2fcd107c-39a0-4c7b-a6ad-9ea004a1b227202605010032161777617145970535622.sst sstable1/c5eac0a4-7c12-4f7a-97b5-2e495bf7393b202605010032161777617145990308831.sst into:sstable2/2fcd107c-39a0-4c7b-a6ad-9ea004a1b227202605010032161777617152735052579.sst
2026-05-01 06:32:32:765 - Compaction completed: 
2874563:COMPACT_START sstable=1 input_files: "sstable1/2fcd107c-39a0-4c7b-a6ad-9ea004a1b227202605010032161777617146176377619.sst" input_files: "sstable1/c5eac0a4-7c12-4f7a-97b5-2e495bf7393b202605010032161777617146194795247.sst" compactIntoNextLevel: true destinationLevel: 2
2026-05-01 06:32:32:817 - Compaction started: 
139970392073792:Compacting sstable1/2fcd107c-39a0-4c7b-a6ad-9ea004a1b227202605010032161777617146176377619.sst sstable1/c5eac0a4-7c12-4f7a-97b5-2e495bf7393b202605010032161777617146194795247.sst into:sstable2/2fcd107c-39a0-4c7b-a6ad-9ea004a1b227202605010032161777617152836654525.sst
2026-05-01 06:32:32:865 - Compaction completed: 
2874563:COMPACT_START sstable=1 input_files: "sstable1/2fcd107c-39a0-4c7b-a6ad-9ea004a1b227202605010032161777617146379725370.sst" input_files: "sstable1/c5eac0a4-7c12-4f7a-97b5-2e495bf7393b202605010032161777617146398498004.sst" compactIntoNextLevel: true destinationLevel: 2
2026-05-01 06:32:32:920 - Compaction started: 
139970392073792:Compacting sstable1/2fcd107c-39a0-4c7b-a6ad-9ea004a1b227202605010032161777617146379725370.sst sstable1/c5eac0a4-7c12-4f7a-97b5-2e495bf7393b202605010032161777617146398498004.sst into:sstable2/2fcd107c-39a0-4c7b-a6ad-9ea004a1b227202605010032161777617152937948845.sst
2026-05-01 06:32:32:965 - Compaction completed: 
2874563:COMPACT_START sstable=1 input_files: "sstable1/2fcd107c-39a0-4c7b-a6ad-9ea004a1b227202605010032161777617146583183768.sst" input_files: "sstable1/c5eac0a4-7c12-4f7a-97b5-2e495bf7393b202605010032161777617146601226995.sst" compactIntoNextLevel: true destinationLevel: 2
2026-05-01 06:32:33:021 - Compaction started: 
139970392073792:Compacting sstable1/2fcd107c-39a0-4c7b-a6ad-9ea004a1b227202605010032161777617146583183768.sst sstable1/c5eac0a4-7c12-4f7a-97b5-2e495bf7393b202605010032161777617146601226995.sst into:sstable2/2fcd107c-39a0-4c7b-a6ad-9ea004a1b227202605010032161777617153038809140.sst
2026-05-01 06:32:33:065 - Compaction completed: 
2874563:COMPACT_START sstable=1 input_files: "sstable1/2fcd107c-39a0-4c7b-a6ad-9ea004a1b227202605010032161777617146786668617.sst" input_files: "sstable1/c5eac0a4-7c12-4f7a-97b5-2e495bf7393b202605010032161777617146804452306.sst" compactIntoNextLevel: true destinationLevel: 2
2874563:COMPACT_ABORT input_files: "sstable1/2fcd107c-39a0-4c7b-a6ad-9ea004a1b227202605010032161777617146786668617.sst" input_files: "sstable1/c5eac0a4-7c12-4f7a-97b5-2e495bf7393b202605010032161777617146804452306.sst" compactIntoNextLevel: true destinationLevel: 2
2874563:COMPACT_START sstable=1 input_files: "sstable1/2fcd107c-39a0-4c7b-a6ad-9ea004a1b227202605010032161777617146990053367.sst" input_files: "sstable1/c5eac0a4-7c12-4f7a-97b5-2e495bf7393b202605010032161777617147007539910.sst" compactIntoNextLevel: true destinationLevel: 2
2026-05-01 06:32:33:225 - Compaction started: 
139970392073792:Compacting sstable1/2fcd107c-39a0-4c7b-a6ad-9ea004a1b227202605010032161777617146990053367.sst sstable1/c5eac0a4-7c12-4f7a-97b5-2e495bf7393b202605010032161777617147007539910.sst into:sstable2/2fcd107c-39a0-4c7b-a6ad-9ea004a1b227202605010032161777617153242342639.sst
2026-05-01 06:32:33:268 - Compaction completed: 
2874563:COMPACT_START sstable=1 input_files: "sstable1/2fcd107c-39a0-4c7b-a6ad-9ea004a1b227202605010032161777617147193238483.sst" input_files: "sstable1/c5eac0a4-7c12-4f7a-97b5-2e495bf7393b202605010032161777617147210688648.sst" compactIntoNextLevel: true destinationLevel: 2
2026-05-01 06:32:33:327 - Compaction started: 
139970392073792:Compacting sstable1/2fcd107c-39a0-4c7b-a6ad-9ea004a1b227202605010032161777617147193238483.sst sstable1/c5eac0a4-7c12-4f7a-97b5-2e495bf7393b202605010032161777617147210688648.sst into:sstable2/2fcd107c-39a0-4c7b-a6ad-9ea004a1b227202605010032161777617153343906634.sst
2026-05-01 06:32:33:370 - Compaction completed: 
2874563:COMPACT_START sstable=1 input_files: "sstable1/2fcd107c-39a0-4c7b-a6ad-9ea004a1b227202605010032161777617147396901045.sst" input_files: "sstable1/c5eac0a4-7c12-4f7a-97b5-2e495bf7393b202605010032161777617147414607870.sst" compactIntoNextLevel: true destinationLevel: 2
2026-05-01 06:32:33:429 - Compaction started: 
139970392073792:Compacting sstable1/2fcd107c-39a0-4c7b-a6ad-9ea004a1b227202605010032161777617147396901045.sst sstable1/c5eac0a4-7c12-4f7a-97b5-2e495bf7393b202605010032161777617147414607870.sst into:sstable2/2fcd107c-39a0-4c7b-a6ad-9ea004a1b227202605010032161777617153446373891.sst
2026-05-01 06:32:33:473 - Compaction completed: 
2874563:COMPACT_START sstable=1 input_files: "sstable1/2fcd107c-39a0-4c7b-a6ad-9ea004a1b227202605010032161777617147600306113.sst" input_files: "sstable1/c5eac0a4-7c12-4f7a-97b5-2e495bf7393b202605010032161777617147617690764.sst" compactIntoNextLevel: true destinationLevel: 2
2026-05-01 06:32:33:531 - Compaction started: 
139970392073792:Compacting sstable1/2fcd107c-39a0-4c7b-a6ad-9ea004a1b227202605010032161777617147600306113.sst sstable1/c5eac0a4-7c12-4f7a-97b5-2e495bf7393b202605010032161777617147617690764.sst into:sstable2/2fcd107c-39a0-4c7b-a6ad-9ea004a1b227202605010032161777617153548782569.sst
2026-05-01 06:32:33:577 - Compaction completed: 
2874563:COMPACT_START sstable=1 input_files: "sstable1/2fcd107c-39a0-4c7b-a6ad-9ea004a1b227202605010032161777617147804609827.sst" input_files: "sstable1/c5eac0a4-7c12-4f7a-97b5-2e495bf7393b202605010032161777617147821106874.sst" compactIntoNextLevel: true destinationLevel: 2
2026-05-01 06:32:33:633 - Compaction started: 
139970392073792:Compacting sstable1/2fcd107c-39a0-4c7b-a6ad-9ea004a1b227202605010032161777617147804609827.sst sstable1/c5eac0a4-7c12-4f7a-97b5-2e495bf7393b202605010032161777617147821106874.sst into:sstable2/2fcd107c-39a0-4c7b-a6ad-9ea004a1b227202605010032161777617153650369116.sst
2026-05-01 06:32:33:677 - Compaction completed: 
2874563:COMPACT_START sstable=1 input_files: "sstable1/25e0ebb8-832a-469a-9271-5f7e2ff52585202605010032161777617148036730880.sst" input_files: "sstable1/a8eaeac9-1865-42e4-9a4e-3e12f7d9a15b202605010032161777617148064103626.sst" compactIntoNextLevel: true destinationLevel: 2
2026-05-01 06:32:33:735 - Compaction started: 
139970392073792:Compacting sstable1/25e0ebb8-832a-469a-9271-5f7e2ff52585202605010032161777617148036730880.sst sstable1/a8eaeac9-1865-42e4-9a4e-3e12f7d9a15b202605010032161777617148064103626.sst into:sstable2/2fcd107c-39a0-4c7b-a6ad-9ea004a1b227202605010032161777617153753114946.sst
2026-05-01 06:32:33:781 - Compaction completed: 
2874563:COMPACT_START sstable=1 input_files: "sstable2/c5eac0a4-7c12-4f7a-97b5-2e495bf7393b202605010032161777617148451621746.sst" input_files: "sstable2/25e0ebb8-832a-469a-9271-5f7e2ff52585202605010032161777617148462054595.sst" compactIntoNextLevel: false destinationLevel: 2
2026-05-01 06:32:33:839 - Compaction started: 
139970392073792:Compacting sstable2/c5eac0a4-7c12-4f7a-97b5-2e495bf7393b202605010032161777617148451621746.sst sstable2/25e0ebb8-832a-469a-9271-5f7e2ff52585202605010032161777617148462054595.sst into:sstable2/0_2fcd107c-39a0-4c7b-a6ad-9ea004a1b227202605010032161777617153891452120.sst
2026-05-01 06:32:33:966 - Compaction completed: 
2874563:COMPACT_START sstable=1 input_files: "sstable2/a8eaeac9-1865-42e4-9a4e-3e12f7d9a15b202605010032161777617148592811848.sst" input_files: "sstable2/2fcd107c-39a0-4c7b-a6ad-9ea004a1b227202605010032161777617148641393927.sst" compactIntoNextLevel: false destinationLevel: 2
2026-05-01 06:32:34:044 - Compaction started: 
139970392073792:Compacting sstable2/a8eaeac9-1865-42e4-9a4e-3e12f7d9a15b202605010032161777617148592811848.sst sstable2/2fcd107c-39a0-4c7b-a6ad-9ea004a1b227202605010032161777617148641393927.sst into:sstable2/0_2fcd107c-39a0-4c7b-a6ad-9ea004a1b227202605010032161777617154096217860.sst
2026-05-01 06:32:34:179 - Compaction completed: 
2874563:COMPACT_START sstable=1 input_files: "sstable2/0_25e0ebb8-832a-469a-9271-5f7e2ff52585202605010032161777617154091149708.sst" input_files: "sstable2/0_2fcd107c-39a0-4c7b-a6ad-9ea004a1b227202605010032161777617154096217860.sst" compactIntoNextLevel: false destinationLevel: 2
2026-05-01 06:32:34:248 - Compaction started: 
139970392073792:Compacting sstable2/0_25e0ebb8-832a-469a-9271-5f7e2ff52585202605010032161777617154091149708.sst sstable2/0_2fcd107c-39a0-4c7b-a6ad-9ea004a1b227202605010032161777617154096217860.sst into:sstable2/1_2fcd107c-39a0-4c7b-a6ad-9ea004a1b227202605010032161777617154365412726.sst
2026-05-01 06:32:34:528 - Compaction completed: 
2874563:COMPACT_START sstable=1 input_files: "sstable2/c5eac0a4-7c12-4f7a-97b5-2e495bf7393b202605010032161777617148759798543.sst" input_files: "sstable2/25e0ebb8-832a-469a-9271-5f7e2ff52585202605010032161777617148768686465.sst" compactIntoNextLevel: false destinationLevel: 2
2026-05-01 06:32:34:554 - Compaction started: 
139970392073792:Compacting sstable2/c5eac0a4-7c12-4f7a-97b5-2e495bf7393b202605010032161777617148759798543.sst sstable2/25e0ebb8-832a-469a-9271-5f7e2ff52585202605010032161777617148768686465.sst into:sstable2/0_2fcd107c-39a0-4c7b-a6ad-9ea004a1b227202605010032161777617154608370795.sst
2026-05-01 06:32:34:697 - Compaction completed: 
2874563:COMPACT_START sstable=1 input_files: "sstable2/0_2fcd107c-39a0-4c7b-a6ad-9ea004a1b227202605010032161777617154608370795.sst" input_files: "sstable2/0_25e0ebb8-832a-469a-9271-5f7e2ff52585202605010032161777617154604045206.sst" compactIntoNextLevel: false destinationLevel: 2
2026-05-01 06:32:34:760 - Compaction started: 
139970392073792:Compacting sstable2/0_2fcd107c-39a0-4c7b-a6ad-9ea004a1b227202605010032161777617154608370795.sst sstable2/0_25e0ebb8-832a-469a-9271-5f7e2ff52585202605010032161777617154604045206.sst into:sstable2/1_2fcd107c-39a0-4c7b-a6ad-9ea004a1b227202605010032161777617154855616062.sst
2026-05-01 06:32:35:017 - Compaction completed: 
2874563:COMPACT_START sstable=1 input_files: "sstable2/a8eaeac9-1865-42e4-9a4e-3e12f7d9a15b202605010032161777617148997456977.sst" input_files: "sstable2/2fcd107c-39a0-4c7b-a6ad-9ea004a1b227202605010032161777617149046108896.sst" compactIntoNextLevel: false destinationLevel: 2
2026-05-01 06:32:35:069 - Compaction started: 
139970392073792:Compacting sstable2/a8eaeac9-1865-42e4-9a4e-3e12f7d9a15b202605010032161777617148997456977.sst sstable2/2fcd107c-39a0-4c7b-a6ad-9ea004a1b227202605010032161777617149046108896.sst into:sstable2/0_2fcd107c-39a0-4c7b-a6ad-9ea004a1b227202605010032161777617155118866795.sst
2026-05-01 06:32:35:197 - Compaction completed: 
2874563:COMPACT_START sstable=1 input_files: "sstable2/0_25e0ebb8-832a-469a-9271-5f7e2ff52585202605010032161777617155017902004.sst" input_files: "sstable2/0_2fcd107c-39a0-4c7b-a6ad-9ea004a1b227202605010032161777617155118866795.sst" compactIntoNextLevel: false destinationLevel: 2
2026-05-01 06:32:35:274 - Compaction started: 
139970392073792:Compacting sstable2/0_25e0ebb8-832a-469a-9271-5f7e2ff52585202605010032161777617155017902004.sst sstable2/0_2fcd107c-39a0-4c7b-a6ad-9ea004a1b227202605010032161777617155118866795.sst into:sstable2/1_2fcd107c-39a0-4c7b-a6ad-9ea004a1b227202605010032161777617155367090455.sst
2026-05-01 06:32:35:524 - Compaction completed: 
2874563:COMPACT_START sstable=1 input_files: "sstable2/0_25e0ebb8-832a-469a-9271-5f7e2ff52585202605010032161777617155225566748.sst" input_files: "sstable2/0_25e0ebb8-832a-469a-9271-5f7e2ff52585202605010032161777617155432145927.sst" compactIntoNextLevel: false destinationLevel: 2
2026-05-01 06:32:35:582 - Compaction started: 
139970392073792:Compacting sstable2/0_25e0ebb8-832a-469a-9271-5f7e2ff52585202605010032161777617155225566748.sst sstable2/0_25e0ebb8-832a-469a-9271-5f7e2ff52585202605010032161777617155432145927.sst into:sstable2/1_2fcd107c-39a0-4c7b-a6ad-9ea004a1b227202605010032161777617155677291988.sst
2026-05-01 06:32:35:838 - Compaction completed: 
2874563:COMPACT_START sstable=1 input_files: "sstable2/1_2fcd107c-39a0-4c7b-a6ad-9ea004a1b227202605010032161777617155367090455.sst" input_files: "sstable2/1_2fcd107c-39a0-4c7b-a6ad-9ea004a1b227202605010032161777617155677291988.sst" compactIntoNextLevel: false destinationLevel: 2
2026-05-01 06:32:35:889 - Compaction started: 
139970392073792:Compacting sstable2/1_2fcd107c-39a0-4c7b-a6ad-9ea004a1b227202605010032161777617155367090455.sst sstable2/1_2fcd107c-39a0-4c7b-a6ad-9ea004a1b227202605010032161777617155677291988.sst into:sstable2/2_2fcd107c-39a0-4c7b-a6ad-9ea004a1b227202605010032161777617156109644870.sst
2026-05-01 06:32:36:432 - Compaction completed: 
2874563:COMPACT_START sstable=1 input_files: "sstable2/0_c5eac0a4-7c12-4f7a-97b5-2e495bf7393b202605010032161777617156135145287.sst" input_files: "sstable2/0_c5eac0a4-7c12-4f7a-97b5-2e495bf7393b202605010032161777617156337507831.sst" compactIntoNextLevel: false destinationLevel: 2
2026-05-01 06:32:36:497 - Compaction started: 
139970392073792:Compacting sstable2/0_c5eac0a4-7c12-4f7a-97b5-2e495bf7393b202605010032161777617156135145287.sst sstable2/0_c5eac0a4-7c12-4f7a-97b5-2e495bf7393b202605010032161777617156337507831.sst into:sstable2/1_2fcd107c-39a0-4c7b-a6ad-9ea004a1b227202605010032161777617156586881758.sst
2026-05-01 06:32:36:735 - Compaction completed: 
2874563:COMPACT_START sstable=1 input_files: "sstable2/0_25e0ebb8-832a-469a-9271-5f7e2ff52585202605010032161777617156455005707.sst" input_files: "sstable2/0_a8eaeac9-1865-42e4-9a4e-3e12f7d9a15b202605010032161777617156650317523.sst" compactIntoNextLevel: false destinationLevel: 2
2026-05-01 06:32:36:803 - Compaction started: 
139970392073792:Compacting sstable2/0_25e0ebb8-832a-469a-9271-5f7e2ff52585202605010032161777617156455005707.sst sstable2/0_a8eaeac9-1865-42e4-9a4e-3e12f7d9a15b202605010032161777617156650317523.sst into:sstable2/1_2fcd107c-39a0-4c7b-a6ad-9ea004a1b227202605010032161777617156893991865.sst
2026-05-01 06:32:37:057 - Compaction completed: 
2874563:COMPACT_START sstable=1 input_files: "sstable2/25e0ebb8-832a-469a-9271-5f7e2ff52585202605010032161777617149579653635.sst" input_files: "sstable2/a8eaeac9-1865-42e4-9a4e-3e12f7d9a15b202605010032161777617149606893272.sst" compactIntoNextLevel: false destinationLevel: 2
2026-05-01 06:32:37:112 - Compaction started: 
139970392073792:Compacting sstable2/25e0ebb8-832a-469a-9271-5f7e2ff52585202605010032161777617149579653635.sst sstable2/a8eaeac9-1865-42e4-9a4e-3e12f7d9a15b202605010032161777617149606893272.sst into:sstable2/0_2fcd107c-39a0-4c7b-a6ad-9ea004a1b227202605010032161777617157165979547.sst
2026-05-01 06:32:37:251 - Compaction completed: 
2874563:COMPACT_START sstable=1 input_files: "sstable2/1_2fcd107c-39a0-4c7b-a6ad-9ea004a1b227202605010032161777617156893991865.sst" input_files: "sstable2/1_25e0ebb8-832a-469a-9271-5f7e2ff52585202605010032161777617157130282234.sst" compactIntoNextLevel: false destinationLevel: 2
2026-05-01 06:32:37:319 - Compaction started: 
139970392073792:Compacting sstable2/1_2fcd107c-39a0-4c7b-a6ad-9ea004a1b227202605010032161777617156893991865.sst sstable2/1_25e0ebb8-832a-469a-9271-5f7e2ff52585202605010032161777617157130282234.sst into:sstable2/2_2fcd107c-39a0-4c7b-a6ad-9ea004a1b227202605010032161777617157515476597.sst
2026-05-01 06:32:37:828 - Compaction completed: 
2874563:COMPACT_START sstable=1 input_files: "sstable2/0_a8eaeac9-1865-42e4-9a4e-3e12f7d9a15b202605010032161777617157467473194.sst" input_files: "sstable2/0_25e0ebb8-832a-469a-9271-5f7e2ff52585202605010032161777617157585727669.sst" compactIntoNextLevel: false destinationLevel: 2
2026-05-01 06:32:37:836 - Compaction started: 
139970392073792:Compacting sstable2/0_a8eaeac9-1865-42e4-9a4e-3e12f7d9a15b202605010032161777617157467473194.sst sstable2/0_25e0ebb8-832a-469a-9271-5f7e2ff52585202605010032161777617157585727669.sst into:sstable2/1_2fcd107c-39a0-4c7b-a6ad-9ea004a1b227202605010032161777617157932525229.sst
2026-05-01 06:32:38:086 - Compaction completed: 
2874563:COMPACT_START sstable=1 input_files: "sstable2/1_a8eaeac9-1865-42e4-9a4e-3e12f7d9a15b202605010032161777617157715923079.sst" input_files: "sstable2/1_2fcd107c-39a0-4c7b-a6ad-9ea004a1b227202605010032161777617157932525229.sst" compactIntoNextLevel: false destinationLevel: 2
2026-05-01 06:32:38:143 - Compaction started: 
139970392073792:Compacting sstable2/1_a8eaeac9-1865-42e4-9a4e-3e12f7d9a15b202605010032161777617157715923079.sst sstable2/1_2fcd107c-39a0-4c7b-a6ad-9ea004a1b227202605010032161777617157932525229.sst into:sstable2/2_2fcd107c-39a0-4c7b-a6ad-9ea004a1b227202605010032161777617158343124129.sst
2026-05-01 06:32:38:663 - Compaction completed: 
2874563:COMPACT_START sstable=1 input_files: "sstable2/25e0ebb8-832a-469a-9271-5f7e2ff52585202605010032161777617149984121892.sst" input_files: "sstable2/a8eaeac9-1865-42e4-9a4e-3e12f7d9a15b202605010032161777617150012638202.sst" compactIntoNextLevel: false destinationLevel: 2
2026-05-01 06:32:38:673 - Compaction started: 
139970392073792:Compacting sstable2/25e0ebb8-832a-469a-9271-5f7e2ff52585202605010032161777617149984121892.sst sstable2/a8eaeac9-1865-42e4-9a4e-3e12f7d9a15b202605010032161777617150012638202.sst into:sstable2/0_2fcd107c-39a0-4c7b-a6ad-9ea004a1b227202605010032161777617158725487124.sst
2026-05-01 06:32:38:805 - Compaction completed: 
2874563:COMPACT_START sstable=1 input_files: "sstable2/2fcd107c-39a0-4c7b-a6ad-9ea004a1b227202605010032161777617150062096543.sst" input_files: "sstable2/c5eac0a4-7c12-4f7a-97b5-2e495bf7393b202605010032161777617150075887838.sst" compactIntoNextLevel: false destinationLevel: 2
2026-05-01 06:32:38:879 - Compaction started: 
139970392073792:Compacting sstable2/2fcd107c-39a0-4c7b-a6ad-9ea004a1b227202605010032161777617150062096543.sst sstable2/c5eac0a4-7c12-4f7a-97b5-2e495bf7393b202605010032161777617150075887838.sst into:sstable2/0_2fcd107c-39a0-4c7b-a6ad-9ea004a1b227202605010032161777617158929918476.sst
2026-05-01 06:32:39:006 - Compaction completed: 
2874563:COMPACT_START sstable=1 input_files: "sstable2/0_2fcd107c-39a0-4c7b-a6ad-9ea004a1b227202605010032161777617158725487124.sst" input_files: "sstable2/0_2fcd107c-39a0-4c7b-a6ad-9ea004a1b227202605010032161777617158929918476.sst" compactIntoNextLevel: false destinationLevel: 2
2026-05-01 06:32:39:083 - Compaction started: 
139970392073792:Compacting sstable2/0_2fcd107c-39a0-4c7b-a6ad-9ea004a1b227202605010032161777617158725487124.sst sstable2/0_2fcd107c-39a0-4c7b-a6ad-9ea004a1b227202605010032161777617158929918476.sst into:sstable2/1_2fcd107c-39a0-4c7b-a6ad-9ea004a1b227202605010032161777617159171647541.sst
2026-05-01 06:32:39:321 - Compaction completed: 
2874563:COMPACT_START sstable=1 input_files: "sstable2/0_a8eaeac9-1865-42e4-9a4e-3e12f7d9a15b202605010032161777617159093312154.sst" input_files: "sstable2/0_c5eac0a4-7c12-4f7a-97b5-2e495bf7393b202605010032161777617159132168509.sst" compactIntoNextLevel: false destinationLevel: 2
2026-05-01 06:32:39:389 - Compaction started: 
139970392073792:Compacting sstable2/0_a8eaeac9-1865-42e4-9a4e-3e12f7d9a15b202605010032161777617159093312154.sst sstable2/0_c5eac0a4-7c12-4f7a-97b5-2e495bf7393b202605010032161777617159132168509.sst into:sstable2/1_2fcd107c-39a0-4c7b-a6ad-9ea004a1b227202605010032161777617159476401661.sst
2026-05-01 06:32:39:637 - Compaction completed: 
2874563:COMPACT_START sstable=1 input_files: "sstable2/25e0ebb8-832a-469a-9271-5f7e2ff52585202605010032161777617150289387120.sst" input_files: "sstable2/a8eaeac9-1865-42e4-9a4e-3e12f7d9a15b202605010032161777617150328314148.sst" compactIntoNextLevel: false destinationLevel: 2
2026-05-01 06:32:39:699 - Compaction started: 
139970392073792:Compacting sstable2/25e0ebb8-832a-469a-9271-5f7e2ff52585202605010032161777617150289387120.sst sstable2/a8eaeac9-1865-42e4-9a4e-3e12f7d9a15b202605010032161777617150328314148.sst into:sstable2/0_2fcd107c-39a0-4c7b-a6ad-9ea004a1b227202605010032161777617159751926945.sst
2026-05-01 06:32:39:832 - Compaction completed: 
2874563:COMPACT_START sstable=1 input_files: "sstable2/2_2fcd107c-39a0-4c7b-a6ad-9ea004a1b227202605010032161777617158343124129.sst" input_files: "sstable2/2_a8eaeac9-1865-42e4-9a4e-3e12f7d9a15b202605010032161777617159445410601.sst" compactIntoNextLevel: false destinationLevel: 2
2026-05-01 06:32:39:903 - Compaction started: 
139970392073792:Compacting sstable2/2_2fcd107c-39a0-4c7b-a6ad-9ea004a1b227202605010032161777617158343124129.sst sstable2/2_a8eaeac9-1865-42e4-9a4e-3e12f7d9a15b202605010032161777617159445410601.sst into:sstable2/3_2fcd107c-39a0-4c7b-a6ad-9ea004a1b227202605010032161777617160368105800.sst
2026-05-01 06:32:41:003 - Compaction completed: 
2874563:COMPACT_START sstable=1 input_files: "sstable2/25e0ebb8-832a-469a-9271-5f7e2ff52585202605010032161777617150699621687.sst" input_files: "sstable2/a8eaeac9-1865-42e4-9a4e-3e12f7d9a15b202605010032161777617150741122780.sst" compactIntoNextLevel: false destinationLevel: 2
2026-05-01 06:32:41:023 - Compaction started: 
139970392073792:Compacting sstable2/25e0ebb8-832a-469a-9271-5f7e2ff52585202605010032161777617150699621687.sst sstable2/a8eaeac9-1865-42e4-9a4e-3e12f7d9a15b202605010032161777617150741122780.sst into:sstable2/0_2fcd107c-39a0-4c7b-a6ad-9ea004a1b227202605010032161777617161074886930.sst
2026-05-01 06:32:41:150 - Compaction completed: 
2874563:COMPACT_START sstable=1 input_files: "sstable2/0_a8eaeac9-1865-42e4-9a4e-3e12f7d9a15b202605010032161777617160770933501.sst" input_files: "sstable2/0_25e0ebb8-832a-469a-9271-5f7e2ff52585202605010032161777617161010981555.sst" compactIntoNextLevel: false destinationLevel: 2
2026-05-01 06:32:41:229 - Compaction started: 
139970392073792:Compacting sstable2/0_a8eaeac9-1865-42e4-9a4e-3e12f7d9a15b202605010032161777617160770933501.sst sstable2/0_25e0ebb8-832a-469a-9271-5f7e2ff52585202605010032161777617161010981555.sst into:sstable2/1_2fcd107c-39a0-4c7b-a6ad-9ea004a1b227202605010032161777617161319469144.sst
2026-05-01 06:32:41:468 - Compaction completed: 
2874563:COMPACT_START sstable=1 input_files: "sstable2/2fcd107c-39a0-4c7b-a6ad-9ea004a1b227202605010032161777617150780229775.sst" input_files: "sstable2/c5eac0a4-7c12-4f7a-97b5-2e495bf7393b202605010032161777617150792191009.sst" compactIntoNextLevel: false destinationLevel: 2
2026-05-01 06:32:41:535 - Compaction started: 
139970392073792:Compacting sstable2/2fcd107c-39a0-4c7b-a6ad-9ea004a1b227202605010032161777617150780229775.sst sstable2/c5eac0a4-7c12-4f7a-97b5-2e495bf7393b202605010032161777617150792191009.sst into:sstable2/0_2fcd107c-39a0-4c7b-a6ad-9ea004a1b227202605010032161777617161585186912.sst
2026-05-01 06:32:41:655 - Compaction completed: 
2874563:COMPACT_START sstable=1 input_files: "sstable2/25e0ebb8-832a-469a-9271-5f7e2ff52585202605010032161777617150801191102.sst" input_files: "sstable2/a8eaeac9-1865-42e4-9a4e-3e12f7d9a15b202605010032161777617150846491227.sst" compactIntoNextLevel: false destinationLevel: 2
2026-05-01 06:32:41:742 - Compaction started: 
139970392073792:Compacting sstable2/25e0ebb8-832a-469a-9271-5f7e2ff52585202605010032161777617150801191102.sst sstable2/a8eaeac9-1865-42e4-9a4e-3e12f7d9a15b202605010032161777617150846491227.sst into:sstable2/0_2fcd107c-39a0-4c7b-a6ad-9ea004a1b227202605010032161777617161788254197.sst
2026-05-01 06:32:41:862 - Compaction completed: 
2874563:COMPACT_START sstable=1 input_files: "sstable2/2fcd107c-39a0-4c7b-a6ad-9ea004a1b227202605010032161777617150885335329.sst" input_files: "sstable2/c5eac0a4-7c12-4f7a-97b5-2e495bf7393b202605010032161777617150896519136.sst" compactIntoNextLevel: false destinationLevel: 2
2026-05-01 06:32:41:948 - Compaction started: 
139970392073792:Compacting sstable2/2fcd107c-39a0-4c7b-a6ad-9ea004a1b227202605010032161777617150885335329.sst sstable2/c5eac0a4-7c12-4f7a-97b5-2e495bf7393b202605010032161777617150896519136.sst into:sstable2/0_2fcd107c-39a0-4c7b-a6ad-9ea004a1b227202605010032161777617161996392298.sst
2026-05-01 06:32:42:071 - Compaction completed: 
2874563:COMPACT_START sstable=1 input_files: "sstable2/0_2fcd107c-39a0-4c7b-a6ad-9ea004a1b227202605010032161777617161788254197.sst" input_files: "sstable2/0_2fcd107c-39a0-4c7b-a6ad-9ea004a1b227202605010032161777617161996392298.sst" compactIntoNextLevel: false destinationLevel: 2
2026-05-01 06:32:42:153 - Compaction started: 
139970392073792:Compacting sstable2/0_2fcd107c-39a0-4c7b-a6ad-9ea004a1b227202605010032161777617161788254197.sst sstable2/0_2fcd107c-39a0-4c7b-a6ad-9ea004a1b227202605010032161777617161996392298.sst into:sstable2/1_2fcd107c-39a0-4c7b-a6ad-9ea004a1b227202605010032161777617162241212960.sst
2026-05-01 06:32:42:389 - Compaction completed: 
2874563:COMPACT_START sstable=1 input_files: "sstable2/25e0ebb8-832a-469a-9271-5f7e2ff52585202605010032161777617151006821472.sst" input_files: "sstable2/a8eaeac9-1865-42e4-9a4e-3e12f7d9a15b202605010032161777617151053347215.sst" compactIntoNextLevel: false destinationLevel: 2
2026-05-01 06:32:42:468 - Compaction started: 
139970392073792:Compacting sstable2/25e0ebb8-832a-469a-9271-5f7e2ff52585202605010032161777617151006821472.sst sstable2/a8eaeac9-1865-42e4-9a4e-3e12f7d9a15b202605010032161777617151053347215.sst into:sstable2/0_2fcd107c-39a0-4c7b-a6ad-9ea004a1b227202605010032161777617162517091536.sst
2026-05-01 06:32:42:593 - Compaction completed: 
2874563:COMPACT_START sstable=1 input_files: "sstable2/2fcd107c-39a0-4c7b-a6ad-9ea004a1b227202605010032161777617151089068613.sst" input_files: "sstable2/c5eac0a4-7c12-4f7a-97b5-2e495bf7393b202605010032161777617151099579668.sst" compactIntoNextLevel: false destinationLevel: 2
2026-05-01 06:32:42:675 - Compaction started: 
139970392073792:Compacting sstable2/2fcd107c-39a0-4c7b-a6ad-9ea004a1b227202605010032161777617151089068613.sst sstable2/c5eac0a4-7c12-4f7a-97b5-2e495bf7393b202605010032161777617151099579668.sst into:sstable2/0_2fcd107c-39a0-4c7b-a6ad-9ea004a1b227202605010032161777617162722093809.sst
2026-05-01 06:32:42:790 - Compaction completed: 
2874563:COMPACT_START sstable=1 input_files: "sstable2/1_2fcd107c-39a0-4c7b-a6ad-9ea004a1b227202605010032161777617162241212960.sst" input_files: "sstable2/1_25e0ebb8-832a-469a-9271-5f7e2ff52585202605010032161777617162686116541.sst" compactIntoNextLevel: false destinationLevel: 2
2026-05-01 06:32:42:883 - Compaction started: 
139970392073792:Compacting sstable2/1_2fcd107c-39a0-4c7b-a6ad-9ea004a1b227202605010032161777617162241212960.sst sstable2/1_25e0ebb8-832a-469a-9271-5f7e2ff52585202605010032161777617162686116541.sst into:sstable2/2_2fcd107c-39a0-4c7b-a6ad-9ea004a1b227202605010032161777617163076387661.sst
2026-05-01 06:32:43:372 - Compaction completed: 
2874563:COMPACT_START sstable=1 input_files: "sstable2/2fcd107c-39a0-4c7b-a6ad-9ea004a1b227202605010032161777617151193961839.sst" input_files: "sstable2/c5eac0a4-7c12-4f7a-97b5-2e495bf7393b202605010032161777617151202837168.sst" compactIntoNextLevel: false destinationLevel: 2
2026-05-01 06:32:43:395 - Compaction started: 
139970392073792:Compacting sstable2/2fcd107c-39a0-4c7b-a6ad-9ea004a1b227202605010032161777617151193961839.sst sstable2/c5eac0a4-7c12-4f7a-97b5-2e495bf7393b202605010032161777617151202837168.sst into:sstable2/0_2fcd107c-39a0-4c7b-a6ad-9ea004a1b227202605010032161777617163444833035.sst
2026-05-01 06:32:43:518 - Compaction completed: 
2874563:COMPACT_START sstable=1 input_files: "sstable2/3_25e0ebb8-832a-469a-9271-5f7e2ff52585202605010032161777617161565945189.sst" input_files: "sstable2/3_a8eaeac9-1865-42e4-9a4e-3e12f7d9a15b202605010032161777617162989369907.sst" compactIntoNextLevel: false destinationLevel: 2
2026-05-01 06:32:43:599 - Compaction started: 
139970392073792:Compacting sstable2/3_25e0ebb8-832a-469a-9271-5f7e2ff52585202605010032161777617161565945189.sst sstable2/3_a8eaeac9-1865-42e4-9a4e-3e12f7d9a15b202605010032161777617162989369907.sst into:sstable2/4_2fcd107c-39a0-4c7b-a6ad-9ea004a1b227202605010032161777617164533775612.sst
2026-05-01 06:32:45:715 - Compaction completed: 
2874563:COMPACT_START sstable=1 input_files: "sstable2/25e0ebb8-832a-469a-9271-5f7e2ff52585202605010032161777617151619602468.sst" input_files: "sstable2/a8eaeac9-1865-42e4-9a4e-3e12f7d9a15b202605010032161777617151675331314.sst" compactIntoNextLevel: false destinationLevel: 2
2026-05-01 06:32:45:739 - Compaction started: 
139970392073792:Compacting sstable2/25e0ebb8-832a-469a-9271-5f7e2ff52585202605010032161777617151619602468.sst sstable2/a8eaeac9-1865-42e4-9a4e-3e12f7d9a15b202605010032161777617151675331314.sst into:sstable2/0_2fcd107c-39a0-4c7b-a6ad-9ea004a1b227202605010032161777617165790796940.sst
2026-05-01 06:32:45:860 - Compaction completed: 
2874563:COMPACT_START sstable=1 input_files: "sstable2/0_25e0ebb8-832a-469a-9271-5f7e2ff52585202605010032161777617165581744484.sst" input_files: "sstable2/0_a8eaeac9-1865-42e4-9a4e-3e12f7d9a15b202605010032161777617165730525347.sst" compactIntoNextLevel: false destinationLevel: 2
2026-05-01 06:32:45:946 - Compaction started: 
139970392073792:Compacting sstable2/0_25e0ebb8-832a-469a-9271-5f7e2ff52585202605010032161777617165581744484.sst sstable2/0_a8eaeac9-1865-42e4-9a4e-3e12f7d9a15b202605010032161777617165730525347.sst into:sstable2/1_2fcd107c-39a0-4c7b-a6ad-9ea004a1b227202605010032161777617166031488419.sst
2026-05-01 06:32:46:174 - Compaction completed: 
2874563:COMPACT_START sstable=1 input_files: "sstable2/1_25e0ebb8-832a-469a-9271-5f7e2ff52585202605010032161777617165819326164.sst" input_files: "sstable2/1_2fcd107c-39a0-4c7b-a6ad-9ea004a1b227202605010032161777617166031488419.sst" compactIntoNextLevel: false destinationLevel: 2
2026-05-01 06:32:46:253 - Compaction started: 
2026-05-01 06:32:46:661 30 sec: 124917 operations; 4163.9 current ops/sec; est completion in 2 days 18 hours [READ: Count=124936, Max=1793023, Min=20, Avg=237.82, 90=330, 99=418, 99.9=3953, 99.99=65663] 
139970392073792:Compacting sstable2/1_25e0ebb8-832a-469a-9271-5f7e2ff52585202605010032161777617165819326164.sst sstable2/1_2fcd107c-39a0-4c7b-a6ad-9ea004a1b227202605010032161777617166031488419.sst into:sstable2/2_2fcd107c-39a0-4c7b-a6ad-9ea004a1b227202605010032161777617166444155486.sst
2026-05-01 06:32:46:738 - Compaction completed: 
2874563:COMPACT_START sstable=1 input_files: "sstable2/25e0ebb8-832a-469a-9271-5f7e2ff52585202605010032161777617151926998341.sst" input_files: "sstable2/a8eaeac9-1865-42e4-9a4e-3e12f7d9a15b202605010032161777617151986585881.sst" compactIntoNextLevel: false destinationLevel: 2
2026-05-01 06:32:46:767 - Compaction started: 
139970392073792:Compacting sstable2/25e0ebb8-832a-469a-9271-5f7e2ff52585202605010032161777617151926998341.sst sstable2/a8eaeac9-1865-42e4-9a4e-3e12f7d9a15b202605010032161777617151986585881.sst into:sstable2/0_2fcd107c-39a0-4c7b-a6ad-9ea004a1b227202605010032161777617166819865699.sst
2026-05-01 06:32:46:892 - Compaction completed: 
2874563:COMPACT_START sstable=1 input_files: "sstable2/0_25e0ebb8-832a-469a-9271-5f7e2ff52585202605010032161777617166518616971.sst" input_files: "sstable2/0_25e0ebb8-832a-469a-9271-5f7e2ff52585202605010032161777617166733046697.sst" compactIntoNextLevel: false destinationLevel: 2
2026-05-01 06:32:46:974 - Compaction started: 
139970392073792:Compacting sstable2/0_25e0ebb8-832a-469a-9271-5f7e2ff52585202605010032161777617166518616971.sst sstable2/0_25e0ebb8-832a-469a-9271-5f7e2ff52585202605010032161777617166733046697.sst into:sstable2/1_2fcd107c-39a0-4c7b-a6ad-9ea004a1b227202605010032161777617167061515476.sst
2026-05-01 06:32:47:206 - Compaction completed: 
2874563:COMPACT_START sstable=1 input_files: "sstable2/25e0ebb8-832a-469a-9271-5f7e2ff52585202605010032161777617152029591575.sst" input_files: "sstable2/a8eaeac9-1865-42e4-9a4e-3e12f7d9a15b202605010032161777617152088666364.sst" compactIntoNextLevel: false destinationLevel: 2
2026-05-01 06:32:47:282 - Compaction started: 
139970392073792:Compacting sstable2/25e0ebb8-832a-469a-9271-5f7e2ff52585202605010032161777617152029591575.sst sstable2/a8eaeac9-1865-42e4-9a4e-3e12f7d9a15b202605010032161777617152088666364.sst into:sstable2/0_2fcd107c-39a0-4c7b-a6ad-9ea004a1b227202605010032161777617167340379328.sst
2026-05-01 06:32:47:414 - Compaction completed: 
2874563:COMPACT_START sstable=1 input_files: "sstable2/2fcd107c-39a0-4c7b-a6ad-9ea004a1b227202605010032161777617152122511644.sst" input_files: "sstable2/c5eac0a4-7c12-4f7a-97b5-2e495bf7393b202605010032161777617152124565885.sst" compactIntoNextLevel: false destinationLevel: 2
2026-05-01 06:32:47:488 - Compaction started: 
139970392073792:Compacting sstable2/2fcd107c-39a0-4c7b-a6ad-9ea004a1b227202605010032161777617152122511644.sst sstable2/c5eac0a4-7c12-4f7a-97b5-2e495bf7393b202605010032161777617152124565885.sst into:sstable2/0_2fcd107c-39a0-4c7b-a6ad-9ea004a1b227202605010032161777617167536236566.sst
2026-05-01 06:32:47:609 - Compaction completed: 
2874563:COMPACT_START sstable=1 input_files: "sstable2/0_2fcd107c-39a0-4c7b-a6ad-9ea004a1b227202605010032161777617167340379328.sst" input_files: "sstable2/0_2fcd107c-39a0-4c7b-a6ad-9ea004a1b227202605010032161777617167536236566.sst" compactIntoNextLevel: false destinationLevel: 2
2026-05-01 06:32:47:693 - Compaction started: 
139970392073792:Compacting sstable2/0_2fcd107c-39a0-4c7b-a6ad-9ea004a1b227202605010032161777617167340379328.sst sstable2/0_2fcd107c-39a0-4c7b-a6ad-9ea004a1b227202605010032161777617167536236566.sst into:sstable2/1_2fcd107c-39a0-4c7b-a6ad-9ea004a1b227202605010032161777617167796974899.sst
2026-05-01 06:32:47:942 - Compaction completed: 
2874563:COMPACT_START sstable=1 input_files: "sstable2/25e0ebb8-832a-469a-9271-5f7e2ff52585202605010032161777617152131316972.sst" input_files: "sstable2/a8eaeac9-1865-42e4-9a4e-3e12f7d9a15b202605010032161777617152190123638.sst" compactIntoNextLevel: false destinationLevel: 2
2026-05-01 06:32:48:003 - Compaction started: 
139970392073792:Compacting sstable2/25e0ebb8-832a-469a-9271-5f7e2ff52585202605010032161777617152131316972.sst sstable2/a8eaeac9-1865-42e4-9a4e-3e12f7d9a15b202605010032161777617152190123638.sst into:sstable2/0_2fcd107c-39a0-4c7b-a6ad-9ea004a1b227202605010032161777617168061915419.sst
2026-05-01 06:32:48:139 - Compaction completed: 
2874563:COMPACT_START sstable=1 input_files: "sstable2/2fcd107c-39a0-4c7b-a6ad-9ea004a1b227202605010032161777617152224442336.sst" input_files: "sstable2/c5eac0a4-7c12-4f7a-97b5-2e495bf7393b202605010032161777617152226086178.sst" compactIntoNextLevel: false destinationLevel: 2
2026-05-01 06:32:48:211 - Compaction started: 
139970392073792:Compacting sstable2/2fcd107c-39a0-4c7b-a6ad-9ea004a1b227202605010032161777617152224442336.sst sstable2/c5eac0a4-7c12-4f7a-97b5-2e495bf7393b202605010032161777617152226086178.sst into:sstable2/0_2fcd107c-39a0-4c7b-a6ad-9ea004a1b227202605010032161777617168268344546.sst
2026-05-01 06:32:48:342 - Compaction completed: 
2874563:COMPACT_START sstable=1 input_files: "sstable2/25e0ebb8-832a-469a-9271-5f7e2ff52585202605010032161777617152332663702.sst" input_files: "sstable2/a8eaeac9-1865-42e4-9a4e-3e12f7d9a15b202605010032161777617152394941815.sst" compactIntoNextLevel: false destinationLevel: 2
2026-05-01 06:32:48:422 - Compaction started: 
139970392073792:Compacting sstable2/25e0ebb8-832a-469a-9271-5f7e2ff52585202605010032161777617152332663702.sst sstable2/a8eaeac9-1865-42e4-9a4e-3e12f7d9a15b202605010032161777617152394941815.sst into:sstable2/0_2fcd107c-39a0-4c7b-a6ad-9ea004a1b227202605010032161777617168476386678.sst
2026-05-01 06:32:48:547 - Compaction completed: 
2874563:COMPACT_START sstable=1 input_files: "sstable2/2fcd107c-39a0-4c7b-a6ad-9ea004a1b227202605010032161777617152428521719.sst" input_files: "sstable2/c5eac0a4-7c12-4f7a-97b5-2e495bf7393b202605010032161777617152427635427.sst" compactIntoNextLevel: false destinationLevel: 2
2026-05-01 06:32:48:634 - Compaction started: 
139970392073792:Compacting sstable2/2fcd107c-39a0-4c7b-a6ad-9ea004a1b227202605010032161777617152428521719.sst sstable2/c5eac0a4-7c12-4f7a-97b5-2e495bf7393b202605010032161777617152427635427.sst into:sstable2/0_2fcd107c-39a0-4c7b-a6ad-9ea004a1b227202605010032161777617168687737893.sst
2026-05-01 06:32:48:761 - Compaction completed: 
2874563:COMPACT_START sstable=1 input_files: "sstable2/1_2fcd107c-39a0-4c7b-a6ad-9ea004a1b227202605010032161777617167796974899.sst" input_files: "sstable2/1_a8eaeac9-1865-42e4-9a4e-3e12f7d9a15b202605010032161777617168669575193.sst" compactIntoNextLevel: false destinationLevel: 2
2026-05-01 06:32:48:841 - Compaction started: 
139970392073792:Compacting sstable2/1_2fcd107c-39a0-4c7b-a6ad-9ea004a1b227202605010032161777617167796974899.sst sstable2/1_a8eaeac9-1865-42e4-9a4e-3e12f7d9a15b202605010032161777617168669575193.sst into:sstable2/2_2fcd107c-39a0-4c7b-a6ad-9ea004a1b227202605010032161777617169042318283.sst
2026-05-01 06:32:49:345 - Compaction completed: 
2874563:COMPACT_START sstable=1 input_files: "sstable2/25e0ebb8-832a-469a-9271-5f7e2ff52585202605010032161777617152636972046.sst" input_files: "sstable2/a8eaeac9-1865-42e4-9a4e-3e12f7d9a15b202605010032161777617152701127990.sst" compactIntoNextLevel: false destinationLevel: 2
2026-05-01 06:32:49:368 - Compaction started: 
139970392073792:Compacting sstable2/25e0ebb8-832a-469a-9271-5f7e2ff52585202605010032161777617152636972046.sst sstable2/a8eaeac9-1865-42e4-9a4e-3e12f7d9a15b202605010032161777617152701127990.sst into:sstable2/0_2fcd107c-39a0-4c7b-a6ad-9ea004a1b227202605010032161777617169419642101.sst
2026-05-01 06:32:49:490 - Compaction completed: 
2874563:COMPACT_START sstable=1 input_files: "sstable2/c5eac0a4-7c12-4f7a-97b5-2e495bf7393b202605010032161777617152833276963.sst" input_files: "sstable2/2fcd107c-39a0-4c7b-a6ad-9ea004a1b227202605010032161777617152836654525.sst" compactIntoNextLevel: false destinationLevel: 2
2026-05-01 06:32:49:590 - Compaction started: 
139970392073792:Compacting sstable2/c5eac0a4-7c12-4f7a-97b5-2e495bf7393b202605010032161777617152833276963.sst sstable2/2fcd107c-39a0-4c7b-a6ad-9ea004a1b227202605010032161777617152836654525.sst into:sstable2/0_2fcd107c-39a0-4c7b-a6ad-9ea004a1b227202605010032161777617169642917941.sst
2026-05-01 06:32:49:708 - Compaction completed: 
2874563:COMPACT_START sstable=1 input_files: "sstable2/25e0ebb8-832a-469a-9271-5f7e2ff52585202605010032161777617152941128776.sst" input_files: "sstable2/a8eaeac9-1865-42e4-9a4e-3e12f7d9a15b202605010032161777617153007852034.sst" compactIntoNextLevel: false destinationLevel: 2
2026-05-01 06:32:49:811 - Compaction started: 
139970392073792:Compacting sstable2/25e0ebb8-832a-469a-9271-5f7e2ff52585202605010032161777617152941128776.sst sstable2/a8eaeac9-1865-42e4-9a4e-3e12f7d9a15b202605010032161777617153007852034.sst into:sstable2/0_2fcd107c-39a0-4c7b-a6ad-9ea004a1b227202605010032161777617169853499313.sst
2026-05-01 06:32:49:914 - Compaction completed: 
2874563:COMPACT_START sstable=1 input_files: "sstable2/c5eac0a4-7c12-4f7a-97b5-2e495bf7393b202605010032161777617153137007414.sst" input_files: "sstable2/25e0ebb8-832a-469a-9271-5f7e2ff52585202605010032161777617156320463317.sst" compactIntoNextLevel: false destinationLevel: 2
2026-05-01 06:32:49:936 - Compaction started: 
139970392073792:Compacting sstable2/c5eac0a4-7c12-4f7a-97b5-2e495bf7393b202605010032161777617153137007414.sst sstable2/25e0ebb8-832a-469a-9271-5f7e2ff52585202605010032161777617156320463317.sst into:sstable2/0_2fcd107c-39a0-4c7b-a6ad-9ea004a1b227202605010032161777617169977195529.sst
2026-05-01 06:32:50:038 - Compaction completed: 
2874563:COMPACT_START sstable=1 input_files: "sstable2/c5eac0a4-7c12-4f7a-97b5-2e495bf7393b202605010032161777617153237635023.sst" input_files: "sstable2/2fcd107c-39a0-4c7b-a6ad-9ea004a1b227202605010032161777617153242342639.sst" compactIntoNextLevel: false destinationLevel: 2
2026-05-01 06:32:50:063 - Compaction started: 
139970392073792:Compacting sstable2/c5eac0a4-7c12-4f7a-97b5-2e495bf7393b202605010032161777617153237635023.sst sstable2/2fcd107c-39a0-4c7b-a6ad-9ea004a1b227202605010032161777617153242342639.sst into:sstable2/0_2fcd107c-39a0-4c7b-a6ad-9ea004a1b227202605010032161777617170103036346.sst
2026-05-01 06:32:50:162 - Compaction completed: 
2874563:COMPACT_START sstable=1 input_files: "sstable2/25e0ebb8-832a-469a-9271-5f7e2ff52585202605010032161777617153346025887.sst" input_files: "sstable2/a8eaeac9-1865-42e4-9a4e-3e12f7d9a15b202605010032161777617153417105762.sst" compactIntoNextLevel: false destinationLevel: 2
2026-05-01 06:32:50:190 - Compaction started: 
139970392073792:Compacting sstable2/25e0ebb8-832a-469a-9271-5f7e2ff52585202605010032161777617153346025887.sst sstable2/a8eaeac9-1865-42e4-9a4e-3e12f7d9a15b202605010032161777617153417105762.sst into:sstable2/0_2fcd107c-39a0-4c7b-a6ad-9ea004a1b227202605010032161777617170231292331.sst
2026-05-01 06:32:50:292 - Compaction completed: 
2874563:COMPACT_START sstable=1 input_files: "sstable2/c5eac0a4-7c12-4f7a-97b5-2e495bf7393b202605010032161777617153543461965.sst" input_files: "sstable2/2fcd107c-39a0-4c7b-a6ad-9ea004a1b227202605010032161777617153548782569.sst" compactIntoNextLevel: false destinationLevel: 2
2026-05-01 06:32:50:323 - Compaction started: 
139970392073792:Compacting sstable2/c5eac0a4-7c12-4f7a-97b5-2e495bf7393b202605010032161777617153543461965.sst sstable2/2fcd107c-39a0-4c7b-a6ad-9ea004a1b227202605010032161777617153548782569.sst into:sstable2/0_2fcd107c-39a0-4c7b-a6ad-9ea004a1b227202605010032161777617170365588909.sst
2026-05-01 06:32:50:428 - Compaction completed: 
2874563:COMPACT_START sstable=1 input_files: "sstable2/25e0ebb8-832a-469a-9271-5f7e2ff52585202605010032161777617153649804287.sst" input_files: "sstable2/a8eaeac9-1865-42e4-9a4e-3e12f7d9a15b202605010032161777617153724084192.sst" compactIntoNextLevel: false destinationLevel: 2
2026-05-01 06:32:50:463 - Compaction started: 
139970392073792:Compacting sstable2/25e0ebb8-832a-469a-9271-5f7e2ff52585202605010032161777617153649804287.sst sstable2/a8eaeac9-1865-42e4-9a4e-3e12f7d9a15b202605010032161777617153724084192.sst into:sstable2/0_2fcd107c-39a0-4c7b-a6ad-9ea004a1b227202605010032161777617170503138367.sst
2026-05-01 06:32:50:562 - Compaction completed: 
2874563:Task input_files: "sstable2/25e0ebb8-832a-469a-9271-5f7e2ff52585202605010032161777617152230661445.sst" input_files: "sstable2/a8eaeac9-1865-42e4-9a4e-3e12f7d9a15b202605010032161777617152291874302.sst" compactIntoNextLevel: false destinationLevel: 2 is dead (hb=30)
2874563:Found dead task input_files: "sstable2/25e0ebb8-832a-469a-9271-5f7e2ff52585202605010032161777617152230661445.sst" input_files: "sstable2/a8eaeac9-1865-42e4-9a4e-3e12f7d9a15b202605010032161777617152291874302.sst" compactIntoNextLevel: false destinationLevel: 2
2874563:COMPACT_START sstable=1 input_files: "sstable2/25e0ebb8-832a-469a-9271-5f7e2ff52585202605010032161777617152230661445.sst" input_files: "sstable2/a8eaeac9-1865-42e4-9a4e-3e12f7d9a15b202605010032161777617152291874302.sst" compactIntoNextLevel: false destinationLevel: 2
2026-05-01 06:32:51:370 - Compaction started: 
139970392073792:Compacting sstable2/25e0ebb8-832a-469a-9271-5f7e2ff52585202605010032161777617152230661445.sst sstable2/a8eaeac9-1865-42e4-9a4e-3e12f7d9a15b202605010032161777617152291874302.sst into:sstable2/2fcd107c-39a0-4c7b-a6ad-9ea004a1b227202605010032161777617171414527970.sst
2026-05-01 06:32:51:478 - Compaction completed: 
2874563:COMPACT_START sstable=1 input_files: "sstable2/a8eaeac9-1865-42e4-9a4e-3e12f7d9a15b202605010032161777617152394941815.sst" input_files: "sstable2/2fcd107c-39a0-4c7b-a6ad-9ea004a1b227202605010032161777617152428521719.sst" compactIntoNextLevel: false destinationLevel: 2
2026-05-01 06:32:51:620 - Compaction started: 
139970392073792:Compacting sstable2/a8eaeac9-1865-42e4-9a4e-3e12f7d9a15b202605010032161777617152394941815.sst sstable2/2fcd107c-39a0-4c7b-a6ad-9ea004a1b227202605010032161777617152428521719.sst into:sstable2/0_2fcd107c-39a0-4c7b-a6ad-9ea004a1b227202605010032161777617171662669146.sst
2026-05-01 06:32:51:728 - Compaction completed: 
2874563:COMPACT_START sstable=1 input_files: "sstable2/a8eaeac9-1865-42e4-9a4e-3e12f7d9a15b202605010032161777617152498075333.sst" input_files: "sstable2/c5eac0a4-7c12-4f7a-97b5-2e495bf7393b202605010032161777617152528286390.sst" compactIntoNextLevel: false destinationLevel: 2
2026-05-01 06:32:51:826 - Compaction started: 
139970392073792:Compacting sstable2/a8eaeac9-1865-42e4-9a4e-3e12f7d9a15b202605010032161777617152498075333.sst sstable2/c5eac0a4-7c12-4f7a-97b5-2e495bf7393b202605010032161777617152528286390.sst into:sstable2/0_2fcd107c-39a0-4c7b-a6ad-9ea004a1b227202605010032161777617171871285334.sst
2026-05-01 06:32:51:939 - Compaction completed: 
2874563:COMPACT_START sstable=1 input_files: "sstable2/a8eaeac9-1865-42e4-9a4e-3e12f7d9a15b202605010032161777617152599305371.sst" input_files: "sstable2/c5eac0a4-7c12-4f7a-97b5-2e495bf7393b202605010032161777617152629754675.sst" compactIntoNextLevel: false destinationLevel: 2
2026-05-01 06:32:52:104 - Compaction started: 
139970392073792:Compacting sstable2/a8eaeac9-1865-42e4-9a4e-3e12f7d9a15b202605010032161777617152599305371.sst sstable2/c5eac0a4-7c12-4f7a-97b5-2e495bf7393b202605010032161777617152629754675.sst into:sstable2/0_2fcd107c-39a0-4c7b-a6ad-9ea004a1b227202605010032161777617172150070329.sst
2026-05-01 06:32:52:216 - Compaction completed: 
2874563:COMPACT_START sstable=1 input_files: "sstable2/a8eaeac9-1865-42e4-9a4e-3e12f7d9a15b202605010032161777617152701127990.sst" input_files: "sstable2/c5eac0a4-7c12-4f7a-97b5-2e495bf7393b202605010032161777617152732002121.sst" compactIntoNextLevel: false destinationLevel: 2
2026-05-01 06:32:52:317 - Compaction started: 
139970392073792:Compacting sstable2/a8eaeac9-1865-42e4-9a4e-3e12f7d9a15b202605010032161777617152701127990.sst sstable2/c5eac0a4-7c12-4f7a-97b5-2e495bf7393b202605010032161777617152732002121.sst into:sstable2/0_2fcd107c-39a0-4c7b-a6ad-9ea004a1b227202605010032161777617172362654014.sst
2026-05-01 06:32:52:428 - Compaction completed: 
2874563:COMPACT_START sstable=1 input_files: "sstable2/2fcd107c-39a0-4c7b-a6ad-9ea004a1b227202605010032161777617152735052579.sst" input_files: "sstable2/25e0ebb8-832a-469a-9271-5f7e2ff52585202605010032161777617152738626310.sst" compactIntoNextLevel: false destinationLevel: 2
2026-05-01 06:32:52:526 - Compaction started: 
139970392073792:Compacting sstable2/2fcd107c-39a0-4c7b-a6ad-9ea004a1b227202605010032161777617152735052579.sst sstable2/25e0ebb8-832a-469a-9271-5f7e2ff52585202605010032161777617152738626310.sst into:sstable2/0_2fcd107c-39a0-4c7b-a6ad-9ea004a1b227202605010032161777617172571274270.sst
2026-05-01 06:32:52:640 - Compaction completed: 
2874563:COMPACT_START sstable=1 input_files: "sstable2/0_2fcd107c-39a0-4c7b-a6ad-9ea004a1b227202605010032161777617172150070329.sst" input_files: "sstable2/0_c5eac0a4-7c12-4f7a-97b5-2e495bf7393b202605010032161777617172352968126.sst" compactIntoNextLevel: false destinationLevel: 2
2026-05-01 06:32:52:734 - Compaction started: 
139970392073792:Compacting sstable2/0_2fcd107c-39a0-4c7b-a6ad-9ea004a1b227202605010032161777617172150070329.sst sstable2/0_c5eac0a4-7c12-4f7a-97b5-2e495bf7393b202605010032161777617172352968126.sst into:sstable2/1_2fcd107c-39a0-4c7b-a6ad-9ea004a1b227202605010032161777617172812775958.sst
2026-05-01 06:32:52:947 - Compaction completed: 
2874563:COMPACT_START sstable=1 input_files: "sstable2/1_c5eac0a4-7c12-4f7a-97b5-2e495bf7393b202605010032161777617172593761777.sst" input_files: "sstable2/1_2fcd107c-39a0-4c7b-a6ad-9ea004a1b227202605010032161777617172812775958.sst" compactIntoNextLevel: false destinationLevel: 2
2026-05-01 06:32:52:993 - Compaction started: 
139970392073792:Compacting sstable2/1_c5eac0a4-7c12-4f7a-97b5-2e495bf7393b202605010032161777617172593761777.sst sstable2/1_2fcd107c-39a0-4c7b-a6ad-9ea004a1b227202605010032161777617172812775958.sst into:sstable2/2_2fcd107c-39a0-4c7b-a6ad-9ea004a1b227202605010032161777617173160440343.sst
2026-05-01 06:32:53:424 - Compaction completed: 
2874563:COMPACT_START sstable=1 input_files: "sstable2/a8eaeac9-1865-42e4-9a4e-3e12f7d9a15b202605010032161777617152906838160.sst" input_files: "sstable2/c5eac0a4-7c12-4f7a-97b5-2e495bf7393b202605010032161777617152934328938.sst" compactIntoNextLevel: false destinationLevel: 2
2026-05-01 06:32:53:507 - Compaction started: 
139970392073792:Compacting sstable2/a8eaeac9-1865-42e4-9a4e-3e12f7d9a15b202605010032161777617152906838160.sst sstable2/c5eac0a4-7c12-4f7a-97b5-2e495bf7393b202605010032161777617152934328938.sst into:sstable2/0_2fcd107c-39a0-4c7b-a6ad-9ea004a1b227202605010032161777617173557309723.sst
2026-05-01 06:32:53:625 - Compaction completed: 
2874563:COMPACT_START sstable=1 input_files: "sstable2/2fcd107c-39a0-4c7b-a6ad-9ea004a1b227202605010032161777617152937948845.sst" input_files: "sstable2/25e0ebb8-832a-469a-9271-5f7e2ff52585202605010032161777617152941128776.sst" compactIntoNextLevel: false destinationLevel: 2
2026-05-01 06:32:53:736 - Compaction started: 
139970392073792:Compacting sstable2/2fcd107c-39a0-4c7b-a6ad-9ea004a1b227202605010032161777617152937948845.sst sstable2/25e0ebb8-832a-469a-9271-5f7e2ff52585202605010032161777617152941128776.sst into:sstable2/0_2fcd107c-39a0-4c7b-a6ad-9ea004a1b227202605010032161777617173788816995.sst
2026-05-01 06:32:53:858 - Compaction completed: 
2874563:COMPACT_START sstable=1 input_files: "sstable2/a8eaeac9-1865-42e4-9a4e-3e12f7d9a15b202605010032161777617153007852034.sst" input_files: "sstable2/c5eac0a4-7c12-4f7a-97b5-2e495bf7393b202605010032161777617153034999738.sst" compactIntoNextLevel: false destinationLevel: 2
2026-05-01 06:32:53:944 - Compaction started: 
139970392073792:Compacting sstable2/a8eaeac9-1865-42e4-9a4e-3e12f7d9a15b202605010032161777617153007852034.sst sstable2/c5eac0a4-7c12-4f7a-97b5-2e495bf7393b202605010032161777617153034999738.sst into:sstable2/0_2fcd107c-39a0-4c7b-a6ad-9ea004a1b227202605010032161777617173989756371.sst
2026-05-01 06:32:54:054 - Compaction completed: 
2874563:COMPACT_START sstable=1 input_files: "sstable2/5_c5eac0a4-7c12-4f7a-97b5-2e495bf7393b202605010032161777617165484540263.sst" input_files: "sstable2/5_a8eaeac9-1865-42e4-9a4e-3e12f7d9a15b202605010032161777617171746705251.sst" compactIntoNextLevel: false destinationLevel: 2
2026-05-01 06:32:54:147 - Compaction started: 
139970392073792:Compacting sstable2/5_c5eac0a4-7c12-4f7a-97b5-2e495bf7393b202605010032161777617165484540263.sst sstable2/5_a8eaeac9-1865-42e4-9a4e-3e12f7d9a15b202605010032161777617171746705251.sst into:sstable2/6_2fcd107c-39a0-4c7b-a6ad-9ea004a1b227202605010032161777617178608346649.sst
2026-05-01 06:33:03:650 - Compaction completed: 
2026-05-01 06:33:16:661 60 sec: 452256 operations; 10911.3 current ops/sec; est completion in 1 day 12 hours [READ: Count=327325, Max=1614847, Min=5, Avg=90.55, 90=102, 99=148, 99.9=196, 99.99=30047] 
