# CMD: /usr/lib/jvm/java-8-openjdk-amd64/bin/java -cp /users/Xinying/ozonedb/ycsb/ozonedb/conf:/users/Xinying/ozonedb/ycsb/ozonedb/target/ozonedb-binding-0.18.0-SNAPSHOT.jar:/users/Xinying/.m2/repository/org/apache/htrace/htrace-core4/4.1.0-incubating/htrace-core4-4.1.0-incubating.jar:/users/Xinying/.m2/repository/org/slf4j/slf4j-api/1.7.25/slf4j-api-1.7.25.jar:/users/Xinying/.m2/repository/org/hdrhistogram/HdrHistogram/2.1.12/HdrHistogram-2.1.12.jar:/users/Xinying/.m2/repository/ch/qos/logback/logback-classic/1.2.3/logback-classic-1.2.3.jar:/users/Xinying/.m2/repository/ozonedbjnimaven/demoproc-jni/1.0/demoproc-jni-1.0.jar:/users/Xinying/.m2/repository/ch/qos/logback/logback-core/1.2.3/logback-core-1.2.3.jar:/users/Xinying/.m2/repository/org/codehaus/jackson/jackson-mapper-asl/1.9.4/jackson-mapper-asl-1.9.4.jar:/users/Xinying/.m2/repository/org/slf4j/slf4j-simple/1.7.25/slf4j-simple-1.7.25.jar:/users/Xinying/.m2/repository/org/codehaus/jackson/jackson-core-asl/1.9.4/jackson-core-asl-1.9.4.jar:/users/Xinying/ozonedb/ycsb/core/target/core-0.18.0-SNAPSHOT.jar site.ycsb.Client -db site.ycsb.db.OzoneDBClient -threads 1 -s -P /users/Xinying/ozonedb/ycsb/workloads/generated_workloads/workloadc_1KB_1000000_1000000 -p status.interval=30 -p requestdistribution=uniform -p operationcount=1000000000 -p maxexecutiontime=660 -p shared_config=/tmp/churn_v4_configs/shared_config_varyR_n4_r25pct_rep2.json -t
# env OZONEDB_CHURN_ABORT_RATE=0.25
Command line: -db site.ycsb.db.OzoneDBClient -threads 1 -s -P /users/Xinying/ozonedb/ycsb/workloads/generated_workloads/workloadc_1KB_1000000_1000000 -p status.interval=30 -p requestdistribution=uniform -p operationcount=1000000000 -p maxexecutiontime=660 -p shared_config=/tmp/churn_v4_configs/shared_config_varyR_n4_r25pct_rep2.json -t
YCSB Client 0.18.0-SNAPSHOT

Loading workload...
Starting test.
SLF4J: Class path contains multiple SLF4J bindings.
SLF4J: Found binding in [jar:file:/users/Xinying/.m2/repository/ch/qos/logback/logback-classic/1.2.3/logback-classic-1.2.3.jar!/org/slf4j/impl/StaticLoggerBinder.class]
SLF4J: Found binding in [jar:file:/users/Xinying/.m2/repository/org/slf4j/slf4j-simple/1.7.25/slf4j-simple-1.7.25.jar!/org/slf4j/impl/StaticLoggerBinder.class]
SLF4J: See http://www.slf4j.org/codes.html#multiple_bindings for an explanation.
SLF4J: Actual binding is of type [ch.qos.logback.classic.util.ContextSelectorStaticBinder]
Maximum execution time specified as: 660 secs
2026-05-01 07:20:01:749 0 sec: 0 operations; est completion in 0 second 
Starting compaction watcher
DBWrapper: report latency for each error is false and specific error codes to track for latency are: []
2989230:COMPACT_START sstable=0 input_files: "datalog/3" input_files: "datalog/4" compactIntoNextLevel: true destinationLevel: 1
2026-05-01 07:20:01:827 - Compaction started: 
140023324083776:Compacting datalog/3 datalog/4 into:sstable1/f1f4a080-8ce8-4c7d-805e-84077df40a2e202605010120011777620001949480506.sst
2026-05-01 07:20:01:974 - Compaction completed: 
2989230:COMPACT_START sstable=0 input_files: "datalog/11" input_files: "datalog/12" compactIntoNextLevel: true destinationLevel: 1
2026-05-01 07:20:02:060 - Compaction started: 
140023324083776:Compacting datalog/11 datalog/12 into:sstable1/f1f4a080-8ce8-4c7d-805e-84077df40a2e202605010120011777620002121858270.sst
2026-05-01 07:20:02:140 - Compaction completed: 
2989230:COMPACT_START sstable=0 input_files: "datalog/19" input_files: "datalog/20" compactIntoNextLevel: true destinationLevel: 1
2989230:COMPACT_ABORT input_files: "datalog/19" input_files: "datalog/20" compactIntoNextLevel: true destinationLevel: 1
2989230:COMPACT_START sstable=0 input_files: "datalog/25" input_files: "datalog/26" compactIntoNextLevel: true destinationLevel: 1
2026-05-01 07:20:02:276 - Compaction started: 
140023324083776:Compacting datalog/25 datalog/26 into:sstable1/f1f4a080-8ce8-4c7d-805e-84077df40a2e202605010120011777620002461725923.sst
2026-05-01 07:20:02:480 - Compaction completed: 
2989230:COMPACT_START sstable=0 input_files: "datalog/37" input_files: "datalog/38" compactIntoNextLevel: true destinationLevel: 1
2026-05-01 07:20:02:580 - Compaction started: 
140023324083776:Compacting datalog/37 datalog/38 into:sstable1/f1f4a080-8ce8-4c7d-805e-84077df40a2e202605010120011777620002675437061.sst
2026-05-01 07:20:02:697 - Compaction completed: 
2989230:COMPACT_START sstable=0 input_files: "datalog/45" input_files: "datalog/46" compactIntoNextLevel: true destinationLevel: 1
2989230:COMPACT_ABORT input_files: "datalog/45" input_files: "datalog/46" compactIntoNextLevel: true destinationLevel: 1
2989230:COMPACT_START sstable=0 input_files: "datalog/53" input_files: "datalog/54" compactIntoNextLevel: true destinationLevel: 1
2026-05-01 07:20:02:896 - Compaction started: 
140023324083776:Compacting datalog/53 datalog/54 into:sstable1/f1f4a080-8ce8-4c7d-805e-84077df40a2e202605010120011777620002911920859.sst
2026-05-01 07:20:02:929 - Compaction completed: 
2989230:COMPACT_START sstable=0 input_files: "datalog/57" input_files: "datalog/58" compactIntoNextLevel: true destinationLevel: 1
2026-05-01 07:20:02:997 - Compaction started: 
140023324083776:Compacting datalog/57 datalog/58 into:sstable1/f1f4a080-8ce8-4c7d-805e-84077df40a2e202605010120011777620003000818499.sst
2026-05-01 07:20:03:018 - Compaction completed: 
2989230:COMPACT_START sstable=0 input_files: "datalog/63" input_files: "datalog/64" compactIntoNextLevel: true destinationLevel: 1
2026-05-01 07:20:03:099 - Compaction started: 
140023324083776:Compacting datalog/63 datalog/64 into:sstable1/f1f4a080-8ce8-4c7d-805e-84077df40a2e202605010120011777620003298312037.sst
2026-05-01 07:20:03:319 - Compaction completed: 
2989230:COMPACT_START sstable=0 input_files: "datalog/81" input_files: "datalog/82" compactIntoNextLevel: true destinationLevel: 1
2026-05-01 07:20:03:405 - Compaction started: 
140023324083776:Compacting datalog/81 datalog/82 into:sstable1/f1f4a080-8ce8-4c7d-805e-84077df40a2e202605010120011777620003414952023.sst
2026-05-01 07:20:03:433 - Compaction completed: 
2989230:COMPACT_START sstable=0 input_files: "datalog/89" input_files: "datalog/90" compactIntoNextLevel: true destinationLevel: 1
2989230:COMPACT_ABORT input_files: "datalog/89" input_files: "datalog/90" compactIntoNextLevel: true destinationLevel: 1
2989230:COMPACT_START sstable=0 input_files: "datalog/97" input_files: "datalog/98" compactIntoNextLevel: true destinationLevel: 1
2989230:COMPACT_ABORT input_files: "datalog/97" input_files: "datalog/98" compactIntoNextLevel: true destinationLevel: 1
2989230:COMPACT_START sstable=0 input_files: "datalog/105" input_files: "datalog/106" compactIntoNextLevel: true destinationLevel: 1
2026-05-01 07:20:03:710 - Compaction started: 
140023324083776:Compacting datalog/105 datalog/106 into:sstable1/f1f4a080-8ce8-4c7d-805e-84077df40a2e202605010120011777620003715189585.sst
2026-05-01 07:20:03:739 - Compaction completed: 
2989230:COMPACT_START sstable=0 input_files: "datalog/113" input_files: "datalog/114" compactIntoNextLevel: true destinationLevel: 1
2989230:COMPACT_ABORT input_files: "datalog/113" input_files: "datalog/114" compactIntoNextLevel: true destinationLevel: 1
2989230:COMPACT_START sstable=0 input_files: "datalog/121" input_files: "datalog/122" compactIntoNextLevel: true destinationLevel: 1
2026-05-01 07:20:03:913 - Compaction started: 
140023324083776:Compacting datalog/121 datalog/122 into:sstable1/f1f4a080-8ce8-4c7d-805e-84077df40a2e202605010120011777620003916465221.sst
2026-05-01 07:20:03:935 - Compaction completed: 
2989230:COMPACT_START sstable=0 input_files: "datalog/129" input_files: "datalog/130" compactIntoNextLevel: true destinationLevel: 1
2026-05-01 07:20:04:015 - Compaction started: 
140023324083776:Compacting datalog/129 datalog/130 into:sstable1/f1f4a080-8ce8-4c7d-805e-84077df40a2e202605010120011777620004018306304.sst
2026-05-01 07:20:04:037 - Compaction completed: 
2989230:COMPACT_START sstable=0 input_files: "datalog/137" input_files: "datalog/138" compactIntoNextLevel: true destinationLevel: 1
2026-05-01 07:20:04:116 - Compaction started: 
140023324083776:Compacting datalog/137 datalog/138 into:sstable1/f1f4a080-8ce8-4c7d-805e-84077df40a2e202605010120011777620004120013958.sst
2026-05-01 07:20:04:138 - Compaction completed: 
2989230:COMPACT_START sstable=0 input_files: "datalog/145" input_files: "datalog/146" compactIntoNextLevel: true destinationLevel: 1
2026-05-01 07:20:04:218 - Compaction started: 
140023324083776:Compacting datalog/145 datalog/146 into:sstable1/f1f4a080-8ce8-4c7d-805e-84077df40a2e202605010120011777620004221378278.sst
2026-05-01 07:20:04:239 - Compaction completed: 
2989230:COMPACT_START sstable=0 input_files: "datalog/153" input_files: "datalog/154" compactIntoNextLevel: true destinationLevel: 1
2989230:COMPACT_ABORT input_files: "datalog/153" input_files: "datalog/154" compactIntoNextLevel: true destinationLevel: 1
2989230:COMPACT_START sstable=0 input_files: "datalog/155" input_files: "datalog/156" compactIntoNextLevel: true destinationLevel: 1
2026-05-01 07:20:04:320 - Compaction started: 
140023324083776:Compacting datalog/155 datalog/156 into:sstable1/f1f4a080-8ce8-4c7d-805e-84077df40a2e202605010120011777620004322899091.sst
2026-05-01 07:20:04:339 - Compaction completed: 
2989230:COMPACT_START sstable=0 input_files: "datalog/163" input_files: "datalog/164" compactIntoNextLevel: true destinationLevel: 1
2026-05-01 07:20:04:421 - Compaction started: 
140023324083776:Compacting datalog/163 datalog/164 into:sstable1/f1f4a080-8ce8-4c7d-805e-84077df40a2e202605010120011777620004424359942.sst
2026-05-01 07:20:04:441 - Compaction completed: 
2989230:COMPACT_START sstable=0 input_files: "datalog/171" input_files: "datalog/172" compactIntoNextLevel: true destinationLevel: 1
2989230:COMPACT_ABORT input_files: "datalog/171" input_files: "datalog/172" compactIntoNextLevel: true destinationLevel: 1
2989230:COMPACT_START sstable=0 input_files: "datalog/179" input_files: "datalog/180" compactIntoNextLevel: true destinationLevel: 1
2026-05-01 07:20:04:624 - Compaction started: 
140023324083776:Compacting datalog/179 datalog/180 into:sstable1/f1f4a080-8ce8-4c7d-805e-84077df40a2e202605010120011777620004627430102.sst
2026-05-01 07:20:04:644 - Compaction completed: 
2989230:COMPACT_START sstable=0 input_files: "datalog/187" input_files: "datalog/188" compactIntoNextLevel: true destinationLevel: 1
2026-05-01 07:20:04:726 - Compaction started: 
140023324083776:Compacting datalog/187 datalog/188 into:sstable1/f1f4a080-8ce8-4c7d-805e-84077df40a2e202605010120011777620004729119661.sst
2026-05-01 07:20:04:746 - Compaction completed: 
2989230:COMPACT_START sstable=0 input_files: "datalog/195" input_files: "datalog/196" compactIntoNextLevel: true destinationLevel: 1
2026-05-01 07:20:04:827 - Compaction started: 
140023324083776:Compacting datalog/195 datalog/196 into:sstable1/f1f4a080-8ce8-4c7d-805e-84077df40a2e202605010120011777620004830653790.sst
2026-05-01 07:20:04:848 - Compaction completed: 
2989230:COMPACT_START sstable=0 input_files: "datalog/203" input_files: "datalog/204" compactIntoNextLevel: true destinationLevel: 1
2026-05-01 07:20:04:929 - Compaction started: 
140023324083776:Compacting datalog/203 datalog/204 into:sstable1/f1f4a080-8ce8-4c7d-805e-84077df40a2e202605010120011777620004932281954.sst
2026-05-01 07:20:04:949 - Compaction completed: 
2989230:COMPACT_START sstable=0 input_files: "datalog/211" input_files: "datalog/212" compactIntoNextLevel: true destinationLevel: 1
2026-05-01 07:20:05:030 - Compaction started: 
140023324083776:Compacting datalog/211 datalog/212 into:sstable1/f1f4a080-8ce8-4c7d-805e-84077df40a2e202605010120011777620005034099564.sst
2026-05-01 07:20:05:052 - Compaction completed: 
2989230:COMPACT_START sstable=0 input_files: "datalog/223" input_files: "datalog/224" compactIntoNextLevel: true destinationLevel: 1
2026-05-01 07:20:05:132 - Compaction started: 
140023324083776:Compacting datalog/223 datalog/224 into:sstable1/f1f4a080-8ce8-4c7d-805e-84077df40a2e202605010120011777620005135180062.sst
2026-05-01 07:20:05:150 - Compaction completed: 
2989230:COMPACT_START sstable=0 input_files: "datalog/231" input_files: "datalog/232" compactIntoNextLevel: true destinationLevel: 1
2026-05-01 07:20:05:234 - Compaction started: 
140023324083776:Compacting datalog/231 datalog/232 into:sstable1/f1f4a080-8ce8-4c7d-805e-84077df40a2e202605010120011777620005237426234.sst
2026-05-01 07:20:05:255 - Compaction completed: 
2989230:Task input_files: "datalog/17" input_files: "datalog/18" compactIntoNextLevel: true destinationLevel: 1 is dead (hb=30)
2989230:Found dead task input_files: "datalog/17" input_files: "datalog/18" compactIntoNextLevel: true destinationLevel: 1
2989230:COMPACT_START sstable=0 input_files: "datalog/17" input_files: "datalog/18" compactIntoNextLevel: true destinationLevel: 1
2026-05-01 07:20:05:335 - Compaction started: 
140023324083776:Compacting datalog/17 datalog/18 into:sstable1/f1f4a080-8ce8-4c7d-805e-84077df40a2e202605010120011777620005338415051.sst
2026-05-01 07:20:05:353 - Compaction completed: 
2989230:COMPACT_START sstable=0 input_files: "datalog/243" input_files: "datalog/244" compactIntoNextLevel: true destinationLevel: 1
2026-05-01 07:20:05:437 - Compaction started: 
140023324083776:Compacting datalog/243 datalog/244 into:sstable1/f1f4a080-8ce8-4c7d-805e-84077df40a2e202605010120011777620005439923511.sst
2026-05-01 07:20:05:457 - Compaction completed: 
2989230:COMPACT_START sstable=0 input_files: "datalog/247" input_files: "datalog/248" compactIntoNextLevel: true destinationLevel: 1
2989230:COMPACT_ABORT input_files: "datalog/247" input_files: "datalog/248" compactIntoNextLevel: true destinationLevel: 1
2989230:COMPACT_START sstable=0 input_files: "datalog/249" input_files: "datalog/250" compactIntoNextLevel: true destinationLevel: 1
2026-05-01 07:20:05:539 - Compaction started: 
140023324083776:Compacting datalog/249 datalog/250 into:sstable1/f1f4a080-8ce8-4c7d-805e-84077df40a2e202605010120011777620005541870483.sst
2026-05-01 07:20:05:558 - Compaction completed: 
2989230:COMPACT_START sstable=0 input_files: "datalog/257" input_files: "datalog/258" compactIntoNextLevel: true destinationLevel: 1
2026-05-01 07:20:05:640 - Compaction started: 
140023324083776:Compacting datalog/257 datalog/258 into:sstable1/f1f4a080-8ce8-4c7d-805e-84077df40a2e202605010120011777620005643286119.sst
2026-05-01 07:20:05:660 - Compaction completed: 
2989230:COMPACT_START sstable=0 input_files: "datalog/265" input_files: "datalog/266" compactIntoNextLevel: true destinationLevel: 1
2989230:COMPACT_ABORT input_files: "datalog/265" input_files: "datalog/266" compactIntoNextLevel: true destinationLevel: 1
2989230:COMPACT_START sstable=0 input_files: "datalog/267" input_files: "datalog/268" compactIntoNextLevel: true destinationLevel: 1
2989230:COMPACT_ABORT input_files: "datalog/267" input_files: "datalog/268" compactIntoNextLevel: true destinationLevel: 1
2989230:COMPACT_START sstable=0 input_files: "datalog/269" input_files: "datalog/270" compactIntoNextLevel: true destinationLevel: 1
2989230:COMPACT_ABORT input_files: "datalog/269" input_files: "datalog/270" compactIntoNextLevel: true destinationLevel: 1
2989230:COMPACT_START sstable=0 input_files: "datalog/277" input_files: "datalog/278" compactIntoNextLevel: true destinationLevel: 1
2026-05-01 07:20:05:844 - Compaction started: 
140023324083776:Compacting datalog/277 datalog/278 into:sstable1/f1f4a080-8ce8-4c7d-805e-84077df40a2e202605010120011777620005846881082.sst
2026-05-01 07:20:05:862 - Compaction completed: 
2989230:Task input_files: "datalog/45" input_files: "datalog/46" compactIntoNextLevel: true destinationLevel: 1 is dead (hb=30)
2989230:Found dead task input_files: "datalog/45" input_files: "datalog/46" compactIntoNextLevel: true destinationLevel: 1
2989230:COMPACT_START sstable=0 input_files: "datalog/45" input_files: "datalog/46" compactIntoNextLevel: true destinationLevel: 1
2026-05-01 07:20:05:945 - Compaction started: 
140023324083776:Compacting datalog/45 datalog/46 into:sstable1/f1f4a080-8ce8-4c7d-805e-84077df40a2e202605010120011777620005948316646.sst
2026-05-01 07:20:05:983 - Compaction completed: 
2989230:COMPACT_START sstable=0 input_files: "datalog/293" input_files: "datalog/294" compactIntoNextLevel: true destinationLevel: 1
2026-05-01 07:20:06:048 - Compaction started: 
140023324083776:Compacting datalog/293 datalog/294 into:sstable1/f1f4a080-8ce8-4c7d-805e-84077df40a2e202605010120011777620006052528564.sst
2026-05-01 07:20:06:073 - Compaction completed: 
2989230:COMPACT_START sstable=0 input_files: "datalog/299" input_files: "datalog/300" compactIntoNextLevel: true destinationLevel: 1
2989230:COMPACT_ABORT input_files: "datalog/299" input_files: "datalog/300" compactIntoNextLevel: true destinationLevel: 1
2989230:COMPACT_START sstable=0 input_files: "datalog/307" input_files: "datalog/308" compactIntoNextLevel: true destinationLevel: 1
2026-05-01 07:20:06:252 - Compaction started: 
140023324083776:Compacting datalog/307 datalog/308 into:sstable1/f1f4a080-8ce8-4c7d-805e-84077df40a2e202605010120011777620006255446238.sst
2026-05-01 07:20:06:272 - Compaction completed: 
2989230:COMPACT_START sstable=0 input_files: "datalog/315" input_files: "datalog/316" compactIntoNextLevel: true destinationLevel: 1
2989230:COMPACT_ABORT input_files: "datalog/315" input_files: "datalog/316" compactIntoNextLevel: true destinationLevel: 1
2989230:COMPACT_START sstable=0 input_files: "datalog/321" input_files: "datalog/322" compactIntoNextLevel: true destinationLevel: 1
2026-05-01 07:20:06:456 - Compaction started: 
140023324083776:Compacting datalog/321 datalog/322 into:sstable1/f1f4a080-8ce8-4c7d-805e-84077df40a2e202605010120011777620006458724237.sst
2026-05-01 07:20:06:473 - Compaction completed: 
2989230:COMPACT_START sstable=0 input_files: "datalog/327" input_files: "datalog/328" compactIntoNextLevel: true destinationLevel: 1
2989230:COMPACT_ABORT input_files: "datalog/327" input_files: "datalog/328" compactIntoNextLevel: true destinationLevel: 1
2989230:COMPACT_START sstable=0 input_files: "datalog/331" input_files: "datalog/332" compactIntoNextLevel: true destinationLevel: 1
2026-05-01 07:20:06:660 - Compaction started: 
140023324083776:Compacting datalog/331 datalog/332 into:sstable1/f1f4a080-8ce8-4c7d-805e-84077df40a2e202605010120011777620006663095076.sst
2026-05-01 07:20:06:678 - Compaction completed: 
2989230:COMPACT_START sstable=0 input_files: "datalog/335" input_files: "datalog/336" compactIntoNextLevel: true destinationLevel: 1
2026-05-01 07:20:06:762 - Compaction started: 
140023324083776:Compacting datalog/335 datalog/336 into:sstable1/f1f4a080-8ce8-4c7d-805e-84077df40a2e202605010120011777620006764993567.sst
2026-05-01 07:20:06:780 - Compaction completed: 
2989230:COMPACT_START sstable=0 input_files: "datalog/343" input_files: "datalog/344" compactIntoNextLevel: true destinationLevel: 1
2026-05-01 07:20:06:864 - Compaction started: 
140023324083776:Compacting datalog/343 datalog/344 into:sstable1/f1f4a080-8ce8-4c7d-805e-84077df40a2e202605010120011777620006867371737.sst
2026-05-01 07:20:06:882 - Compaction completed: 
2989230:COMPACT_START sstable=0 input_files: "datalog/349" input_files: "datalog/350" compactIntoNextLevel: true destinationLevel: 1
2026-05-01 07:20:06:967 - Compaction started: 
140023324083776:Compacting datalog/349 datalog/350 into:sstable1/f1f4a080-8ce8-4c7d-805e-84077df40a2e202605010120011777620006969786216.sst
2026-05-01 07:20:06:986 - Compaction completed: 
2989230:Task input_files: "datalog/127" input_files: "datalog/128" compactIntoNextLevel: true destinationLevel: 1 is dead (hb=30)
2989230:Found dead task input_files: "datalog/127" input_files: "datalog/128" compactIntoNextLevel: true destinationLevel: 1
2989230:COMPACT_START sstable=0 input_files: "datalog/127" input_files: "datalog/128" compactIntoNextLevel: true destinationLevel: 1
2989230:COMPACT_ABORT input_files: "datalog/127" input_files: "datalog/128" compactIntoNextLevel: true destinationLevel: 1
2989230:COMPACT_START sstable=0 input_files: "datalog/353" input_files: "datalog/354" compactIntoNextLevel: true destinationLevel: 1
2026-05-01 07:20:07:070 - Compaction started: 
140023324083776:Compacting datalog/353 datalog/354 into:sstable1/f1f4a080-8ce8-4c7d-805e-84077df40a2e202605010120011777620007072571560.sst
2026-05-01 07:20:07:089 - Compaction completed: 
2989230:COMPACT_START sstable=0 input_files: "datalog/361" input_files: "datalog/362" compactIntoNextLevel: true destinationLevel: 1
2989230:COMPACT_ABORT input_files: "datalog/361" input_files: "datalog/362" compactIntoNextLevel: true destinationLevel: 1
2989230:Task input_files: "datalog/153" input_files: "datalog/154" compactIntoNextLevel: true destinationLevel: 1 is dead (hb=30)
2989230:Found dead task input_files: "datalog/153" input_files: "datalog/154" compactIntoNextLevel: true destinationLevel: 1
2989230:COMPACT_START sstable=0 input_files: "datalog/153" input_files: "datalog/154" compactIntoNextLevel: true destinationLevel: 1
2989230:COMPACT_ABORT input_files: "datalog/153" input_files: "datalog/154" compactIntoNextLevel: true destinationLevel: 1
2989230:COMPACT_START sstable=0 input_files: "datalog/371" input_files: "datalog/372" compactIntoNextLevel: true destinationLevel: 1
2026-05-01 07:20:07:375 - Compaction started: 
140023324083776:Compacting datalog/371 datalog/372 into:sstable1/f1f4a080-8ce8-4c7d-805e-84077df40a2e202605010120011777620007378371609.sst
2026-05-01 07:20:07:394 - Compaction completed: 
2989230:COMPACT_START sstable=0 input_files: "datalog/375" input_files: "datalog/376" compactIntoNextLevel: true destinationLevel: 1
2026-05-01 07:20:07:478 - Compaction started: 
140023324083776:Compacting datalog/375 datalog/376 into:sstable1/f1f4a080-8ce8-4c7d-805e-84077df40a2e202605010120011777620007480994388.sst
2026-05-01 07:20:07:495 - Compaction completed: 
2989230:Task input_files: "datalog/171" input_files: "datalog/172" compactIntoNextLevel: true destinationLevel: 1 is dead (hb=30)
2989230:Found dead task input_files: "datalog/171" input_files: "datalog/172" compactIntoNextLevel: true destinationLevel: 1
2989230:COMPACT_START sstable=0 input_files: "datalog/171" input_files: "datalog/172" compactIntoNextLevel: true destinationLevel: 1
2026-05-01 07:20:07:580 - Compaction started: 
140023324083776:Compacting datalog/171 datalog/172 into:sstable1/f1f4a080-8ce8-4c7d-805e-84077df40a2e202605010120011777620007583187462.sst
2026-05-01 07:20:07:600 - Compaction completed: 
2989230:COMPACT_START sstable=0 input_files: "datalog/387" input_files: "datalog/388" compactIntoNextLevel: true destinationLevel: 1
2026-05-01 07:20:07:682 - Compaction started: 
140023324083776:Compacting datalog/387 datalog/388 into:sstable1/f1f4a080-8ce8-4c7d-805e-84077df40a2e202605010120011777620007685516079.sst
2026-05-01 07:20:07:701 - Compaction completed: 
2989230:COMPACT_START sstable=0 input_files: "datalog/395" input_files: "datalog/396" compactIntoNextLevel: true destinationLevel: 1
2026-05-01 07:20:07:784 - Compaction started: 
140023324083776:Compacting datalog/395 datalog/396 into:sstable1/f1f4a080-8ce8-4c7d-805e-84077df40a2e202605010120011777620007787104379.sst
2026-05-01 07:20:07:803 - Compaction completed: 
2989230:COMPACT_START sstable=0 input_files: "datalog/403" input_files: "datalog/404" compactIntoNextLevel: true destinationLevel: 1
2026-05-01 07:20:07:885 - Compaction started: 
140023324083776:Compacting datalog/403 datalog/404 into:sstable1/f1f4a080-8ce8-4c7d-805e-84077df40a2e202605010120011777620007888363652.sst
2026-05-01 07:20:07:904 - Compaction completed: 
2989230:COMPACT_START sstable=0 input_files: "datalog/409" input_files: "datalog/410" compactIntoNextLevel: true destinationLevel: 1
2026-05-01 07:20:07:986 - Compaction started: 
140023324083776:Compacting datalog/409 datalog/410 into:sstable1/f1f4a080-8ce8-4c7d-805e-84077df40a2e202605010120011777620007990212711.sst
2026-05-01 07:20:08:006 - Compaction completed: 
2989230:Task input_files: "datalog/219" input_files: "datalog/220" compactIntoNextLevel: true destinationLevel: 1 is dead (hb=30)
2989230:Found dead task input_files: "datalog/219" input_files: "datalog/220" compactIntoNextLevel: true destinationLevel: 1
2989230:COMPACT_START sstable=0 input_files: "datalog/219" input_files: "datalog/220" compactIntoNextLevel: true destinationLevel: 1
2026-05-01 07:20:08:088 - Compaction started: 
140023324083776:Compacting datalog/219 datalog/220 into:sstable1/f1f4a080-8ce8-4c7d-805e-84077df40a2e202605010120011777620008091400019.sst
2026-05-01 07:20:08:109 - Compaction completed: 
2989230:Task input_files: "datalog/225" input_files: "datalog/226" compactIntoNextLevel: true destinationLevel: 1 is dead (hb=30)
2989230:Found dead task input_files: "datalog/225" input_files: "datalog/226" compactIntoNextLevel: true destinationLevel: 1
2989230:COMPACT_START sstable=0 input_files: "datalog/225" input_files: "datalog/226" compactIntoNextLevel: true destinationLevel: 1
2989230:COMPACT_ABORT input_files: "datalog/225" input_files: "datalog/226" compactIntoNextLevel: true destinationLevel: 1
2989230:COMPACT_START sstable=0 input_files: "datalog/427" input_files: "datalog/428" compactIntoNextLevel: true destinationLevel: 1
2026-05-01 07:20:08:290 - Compaction started: 
140023324083776:Compacting datalog/427 datalog/428 into:sstable1/f1f4a080-8ce8-4c7d-805e-84077df40a2e202605010120011777620008292693789.sst
2026-05-01 07:20:08:307 - Compaction completed: 
2989230:COMPACT_START sstable=0 input_files: "datalog/439" input_files: "datalog/440" compactIntoNextLevel: true destinationLevel: 1
2026-05-01 07:20:08:391 - Compaction started: 
140023324083776:Compacting datalog/439 datalog/440 into:sstable1/f1f4a080-8ce8-4c7d-805e-84077df40a2e202605010120011777620008393896195.sst
2026-05-01 07:20:08:408 - Compaction completed: 
2989230:Task input_files: "datalog/247" input_files: "datalog/248" compactIntoNextLevel: true destinationLevel: 1 is dead (hb=30)
2989230:Task input_files: "datalog/23" input_files: "datalog/24" compactIntoNextLevel: true destinationLevel: 1 is dead (hb=30)
2989230:Found dead task input_files: "datalog/23" input_files: "datalog/24" compactIntoNextLevel: true destinationLevel: 1
2989230:COMPACT_START sstable=0 input_files: "datalog/23" input_files: "datalog/24" compactIntoNextLevel: true destinationLevel: 1
2989230:COMPACT_ABORT input_files: "datalog/23" input_files: "datalog/24" compactIntoNextLevel: true destinationLevel: 1
2989230:Found dead task input_files: "datalog/247" input_files: "datalog/248" compactIntoNextLevel: true destinationLevel: 1
2989230:COMPACT_START sstable=0 input_files: "datalog/247" input_files: "datalog/248" compactIntoNextLevel: true destinationLevel: 1
2026-05-01 07:20:08:493 - Compaction started: 
140023324083776:Compacting datalog/247 datalog/248 into:sstable1/f1f4a080-8ce8-4c7d-805e-84077df40a2e202605010120011777620008496005902.sst
2026-05-01 07:20:08:512 - Compaction completed: 
2989230:COMPACT_START sstable=0 input_files: "datalog/453" input_files: "datalog/454" compactIntoNextLevel: true destinationLevel: 1
2026-05-01 07:20:08:595 - Compaction started: 
140023324083776:Compacting datalog/453 datalog/454 into:sstable1/f1f4a080-8ce8-4c7d-805e-84077df40a2e202605010120011777620008597351637.sst
2026-05-01 07:20:08:611 - Compaction completed: 
2989230:Task input_files: "datalog/267" input_files: "datalog/268" compactIntoNextLevel: true destinationLevel: 1 is dead (hb=30)
2989230:Task input_files: "datalog/265" input_files: "datalog/266" compactIntoNextLevel: true destinationLevel: 1 is dead (hb=30)
2989230:Found dead task input_files: "datalog/265" input_files: "datalog/266" compactIntoNextLevel: true destinationLevel: 1
2989230:COMPACT_START sstable=0 input_files: "datalog/265" input_files: "datalog/266" compactIntoNextLevel: true destinationLevel: 1
2989230:COMPACT_ABORT input_files: "datalog/265" input_files: "datalog/266" compactIntoNextLevel: true destinationLevel: 1
2989230:Found dead task input_files: "datalog/267" input_files: "datalog/268" compactIntoNextLevel: true destinationLevel: 1
2989230:COMPACT_START sstable=0 input_files: "datalog/267" input_files: "datalog/268" compactIntoNextLevel: true destinationLevel: 1
2026-05-01 07:20:08:696 - Compaction started: 
140023324083776:Compacting datalog/267 datalog/268 into:sstable1/f1f4a080-8ce8-4c7d-805e-84077df40a2e202605010120011777620008698938364.sst
2026-05-01 07:20:08:715 - Compaction completed: 
2989230:Task input_files: "datalog/275" input_files: "datalog/276" compactIntoNextLevel: true destinationLevel: 1 is dead (hb=30)
2989230:Task input_files: "datalog/273" input_files: "datalog/274" compactIntoNextLevel: true destinationLevel: 1 is dead (hb=30)
2989230:Task input_files: "datalog/269" input_files: "datalog/270" compactIntoNextLevel: true destinationLevel: 1 is dead (hb=30)
2989230:Found dead task input_files: "datalog/269" input_files: "datalog/270" compactIntoNextLevel: true destinationLevel: 1
2989230:COMPACT_START sstable=0 input_files: "datalog/269" input_files: "datalog/270" compactIntoNextLevel: true destinationLevel: 1
2026-05-01 07:20:08:798 - Compaction started: 
140023324083776:Compacting datalog/269 datalog/270 into:sstable1/f1f4a080-8ce8-4c7d-805e-84077df40a2e202605010120011777620008800402461.sst
2026-05-01 07:20:08:816 - Compaction completed: 
2989230:Task input_files: "datalog/279" input_files: "datalog/280" compactIntoNextLevel: true destinationLevel: 1 is dead (hb=30)
2989230:Found dead task input_files: "datalog/279" input_files: "datalog/280" compactIntoNextLevel: true destinationLevel: 1
2989230:COMPACT_START sstable=0 input_files: "datalog/279" input_files: "datalog/280" compactIntoNextLevel: true destinationLevel: 1
2989230:COMPACT_ABORT input_files: "datalog/279" input_files: "datalog/280" compactIntoNextLevel: true destinationLevel: 1
2989230:COMPACT_START sstable=0 input_files: "datalog/477" input_files: "datalog/478" compactIntoNextLevel: true destinationLevel: 1
2026-05-01 07:20:09:000 - Compaction started: 
140023324083776:Compacting datalog/477 datalog/478 into:sstable1/f1f4a080-8ce8-4c7d-805e-84077df40a2e202605010120011777620009004062978.sst
2026-05-01 07:20:09:019 - Compaction completed: 
2989230:Task input_files: "datalog/59" input_files: "datalog/60" compactIntoNextLevel: true destinationLevel: 1 is dead (hb=30)
2989230:Task input_files: "datalog/55" input_files: "datalog/56" compactIntoNextLevel: true destinationLevel: 1 is dead (hb=30)
2989230:Found dead task input_files: "datalog/55" input_files: "datalog/56" compactIntoNextLevel: true destinationLevel: 1
2989230:COMPACT_START sstable=0 input_files: "datalog/55" input_files: "datalog/56" compactIntoNextLevel: true destinationLevel: 1
2989230:COMPACT_ABORT input_files: "datalog/55" input_files: "datalog/56" compactIntoNextLevel: true destinationLevel: 1
2989230:Found dead task input_files: "datalog/59" input_files: "datalog/60" compactIntoNextLevel: true destinationLevel: 1
2989230:COMPACT_START sstable=0 input_files: "datalog/59" input_files: "datalog/60" compactIntoNextLevel: true destinationLevel: 1
2989230:COMPACT_ABORT input_files: "datalog/59" input_files: "datalog/60" compactIntoNextLevel: true destinationLevel: 1
2989230:Task input_files: "datalog/65" input_files: "datalog/66" compactIntoNextLevel: true destinationLevel: 1 is dead (hb=30)
2989230:Task input_files: "datalog/301" input_files: "datalog/302" compactIntoNextLevel: true destinationLevel: 1 is dead (hb=30)
2989230:Task input_files: "datalog/61" input_files: "datalog/62" compactIntoNextLevel: true destinationLevel: 1 is dead (hb=30)
2989230:Task input_files: "datalog/299" input_files: "datalog/300" compactIntoNextLevel: true destinationLevel: 1 is dead (hb=30)
2989230:Found dead task input_files: "datalog/61" input_files: "datalog/62" compactIntoNextLevel: true destinationLevel: 1
2989230:COMPACT_START sstable=0 input_files: "datalog/61" input_files: "datalog/62" compactIntoNextLevel: true destinationLevel: 1
2989230:COMPACT_ABORT input_files: "datalog/61" input_files: "datalog/62" compactIntoNextLevel: true destinationLevel: 1
2989230:Task input_files: "datalog/73" input_files: "datalog/74" compactIntoNextLevel: true destinationLevel: 1 is dead (hb=30)
2989230:Found dead task input_files: "datalog/73" input_files: "datalog/74" compactIntoNextLevel: true destinationLevel: 1
2989230:COMPACT_START sstable=0 input_files: "datalog/73" input_files: "datalog/74" compactIntoNextLevel: true destinationLevel: 1
2026-05-01 07:20:09:304 - Compaction started: 
140023324083776:Compacting datalog/73 datalog/74 into:sstable1/f1f4a080-8ce8-4c7d-805e-84077df40a2e202605010120011777620009307553688.sst
2026-05-01 07:20:09:325 - Compaction completed: 
2989230:Task input_files: "datalog/311" input_files: "datalog/312" compactIntoNextLevel: true destinationLevel: 1 is dead (hb=30)
2989230:Task input_files: "datalog/315" input_files: "datalog/316" compactIntoNextLevel: true destinationLevel: 1 is dead (hb=30)
2989230:Found dead task input_files: "datalog/315" input_files: "datalog/316" compactIntoNextLevel: true destinationLevel: 1
2989230:COMPACT_START sstable=0 input_files: "datalog/315" input_files: "datalog/316" compactIntoNextLevel: true destinationLevel: 1
2026-05-01 07:20:09:405 - Compaction started: 
140023324083776:Compacting datalog/315 datalog/316 into:sstable1/f1f4a080-8ce8-4c7d-805e-84077df40a2e202605010120011777620009407969159.sst
2026-05-01 07:20:09:423 - Compaction completed: 
2989230:Task input_files: "datalog/323" input_files: "datalog/324" compactIntoNextLevel: true destinationLevel: 1 is dead (hb=30)
2989230:Task input_files: "datalog/77" input_files: "datalog/78" compactIntoNextLevel: true destinationLevel: 1 is dead (hb=30)
2989230:Found dead task input_files: "datalog/77" input_files: "datalog/78" compactIntoNextLevel: true destinationLevel: 1
2989230:COMPACT_START sstable=0 input_files: "datalog/77" input_files: "datalog/78" compactIntoNextLevel: true destinationLevel: 1
2989230:COMPACT_ABORT input_files: "datalog/77" input_files: "datalog/78" compactIntoNextLevel: true destinationLevel: 1
2989230:Task input_files: "datalog/329" input_files: "datalog/330" compactIntoNextLevel: true destinationLevel: 1 is dead (hb=30)
2989230:Task input_files: "datalog/327" input_files: "datalog/328" compactIntoNextLevel: true destinationLevel: 1 is dead (hb=30)
2989230:Found dead task input_files: "datalog/327" input_files: "datalog/328" compactIntoNextLevel: true destinationLevel: 1
2989230:COMPACT_START sstable=0 input_files: "datalog/327" input_files: "datalog/328" compactIntoNextLevel: true destinationLevel: 1
2026-05-01 07:20:09:608 - Compaction started: 
140023324083776:Compacting datalog/327 datalog/328 into:sstable1/f1f4a080-8ce8-4c7d-805e-84077df40a2e202605010120011777620009611236910.sst
2026-05-01 07:20:09:625 - Compaction completed: 
2989230:Task input_files: "datalog/93" input_files: "datalog/94" compactIntoNextLevel: true destinationLevel: 1 is dead (hb=30)
2989230:Task input_files: "datalog/333" input_files: "datalog/334" compactIntoNextLevel: true destinationLevel: 1 is dead (hb=30)
2989230:Found dead task input_files: "datalog/333" input_files: "datalog/334" compactIntoNextLevel: true destinationLevel: 1
2989230:COMPACT_START sstable=0 input_files: "datalog/333" input_files: "datalog/334" compactIntoNextLevel: true destinationLevel: 1
2026-05-01 07:20:09:710 - Compaction started: 
140023324083776:Compacting datalog/333 datalog/334 into:sstable1/f1f4a080-8ce8-4c7d-805e-84077df40a2e202605010120011777620009712928172.sst
2026-05-01 07:20:09:728 - Compaction completed: 
2989230:Task input_files: "datalog/337" input_files: "datalog/338" compactIntoNextLevel: true destinationLevel: 1 is dead (hb=30)
2989230:Found dead task input_files: "datalog/337" input_files: "datalog/338" compactIntoNextLevel: true destinationLevel: 1
2989230:COMPACT_START sstable=0 input_files: "datalog/337" input_files: "datalog/338" compactIntoNextLevel: true destinationLevel: 1
2989230:COMPACT_ABORT input_files: "datalog/337" input_files: "datalog/338" compactIntoNextLevel: true destinationLevel: 1
2989230:COMPACT_START sstable=0 input_files: "datalog/519" input_files: "datalog/520" compactIntoNextLevel: true destinationLevel: 1
2026-05-01 07:20:09:812 - Compaction started: 
140023324083776:Compacting datalog/519 datalog/520 into:sstable1/f1f4a080-8ce8-4c7d-805e-84077df40a2e202605010120011777620009814468512.sst
2026-05-01 07:20:09:827 - Compaction completed: 
2989230:COMPACT_START sstable=0 input_files: "datalog/527" input_files: "datalog/528" compactIntoNextLevel: true destinationLevel: 1
2026-05-01 07:20:09:914 - Compaction started: 
140023324083776:Compacting datalog/527 datalog/528 into:sstable1/f1f4a080-8ce8-4c7d-805e-84077df40a2e202605010120011777620009915886242.sst
2026-05-01 07:20:09:929 - Compaction completed: 
2989230:COMPACT_START sstable=0 input_files: "datalog/535" input_files: "datalog/536" compactIntoNextLevel: true destinationLevel: 1
2026-05-01 07:20:10:015 - Compaction started: 
140023324083776:Compacting datalog/535 datalog/536 into:sstable1/f1f4a080-8ce8-4c7d-805e-84077df40a2e202605010120011777620010018543435.sst
2026-05-01 07:20:10:033 - Compaction completed: 
2989230:COMPACT_START sstable=0 input_files: "datalog/541" input_files: "datalog/542" compactIntoNextLevel: true destinationLevel: 1
2989230:COMPACT_ABORT input_files: "datalog/541" input_files: "datalog/542" compactIntoNextLevel: true destinationLevel: 1
2989230:COMPACT_START sstable=0 input_files: "datalog/543" input_files: "datalog/544" compactIntoNextLevel: true destinationLevel: 1
2026-05-01 07:20:10:117 - Compaction started: 
140023324083776:Compacting datalog/543 datalog/544 into:sstable1/f1f4a080-8ce8-4c7d-805e-84077df40a2e202605010120011777620010120288359.sst
2026-05-01 07:20:10:134 - Compaction completed: 
2989230:COMPACT_START sstable=0 input_files: "datalog/551" input_files: "datalog/552" compactIntoNextLevel: true destinationLevel: 1
2026-05-01 07:20:10:219 - Compaction started: 
140023324083776:Compacting datalog/551 datalog/552 into:sstable1/f1f4a080-8ce8-4c7d-805e-84077df40a2e202605010120011777620010221804373.sst
2026-05-01 07:20:10:236 - Compaction completed: 
2989230:Task input_files: "datalog/361" input_files: "datalog/362" compactIntoNextLevel: true destinationLevel: 1 is dead (hb=30)
2989230:Found dead task input_files: "datalog/361" input_files: "datalog/362" compactIntoNextLevel: true destinationLevel: 1
2989230:COMPACT_START sstable=0 input_files: "datalog/361" input_files: "datalog/362" compactIntoNextLevel: true destinationLevel: 1
2026-05-01 07:20:10:320 - Compaction started: 
140023324083776:Compacting datalog/361 datalog/362 into:sstable1/f1f4a080-8ce8-4c7d-805e-84077df40a2e202605010120011777620010323481530.sst
2026-05-01 07:20:10:339 - Compaction completed: 
2989230:Task input_files: "datalog/153" input_files: "datalog/154" compactIntoNextLevel: true destinationLevel: 1 is dead (hb=30)
2989230:Found dead task input_files: "datalog/153" input_files: "datalog/154" compactIntoNextLevel: true destinationLevel: 1
2989230:COMPACT_START sstable=0 input_files: "datalog/153" input_files: "datalog/154" compactIntoNextLevel: true destinationLevel: 1
2026-05-01 07:20:10:421 - Compaction started: 
140023324083776:Compacting datalog/153 datalog/154 into:sstable1/f1f4a080-8ce8-4c7d-805e-84077df40a2e202605010120011777620010424699394.sst
2026-05-01 07:20:10:440 - Compaction completed: 
2989230:COMPACT_START sstable=0 input_files: "datalog/571" input_files: "datalog/572" compactIntoNextLevel: true destinationLevel: 1
2026-05-01 07:20:10:523 - Compaction started: 
140023324083776:Compacting datalog/571 datalog/572 into:sstable1/f1f4a080-8ce8-4c7d-805e-84077df40a2e202605010120011777620010525916859.sst
2026-05-01 07:20:10:540 - Compaction completed: 
2989230:COMPACT_START sstable=0 input_files: "datalog/579" input_files: "datalog/580" compactIntoNextLevel: true destinationLevel: 1
2989230:COMPACT_ABORT input_files: "datalog/579" input_files: "datalog/580" compactIntoNextLevel: true destinationLevel: 1
2989230:COMPACT_START sstable=0 input_files: "datalog/583" input_files: "datalog/584" compactIntoNextLevel: true destinationLevel: 1
2026-05-01 07:20:10:726 - Compaction started: 
140023324083776:Compacting datalog/583 datalog/584 into:sstable1/f1f4a080-8ce8-4c7d-805e-84077df40a2e202605010120011777620010728726000.sst
2026-05-01 07:20:10:743 - Compaction completed: 
2989230:COMPACT_START sstable=0 input_files: "datalog/591" input_files: "datalog/592" compactIntoNextLevel: true destinationLevel: 1
2026-05-01 07:20:10:828 - Compaction started: 
140023324083776:Compacting datalog/591 datalog/592 into:sstable1/f1f4a080-8ce8-4c7d-805e-84077df40a2e202605010120011777620010830796413.sst
2026-05-01 07:20:10:845 - Compaction completed: 
2989230:COMPACT_START sstable=0 input_files: "datalog/599" input_files: "datalog/600" compactIntoNextLevel: true destinationLevel: 1
2026-05-01 07:20:10:929 - Compaction started: 
140023324083776:Compacting datalog/599 datalog/600 into:sstable1/f1f4a080-8ce8-4c7d-805e-84077df40a2e202605010120011777620010932521429.sst
2026-05-01 07:20:10:947 - Compaction completed: 
2989230:COMPACT_START sstable=0 input_files: "datalog/607" input_files: "datalog/608" compactIntoNextLevel: true destinationLevel: 1
2026-05-01 07:20:11:032 - Compaction started: 
140023324083776:Compacting datalog/607 datalog/608 into:sstable1/f1f4a080-8ce8-4c7d-805e-84077df40a2e202605010120011777620011035490137.sst
2026-05-01 07:20:11:050 - Compaction completed: 
2989230:COMPACT_START sstable=0 input_files: "datalog/615" input_files: "datalog/616" compactIntoNextLevel: true destinationLevel: 1
2026-05-01 07:20:11:135 - Compaction started: 
140023324083776:Compacting datalog/615 datalog/616 into:sstable1/f1f4a080-8ce8-4c7d-805e-84077df40a2e202605010120011777620011137794118.sst
2026-05-01 07:20:11:151 - Compaction completed: 
2989230:COMPACT_START sstable=0 input_files: "datalog/623" input_files: "datalog/624" compactIntoNextLevel: true destinationLevel: 1
2026-05-01 07:20:11:238 - Compaction started: 
140023324083776:Compacting datalog/623 datalog/624 into:sstable1/f1f4a080-8ce8-4c7d-805e-84077df40a2e202605010120011777620011241044484.sst
2026-05-01 07:20:11:255 - Compaction completed: 
2989230:Task input_files: "datalog/225" input_files: "datalog/226" compactIntoNextLevel: true destinationLevel: 1 is dead (hb=30)
2989230:Found dead task input_files: "datalog/225" input_files: "datalog/226" compactIntoNextLevel: true destinationLevel: 1
2989230:COMPACT_START sstable=0 input_files: "datalog/225" input_files: "datalog/226" compactIntoNextLevel: true destinationLevel: 1
2026-05-01 07:20:11:339 - Compaction started: 
140023324083776:Compacting datalog/225 datalog/226 into:sstable1/f1f4a080-8ce8-4c7d-805e-84077df40a2e202605010120011777620011342752267.sst
2026-05-01 07:20:11:360 - Compaction completed: 
2989230:COMPACT_START sstable=0 input_files: "datalog/633" input_files: "datalog/634" compactIntoNextLevel: true destinationLevel: 1
2026-05-01 07:20:11:442 - Compaction started: 
140023324083776:Compacting datalog/633 datalog/634 into:sstable1/f1f4a080-8ce8-4c7d-805e-84077df40a2e202605010120011777620011445117854.sst
2026-05-01 07:20:11:459 - Compaction completed: 
2989230:Task input_files: "datalog/23" input_files: "datalog/24" compactIntoNextLevel: true destinationLevel: 1 is dead (hb=30)
2989230:Found dead task input_files: "datalog/23" input_files: "datalog/24" compactIntoNextLevel: true destinationLevel: 1
2989230:COMPACT_START sstable=0 input_files: "datalog/23" input_files: "datalog/24" compactIntoNextLevel: true destinationLevel: 1
2026-05-01 07:20:11:544 - Compaction started: 
140023324083776:Compacting datalog/23 datalog/24 into:sstable1/f1f4a080-8ce8-4c7d-805e-84077df40a2e202605010120011777620011547970374.sst
2026-05-01 07:20:11:565 - Compaction completed: 
2989230:COMPACT_START sstable=0 input_files: "datalog/645" input_files: "datalog/646" compactIntoNextLevel: true destinationLevel: 1
2026-05-01 07:20:11:684 - Compaction started: 
140023324083776:Compacting datalog/645 datalog/646 into:sstable1/f1f4a080-8ce8-4c7d-805e-84077df40a2e202605010120011777620011687253858.sst
2026-05-01 07:20:11:702 - Compaction completed: 
2989230:Task input_files: "datalog/465" input_files: "datalog/466" compactIntoNextLevel: true destinationLevel: 1 is dead (hb=30)
2989230:Found dead task input_files: "datalog/465" input_files: "datalog/466" compactIntoNextLevel: true destinationLevel: 1
2989230:COMPACT_START sstable=0 input_files: "datalog/465" input_files: "datalog/466" compactIntoNextLevel: true destinationLevel: 1
2026-05-01 07:20:11:786 - Compaction started: 
140023324083776:Compacting datalog/465 datalog/466 into:sstable1/f1f4a080-8ce8-4c7d-805e-84077df40a2e202605010120011777620011789052362.sst
2026-05-01 07:20:11:804 - Compaction completed: 
2989230:COMPACT_START sstable=0 input_files: "datalog/651" input_files: "datalog/652" compactIntoNextLevel: true destinationLevel: 1
2026-05-01 07:20:11:888 - Compaction started: 
140023324083776:Compacting datalog/651 datalog/652 into:sstable1/f1f4a080-8ce8-4c7d-805e-84077df40a2e202605010120011777620011891182457.sst
2026-05-01 07:20:11:905 - Compaction completed: 
2989230:COMPACT_START sstable=0 input_files: "datalog/659" input_files: "datalog/660" compactIntoNextLevel: true destinationLevel: 1
2989230:COMPACT_ABORT input_files: "datalog/659" input_files: "datalog/660" compactIntoNextLevel: true destinationLevel: 1
2989230:COMPACT_START sstable=0 input_files: "datalog/665" input_files: "datalog/666" compactIntoNextLevel: true destinationLevel: 1
2989230:COMPACT_ABORT input_files: "datalog/665" input_files: "datalog/666" compactIntoNextLevel: true destinationLevel: 1
2989230:COMPACT_START sstable=0 input_files: "datalog/669" input_files: "datalog/670" compactIntoNextLevel: true destinationLevel: 1
2026-05-01 07:20:12:219 - Compaction started: 
140023324083776:Compacting datalog/669 datalog/670 into:sstable1/f1f4a080-8ce8-4c7d-805e-84077df40a2e202605010120011777620012225055003.sst
2026-05-01 07:20:12:242 - Compaction completed: 
2989230:COMPACT_START sstable=0 input_files: "datalog/679" input_files: "datalog/680" compactIntoNextLevel: true destinationLevel: 1
2026-05-01 07:20:12:338 - Compaction started: 
140023324083776:Compacting datalog/679 datalog/680 into:sstable1/f1f4a080-8ce8-4c7d-805e-84077df40a2e202605010120011777620012341662878.sst
2026-05-01 07:20:12:358 - Compaction completed: 
2989230:COMPACT_START sstable=0 input_files: "datalog/683" input_files: "datalog/684" compactIntoNextLevel: true destinationLevel: 1
2989230:COMPACT_ABORT input_files: "datalog/683" input_files: "datalog/684" compactIntoNextLevel: true destinationLevel: 1
2989230:Task input_files: "datalog/77" input_files: "datalog/78" compactIntoNextLevel: true destinationLevel: 1 is dead (hb=30)
2989230:Found dead task input_files: "datalog/77" input_files: "datalog/78" compactIntoNextLevel: true destinationLevel: 1
2989230:COMPACT_START sstable=0 input_files: "datalog/77" input_files: "datalog/78" compactIntoNextLevel: true destinationLevel: 1
2026-05-01 07:20:12:573 - Compaction started: 
140023324083776:Compacting datalog/77 datalog/78 into:sstable1/f1f4a080-8ce8-4c7d-805e-84077df40a2e202605010120011777620012578810250.sst
2026-05-01 07:20:12:601 - Compaction completed: 
2989230:COMPACT_START sstable=0 input_files: "datalog/689" input_files: "datalog/690" compactIntoNextLevel: true destinationLevel: 1
2989230:COMPACT_ABORT input_files: "datalog/689" input_files: "datalog/690" compactIntoNextLevel: true destinationLevel: 1
2989230:COMPACT_START sstable=0 input_files: "datalog/697" input_files: "datalog/698" compactIntoNextLevel: true destinationLevel: 1
2026-05-01 07:20:12:811 - Compaction started: 
140023324083776:Compacting datalog/697 datalog/698 into:sstable1/f1f4a080-8ce8-4c7d-805e-84077df40a2e202605010120011777620012814700605.sst
2026-05-01 07:20:12:832 - Compaction completed: 
2989230:COMPACT_START sstable=0 input_files: "datalog/709" input_files: "datalog/710" compactIntoNextLevel: true destinationLevel: 1
2026-05-01 07:20:12:913 - Compaction started: 
140023324083776:Compacting datalog/709 datalog/710 into:sstable1/f1f4a080-8ce8-4c7d-805e-84077df40a2e202605010120011777620012915393336.sst
2026-05-01 07:20:12:929 - Compaction completed: 
2989230:COMPACT_START sstable=0 input_files: "datalog/715" input_files: "datalog/716" compactIntoNextLevel: true destinationLevel: 1
2026-05-01 07:20:13:014 - Compaction started: 
140023324083776:Compacting datalog/715 datalog/716 into:sstable1/f1f4a080-8ce8-4c7d-805e-84077df40a2e202605010120011777620013017436649.sst
2026-05-01 07:20:13:031 - Compaction completed: 
2989230:COMPACT_START sstable=0 input_files: "datalog/721" input_files: "datalog/722" compactIntoNextLevel: true destinationLevel: 1
2026-05-01 07:20:13:145 - Compaction started: 
140023324083776:Compacting datalog/721 datalog/722 into:sstable1/f1f4a080-8ce8-4c7d-805e-84077df40a2e202605010120011777620013148751996.sst
2026-05-01 07:20:13:162 - Compaction completed: 
2989230:COMPACT_START sstable=0 input_files: "datalog/729" input_files: "datalog/730" compactIntoNextLevel: true destinationLevel: 1
2026-05-01 07:20:13:247 - Compaction started: 
140023324083776:Compacting datalog/729 datalog/730 into:sstable1/f1f4a080-8ce8-4c7d-805e-84077df40a2e202605010120011777620013249745841.sst
2026-05-01 07:20:13:262 - Compaction completed: 
2989230:COMPACT_START sstable=0 input_files: "datalog/737" input_files: "datalog/738" compactIntoNextLevel: true destinationLevel: 1
2026-05-01 07:20:13:348 - Compaction started: 
140023324083776:Compacting datalog/737 datalog/738 into:sstable1/f1f4a080-8ce8-4c7d-805e-84077df40a2e202605010120011777620013351012357.sst
2026-05-01 07:20:13:363 - Compaction completed: 
2989230:COMPACT_START sstable=0 input_files: "datalog/743" input_files: "datalog/744" compactIntoNextLevel: true destinationLevel: 1
2026-05-01 07:20:13:449 - Compaction started: 
140023324083776:Compacting datalog/743 datalog/744 into:sstable1/f1f4a080-8ce8-4c7d-805e-84077df40a2e202605010120011777620013452093126.sst
2026-05-01 07:20:13:464 - Compaction completed: 
2989230:COMPACT_START sstable=0 input_files: "datalog/751" input_files: "datalog/752" compactIntoNextLevel: true destinationLevel: 1
2026-05-01 07:20:13:551 - Compaction started: 
140023324083776:Compacting datalog/751 datalog/752 into:sstable1/f1f4a080-8ce8-4c7d-805e-84077df40a2e202605010120011777620013554730432.sst
2026-05-01 07:20:13:567 - Compaction completed: 
2989230:COMPACT_START sstable=0 input_files: "datalog/757" input_files: "datalog/758" compactIntoNextLevel: true destinationLevel: 1
2026-05-01 07:20:13:652 - Compaction started: 
140023324083776:Compacting datalog/757 datalog/758 into:sstable1/f1f4a080-8ce8-4c7d-805e-84077df40a2e202605010120011777620013655380613.sst
2026-05-01 07:20:13:668 - Compaction completed: 
2989230:COMPACT_START sstable=0 input_files: "datalog/765" input_files: "datalog/766" compactIntoNextLevel: true destinationLevel: 1
2989230:COMPACT_ABORT input_files: "datalog/765" input_files: "datalog/766" compactIntoNextLevel: true destinationLevel: 1
2989230:COMPACT_START sstable=0 input_files: "datalog/771" input_files: "datalog/772" compactIntoNextLevel: true destinationLevel: 1
2989230:COMPACT_ABORT input_files: "datalog/771" input_files: "datalog/772" compactIntoNextLevel: true destinationLevel: 1
2989230:COMPACT_START sstable=0 input_files: "datalog/777" input_files: "datalog/778" compactIntoNextLevel: true destinationLevel: 1
2026-05-01 07:20:13:956 - Compaction started: 
140023324083776:Compacting datalog/777 datalog/778 into:sstable1/f1f4a080-8ce8-4c7d-805e-84077df40a2e202605010120011777620013959249413.sst
2026-05-01 07:20:13:971 - Compaction completed: 
2989230:COMPACT_START sstable=0 input_files: "datalog/781" input_files: "datalog/782" compactIntoNextLevel: true destinationLevel: 1
2026-05-01 07:20:14:058 - Compaction started: 
140023324083776:Compacting datalog/781 datalog/782 into:sstable1/f1f4a080-8ce8-4c7d-805e-84077df40a2e202605010120011777620014060462279.sst
2026-05-01 07:20:14:073 - Compaction completed: 
2989230:COMPACT_START sstable=0 input_files: "datalog/793" input_files: "datalog/794" compactIntoNextLevel: true destinationLevel: 1
2026-05-01 07:20:14:159 - Compaction started: 
140023324083776:Compacting datalog/793 datalog/794 into:sstable1/f1f4a080-8ce8-4c7d-805e-84077df40a2e202605010120011777620014162099611.sst
2026-05-01 07:20:14:175 - Compaction completed: 
2989230:COMPACT_START sstable=0 input_files: "datalog/803" input_files: "datalog/804" compactIntoNextLevel: true destinationLevel: 1
2026-05-01 07:20:14:261 - Compaction started: 
140023324083776:Compacting datalog/803 datalog/804 into:sstable1/f1f4a080-8ce8-4c7d-805e-84077df40a2e202605010120011777620014263356980.sst
2026-05-01 07:20:14:275 - Compaction completed: 
2989230:COMPACT_START sstable=0 input_files: "datalog/811" input_files: "datalog/812" compactIntoNextLevel: true destinationLevel: 1
2026-05-01 07:20:14:362 - Compaction started: 
140023324083776:Compacting datalog/811 datalog/812 into:sstable1/f1f4a080-8ce8-4c7d-805e-84077df40a2e202605010120011777620014364638434.sst
2026-05-01 07:20:14:378 - Compaction completed: 
2989230:COMPACT_START sstable=0 input_files: "datalog/819" input_files: "datalog/820" compactIntoNextLevel: true destinationLevel: 1
2026-05-01 07:20:14:463 - Compaction started: 
140023324083776:Compacting datalog/819 datalog/820 into:sstable1/f1f4a080-8ce8-4c7d-805e-84077df40a2e202605010120011777620014466003856.sst
2026-05-01 07:20:14:479 - Compaction completed: 
2989230:COMPACT_START sstable=0 input_files: "datalog/827" input_files: "datalog/828" compactIntoNextLevel: true destinationLevel: 1
2989230:COMPACT_ABORT input_files: "datalog/827" input_files: "datalog/828" compactIntoNextLevel: true destinationLevel: 1
2989230:COMPACT_START sstable=0 input_files: "datalog/835" input_files: "datalog/836" compactIntoNextLevel: true destinationLevel: 1
2989230:COMPACT_ABORT input_files: "datalog/835" input_files: "datalog/836" compactIntoNextLevel: true destinationLevel: 1
2989230:COMPACT_START sstable=0 input_files: "datalog/837" input_files: "datalog/838" compactIntoNextLevel: true destinationLevel: 1
2026-05-01 07:20:14:666 - Compaction started: 
140023324083776:Compacting datalog/837 datalog/838 into:sstable1/f1f4a080-8ce8-4c7d-805e-84077df40a2e202605010120011777620014668759707.sst
2026-05-01 07:20:14:681 - Compaction completed: 
2989230:COMPACT_START sstable=0 input_files: "datalog/843" input_files: "datalog/844" compactIntoNextLevel: true destinationLevel: 1
2026-05-01 07:20:14:767 - Compaction started: 
140023324083776:Compacting datalog/843 datalog/844 into:sstable1/f1f4a080-8ce8-4c7d-805e-84077df40a2e202605010120011777620014769809257.sst
2026-05-01 07:20:14:782 - Compaction completed: 
2989230:COMPACT_START sstable=0 input_files: "datalog/853" input_files: "datalog/854" compactIntoNextLevel: true destinationLevel: 1
2989230:COMPACT_ABORT input_files: "datalog/853" input_files: "datalog/854" compactIntoNextLevel: true destinationLevel: 1
2989230:COMPACT_START sstable=0 input_files: "datalog/859" input_files: "datalog/860" compactIntoNextLevel: true destinationLevel: 1
2026-05-01 07:20:14:970 - Compaction started: 
140023324083776:Compacting datalog/859 datalog/860 into:sstable1/f1f4a080-8ce8-4c7d-805e-84077df40a2e202605010120011777620014972292556.sst
2026-05-01 07:20:14:985 - Compaction completed: 
2989230:Task input_files: "datalog/659" input_files: "datalog/660" compactIntoNextLevel: true destinationLevel: 1 is dead (hb=30)
2989230:Task input_files: "datalog/653" input_files: "datalog/654" compactIntoNextLevel: true destinationLevel: 1 is dead (hb=30)
2989230:Found dead task input_files: "datalog/653" input_files: "datalog/654" compactIntoNextLevel: true destinationLevel: 1
2989230:COMPACT_START sstable=0 input_files: "datalog/653" input_files: "datalog/654" compactIntoNextLevel: true destinationLevel: 1
2026-05-01 07:20:15:092 - Compaction started: 
140023324083776:Compacting datalog/653 datalog/654 into:sstable1/f1f4a080-8ce8-4c7d-805e-84077df40a2e202605010120011777620015094848693.sst
2026-05-01 07:20:15:108 - Compaction completed: 
2989230:Task input_files: "datalog/667" input_files: "datalog/668" compactIntoNextLevel: true destinationLevel: 1 is dead (hb=30)
2989230:Task input_files: "datalog/665" input_files: "datalog/666" compactIntoNextLevel: true destinationLevel: 1 is dead (hb=30)
2989230:Found dead task input_files: "datalog/665" input_files: "datalog/666" compactIntoNextLevel: true destinationLevel: 1
2989230:COMPACT_START sstable=0 input_files: "datalog/665" input_files: "datalog/666" compactIntoNextLevel: true destinationLevel: 1
2026-05-01 07:20:15:193 - Compaction started: 
140023324083776:Compacting datalog/665 datalog/666 into:sstable1/f1f4a080-8ce8-4c7d-805e-84077df40a2e202605010120011777620015196223583.sst
2026-05-01 07:20:15:209 - Compaction completed: 
2989230:Task input_files: "datalog/671" input_files: "datalog/672" compactIntoNextLevel: true destinationLevel: 1 is dead (hb=30)
2989230:Task input_files: "datalog/673" input_files: "datalog/674" compactIntoNextLevel: true destinationLevel: 1 is dead (hb=30)
2989230:Task input_files: "datalog/675" input_files: "datalog/676" compactIntoNextLevel: true destinationLevel: 1 is dead (hb=30)
2989230:Found dead task input_files: "datalog/675" input_files: "datalog/676" compactIntoNextLevel: true destinationLevel: 1
2989230:COMPACT_START sstable=0 input_files: "datalog/675" input_files: "datalog/676" compactIntoNextLevel: true destinationLevel: 1
2026-05-01 07:20:15:294 - Compaction started: 
140023324083776:Compacting datalog/675 datalog/676 into:sstable1/f1f4a080-8ce8-4c7d-805e-84077df40a2e202605010120011777620015297529012.sst
2026-05-01 07:20:15:310 - Compaction completed: 
2989230:Found dead task input_files: "datalog/671" input_files: "datalog/672" compactIntoNextLevel: true destinationLevel: 1
2989230:COMPACT_START sstable=0 input_files: "datalog/671" input_files: "datalog/672" compactIntoNextLevel: true destinationLevel: 1
2026-05-01 07:20:15:396 - Compaction started: 
140023324083776:Compacting datalog/671 datalog/672 into:sstable1/f1f4a080-8ce8-4c7d-805e-84077df40a2e202605010120011777620015399344157.sst
2026-05-01 07:20:15:415 - Compaction completed: 
2989230:COMPACT_START sstable=1 input_files: "sstable1/f1f4a080-8ce8-4c7d-805e-84077df40a2e202605010120011777620002461725923.sst" input_files: "sstable1/6827b02d-b513-48c7-8653-a49a356e22ec202605010120011777620005454443580.sst" compactIntoNextLevel: true destinationLevel: 2
2026-05-01 07:20:15:498 - Compaction started: 
140023324083776:Compacting sstable1/f1f4a080-8ce8-4c7d-805e-84077df40a2e202605010120011777620002461725923.sst sstable1/6827b02d-b513-48c7-8653-a49a356e22ec202605010120011777620005454443580.sst into:sstable2/f1f4a080-8ce8-4c7d-805e-84077df40a2e202605010120011777620015523163772.sst
2026-05-01 07:20:15:561 - Compaction completed: 
2989230:Task input_files: "datalog/683" input_files: "datalog/684" compactIntoNextLevel: true destinationLevel: 1 is dead (hb=30)
2989230:Found dead task input_files: "datalog/683" input_files: "datalog/684" compactIntoNextLevel: true destinationLevel: 1
2989230:COMPACT_START sstable=0 input_files: "datalog/683" input_files: "datalog/684" compactIntoNextLevel: true destinationLevel: 1
2026-05-01 07:20:15:599 - Compaction started: 
140023324083776:Compacting datalog/683 datalog/684 into:sstable1/f1f4a080-8ce8-4c7d-805e-84077df40a2e202605010120011777620015603074415.sst
2026-05-01 07:20:15:618 - Compaction completed: 
2989230:COMPACT_START sstable=1 input_files: "sstable1/6827b02d-b513-48c7-8653-a49a356e22ec202605010120011777620002823884995.sst" input_files: "sstable1/be350bb1-e009-48e9-ad72-beab261696b7202605010120011777620003017363003.sst" compactIntoNextLevel: true destinationLevel: 2
2026-05-01 07:20:15:701 - Compaction started: 
140023324083776:Compacting sstable1/6827b02d-b513-48c7-8653-a49a356e22ec202605010120011777620002823884995.sst sstable1/be350bb1-e009-48e9-ad72-beab261696b7202605010120011777620003017363003.sst into:sstable2/f1f4a080-8ce8-4c7d-805e-84077df40a2e202605010120011777620015724991783.sst
2026-05-01 07:20:15:763 - Compaction completed: 
2989230:Task input_files: "datalog/689" input_files: "datalog/690" compactIntoNextLevel: true destinationLevel: 1 is dead (hb=30)
2989230:Found dead task input_files: "datalog/689" input_files: "datalog/690" compactIntoNextLevel: true destinationLevel: 1
2989230:COMPACT_START sstable=0 input_files: "datalog/689" input_files: "datalog/690" compactIntoNextLevel: true destinationLevel: 1
2989230:COMPACT_ABORT input_files: "datalog/689" input_files: "datalog/690" compactIntoNextLevel: true destinationLevel: 1
2989230:COMPACT_START sstable=1 input_files: "sstable1/be350bb1-e009-48e9-ad72-beab261696b7202605010120011777620012309060100.sst" input_files: "sstable1/f1f4a080-8ce8-4c7d-805e-84077df40a2e202605010120011777620003298312037.sst" compactIntoNextLevel: true destinationLevel: 2
2026-05-01 07:20:15:833 - Compaction started: 
140023324083776:Compacting sstable1/be350bb1-e009-48e9-ad72-beab261696b7202605010120011777620012309060100.sst sstable1/f1f4a080-8ce8-4c7d-805e-84077df40a2e202605010120011777620003298312037.sst into:sstable2/f1f4a080-8ce8-4c7d-805e-84077df40a2e202605010120011777620015857050233.sst
2026-05-01 07:20:15:896 - Compaction completed: 
2989230:Task input_files: "datalog/705" input_files: "datalog/706" compactIntoNextLevel: true destinationLevel: 1 is dead (hb=30)
2989230:Task input_files: "datalog/703" input_files: "datalog/704" compactIntoNextLevel: true destinationLevel: 1 is dead (hb=30)
2989230:Found dead task input_files: "datalog/703" input_files: "datalog/704" compactIntoNextLevel: true destinationLevel: 1
2989230:COMPACT_START sstable=0 input_files: "datalog/703" input_files: "datalog/704" compactIntoNextLevel: true destinationLevel: 1
2026-05-01 07:20:15:964 - Compaction started: 
140023324083776:Compacting datalog/703 datalog/704 into:sstable1/f1f4a080-8ce8-4c7d-805e-84077df40a2e202605010120011777620015967688919.sst
2026-05-01 07:20:15:981 - Compaction completed: 
2989230:COMPACT_START sstable=1 input_files: "sstable1/f1f4a080-8ce8-4c7d-805e-84077df40a2e202605010120011777620012578810250.sst" input_files: "sstable1/be350bb1-e009-48e9-ad72-beab261696b7202605010120011777620003336353260.sst" compactIntoNextLevel: true destinationLevel: 2
2026-05-01 07:20:16:066 - Compaction started: 
140023324083776:Compacting sstable1/f1f4a080-8ce8-4c7d-805e-84077df40a2e202605010120011777620012578810250.sst sstable1/be350bb1-e009-48e9-ad72-beab261696b7202605010120011777620003336353260.sst into:sstable2/f1f4a080-8ce8-4c7d-805e-84077df40a2e202605010120011777620016087561946.sst
2026-05-01 07:20:16:128 - Compaction completed: 
2989230:COMPACT_START sstable=1 input_files: "sstable1/be350bb1-e009-48e9-ad72-beab261696b7202605010120011777620006593344881.sst" input_files: "sstable1/aad8fa3f-af37-48b6-9c9e-5102eb5ead33202605010120011777620003517093009.sst" compactIntoNextLevel: true destinationLevel: 2
2989230:COMPACT_ABORT input_files: "sstable1/be350bb1-e009-48e9-ad72-beab261696b7202605010120011777620006593344881.sst" input_files: "sstable1/aad8fa3f-af37-48b6-9c9e-5102eb5ead33202605010120011777620003517093009.sst" compactIntoNextLevel: true destinationLevel: 2
2989230:COMPACT_START sstable=1 input_files: "sstable1/6827b02d-b513-48c7-8653-a49a356e22ec202605010120011777620003630067503.sst" input_files: "sstable1/be350bb1-e009-48e9-ad72-beab261696b7202605010120011777620003674127179.sst" compactIntoNextLevel: true destinationLevel: 2
2026-05-01 07:20:16:270 - Compaction started: 
140023324083776:Compacting sstable1/6827b02d-b513-48c7-8653-a49a356e22ec202605010120011777620003630067503.sst sstable1/be350bb1-e009-48e9-ad72-beab261696b7202605010120011777620003674127179.sst into:sstable2/f1f4a080-8ce8-4c7d-805e-84077df40a2e202605010120011777620016294903042.sst
2026-05-01 07:20:16:335 - Compaction completed: 
2989230:COMPACT_START sstable=1 input_files: "sstable1/6827b02d-b513-48c7-8653-a49a356e22ec202605010120011777620003833983358.sst" input_files: "sstable1/be350bb1-e009-48e9-ad72-beab261696b7202605010120011777620003846290600.sst" compactIntoNextLevel: true destinationLevel: 2
2026-05-01 07:20:16:373 - Compaction started: 
140023324083776:Compacting sstable1/6827b02d-b513-48c7-8653-a49a356e22ec202605010120011777620003833983358.sst sstable1/be350bb1-e009-48e9-ad72-beab261696b7202605010120011777620003846290600.sst into:sstable2/f1f4a080-8ce8-4c7d-805e-84077df40a2e202605010120011777620016398906188.sst
2026-05-01 07:20:16:437 - Compaction completed: 
2989230:COMPACT_START sstable=1 input_files: "sstable1/f1f4a080-8ce8-4c7d-805e-84077df40a2e202605010120011777620004018306304.sst" input_files: "sstable1/aad8fa3f-af37-48b6-9c9e-5102eb5ead33202605010120011777620004023396857.sst" compactIntoNextLevel: true destinationLevel: 2
2026-05-01 07:20:16:476 - Compaction started: 
140023324083776:Compacting sstable1/f1f4a080-8ce8-4c7d-805e-84077df40a2e202605010120011777620004018306304.sst sstable1/aad8fa3f-af37-48b6-9c9e-5102eb5ead33202605010120011777620004023396857.sst into:sstable2/f1f4a080-8ce8-4c7d-805e-84077df40a2e202605010120011777620016502476003.sst
2026-05-01 07:20:16:543 - Compaction completed: 
2989230:COMPACT_START sstable=1 input_files: "sstable1/f1f4a080-8ce8-4c7d-805e-84077df40a2e202605010120011777620004221378278.sst" input_files: "sstable1/aad8fa3f-af37-48b6-9c9e-5102eb5ead33202605010120011777620004225144138.sst" compactIntoNextLevel: true destinationLevel: 2
2026-05-01 07:20:16:579 - Compaction started: 
140023324083776:Compacting sstable1/f1f4a080-8ce8-4c7d-805e-84077df40a2e202605010120011777620004221378278.sst sstable1/aad8fa3f-af37-48b6-9c9e-5102eb5ead33202605010120011777620004225144138.sst into:sstable2/f1f4a080-8ce8-4c7d-805e-84077df40a2e202605010120011777620016603270724.sst
2026-05-01 07:20:16:642 - Compaction completed: 
2989230:Task input_files: "datalog/759" input_files: "datalog/760" compactIntoNextLevel: true destinationLevel: 1 is dead (hb=30)
2989230:Task input_files: "datalog/753" input_files: "datalog/754" compactIntoNextLevel: true destinationLevel: 1 is dead (hb=30)
2989230:Found dead task input_files: "datalog/753" input_files: "datalog/754" compactIntoNextLevel: true destinationLevel: 1
2989230:COMPACT_START sstable=0 input_files: "datalog/753" input_files: "datalog/754" compactIntoNextLevel: true destinationLevel: 1
2026-05-01 07:20:16:683 - Compaction started: 
140023324083776:Compacting datalog/753 datalog/754 into:sstable1/f1f4a080-8ce8-4c7d-805e-84077df40a2e202605010120011777620016686314801.sst
2026-05-01 07:20:16:701 - Compaction completed: 
2989230:Task input_files: "datalog/765" input_files: "datalog/766" compactIntoNextLevel: true destinationLevel: 1 is dead (hb=30)
2989230:Found dead task input_files: "datalog/765" input_files: "datalog/766" compactIntoNextLevel: true destinationLevel: 1
2989230:COMPACT_START sstable=0 input_files: "datalog/765" input_files: "datalog/766" compactIntoNextLevel: true destinationLevel: 1
2026-05-01 07:20:16:786 - Compaction started: 
140023324083776:Compacting datalog/765 datalog/766 into:sstable1/f1f4a080-8ce8-4c7d-805e-84077df40a2e202605010120011777620016789449790.sst
2026-05-01 07:20:16:804 - Compaction completed: 
2989230:Task input_files: "datalog/771" input_files: "datalog/772" compactIntoNextLevel: true destinationLevel: 1 is dead (hb=30)
2989230:Found dead task input_files: "datalog/771" input_files: "datalog/772" compactIntoNextLevel: true destinationLevel: 1
2989230:COMPACT_START sstable=1 input_files: "sstable1/aad8fa3f-af37-48b6-9c9e-5102eb5ead33202605010120011777620004630041868.sst" input_files: "sstable1/6827b02d-b513-48c7-8653-a49a356e22ec202605010120011777620004643580949.sst" compactIntoNextLevel: true destinationLevel: 2
2026-05-01 07:20:16:891 - Compaction started: 
140023324083776:Compacting sstable1/aad8fa3f-af37-48b6-9c9e-5102eb5ead33202605010120011777620004630041868.sst sstable1/6827b02d-b513-48c7-8653-a49a356e22ec202605010120011777620004643580949.sst into:sstable2/f1f4a080-8ce8-4c7d-805e-84077df40a2e202605010120011777620016914525590.sst
2026-05-01 07:20:16:951 - Compaction completed: 
2989230:COMPACT_START sstable=1 input_files: "sstable1/be350bb1-e009-48e9-ad72-beab261696b7202605010120011777620004756660921.sst" input_files: "sstable1/f1f4a080-8ce8-4c7d-805e-84077df40a2e202605010120011777620004830653790.sst" compactIntoNextLevel: true destinationLevel: 2
2026-05-01 07:20:16:994 - Compaction started: 
140023324083776:Compacting sstable1/be350bb1-e009-48e9-ad72-beab261696b7202605010120011777620004756660921.sst sstable1/f1f4a080-8ce8-4c7d-805e-84077df40a2e202605010120011777620004830653790.sst into:sstable2/f1f4a080-8ce8-4c7d-805e-84077df40a2e202605010120011777620017017473588.sst
2026-05-01 07:20:17:058 - Compaction completed: 
2989230:Task input_files: "datalog/787" input_files: "datalog/788" compactIntoNextLevel: true destinationLevel: 1 is dead (hb=30)
2989230:Found dead task input_files: "datalog/787" input_files: "datalog/788" compactIntoNextLevel: true destinationLevel: 1
2989230:COMPACT_START sstable=0 input_files: "datalog/787" input_files: "datalog/788" compactIntoNextLevel: true destinationLevel: 1
2989230:COMPACT_ABORT input_files: "datalog/787" input_files: "datalog/788" compactIntoNextLevel: true destinationLevel: 1
2989230:COMPACT_START sstable=1 input_files: "sstable1/aad8fa3f-af37-48b6-9c9e-5102eb5ead33202605010120011777620004932958062.sst" input_files: "sstable1/6827b02d-b513-48c7-8653-a49a356e22ec202605010120011777620004947920761.sst" compactIntoNextLevel: true destinationLevel: 2
2026-05-01 07:20:17:097 - Compaction started: 
140023324083776:Compacting sstable1/aad8fa3f-af37-48b6-9c9e-5102eb5ead33202605010120011777620004932958062.sst sstable1/6827b02d-b513-48c7-8653-a49a356e22ec202605010120011777620004947920761.sst into:sstable2/f1f4a080-8ce8-4c7d-805e-84077df40a2e202605010120011777620017121246123.sst
2026-05-01 07:20:17:156 - Compaction completed: 
2989230:COMPACT_START sstable=1 input_files: "sstable1/be350bb1-e009-48e9-ad72-beab261696b7202605010120011777620008021118457.sst" input_files: "sstable1/f1f4a080-8ce8-4c7d-805e-84077df40a2e202605010120011777620008091400019.sst" compactIntoNextLevel: true destinationLevel: 2
2989230:COMPACT_ABORT input_files: "sstable1/be350bb1-e009-48e9-ad72-beab261696b7202605010120011777620008021118457.sst" input_files: "sstable1/f1f4a080-8ce8-4c7d-805e-84077df40a2e202605010120011777620008091400019.sst" compactIntoNextLevel: true destinationLevel: 2
2989230:COMPACT_START sstable=1 input_files: "sstable1/aad8fa3f-af37-48b6-9c9e-5102eb5ead33202605010120011777620005237135139.sst" input_files: "sstable1/6827b02d-b513-48c7-8653-a49a356e22ec202605010120011777620005252025342.sst" compactIntoNextLevel: true destinationLevel: 2
2026-05-01 07:20:17:301 - Compaction started: 
140023324083776:Compacting sstable1/aad8fa3f-af37-48b6-9c9e-5102eb5ead33202605010120011777620005237135139.sst sstable1/6827b02d-b513-48c7-8653-a49a356e22ec202605010120011777620005252025342.sst into:sstable2/f1f4a080-8ce8-4c7d-805e-84077df40a2e202605010120011777620017324363030.sst
2026-05-01 07:20:17:360 - Compaction completed: 
2989230:COMPACT_START sstable=1 input_files: "sstable1/f1f4a080-8ce8-4c7d-805e-84077df40a2e202605010120011777620005541870483.sst" input_files: "sstable1/6827b02d-b513-48c7-8653-a49a356e22ec202605010120011777620005555879995.sst" compactIntoNextLevel: true destinationLevel: 2
2026-05-01 07:20:17:402 - Compaction started: 
140023324083776:Compacting sstable1/f1f4a080-8ce8-4c7d-805e-84077df40a2e202605010120011777620005541870483.sst sstable1/6827b02d-b513-48c7-8653-a49a356e22ec202605010120011777620005555879995.sst into:sstable2/f1f4a080-8ce8-4c7d-805e-84077df40a2e202605010120011777620017424837863.sst
2026-05-01 07:20:17:461 - Compaction completed: 
2989230:COMPACT_START sstable=1 input_files: "sstable1/be350bb1-e009-48e9-ad72-beab261696b7202605010120011777620011674825459.sst" input_files: "sstable1/f1f4a080-8ce8-4c7d-805e-84077df40a2e202605010120011777620008698938364.sst" compactIntoNextLevel: true destinationLevel: 2
2026-05-01 07:20:17:504 - Compaction started: 
140023324083776:Compacting sstable1/be350bb1-e009-48e9-ad72-beab261696b7202605010120011777620011674825459.sst sstable1/f1f4a080-8ce8-4c7d-805e-84077df40a2e202605010120011777620008698938364.sst into:sstable2/f1f4a080-8ce8-4c7d-805e-84077df40a2e202605010120011777620017525953667.sst
2026-05-01 07:20:17:560 - Compaction completed: 
2989230:Task input_files: "datalog/823" input_files: "datalog/824" compactIntoNextLevel: true destinationLevel: 1 is dead (hb=30)
2989230:Task input_files: "datalog/835" input_files: "datalog/836" compactIntoNextLevel: true destinationLevel: 1 is dead (hb=30)
2989230:Found dead task input_files: "datalog/835" input_files: "datalog/836" compactIntoNextLevel: true destinationLevel: 1
2989230:COMPACT_START sstable=0 input_files: "datalog/835" input_files: "datalog/836" compactIntoNextLevel: true destinationLevel: 1
2989230:COMPACT_ABORT input_files: "datalog/835" input_files: "datalog/836" compactIntoNextLevel: true destinationLevel: 1
2989230:Found dead task input_files: "datalog/823" input_files: "datalog/824" compactIntoNextLevel: true destinationLevel: 1
2989230:COMPACT_START sstable=0 input_files: "datalog/823" input_files: "datalog/824" compactIntoNextLevel: true destinationLevel: 1
2026-05-01 07:20:17:605 - Compaction started: 
140023324083776:Compacting datalog/823 datalog/824 into:sstable1/f1f4a080-8ce8-4c7d-805e-84077df40a2e202605010120011777620017608441831.sst
2026-05-01 07:20:17:621 - Compaction completed: 
2989230:Task input_files: "datalog/829" input_files: "datalog/830" compactIntoNextLevel: true destinationLevel: 1 is dead (hb=30)
2989230:Found dead task input_files: "datalog/829" input_files: "datalog/830" compactIntoNextLevel: true destinationLevel: 1
2989230:COMPACT_START sstable=0 input_files: "datalog/829" input_files: "datalog/830" compactIntoNextLevel: true destinationLevel: 1
2026-05-01 07:20:17:707 - Compaction started: 
140023324083776:Compacting datalog/829 datalog/830 into:sstable1/f1f4a080-8ce8-4c7d-805e-84077df40a2e202605010120011777620017710163120.sst
2026-05-01 07:20:17:723 - Compaction completed: 
2989230:COMPACT_START sstable=1 input_files: "sstable1/be350bb1-e009-48e9-ad72-beab261696b7202605010120011777620006080463962.sst" input_files: "sstable1/aad8fa3f-af37-48b6-9c9e-5102eb5ead33202605010120011777620009215972508.sst" compactIntoNextLevel: true destinationLevel: 2
2989230:COMPACT_ABORT input_files: "sstable1/be350bb1-e009-48e9-ad72-beab261696b7202605010120011777620006080463962.sst" input_files: "sstable1/aad8fa3f-af37-48b6-9c9e-5102eb5ead33202605010120011777620009215972508.sst" compactIntoNextLevel: true destinationLevel: 2
2989230:COMPACT_START sstable=1 input_files: "sstable1/aad8fa3f-af37-48b6-9c9e-5102eb5ead33202605010120011777620006256864857.sst" input_files: "sstable1/aad8fa3f-af37-48b6-9c9e-5102eb5ead33202605010120011777620009419404777.sst" compactIntoNextLevel: true destinationLevel: 2
2026-05-01 07:20:17:910 - Compaction started: 
140023324083776:Compacting sstable1/aad8fa3f-af37-48b6-9c9e-5102eb5ead33202605010120011777620006256864857.sst sstable1/aad8fa3f-af37-48b6-9c9e-5102eb5ead33202605010120011777620009419404777.sst into:sstable2/f1f4a080-8ce8-4c7d-805e-84077df40a2e202605010120011777620017931984511.sst
2026-05-01 07:20:17:965 - Compaction completed: 
2989230:COMPACT_START sstable=1 input_files: "sstable1/be350bb1-e009-48e9-ad72-beab261696b7202605010120011777620006490554237.sst" input_files: "sstable1/f1f4a080-8ce8-4c7d-805e-84077df40a2e202605010120011777620009611236910.sst" compactIntoNextLevel: true destinationLevel: 2
2026-05-01 07:20:18:012 - Compaction started: 
140023324083776:Compacting sstable1/be350bb1-e009-48e9-ad72-beab261696b7202605010120011777620006490554237.sst sstable1/f1f4a080-8ce8-4c7d-805e-84077df40a2e202605010120011777620009611236910.sst into:sstable2/f1f4a080-8ce8-4c7d-805e-84077df40a2e202605010120011777620018031581408.sst
2026-05-01 07:20:18:062 - Compaction completed: 
2989230:COMPACT_START sstable=1 input_files: "sstable1/be350bb1-e009-48e9-ad72-beab261696b7202605010120011777620006798253227.sst" input_files: "sstable1/f1f4a080-8ce8-4c7d-805e-84077df40a2e202605010120011777620006867371737.sst" compactIntoNextLevel: true destinationLevel: 2
2026-05-01 07:20:18:113 - Compaction started: 
140023324083776:Compacting sstable1/be350bb1-e009-48e9-ad72-beab261696b7202605010120011777620006798253227.sst sstable1/f1f4a080-8ce8-4c7d-805e-84077df40a2e202605010120011777620006867371737.sst into:sstable2/f1f4a080-8ce8-4c7d-805e-84077df40a2e202605010120011777620018133463769.sst
2026-05-01 07:20:18:165 - Compaction completed: 
2989230:COMPACT_START sstable=1 input_files: "sstable1/6827b02d-b513-48c7-8653-a49a356e22ec202605010120011777620007103312437.sst" input_files: "sstable1/be350bb1-e009-48e9-ad72-beab261696b7202605010120011777620007104476229.sst" compactIntoNextLevel: true destinationLevel: 2
2026-05-01 07:20:18:215 - Compaction started: 
140023324083776:Compacting sstable1/6827b02d-b513-48c7-8653-a49a356e22ec202605010120011777620007103312437.sst sstable1/be350bb1-e009-48e9-ad72-beab261696b7202605010120011777620007104476229.sst into:sstable2/f1f4a080-8ce8-4c7d-805e-84077df40a2e202605010120011777620018236208276.sst
2026-05-01 07:20:18:269 - Compaction completed: 
2989230:COMPACT_START sstable=1 input_files: "sstable1/6827b02d-b513-48c7-8653-a49a356e22ec202605010120011777620007410185058.sst" input_files: "sstable1/f1f4a080-8ce8-4c7d-805e-84077df40a2e202605010120011777620007480994388.sst" compactIntoNextLevel: true destinationLevel: 2
2026-05-01 07:20:18:317 - Compaction started: 
140023324083776:Compacting sstable1/6827b02d-b513-48c7-8653-a49a356e22ec202605010120011777620007410185058.sst sstable1/f1f4a080-8ce8-4c7d-805e-84077df40a2e202605010120011777620007480994388.sst into:sstable2/f1f4a080-8ce8-4c7d-805e-84077df40a2e202605010120011777620018336463266.sst
2026-05-01 07:20:18:367 - Compaction completed: 
2989230:COMPACT_START sstable=1 input_files: "sstable1/be350bb1-e009-48e9-ad72-beab261696b7202605010120011777620007615864229.sst" input_files: "sstable1/f1f4a080-8ce8-4c7d-805e-84077df40a2e202605010120011777620007685516079.sst" compactIntoNextLevel: true destinationLevel: 2
2026-05-01 07:20:18:419 - Compaction started: 
140023324083776:Compacting sstable1/be350bb1-e009-48e9-ad72-beab261696b7202605010120011777620007615864229.sst sstable1/f1f4a080-8ce8-4c7d-805e-84077df40a2e202605010120011777620007685516079.sst into:sstable2/f1f4a080-8ce8-4c7d-805e-84077df40a2e202605010120011777620018438899555.sst
2026-05-01 07:20:18:470 - Compaction completed: 
2989230:COMPACT_START sstable=1 input_files: "sstable1/aad8fa3f-af37-48b6-9c9e-5102eb5ead33202605010120011777620007893032053.sst" input_files: "sstable1/6827b02d-b513-48c7-8653-a49a356e22ec202605010120011777620007921149002.sst" compactIntoNextLevel: true destinationLevel: 2
2026-05-01 07:20:18:520 - Compaction started: 
140023324083776:Compacting sstable1/aad8fa3f-af37-48b6-9c9e-5102eb5ead33202605010120011777620007893032053.sst sstable1/6827b02d-b513-48c7-8653-a49a356e22ec202605010120011777620007921149002.sst into:sstable2/f1f4a080-8ce8-4c7d-805e-84077df40a2e202605010120011777620018541501385.sst
2026-05-01 07:20:18:573 - Compaction completed: 
2989230:COMPACT_START sstable=1 input_files: "sstable1/be350bb1-e009-48e9-ad72-beab261696b7202605010120011777620008122485813.sst" input_files: "sstable1/6827b02d-b513-48c7-8653-a49a356e22ec202605010120011777620008123125102.sst" compactIntoNextLevel: true destinationLevel: 2
2989230:COMPACT_ABORT input_files: "sstable1/be350bb1-e009-48e9-ad72-beab261696b7202605010120011777620008122485813.sst" input_files: "sstable1/6827b02d-b513-48c7-8653-a49a356e22ec202605010120011777620008123125102.sst" compactIntoNextLevel: true destinationLevel: 2
2989230:COMPACT_START sstable=1 input_files: "sstable1/aad8fa3f-af37-48b6-9c9e-5102eb5ead33202605010120011777620008197595094.sst" input_files: "sstable1/be350bb1-e009-48e9-ad72-beab261696b7202605010120011777620008223533659.sst" compactIntoNextLevel: true destinationLevel: 2
2026-05-01 07:20:18:622 - Compaction started: 
140023324083776:Compacting sstable1/aad8fa3f-af37-48b6-9c9e-5102eb5ead33202605010120011777620008197595094.sst sstable1/be350bb1-e009-48e9-ad72-beab261696b7202605010120011777620008223533659.sst into:sstable2/f1f4a080-8ce8-4c7d-805e-84077df40a2e202605010120011777620018641908150.sst
2026-05-01 07:20:18:673 - Compaction completed: 
2989230:COMPACT_START sstable=1 input_files: "sstable1/be350bb1-e009-48e9-ad72-beab261696b7202605010120011777620011470621955.sst" input_files: "sstable1/f1f4a080-8ce8-4c7d-805e-84077df40a2e202605010120011777620008393896195.sst" compactIntoNextLevel: true destinationLevel: 2
2989230:COMPACT_ABORT input_files: "sstable1/be350bb1-e009-48e9-ad72-beab261696b7202605010120011777620011470621955.sst" input_files: "sstable1/f1f4a080-8ce8-4c7d-805e-84077df40a2e202605010120011777620008393896195.sst" compactIntoNextLevel: true destinationLevel: 2
2989230:COMPACT_START sstable=1 input_files: "sstable1/f1f4a080-8ce8-4c7d-805e-84077df40a2e202605010120011777620008597351637.sst" input_files: "sstable1/aad8fa3f-af37-48b6-9c9e-5102eb5ead33202605010120011777620008605675902.sst" compactIntoNextLevel: true destinationLevel: 2
2026-05-01 07:20:18:825 - Compaction started: 
140023324083776:Compacting sstable1/f1f4a080-8ce8-4c7d-805e-84077df40a2e202605010120011777620008597351637.sst sstable1/aad8fa3f-af37-48b6-9c9e-5102eb5ead33202605010120011777620008605675902.sst into:sstable2/f1f4a080-8ce8-4c7d-805e-84077df40a2e202605010120011777620018844473423.sst
2026-05-01 07:20:18:874 - Compaction completed: 
2989230:COMPACT_START sstable=1 input_files: "sstable1/6827b02d-b513-48c7-8653-a49a356e22ec202605010120011777620008932847535.sst" input_files: "sstable1/be350bb1-e009-48e9-ad72-beab261696b7202605010120011777620008933024226.sst" compactIntoNextLevel: true destinationLevel: 2
2026-05-01 07:20:18:927 - Compaction started: 
140023324083776:Compacting sstable1/6827b02d-b513-48c7-8653-a49a356e22ec202605010120011777620008932847535.sst sstable1/be350bb1-e009-48e9-ad72-beab261696b7202605010120011777620008933024226.sst into:sstable2/f1f4a080-8ce8-4c7d-805e-84077df40a2e202605010120011777620018946671265.sst
2026-05-01 07:20:18:978 - Compaction completed: 
2989230:COMPACT_START sstable=1 input_files: "sstable1/be350bb1-e009-48e9-ad72-beab261696b7202605010120011777620012191497275.sst" input_files: "sstable1/6827b02d-b513-48c7-8653-a49a356e22ec202605010120011777620009236787689.sst" compactIntoNextLevel: true destinationLevel: 2
2989230:COMPACT_ABORT input_files: "sstable1/be350bb1-e009-48e9-ad72-beab261696b7202605010120011777620012191497275.sst" input_files: "sstable1/6827b02d-b513-48c7-8653-a49a356e22ec202605010120011777620009236787689.sst" compactIntoNextLevel: true destinationLevel: 2
2989230:COMPACT_START sstable=1 input_files: "sstable1/be350bb1-e009-48e9-ad72-beab261696b7202605010120011777620009439439314.sst" input_files: "sstable1/6827b02d-b513-48c7-8653-a49a356e22ec202605010120011777620009439646753.sst" compactIntoNextLevel: true destinationLevel: 2
2026-05-01 07:20:19:029 - Compaction started: 
140023324083776:Compacting sstable1/be350bb1-e009-48e9-ad72-beab261696b7202605010120011777620009439439314.sst sstable1/6827b02d-b513-48c7-8653-a49a356e22ec202605010120011777620009439646753.sst into:sstable2/f1f4a080-8ce8-4c7d-805e-84077df40a2e202605010120011777620019048436367.sst
2026-05-01 07:20:19:078 - Compaction completed: 
2989230:COMPACT_START sstable=1 input_files: "sstable1/be350bb1-e009-48e9-ad72-beab261696b7202605010120011777620009642450243.sst" input_files: "sstable1/6827b02d-b513-48c7-8653-a49a356e22ec202605010120011777620009743237140.sst" compactIntoNextLevel: true destinationLevel: 2
2026-05-01 07:20:19:131 - Compaction started: 
140023324083776:Compacting sstable1/be350bb1-e009-48e9-ad72-beab261696b7202605010120011777620009642450243.sst sstable1/6827b02d-b513-48c7-8653-a49a356e22ec202605010120011777620009743237140.sst into:sstable2/f1f4a080-8ce8-4c7d-805e-84077df40a2e202605010120011777620019149918467.sst
2026-05-01 07:20:19:179 - Compaction completed: 
2989230:Task input_files: "sstable1/be350bb1-e009-48e9-ad72-beab261696b7202605010120011777620006593344881.sst" input_files: "sstable1/aad8fa3f-af37-48b6-9c9e-5102eb5ead33202605010120011777620003517093009.sst" compactIntoNextLevel: true destinationLevel: 2 is dead (hb=30)
2989230:Found dead task input_files: "sstable1/be350bb1-e009-48e9-ad72-beab261696b7202605010120011777620006593344881.sst" input_files: "sstable1/aad8fa3f-af37-48b6-9c9e-5102eb5ead33202605010120011777620003517093009.sst" compactIntoNextLevel: true destinationLevel: 2
2989230:COMPACT_START sstable=1 input_files: "sstable1/be350bb1-e009-48e9-ad72-beab261696b7202605010120011777620006593344881.sst" input_files: "sstable1/aad8fa3f-af37-48b6-9c9e-5102eb5ead33202605010120011777620003517093009.sst" compactIntoNextLevel: true destinationLevel: 2
2026-05-01 07:20:19:233 - Compaction started: 
140023324083776:Compacting sstable1/be350bb1-e009-48e9-ad72-beab261696b7202605010120011777620006593344881.sst sstable1/aad8fa3f-af37-48b6-9c9e-5102eb5ead33202605010120011777620003517093009.sst into:sstable2/f1f4a080-8ce8-4c7d-805e-84077df40a2e202605010120011777620019255733500.sst
2026-05-01 07:20:19:292 - Compaction completed: 
2989230:COMPACT_START sstable=1 input_files: "sstable1/6827b02d-b513-48c7-8653-a49a356e22ec202605010120011777620009845192348.sst" input_files: "sstable1/f1f4a080-8ce8-4c7d-805e-84077df40a2e202605010120011777620009915886242.sst" compactIntoNextLevel: true destinationLevel: 2
2026-05-01 07:20:19:334 - Compaction started: 
140023324083776:Compacting sstable1/6827b02d-b513-48c7-8653-a49a356e22ec202605010120011777620009845192348.sst sstable1/f1f4a080-8ce8-4c7d-805e-84077df40a2e202605010120011777620009915886242.sst into:sstable2/f1f4a080-8ce8-4c7d-805e-84077df40a2e202605010120011777620019352422215.sst
2026-05-01 07:20:19:381 - Compaction completed: 
2989230:COMPACT_START sstable=1 input_files: "sstable1/be350bb1-e009-48e9-ad72-beab261696b7202605010120011777620012989245281.sst" input_files: "sstable1/f1f4a080-8ce8-4c7d-805e-84077df40a2e202605010120011777620010018543435.sst" compactIntoNextLevel: true destinationLevel: 2
2989230:COMPACT_ABORT input_files: "sstable1/be350bb1-e009-48e9-ad72-beab261696b7202605010120011777620012989245281.sst" input_files: "sstable1/f1f4a080-8ce8-4c7d-805e-84077df40a2e202605010120011777620010018543435.sst" compactIntoNextLevel: true destinationLevel: 2
2989230:COMPACT_START sstable=1 input_files: "sstable1/aad8fa3f-af37-48b6-9c9e-5102eb5ead33202605010120011777620010132859465.sst" input_files: "sstable1/be350bb1-e009-48e9-ad72-beab261696b7202605010120011777620019291053823.sst" compactIntoNextLevel: true destinationLevel: 2
2989230:COMPACT_ABORT input_files: "sstable1/aad8fa3f-af37-48b6-9c9e-5102eb5ead33202605010120011777620010132859465.sst" input_files: "sstable1/be350bb1-e009-48e9-ad72-beab261696b7202605010120011777620019291053823.sst" compactIntoNextLevel: true destinationLevel: 2
2989230:COMPACT_START sstable=1 input_files: "sstable1/6827b02d-b513-48c7-8653-a49a356e22ec202605010120011777620010250203501.sst" input_files: "sstable1/aad8fa3f-af37-48b6-9c9e-5102eb5ead33202605010120011777620010336043579.sst" compactIntoNextLevel: true destinationLevel: 2
2026-05-01 07:20:19:659 - Compaction started: 
140023324083776:Compacting sstable1/6827b02d-b513-48c7-8653-a49a356e22ec202605010120011777620010250203501.sst sstable1/aad8fa3f-af37-48b6-9c9e-5102eb5ead33202605010120011777620010336043579.sst into:sstable2/f1f4a080-8ce8-4c7d-805e-84077df40a2e202605010120011777620019679034249.sst
2026-05-01 07:20:19:709 - Compaction completed: 
2989230:COMPACT_START sstable=1 input_files: "sstable1/aad8fa3f-af37-48b6-9c9e-5102eb5ead33202605010120011777620010539550177.sst" input_files: "sstable1/be350bb1-e009-48e9-ad72-beab261696b7202605010120011777620010554166447.sst" compactIntoNextLevel: true destinationLevel: 2
2026-05-01 07:20:19:761 - Compaction started: 
140023324083776:Compacting sstable1/aad8fa3f-af37-48b6-9c9e-5102eb5ead33202605010120011777620010539550177.sst sstable1/be350bb1-e009-48e9-ad72-beab261696b7202605010120011777620010554166447.sst into:sstable2/f1f4a080-8ce8-4c7d-805e-84077df40a2e202605010120011777620019780625916.sst
2026-05-01 07:20:19:811 - Compaction completed: 
2989230:COMPACT_START sstable=1 input_files: "sstable1/be350bb1-e009-48e9-ad72-beab261696b7202605010120011777620013830326050.sst" input_files: "sstable1/6827b02d-b513-48c7-8653-a49a356e22ec202605010120011777620010756456464.sst" compactIntoNextLevel: true destinationLevel: 2
2026-05-01 07:20:19:863 - Compaction started: 
140023324083776:Compacting sstable1/be350bb1-e009-48e9-ad72-beab261696b7202605010120011777620013830326050.sst sstable1/6827b02d-b513-48c7-8653-a49a356e22ec202605010120011777620010756456464.sst into:sstable2/f1f4a080-8ce8-4c7d-805e-84077df40a2e202605010120011777620019882764857.sst
2026-05-01 07:20:19:915 - Compaction completed: 
2989230:COMPACT_START sstable=1 input_files: "sstable1/be350bb1-e009-48e9-ad72-beab261696b7202605010120011777620014033167361.sst" input_files: "sstable1/6827b02d-b513-48c7-8653-a49a356e22ec202605010120011777620014053504295.sst" compactIntoNextLevel: true destinationLevel: 2
2026-05-01 07:20:19:965 - Compaction started: 
140023324083776:Compacting sstable1/be350bb1-e009-48e9-ad72-beab261696b7202605010120011777620014033167361.sst sstable1/6827b02d-b513-48c7-8653-a49a356e22ec202605010120011777620014053504295.sst into:sstable2/f1f4a080-8ce8-4c7d-805e-84077df40a2e202605010120011777620019984215759.sst
2026-05-01 07:20:20:016 - Compaction completed: 
2989230:COMPACT_START sstable=1 input_files: "sstable1/6827b02d-b513-48c7-8653-a49a356e22ec202605010120011777620011063247161.sst" input_files: "sstable1/f1f4a080-8ce8-4c7d-805e-84077df40a2e202605010120011777620011137794118.sst" compactIntoNextLevel: true destinationLevel: 2
2026-05-01 07:20:20:067 - Compaction started: 
140023324083776:Compacting sstable1/6827b02d-b513-48c7-8653-a49a356e22ec202605010120011777620011063247161.sst sstable1/f1f4a080-8ce8-4c7d-805e-84077df40a2e202605010120011777620011137794118.sst into:sstable2/f1f4a080-8ce8-4c7d-805e-84077df40a2e202605010120011777620020084496017.sst
2026-05-01 07:20:20:114 - Compaction completed: 
2989230:COMPACT_START sstable=1 input_files: "sstable1/aad8fa3f-af37-48b6-9c9e-5102eb5ead33202605010120011777620011253665664.sst" input_files: "sstable1/be350bb1-e009-48e9-ad72-beab261696b7202605010120011777620011266608637.sst" compactIntoNextLevel: true destinationLevel: 2
2989230:COMPACT_ABORT input_files: "sstable1/aad8fa3f-af37-48b6-9c9e-5102eb5ead33202605010120011777620011253665664.sst" input_files: "sstable1/be350bb1-e009-48e9-ad72-beab261696b7202605010120011777620011266608637.sst" compactIntoNextLevel: true destinationLevel: 2
2989230:COMPACT_START sstable=1 input_files: "sstable1/6827b02d-b513-48c7-8653-a49a356e22ec202605010120011777620011574879157.sst" input_files: "sstable1/6827b02d-b513-48c7-8653-a49a356e22ec202605010120011777620014763578226.sst" compactIntoNextLevel: true destinationLevel: 2
2026-05-01 07:20:20:270 - Compaction started: 
140023324083776:Compacting sstable1/6827b02d-b513-48c7-8653-a49a356e22ec202605010120011777620011574879157.sst sstable1/6827b02d-b513-48c7-8653-a49a356e22ec202605010120011777620014763578226.sst into:sstable2/f1f4a080-8ce8-4c7d-805e-84077df40a2e202605010120011777620020287904301.sst
2026-05-01 07:20:20:317 - Compaction completed: 
2989230:Task input_files: "datalog/799" input_files: "datalog/800" compactIntoNextLevel: true destinationLevel: 1 is dead (hb=30)
2989230:Task input_files: "sstable1/be350bb1-e009-48e9-ad72-beab261696b7202605010120011777620008021118457.sst" input_files: "sstable1/f1f4a080-8ce8-4c7d-805e-84077df40a2e202605010120011777620008091400019.sst" compactIntoNextLevel: true destinationLevel: 2 is dead (hb=30)
2989230:Found dead task input_files: "sstable1/be350bb1-e009-48e9-ad72-beab261696b7202605010120011777620008021118457.sst" input_files: "sstable1/f1f4a080-8ce8-4c7d-805e-84077df40a2e202605010120011777620008091400019.sst" compactIntoNextLevel: true destinationLevel: 2
2989230:COMPACT_START sstable=1 input_files: "sstable1/be350bb1-e009-48e9-ad72-beab261696b7202605010120011777620008021118457.sst" input_files: "sstable1/f1f4a080-8ce8-4c7d-805e-84077df40a2e202605010120011777620008091400019.sst" compactIntoNextLevel: true destinationLevel: 2
2989230:COMPACT_ABORT input_files: "sstable1/be350bb1-e009-48e9-ad72-beab261696b7202605010120011777620008021118457.sst" input_files: "sstable1/f1f4a080-8ce8-4c7d-805e-84077df40a2e202605010120011777620008091400019.sst" compactIntoNextLevel: true destinationLevel: 2
2989230:COMPACT_START sstable=1 input_files: "sstable1/aad8fa3f-af37-48b6-9c9e-5102eb5ead33202605010120011777620012004694960.sst" input_files: "sstable1/6827b02d-b513-48c7-8653-a49a356e22ec202605010120011777620012082273270.sst" compactIntoNextLevel: true destinationLevel: 2
2026-05-01 07:20:20:472 - Compaction started: 
140023324083776:Compacting sstable1/aad8fa3f-af37-48b6-9c9e-5102eb5ead33202605010120011777620012004694960.sst sstable1/6827b02d-b513-48c7-8653-a49a356e22ec202605010120011777620012082273270.sst into:sstable2/f1f4a080-8ce8-4c7d-805e-84077df40a2e202605010120011777620020489765564.sst
2026-05-01 07:20:20:517 - Compaction completed: 
2989230:COMPACT_START sstable=1 input_files: "sstable1/aad8fa3f-af37-48b6-9c9e-5102eb5ead33202605010120011777620018421028344.sst" input_files: "sstable1/f1f4a080-8ce8-4c7d-805e-84077df40a2e202605010120011777620015297529012.sst" compactIntoNextLevel: true destinationLevel: 2
2989230:COMPACT_ABORT input_files: "sstable1/aad8fa3f-af37-48b6-9c9e-5102eb5ead33202605010120011777620018421028344.sst" input_files: "sstable1/f1f4a080-8ce8-4c7d-805e-84077df40a2e202605010120011777620015297529012.sst" compactIntoNextLevel: true destinationLevel: 2
2989230:COMPACT_START sstable=1 input_files: "sstable1/6827b02d-b513-48c7-8653-a49a356e22ec202605010120011777620012329687639.sst" input_files: "sstable1/f1f4a080-8ce8-4c7d-805e-84077df40a2e202605010120011777620012341662878.sst" compactIntoNextLevel: true destinationLevel: 2
2026-05-01 07:20:20:574 - Compaction started: 
140023324083776:Compacting sstable1/6827b02d-b513-48c7-8653-a49a356e22ec202605010120011777620012329687639.sst sstable1/f1f4a080-8ce8-4c7d-805e-84077df40a2e202605010120011777620012341662878.sst into:sstable2/f1f4a080-8ce8-4c7d-805e-84077df40a2e202605010120011777620020591382137.sst
2026-05-01 07:20:20:618 - Compaction completed: 
2989230:COMPACT_START sstable=1 input_files: "sstable2/6827b02d-b513-48c7-8653-a49a356e22ec202605010120011777620015408087808.sst" input_files: "sstable2/aad8fa3f-af37-48b6-9c9e-5102eb5ead33202605010120011777620015426711530.sst" compactIntoNextLevel: false destinationLevel: 2
2026-05-01 07:20:20:678 - Compaction started: 
140023324083776:Compacting sstable2/6827b02d-b513-48c7-8653-a49a356e22ec202605010120011777620015408087808.sst sstable2/aad8fa3f-af37-48b6-9c9e-5102eb5ead33202605010120011777620015426711530.sst into:sstable2/0_f1f4a080-8ce8-4c7d-805e-84077df40a2e202605010120011777620020727565449.sst
2026-05-01 07:20:20:800 - Compaction completed: 
2989230:COMPACT_START sstable=1 input_files: "sstable2/be350bb1-e009-48e9-ad72-beab261696b7202605010120011777620015591624550.sst" input_files: "sstable2/6827b02d-b513-48c7-8653-a49a356e22ec202605010120011777620015611397266.sst" compactIntoNextLevel: false destinationLevel: 2
2026-05-01 07:20:20:882 - Compaction started: 
140023324083776:Compacting sstable2/be350bb1-e009-48e9-ad72-beab261696b7202605010120011777620015591624550.sst sstable2/6827b02d-b513-48c7-8653-a49a356e22ec202605010120011777620015611397266.sst into:sstable2/0_f1f4a080-8ce8-4c7d-805e-84077df40a2e202605010120011777620020932246188.sst
2026-05-01 07:20:21:028 - Compaction completed: 
2989230:COMPACT_START sstable=1 input_files: "sstable2/0_aad8fa3f-af37-48b6-9c9e-5102eb5ead33202605010120011777620020738438703.sst" input_files: "sstable2/0_be350bb1-e009-48e9-ad72-beab261696b7202605010120011777620020810380677.sst" compactIntoNextLevel: false destinationLevel: 2
2989230:COMPACT_ABORT input_files: "sstable2/0_aad8fa3f-af37-48b6-9c9e-5102eb5ead33202605010120011777620020738438703.sst" input_files: "sstable2/0_be350bb1-e009-48e9-ad72-beab261696b7202605010120011777620020810380677.sst" compactIntoNextLevel: false destinationLevel: 2
2989230:COMPACT_START sstable=1 input_files: "sstable2/aad8fa3f-af37-48b6-9c9e-5102eb5ead33202605010120011777620015862217029.sst" input_files: "sstable2/be350bb1-e009-48e9-ad72-beab261696b7202605010120011777620015950277218.sst" compactIntoNextLevel: false destinationLevel: 2
2989230:COMPACT_ABORT input_files: "sstable2/aad8fa3f-af37-48b6-9c9e-5102eb5ead33202605010120011777620015862217029.sst" input_files: "sstable2/be350bb1-e009-48e9-ad72-beab261696b7202605010120011777620015950277218.sst" compactIntoNextLevel: false destinationLevel: 2
2989230:COMPACT_START sstable=1 input_files: "sstable2/f1f4a080-8ce8-4c7d-805e-84077df40a2e202605010120011777620019255733500.sst" input_files: "sstable2/aad8fa3f-af37-48b6-9c9e-5102eb5ead33202605010120011777620019257965435.sst" compactIntoNextLevel: false destinationLevel: 2
2989230:COMPACT_ABORT input_files: "sstable2/f1f4a080-8ce8-4c7d-805e-84077df40a2e202605010120011777620019255733500.sst" input_files: "sstable2/aad8fa3f-af37-48b6-9c9e-5102eb5ead33202605010120011777620019257965435.sst" compactIntoNextLevel: false destinationLevel: 2
2989230:Task input_files: "sstable1/aad8fa3f-af37-48b6-9c9e-5102eb5ead33202605010120011777620007484499169.sst" input_files: "sstable1/be350bb1-e009-48e9-ad72-beab261696b7202605010120011777620010655784522.sst" compactIntoNextLevel: true destinationLevel: 2 is dead (hb=30)
2989230:Found dead task input_files: "sstable1/aad8fa3f-af37-48b6-9c9e-5102eb5ead33202605010120011777620007484499169.sst" input_files: "sstable1/be350bb1-e009-48e9-ad72-beab261696b7202605010120011777620010655784522.sst" compactIntoNextLevel: true destinationLevel: 2
2989230:COMPACT_START sstable=1 input_files: "sstable1/aad8fa3f-af37-48b6-9c9e-5102eb5ead33202605010120011777620007484499169.sst" input_files: "sstable1/be350bb1-e009-48e9-ad72-beab261696b7202605010120011777620010655784522.sst" compactIntoNextLevel: true destinationLevel: 2
2026-05-01 07:20:21:400 - Compaction started: 
140023324083776:Compacting sstable1/aad8fa3f-af37-48b6-9c9e-5102eb5ead33202605010120011777620007484499169.sst sstable1/be350bb1-e009-48e9-ad72-beab261696b7202605010120011777620010655784522.sst into:sstable2/f1f4a080-8ce8-4c7d-805e-84077df40a2e202605010120011777620021419562673.sst
2026-05-01 07:20:21:449 - Compaction completed: 
2989230:COMPACT_START sstable=1 input_files: "sstable2/6827b02d-b513-48c7-8653-a49a356e22ec202605010120011777620019442945112.sst" input_files: "sstable2/f1f4a080-8ce8-4c7d-805e-84077df40a2e202605010120011777620016398906188.sst" compactIntoNextLevel: false destinationLevel: 2
2026-05-01 07:20:21:510 - Compaction started: 
140023324083776:Compacting sstable2/6827b02d-b513-48c7-8653-a49a356e22ec202605010120011777620019442945112.sst sstable2/f1f4a080-8ce8-4c7d-805e-84077df40a2e202605010120011777620016398906188.sst into:sstable2/0_f1f4a080-8ce8-4c7d-805e-84077df40a2e202605010120011777620021554749497.sst
2026-05-01 07:20:21:631 - Compaction completed: 
2989230:Task input_files: "sstable1/6827b02d-b513-48c7-8653-a49a356e22ec202605010120011777620008426735627.sst" input_files: "sstable1/aad8fa3f-af37-48b6-9c9e-5102eb5ead33202605010120011777620008504417060.sst" compactIntoNextLevel: true destinationLevel: 2 is dead (hb=30)
2989230:Task input_files: "sstable1/aad8fa3f-af37-48b6-9c9e-5102eb5ead33202605010120011777620008300061490.sst" input_files: "sstable1/be350bb1-e009-48e9-ad72-beab261696b7202605010120011777620008324526533.sst" compactIntoNextLevel: true destinationLevel: 2 is dead (hb=30)
2989230:Found dead task input_files: "sstable1/aad8fa3f-af37-48b6-9c9e-5102eb5ead33202605010120011777620008300061490.sst" input_files: "sstable1/be350bb1-e009-48e9-ad72-beab261696b7202605010120011777620008324526533.sst" compactIntoNextLevel: true destinationLevel: 2
2989230:COMPACT_START sstable=1 input_files: "sstable1/aad8fa3f-af37-48b6-9c9e-5102eb5ead33202605010120011777620008300061490.sst" input_files: "sstable1/be350bb1-e009-48e9-ad72-beab261696b7202605010120011777620008324526533.sst" compactIntoNextLevel: true destinationLevel: 2
2026-05-01 07:20:21:821 - Compaction started: 
140023324083776:Compacting sstable1/aad8fa3f-af37-48b6-9c9e-5102eb5ead33202605010120011777620008300061490.sst sstable1/be350bb1-e009-48e9-ad72-beab261696b7202605010120011777620008324526533.sst into:sstable2/f1f4a080-8ce8-4c7d-805e-84077df40a2e202605010120011777620021840672745.sst
2026-05-01 07:20:21:871 - Compaction completed: 
2989230:Task input_files: "sstable1/be350bb1-e009-48e9-ad72-beab261696b7202605010120011777620008831971942.sst" input_files: "sstable1/aad8fa3f-af37-48b6-9c9e-5102eb5ead33202605010120011777620008910807909.sst" compactIntoNextLevel: true destinationLevel: 2 is dead (hb=30)
2989230:Found dead task input_files: "sstable1/be350bb1-e009-48e9-ad72-beab261696b7202605010120011777620008831971942.sst" input_files: "sstable1/aad8fa3f-af37-48b6-9c9e-5102eb5ead33202605010120011777620008910807909.sst" compactIntoNextLevel: true destinationLevel: 2
2989230:COMPACT_START sstable=1 input_files: "sstable1/be350bb1-e009-48e9-ad72-beab261696b7202605010120011777620008831971942.sst" input_files: "sstable1/aad8fa3f-af37-48b6-9c9e-5102eb5ead33202605010120011777620008910807909.sst" compactIntoNextLevel: true destinationLevel: 2
2026-05-01 07:20:21:924 - Compaction started: 
140023324083776:Compacting sstable1/be350bb1-e009-48e9-ad72-beab261696b7202605010120011777620008831971942.sst sstable1/aad8fa3f-af37-48b6-9c9e-5102eb5ead33202605010120011777620008910807909.sst into:sstable2/f1f4a080-8ce8-4c7d-805e-84077df40a2e202605010120011777620021944064064.sst
2026-05-01 07:20:21:975 - Compaction completed: 
2989230:Task input_files: "sstable1/be350bb1-e009-48e9-ad72-beab261696b7202605010120011777620012191497275.sst" input_files: "sstable1/6827b02d-b513-48c7-8653-a49a356e22ec202605010120011777620009236787689.sst" compactIntoNextLevel: true destinationLevel: 2 is dead (hb=30)
2989230:Task input_files: "datalog/699" input_files: "datalog/700" compactIntoNextLevel: true destinationLevel: 1 is dead (hb=30)
2989230:Found dead task input_files: "datalog/699" input_files: "datalog/700" compactIntoNextLevel: true destinationLevel: 1
2989230:COMPACT_START sstable=0 input_files: "datalog/699" input_files: "datalog/700" compactIntoNextLevel: true destinationLevel: 1
2989230:COMPACT_ABORT input_files: "datalog/699" input_files: "datalog/700" compactIntoNextLevel: true destinationLevel: 1
2989230:Found dead task input_files: "sstable1/be350bb1-e009-48e9-ad72-beab261696b7202605010120011777620012191497275.sst" input_files: "sstable1/6827b02d-b513-48c7-8653-a49a356e22ec202605010120011777620009236787689.sst" compactIntoNextLevel: true destinationLevel: 2
2989230:COMPACT_START sstable=1 input_files: "sstable1/be350bb1-e009-48e9-ad72-beab261696b7202605010120011777620012191497275.sst" input_files: "sstable1/6827b02d-b513-48c7-8653-a49a356e22ec202605010120011777620009236787689.sst" compactIntoNextLevel: true destinationLevel: 2
2989230:COMPACT_ABORT input_files: "sstable1/be350bb1-e009-48e9-ad72-beab261696b7202605010120011777620012191497275.sst" input_files: "sstable1/6827b02d-b513-48c7-8653-a49a356e22ec202605010120011777620009236787689.sst" compactIntoNextLevel: true destinationLevel: 2
2989230:Task input_files: "sstable1/aad8fa3f-af37-48b6-9c9e-5102eb5ead33202605010120011777620009623573887.sst" input_files: "sstable1/6827b02d-b513-48c7-8653-a49a356e22ec202605010120011777620009641999347.sst" compactIntoNextLevel: true destinationLevel: 2 is dead (hb=30)
2989230:Found dead task input_files: "sstable1/aad8fa3f-af37-48b6-9c9e-5102eb5ead33202605010120011777620009623573887.sst" input_files: "sstable1/6827b02d-b513-48c7-8653-a49a356e22ec202605010120011777620009641999347.sst" compactIntoNextLevel: true destinationLevel: 2
2989230:COMPACT_START sstable=1 input_files: "sstable1/aad8fa3f-af37-48b6-9c9e-5102eb5ead33202605010120011777620009623573887.sst" input_files: "sstable1/6827b02d-b513-48c7-8653-a49a356e22ec202605010120011777620009641999347.sst" compactIntoNextLevel: true destinationLevel: 2
2026-05-01 07:20:22:236 - Compaction started: 
140023324083776:Compacting sstable1/aad8fa3f-af37-48b6-9c9e-5102eb5ead33202605010120011777620009623573887.sst sstable1/6827b02d-b513-48c7-8653-a49a356e22ec202605010120011777620009641999347.sst into:sstable2/f1f4a080-8ce8-4c7d-805e-84077df40a2e202605010120011777620022255226737.sst
2026-05-01 07:20:22:285 - Compaction completed: 
2989230:Task input_files: "sstable1/be350bb1-e009-48e9-ad72-beab261696b7202605010120011777620012989245281.sst" input_files: "sstable1/f1f4a080-8ce8-4c7d-805e-84077df40a2e202605010120011777620010018543435.sst" compactIntoNextLevel: true destinationLevel: 2 is dead (hb=30)
2989230:Found dead task input_files: "sstable1/be350bb1-e009-48e9-ad72-beab261696b7202605010120011777620012989245281.sst" input_files: "sstable1/f1f4a080-8ce8-4c7d-805e-84077df40a2e202605010120011777620010018543435.sst" compactIntoNextLevel: true destinationLevel: 2
2989230:COMPACT_START sstable=1 input_files: "sstable1/be350bb1-e009-48e9-ad72-beab261696b7202605010120011777620012989245281.sst" input_files: "sstable1/f1f4a080-8ce8-4c7d-805e-84077df40a2e202605010120011777620010018543435.sst" compactIntoNextLevel: true destinationLevel: 2
2026-05-01 07:20:22:555 - Compaction started: 
140023324083776:Compacting sstable1/be350bb1-e009-48e9-ad72-beab261696b7202605010120011777620012989245281.sst sstable1/f1f4a080-8ce8-4c7d-805e-84077df40a2e202605010120011777620010018543435.sst into:sstable2/f1f4a080-8ce8-4c7d-805e-84077df40a2e202605010120011777620022574916955.sst
2026-05-01 07:20:22:605 - Compaction completed: 
2989230:Task input_files: "sstable1/6827b02d-b513-48c7-8653-a49a356e22ec202605010120011777620004035517569.sst" input_files: "sstable1/be350bb1-e009-48e9-ad72-beab261696b7202605010120011777620004048013584.sst" compactIntoNextLevel: true destinationLevel: 2 is dead (hb=30)
2989230:Task input_files: "sstable1/aad8fa3f-af37-48b6-9c9e-5102eb5ead33202605010120011777620010132859465.sst" input_files: "sstable1/be350bb1-e009-48e9-ad72-beab261696b7202605010120011777620019291053823.sst" compactIntoNextLevel: true destinationLevel: 2 is dead (hb=30)
2989230:Found dead task input_files: "sstable1/aad8fa3f-af37-48b6-9c9e-5102eb5ead33202605010120011777620010132859465.sst" input_files: "sstable1/be350bb1-e009-48e9-ad72-beab261696b7202605010120011777620019291053823.sst" compactIntoNextLevel: true destinationLevel: 2
2989230:COMPACT_START sstable=1 input_files: "sstable1/aad8fa3f-af37-48b6-9c9e-5102eb5ead33202605010120011777620010132859465.sst" input_files: "sstable1/be350bb1-e009-48e9-ad72-beab261696b7202605010120011777620019291053823.sst" compactIntoNextLevel: true destinationLevel: 2
2026-05-01 07:20:22:657 - Compaction started: 
140023324083776:Compacting sstable1/aad8fa3f-af37-48b6-9c9e-5102eb5ead33202605010120011777620010132859465.sst sstable1/be350bb1-e009-48e9-ad72-beab261696b7202605010120011777620019291053823.sst into:sstable2/f1f4a080-8ce8-4c7d-805e-84077df40a2e202605010120011777620022676456423.sst
2026-05-01 07:20:22:707 - Compaction completed: 
2989230:Task input_files: "sstable1/aad8fa3f-af37-48b6-9c9e-5102eb5ead33202605010120011777620010234152661.sst" input_files: "sstable1/be350bb1-e009-48e9-ad72-beab261696b7202605010120011777620010249952380.sst" compactIntoNextLevel: true destinationLevel: 2 is dead (hb=30)
2989230:Found dead task input_files: "sstable1/aad8fa3f-af37-48b6-9c9e-5102eb5ead33202605010120011777620010234152661.sst" input_files: "sstable1/be350bb1-e009-48e9-ad72-beab261696b7202605010120011777620010249952380.sst" compactIntoNextLevel: true destinationLevel: 2
2989230:COMPACT_START sstable=1 input_files: "sstable1/aad8fa3f-af37-48b6-9c9e-5102eb5ead33202605010120011777620010234152661.sst" input_files: "sstable1/be350bb1-e009-48e9-ad72-beab261696b7202605010120011777620010249952380.sst" compactIntoNextLevel: true destinationLevel: 2
2989230:COMPACT_ABORT input_files: "sstable1/aad8fa3f-af37-48b6-9c9e-5102eb5ead33202605010120011777620010234152661.sst" input_files: "sstable1/be350bb1-e009-48e9-ad72-beab261696b7202605010120011777620010249952380.sst" compactIntoNextLevel: true destinationLevel: 2
2989230:COMPACT_START sstable=1 input_files: "sstable2/be350bb1-e009-48e9-ad72-beab261696b7202605010120011777620016563201290.sst" input_files: "sstable2/6827b02d-b513-48c7-8653-a49a356e22ec202605010120011777620016579062022.sst" compactIntoNextLevel: false destinationLevel: 2
2026-05-01 07:20:22:870 - Compaction started: 
140023324083776:Compacting sstable2/be350bb1-e009-48e9-ad72-beab261696b7202605010120011777620016563201290.sst sstable2/6827b02d-b513-48c7-8653-a49a356e22ec202605010120011777620016579062022.sst into:sstable2/0_f1f4a080-8ce8-4c7d-805e-84077df40a2e202605010120011777620022915502114.sst
2026-05-01 07:20:22:988 - Compaction completed: 
2989230:COMPACT_START sstable=1 input_files: "sstable2/be350bb1-e009-48e9-ad72-beab261696b7202605010120011777620019849623309.sst" input_files: "sstable2/6827b02d-b513-48c7-8653-a49a356e22ec202605010120011777620016787414795.sst" compactIntoNextLevel: false destinationLevel: 2
2026-05-01 07:20:23:084 - Compaction started: 
140023324083776:Compacting sstable2/be350bb1-e009-48e9-ad72-beab261696b7202605010120011777620019849623309.sst sstable2/6827b02d-b513-48c7-8653-a49a356e22ec202605010120011777620016787414795.sst into:sstable2/0_f1f4a080-8ce8-4c7d-805e-84077df40a2e202605010120011777620023131612799.sst
2026-05-01 07:20:23:206 - Compaction completed: 
2989230:COMPACT_START sstable=1 input_files: "sstable2/be350bb1-e009-48e9-ad72-beab261696b7202605010120011777620016972859464.sst" input_files: "sstable2/6827b02d-b513-48c7-8653-a49a356e22ec202605010120011777620020069652180.sst" compactIntoNextLevel: false destinationLevel: 2
2989230:COMPACT_ABORT input_files: "sstable2/be350bb1-e009-48e9-ad72-beab261696b7202605010120011777620016972859464.sst" input_files: "sstable2/6827b02d-b513-48c7-8653-a49a356e22ec202605010120011777620020069652180.sst" compactIntoNextLevel: false destinationLevel: 2
2989230:Task input_files: "sstable1/be350bb1-e009-48e9-ad72-beab261696b7202605010120011777620015064532211.sst" input_files: "sstable1/f1f4a080-8ce8-4c7d-805e-84077df40a2e202605010120011777620011891182457.sst" compactIntoNextLevel: true destinationLevel: 2 is dead (hb=30)
2989230:Task input_files: "sstable1/be350bb1-e009-48e9-ad72-beab261696b7202605010120011777620008021118457.sst" input_files: "sstable1/f1f4a080-8ce8-4c7d-805e-84077df40a2e202605010120011777620008091400019.sst" compactIntoNextLevel: true destinationLevel: 2 is dead (hb=30)
2989230:Task input_files: "sstable1/be350bb1-e009-48e9-ad72-beab261696b7202605010120011777620005062775340.sst" input_files: "sstable1/f1f4a080-8ce8-4c7d-805e-84077df40a2e202605010120011777620005135180062.sst" compactIntoNextLevel: true destinationLevel: 2 is dead (hb=30)
2989230:Task input_files: "sstable1/f1f4a080-8ce8-4c7d-805e-84077df40a2e202605010120011777620011342752267.sst" input_files: "sstable1/6827b02d-b513-48c7-8653-a49a356e22ec202605010120011777620005150397879.sst" compactIntoNextLevel: true destinationLevel: 2 is dead (hb=30)
2989230:Found dead task input_files: "sstable1/f1f4a080-8ce8-4c7d-805e-84077df40a2e202605010120011777620011342752267.sst" input_files: "sstable1/6827b02d-b513-48c7-8653-a49a356e22ec202605010120011777620005150397879.sst" compactIntoNextLevel: true destinationLevel: 2
2989230:COMPACT_START sstable=1 input_files: "sstable1/f1f4a080-8ce8-4c7d-805e-84077df40a2e202605010120011777620011342752267.sst" input_files: "sstable1/6827b02d-b513-48c7-8653-a49a356e22ec202605010120011777620005150397879.sst" compactIntoNextLevel: true destinationLevel: 2
2026-05-01 07:20:23:401 - Compaction started: 
140023324083776:Compacting sstable1/f1f4a080-8ce8-4c7d-805e-84077df40a2e202605010120011777620011342752267.sst sstable1/6827b02d-b513-48c7-8653-a49a356e22ec202605010120011777620005150397879.sst into:sstable2/f1f4a080-8ce8-4c7d-805e-84077df40a2e202605010120011777620023425193774.sst
2026-05-01 07:20:23:462 - Compaction completed: 
2989230:Task input_files: "sstable1/aad8fa3f-af37-48b6-9c9e-5102eb5ead33202605010120011777620018421028344.sst" input_files: "sstable1/f1f4a080-8ce8-4c7d-805e-84077df40a2e202605010120011777620015297529012.sst" compactIntoNextLevel: true destinationLevel: 2 is dead (hb=30)
2989230:Found dead task input_files: "sstable1/aad8fa3f-af37-48b6-9c9e-5102eb5ead33202605010120011777620018421028344.sst" input_files: "sstable1/f1f4a080-8ce8-4c7d-805e-84077df40a2e202605010120011777620015297529012.sst" compactIntoNextLevel: true destinationLevel: 2
2989230:COMPACT_START sstable=1 input_files: "sstable1/aad8fa3f-af37-48b6-9c9e-5102eb5ead33202605010120011777620018421028344.sst" input_files: "sstable1/f1f4a080-8ce8-4c7d-805e-84077df40a2e202605010120011777620015297529012.sst" compactIntoNextLevel: true destinationLevel: 2
2989230:COMPACT_ABORT input_files: "sstable1/aad8fa3f-af37-48b6-9c9e-5102eb5ead33202605010120011777620018421028344.sst" input_files: "sstable1/f1f4a080-8ce8-4c7d-805e-84077df40a2e202605010120011777620015297529012.sst" compactIntoNextLevel: true destinationLevel: 2
2989230:Found dead task input_files: "sstable1/be350bb1-e009-48e9-ad72-beab261696b7202605010120011777620015064532211.sst" input_files: "sstable1/f1f4a080-8ce8-4c7d-805e-84077df40a2e202605010120011777620011891182457.sst" compactIntoNextLevel: true destinationLevel: 2
2989230:COMPACT_START sstable=1 input_files: "sstable1/be350bb1-e009-48e9-ad72-beab261696b7202605010120011777620015064532211.sst" input_files: "sstable1/f1f4a080-8ce8-4c7d-805e-84077df40a2e202605010120011777620011891182457.sst" compactIntoNextLevel: true destinationLevel: 2
2026-05-01 07:20:23:517 - Compaction started: 
140023324083776:Compacting sstable1/be350bb1-e009-48e9-ad72-beab261696b7202605010120011777620015064532211.sst sstable1/f1f4a080-8ce8-4c7d-805e-84077df40a2e202605010120011777620011891182457.sst into:sstable2/f1f4a080-8ce8-4c7d-805e-84077df40a2e202605010120011777620023535370393.sst
2026-05-01 07:20:23:563 - Compaction completed: 
2989230:Task input_files: "sstable1/f1f4a080-8ce8-4c7d-805e-84077df40a2e202605010120011777620012225055003.sst" input_files: "sstable1/f1f4a080-8ce8-4c7d-805e-84077df40a2e202605010120011777620015399344157.sst" compactIntoNextLevel: true destinationLevel: 2 is dead (hb=30)
2989230:Found dead task input_files: "sstable1/f1f4a080-8ce8-4c7d-805e-84077df40a2e202605010120011777620012225055003.sst" input_files: "sstable1/f1f4a080-8ce8-4c7d-805e-84077df40a2e202605010120011777620015399344157.sst" compactIntoNextLevel: true destinationLevel: 2
2989230:COMPACT_START sstable=1 input_files: "sstable1/f1f4a080-8ce8-4c7d-805e-84077df40a2e202605010120011777620012225055003.sst" input_files: "sstable1/f1f4a080-8ce8-4c7d-805e-84077df40a2e202605010120011777620015399344157.sst" compactIntoNextLevel: true destinationLevel: 2
2026-05-01 07:20:23:618 - Compaction started: 
140023324083776:Compacting sstable1/f1f4a080-8ce8-4c7d-805e-84077df40a2e202605010120011777620012225055003.sst sstable1/f1f4a080-8ce8-4c7d-805e-84077df40a2e202605010120011777620015399344157.sst into:sstable2/f1f4a080-8ce8-4c7d-805e-84077df40a2e202605010120011777620023637627296.sst
2026-05-01 07:20:23:667 - Compaction completed: 
2989230:COMPACT_START sstable=1 input_files: "sstable2/f1f4a080-8ce8-4c7d-805e-84077df40a2e202605010120011777620017324363030.sst" input_files: "sstable2/be350bb1-e009-48e9-ad72-beab261696b7202605010120011777620017378190537.sst" compactIntoNextLevel: false destinationLevel: 2
2026-05-01 07:20:23:739 - Compaction started: 
140023324083776:Compacting sstable2/f1f4a080-8ce8-4c7d-805e-84077df40a2e202605010120011777620017324363030.sst sstable2/be350bb1-e009-48e9-ad72-beab261696b7202605010120011777620017378190537.sst into:sstable2/0_f1f4a080-8ce8-4c7d-805e-84077df40a2e202605010120011777620023784604253.sst
2026-05-01 07:20:23:855 - Compaction completed: 
2989230:COMPACT_START sstable=1 input_files: "sstable2/f1f4a080-8ce8-4c7d-805e-84077df40a2e202605010120011777620017525953667.sst" input_files: "sstable2/be350bb1-e009-48e9-ad72-beab261696b7202605010120011777620017579803625.sst" compactIntoNextLevel: false destinationLevel: 2
2026-05-01 07:20:23:962 - Compaction started: 
140023324083776:Compacting sstable2/f1f4a080-8ce8-4c7d-805e-84077df40a2e202605010120011777620017525953667.sst sstable2/be350bb1-e009-48e9-ad72-beab261696b7202605010120011777620017579803625.sst into:sstable2/0_f1f4a080-8ce8-4c7d-805e-84077df40a2e202605010120011777620024006349531.sst
2026-05-01 07:20:24:075 - Compaction completed: 
2989230:Task input_files: "sstable2/0_aad8fa3f-af37-48b6-9c9e-5102eb5ead33202605010120011777620020738438703.sst" input_files: "sstable2/0_be350bb1-e009-48e9-ad72-beab261696b7202605010120011777620020810380677.sst" compactIntoNextLevel: false destinationLevel: 2 is dead (hb=30)
2989230:Found dead task input_files: "sstable2/0_aad8fa3f-af37-48b6-9c9e-5102eb5ead33202605010120011777620020738438703.sst" input_files: "sstable2/0_be350bb1-e009-48e9-ad72-beab261696b7202605010120011777620020810380677.sst" compactIntoNextLevel: false destinationLevel: 2
2989230:COMPACT_START sstable=1 input_files: "sstable2/0_aad8fa3f-af37-48b6-9c9e-5102eb5ead33202605010120011777620020738438703.sst" input_files: "sstable2/0_be350bb1-e009-48e9-ad72-beab261696b7202605010120011777620020810380677.sst" compactIntoNextLevel: false destinationLevel: 2
2989230:COMPACT_ABORT input_files: "sstable2/0_aad8fa3f-af37-48b6-9c9e-5102eb5ead33202605010120011777620020738438703.sst" input_files: "sstable2/0_be350bb1-e009-48e9-ad72-beab261696b7202605010120011777620020810380677.sst" compactIntoNextLevel: false destinationLevel: 2
2989230:COMPACT_START sstable=1 input_files: "sstable2/6827b02d-b513-48c7-8653-a49a356e22ec202605010120011777620017803178208.sst" input_files: "sstable2/be350bb1-e009-48e9-ad72-beab261696b7202605010120011777620024081347965.sst" compactIntoNextLevel: false destinationLevel: 2
2026-05-01 07:20:24:289 - Compaction started: 
140023324083776:Compacting sstable2/6827b02d-b513-48c7-8653-a49a356e22ec202605010120011777620017803178208.sst sstable2/be350bb1-e009-48e9-ad72-beab261696b7202605010120011777620024081347965.sst into:sstable2/0_f1f4a080-8ce8-4c7d-805e-84077df40a2e202605010120011777620024331982169.sst
2026-05-01 07:20:24:402 - Compaction completed: 
2989230:COMPACT_START sstable=1 input_files: "sstable2/f1f4a080-8ce8-4c7d-805e-84077df40a2e202605010120011777620015857050233.sst" input_files: "sstable2/aad8fa3f-af37-48b6-9c9e-5102eb5ead33202605010120011777620015862217029.sst" compactIntoNextLevel: false destinationLevel: 2
2989230:COMPACT_ABORT input_files: "sstable2/f1f4a080-8ce8-4c7d-805e-84077df40a2e202605010120011777620015857050233.sst" input_files: "sstable2/aad8fa3f-af37-48b6-9c9e-5102eb5ead33202605010120011777620015862217029.sst" compactIntoNextLevel: false destinationLevel: 2
2989230:COMPACT_START sstable=1 input_files: "sstable2/be350bb1-e009-48e9-ad72-beab261696b7202605010120011777620015950277218.sst" input_files: "sstable2/6827b02d-b513-48c7-8653-a49a356e22ec202605010120011777620016069216915.sst" compactIntoNextLevel: false destinationLevel: 2
2026-05-01 07:20:24:598 - Compaction started: 
140023324083776:Compacting sstable2/be350bb1-e009-48e9-ad72-beab261696b7202605010120011777620015950277218.sst sstable2/6827b02d-b513-48c7-8653-a49a356e22ec202605010120011777620016069216915.sst into:sstable2/0_f1f4a080-8ce8-4c7d-805e-84077df40a2e202605010120011777620024648998665.sst
2026-05-01 07:20:24:728 - Compaction completed: 
2989230:Task input_files: "sstable1/be350bb1-e009-48e9-ad72-beab261696b7202605010120011777620008122485813.sst" input_files: "sstable1/6827b02d-b513-48c7-8653-a49a356e22ec202605010120011777620008123125102.sst" compactIntoNextLevel: true destinationLevel: 2 is dead (hb=31)
2989230:Found dead task input_files: "sstable1/be350bb1-e009-48e9-ad72-beab261696b7202605010120011777620008122485813.sst" input_files: "sstable1/6827b02d-b513-48c7-8653-a49a356e22ec202605010120011777620008123125102.sst" compactIntoNextLevel: true destinationLevel: 2
2989230:COMPACT_START sstable=1 input_files: "sstable1/be350bb1-e009-48e9-ad72-beab261696b7202605010120011777620008122485813.sst" input_files: "sstable1/6827b02d-b513-48c7-8653-a49a356e22ec202605010120011777620008123125102.sst" compactIntoNextLevel: true destinationLevel: 2
2026-05-01 07:20:24:801 - Compaction started: 
140023324083776:Compacting sstable1/be350bb1-e009-48e9-ad72-beab261696b7202605010120011777620008122485813.sst sstable1/6827b02d-b513-48c7-8653-a49a356e22ec202605010120011777620008123125102.sst into:sstable2/f1f4a080-8ce8-4c7d-805e-84077df40a2e202605010120011777620024822926715.sst
2026-05-01 07:20:24:856 - Compaction completed: 
2989230:COMPACT_START sstable=1 input_files: "sstable2/f1f4a080-8ce8-4c7d-805e-84077df40a2e202605010120011777620016398906188.sst" input_files: "sstable2/be350bb1-e009-48e9-ad72-beab261696b7202605010120011777620016461768301.sst" compactIntoNextLevel: false destinationLevel: 2
2026-05-01 07:20:24:918 - Compaction started: 
140023324083776:Compacting sstable2/f1f4a080-8ce8-4c7d-805e-84077df40a2e202605010120011777620016398906188.sst sstable2/be350bb1-e009-48e9-ad72-beab261696b7202605010120011777620016461768301.sst into:sstable2/0_f1f4a080-8ce8-4c7d-805e-84077df40a2e202605010120011777620024967857345.sst
2026-05-01 07:20:25:047 - Compaction completed: 
2989230:Task input_files: "sstable1/be350bb1-e009-48e9-ad72-beab261696b7202605010120011777620012191497275.sst" input_files: "sstable1/6827b02d-b513-48c7-8653-a49a356e22ec202605010120011777620009236787689.sst" compactIntoNextLevel: true destinationLevel: 2 is dead (hb=30)
2989230:Found dead task input_files: "sstable1/be350bb1-e009-48e9-ad72-beab261696b7202605010120011777620012191497275.sst" input_files: "sstable1/6827b02d-b513-48c7-8653-a49a356e22ec202605010120011777620009236787689.sst" compactIntoNextLevel: true destinationLevel: 2
2989230:COMPACT_START sstable=1 input_files: "sstable1/be350bb1-e009-48e9-ad72-beab261696b7202605010120011777620012191497275.sst" input_files: "sstable1/6827b02d-b513-48c7-8653-a49a356e22ec202605010120011777620009236787689.sst" compactIntoNextLevel: true destinationLevel: 2
2026-05-01 07:20:25:125 - Compaction started: 
140023324083776:Compacting sstable1/be350bb1-e009-48e9-ad72-beab261696b7202605010120011777620012191497275.sst sstable1/6827b02d-b513-48c7-8653-a49a356e22ec202605010120011777620009236787689.sst into:sstable2/f1f4a080-8ce8-4c7d-805e-84077df40a2e202605010120011777620025145557185.sst
2026-05-01 07:20:25:176 - Compaction completed: 
2989230:COMPACT_START sstable=1 input_files: "sstable1/f1f4a080-8ce8-4c7d-805e-84077df40a2e202605010120011777620012814700605.sst" input_files: "sstable1/aad8fa3f-af37-48b6-9c9e-5102eb5ead33202605010120011777620025073729485.sst" compactIntoNextLevel: true destinationLevel: 2
2026-05-01 07:20:25:227 - Compaction started: 
140023324083776:Compacting sstable1/f1f4a080-8ce8-4c7d-805e-84077df40a2e202605010120011777620012814700605.sst sstable1/aad8fa3f-af37-48b6-9c9e-5102eb5ead33202605010120011777620025073729485.sst into:sstable2/f1f4a080-8ce8-4c7d-805e-84077df40a2e202605010120011777620025244522858.sst
2026-05-01 07:20:25:272 - Compaction completed: 
2989230:COMPACT_START sstable=1 input_files: "sstable1/6827b02d-b513-48c7-8653-a49a356e22ec202605010120011777620013009990620.sst" input_files: "sstable1/f1f4a080-8ce8-4c7d-805e-84077df40a2e202605010120011777620013017436649.sst" compactIntoNextLevel: true destinationLevel: 2
2989230:COMPACT_ABORT input_files: "sstable1/6827b02d-b513-48c7-8653-a49a356e22ec202605010120011777620013009990620.sst" input_files: "sstable1/f1f4a080-8ce8-4c7d-805e-84077df40a2e202605010120011777620013017436649.sst" compactIntoNextLevel: true destinationLevel: 2
2989230:COMPACT_START sstable=1 input_files: "sstable1/f1f4a080-8ce8-4c7d-805e-84077df40a2e202605010120011777620013249745841.sst" input_files: "sstable1/aad8fa3f-af37-48b6-9c9e-5102eb5ead33202605010120011777620022482376267.sst" compactIntoNextLevel: true destinationLevel: 2
2026-05-01 07:20:25:429 - Compaction started: 
140023324083776:Compacting sstable1/f1f4a080-8ce8-4c7d-805e-84077df40a2e202605010120011777620013249745841.sst sstable1/aad8fa3f-af37-48b6-9c9e-5102eb5ead33202605010120011777620022482376267.sst into:sstable2/f1f4a080-8ce8-4c7d-805e-84077df40a2e202605010120011777620025445842075.sst
2026-05-01 07:20:25:472 - Compaction completed: 
2989230:COMPACT_START sstable=1 input_files: "sstable1/6827b02d-b513-48c7-8653-a49a356e22ec202605010120011777620013545950132.sst" input_files: "sstable1/f1f4a080-8ce8-4c7d-805e-84077df40a2e202605010120011777620013554730432.sst" compactIntoNextLevel: true destinationLevel: 2
2026-05-01 07:20:25:531 - Compaction started: 
140023324083776:Compacting sstable1/6827b02d-b513-48c7-8653-a49a356e22ec202605010120011777620013545950132.sst sstable1/f1f4a080-8ce8-4c7d-805e-84077df40a2e202605010120011777620013554730432.sst into:sstable2/f1f4a080-8ce8-4c7d-805e-84077df40a2e202605010120011777620025548597714.sst
2026-05-01 07:20:25:574 - Compaction completed: 
2989230:COMPACT_START sstable=1 input_files: "sstable1/f1f4a080-8ce8-4c7d-805e-84077df40a2e202605010120011777620016789449790.sst" input_files: "sstable1/aad8fa3f-af37-48b6-9c9e-5102eb5ead33202605010120011777620013767570206.sst" compactIntoNextLevel: true destinationLevel: 2
2026-05-01 07:20:25:633 - Compaction started: 
140023324083776:Compacting sstable1/f1f4a080-8ce8-4c7d-805e-84077df40a2e202605010120011777620016789449790.sst sstable1/aad8fa3f-af37-48b6-9c9e-5102eb5ead33202605010120011777620013767570206.sst into:sstable2/f1f4a080-8ce8-4c7d-805e-84077df40a2e202605010120011777620025649828553.sst
2026-05-01 07:20:25:675 - Compaction completed: 
2989230:COMPACT_START sstable=1 input_files: "sstable1/aad8fa3f-af37-48b6-9c9e-5102eb5ead33202605010120011777620017098877661.sst" input_files: "sstable1/aad8fa3f-af37-48b6-9c9e-5102eb5ead33202605010120011777620023120542116.sst" compactIntoNextLevel: true destinationLevel: 2
2026-05-01 07:20:25:735 - Compaction started: 
140023324083776:Compacting sstable1/aad8fa3f-af37-48b6-9c9e-5102eb5ead33202605010120011777620017098877661.sst sstable1/aad8fa3f-af37-48b6-9c9e-5102eb5ead33202605010120011777620023120542116.sst into:sstable2/f1f4a080-8ce8-4c7d-805e-84077df40a2e202605010120011777620025751227638.sst
2026-05-01 07:20:25:777 - Compaction completed: 
2989230:COMPACT_START sstable=1 input_files: "sstable1/6827b02d-b513-48c7-8653-a49a356e22ec202605010120011777620014256388967.sst" input_files: "sstable1/f1f4a080-8ce8-4c7d-805e-84077df40a2e202605010120011777620014263356980.sst" compactIntoNextLevel: true destinationLevel: 2
2989230:COMPACT_ABORT input_files: "sstable1/6827b02d-b513-48c7-8653-a49a356e22ec202605010120011777620014256388967.sst" input_files: "sstable1/f1f4a080-8ce8-4c7d-805e-84077df40a2e202605010120011777620014263356980.sst" compactIntoNextLevel: true destinationLevel: 2
2989230:COMPACT_START sstable=1 input_files: "sstable1/aad8fa3f-af37-48b6-9c9e-5102eb5ead33202605010120011777620014375853208.sst" input_files: "sstable1/be350bb1-e009-48e9-ad72-beab261696b7202605010120011777620014440152525.sst" compactIntoNextLevel: true destinationLevel: 2
2026-05-01 07:20:25:937 - Compaction started: 
140023324083776:Compacting sstable1/aad8fa3f-af37-48b6-9c9e-5102eb5ead33202605010120011777620014375853208.sst sstable1/be350bb1-e009-48e9-ad72-beab261696b7202605010120011777620014440152525.sst into:sstable2/f1f4a080-8ce8-4c7d-805e-84077df40a2e202605010120011777620025955503959.sst
2026-05-01 07:20:25:984 - Compaction completed: 
2989230:COMPACT_START sstable=1 input_files: "sstable1/6827b02d-b513-48c7-8653-a49a356e22ec202605010120011777620014560267715.sst" input_files: "sstable1/aad8fa3f-af37-48b6-9c9e-5102eb5ead33202605010120011777620017607247963.sst" compactIntoNextLevel: true destinationLevel: 2
2026-05-01 07:20:26:039 - Compaction started: 
140023324083776:Compacting sstable1/6827b02d-b513-48c7-8653-a49a356e22ec202605010120011777620014560267715.sst sstable1/aad8fa3f-af37-48b6-9c9e-5102eb5ead33202605010120011777620017607247963.sst into:sstable2/f1f4a080-8ce8-4c7d-805e-84077df40a2e202605010120011777620026056544271.sst
2026-05-01 07:20:26:084 - Compaction completed: 
2989230:COMPACT_START sstable=1 input_files: "sstable1/be350bb1-e009-48e9-ad72-beab261696b7202605010120011777620014744778594.sst" input_files: "sstable1/f1f4a080-8ce8-4c7d-805e-84077df40a2e202605010120011777620014769809257.sst" compactIntoNextLevel: true destinationLevel: 2
2989230:COMPACT_ABORT input_files: "sstable1/be350bb1-e009-48e9-ad72-beab261696b7202605010120011777620014744778594.sst" input_files: "sstable1/f1f4a080-8ce8-4c7d-805e-84077df40a2e202605010120011777620014769809257.sst" compactIntoNextLevel: true destinationLevel: 2
2989230:Task input_files: "sstable1/aad8fa3f-af37-48b6-9c9e-5102eb5ead33202605010120011777620011253665664.sst" input_files: "sstable1/be350bb1-e009-48e9-ad72-beab261696b7202605010120011777620011266608637.sst" compactIntoNextLevel: true destinationLevel: 2 is dead (hb=30)
2989230:Found dead task input_files: "sstable1/aad8fa3f-af37-48b6-9c9e-5102eb5ead33202605010120011777620011253665664.sst" input_files: "sstable1/be350bb1-e009-48e9-ad72-beab261696b7202605010120011777620011266608637.sst" compactIntoNextLevel: true destinationLevel: 2
2989230:COMPACT_START sstable=1 input_files: "sstable1/aad8fa3f-af37-48b6-9c9e-5102eb5ead33202605010120011777620011253665664.sst" input_files: "sstable1/be350bb1-e009-48e9-ad72-beab261696b7202605010120011777620011266608637.sst" compactIntoNextLevel: true destinationLevel: 2
2026-05-01 07:20:26:245 - Compaction started: 
140023324083776:Compacting sstable1/aad8fa3f-af37-48b6-9c9e-5102eb5ead33202605010120011777620011253665664.sst sstable1/be350bb1-e009-48e9-ad72-beab261696b7202605010120011777620011266608637.sst into:sstable2/f1f4a080-8ce8-4c7d-805e-84077df40a2e202605010120011777620026265962521.sst
2026-05-01 07:20:26:297 - Compaction completed: 
2989230:COMPACT_START sstable=1 input_files: "sstable2/be350bb1-e009-48e9-ad72-beab261696b7202605010120011777620016868364335.sst" input_files: "sstable2/6827b02d-b513-48c7-8653-a49a356e22ec202605010120011777620019966842781.sst" compactIntoNextLevel: false destinationLevel: 2
2989230:COMPACT_ABORT input_files: "sstable2/be350bb1-e009-48e9-ad72-beab261696b7202605010120011777620016868364335.sst" input_files: "sstable2/6827b02d-b513-48c7-8653-a49a356e22ec202605010120011777620019966842781.sst" compactIntoNextLevel: false destinationLevel: 2
2989230:Task input_files: "sstable2/be350bb1-e009-48e9-ad72-beab261696b7202605010120011777620016972859464.sst" input_files: "sstable2/6827b02d-b513-48c7-8653-a49a356e22ec202605010120011777620020069652180.sst" compactIntoNextLevel: false destinationLevel: 2 is dead (hb=30)
2989230:Found dead task input_files: "sstable2/be350bb1-e009-48e9-ad72-beab261696b7202605010120011777620016972859464.sst" input_files: "sstable2/6827b02d-b513-48c7-8653-a49a356e22ec202605010120011777620020069652180.sst" compactIntoNextLevel: false destinationLevel: 2
2989230:COMPACT_START sstable=1 input_files: "sstable2/be350bb1-e009-48e9-ad72-beab261696b7202605010120011777620016972859464.sst" input_files: "sstable2/6827b02d-b513-48c7-8653-a49a356e22ec202605010120011777620020069652180.sst" compactIntoNextLevel: false destinationLevel: 2
2026-05-01 07:20:26:466 - Compaction started: 
140023324083776:Compacting sstable2/be350bb1-e009-48e9-ad72-beab261696b7202605010120011777620016972859464.sst sstable2/6827b02d-b513-48c7-8653-a49a356e22ec202605010120011777620020069652180.sst into:sstable2/f1f4a080-8ce8-4c7d-805e-84077df40a2e202605010120011777620026515982875.sst
2026-05-01 07:20:26:592 - Compaction completed: 
2989230:COMPACT_START sstable=1 input_files: "sstable2/be350bb1-e009-48e9-ad72-beab261696b7202605010120011777620020160415928.sst" input_files: "sstable2/6827b02d-b513-48c7-8653-a49a356e22ec202605010120011777620017093472007.sst" compactIntoNextLevel: false destinationLevel: 2
2026-05-01 07:20:26:687 - Compaction started: 
140023324083776:Compacting sstable2/be350bb1-e009-48e9-ad72-beab261696b7202605010120011777620020160415928.sst sstable2/6827b02d-b513-48c7-8653-a49a356e22ec202605010120011777620017093472007.sst into:sstable2/0_f1f4a080-8ce8-4c7d-805e-84077df40a2e202605010120011777620026733956723.sst
2026-05-01 07:20:26:807 - Compaction completed: 
2989230:COMPACT_START sstable=1 input_files: "sstable2/be350bb1-e009-48e9-ad72-beab261696b7202605010120011777620017378190537.sst" input_files: "sstable2/6827b02d-b513-48c7-8653-a49a356e22ec202605010120011777620017398209414.sst" compactIntoNextLevel: false destinationLevel: 2
2026-05-01 07:20:26:916 - Compaction started: 
140023324083776:Compacting sstable2/be350bb1-e009-48e9-ad72-beab261696b7202605010120011777620017378190537.sst sstable2/6827b02d-b513-48c7-8653-a49a356e22ec202605010120011777620017398209414.sst into:sstable2/0_f1f4a080-8ce8-4c7d-805e-84077df40a2e202605010120011777620026963131359.sst
2026-05-01 07:20:27:036 - Compaction completed: 
2989230:COMPACT_START sstable=1 input_files: "sstable2/be350bb1-e009-48e9-ad72-beab261696b7202605010120011777620017579803625.sst" input_files: "sstable2/6827b02d-b513-48c7-8653-a49a356e22ec202605010120011777620017598670964.sst" compactIntoNextLevel: false destinationLevel: 2
2026-05-01 07:20:27:145 - Compaction started: 
140023324083776:Compacting sstable2/be350bb1-e009-48e9-ad72-beab261696b7202605010120011777620017579803625.sst sstable2/6827b02d-b513-48c7-8653-a49a356e22ec202605010120011777620017598670964.sst into:sstable2/0_f1f4a080-8ce8-4c7d-805e-84077df40a2e202605010120011777620027188246144.sst
2026-05-01 07:20:27:257 - Compaction completed: 
2989230:Task input_files: "sstable2/0_aad8fa3f-af37-48b6-9c9e-5102eb5ead33202605010120011777620020738438703.sst" input_files: "sstable2/0_be350bb1-e009-48e9-ad72-beab261696b7202605010120011777620020810380677.sst" compactIntoNextLevel: false destinationLevel: 2 is dead (hb=31)
2989230:Found dead task input_files: "sstable2/0_aad8fa3f-af37-48b6-9c9e-5102eb5ead33202605010120011777620020738438703.sst" input_files: "sstable2/0_be350bb1-e009-48e9-ad72-beab261696b7202605010120011777620020810380677.sst" compactIntoNextLevel: false destinationLevel: 2
2989230:COMPACT_START sstable=1 input_files: "sstable2/0_aad8fa3f-af37-48b6-9c9e-5102eb5ead33202605010120011777620020738438703.sst" input_files: "sstable2/0_be350bb1-e009-48e9-ad72-beab261696b7202605010120011777620020810380677.sst" compactIntoNextLevel: false destinationLevel: 2
2026-05-01 07:20:27:349 - Compaction started: 
140023324083776:Compacting sstable2/0_aad8fa3f-af37-48b6-9c9e-5102eb5ead33202605010120011777620020738438703.sst sstable2/0_be350bb1-e009-48e9-ad72-beab261696b7202605010120011777620020810380677.sst into:sstable2/f1f4a080-8ce8-4c7d-805e-84077df40a2e202605010120011777620027458872015.sst
2026-05-01 07:20:27:611 - Compaction completed: 
2989230:Task input_files: "sstable2/f1f4a080-8ce8-4c7d-805e-84077df40a2e202605010120011777620015857050233.sst" input_files: "sstable2/aad8fa3f-af37-48b6-9c9e-5102eb5ead33202605010120011777620015862217029.sst" compactIntoNextLevel: false destinationLevel: 2 is dead (hb=31)
2989230:Found dead task input_files: "sstable2/f1f4a080-8ce8-4c7d-805e-84077df40a2e202605010120011777620015857050233.sst" input_files: "sstable2/aad8fa3f-af37-48b6-9c9e-5102eb5ead33202605010120011777620015862217029.sst" compactIntoNextLevel: false destinationLevel: 2
2989230:COMPACT_START sstable=1 input_files: "sstable2/f1f4a080-8ce8-4c7d-805e-84077df40a2e202605010120011777620015857050233.sst" input_files: "sstable2/aad8fa3f-af37-48b6-9c9e-5102eb5ead33202605010120011777620015862217029.sst" compactIntoNextLevel: false destinationLevel: 2
2026-05-01 07:20:27:656 - Compaction started: 
140023324083776:Compacting sstable2/f1f4a080-8ce8-4c7d-805e-84077df40a2e202605010120011777620015857050233.sst sstable2/aad8fa3f-af37-48b6-9c9e-5102eb5ead33202605010120011777620015862217029.sst into:sstable2/f1f4a080-8ce8-4c7d-805e-84077df40a2e202605010120011777620027709371758.sst
2026-05-01 07:20:27:792 - Compaction completed: 
2989230:COMPACT_START sstable=1 input_files: "sstable2/f1f4a080-8ce8-4c7d-805e-84077df40a2e202605010120011777620018133463769.sst" input_files: "sstable2/be350bb1-e009-48e9-ad72-beab261696b7202605010120011777620018188306488.sst" compactIntoNextLevel: false destinationLevel: 2
2989230:COMPACT_ABORT input_files: "sstable2/f1f4a080-8ce8-4c7d-805e-84077df40a2e202605010120011777620018133463769.sst" input_files: "sstable2/be350bb1-e009-48e9-ad72-beab261696b7202605010120011777620018188306488.sst" compactIntoNextLevel: false destinationLevel: 2
2989230:COMPACT_START sstable=1 input_files: "sstable2/f1f4a080-8ce8-4c7d-805e-84077df40a2e202605010120011777620018236208276.sst" input_files: "sstable2/be350bb1-e009-48e9-ad72-beab261696b7202605010120011777620018290932242.sst" compactIntoNextLevel: false destinationLevel: 2
2026-05-01 07:20:28:057 - Compaction started: 
140023324083776:Compacting sstable2/f1f4a080-8ce8-4c7d-805e-84077df40a2e202605010120011777620018236208276.sst sstable2/be350bb1-e009-48e9-ad72-beab261696b7202605010120011777620018290932242.sst into:sstable2/0_f1f4a080-8ce8-4c7d-805e-84077df40a2e202605010120011777620028102567161.sst
2026-05-01 07:20:28:173 - Compaction completed: 
2989230:COMPACT_START sstable=1 input_files: "sstable2/be350bb1-e009-48e9-ad72-beab261696b7202605010120011777620018392258000.sst" input_files: "sstable2/f1f4a080-8ce8-4c7d-805e-84077df40a2e202605010120011777620018438899555.sst" compactIntoNextLevel: false destinationLevel: 2
2026-05-01 07:20:28:312 - Compaction started: 
140023324083776:Compacting sstable2/be350bb1-e009-48e9-ad72-beab261696b7202605010120011777620018392258000.sst sstable2/f1f4a080-8ce8-4c7d-805e-84077df40a2e202605010120011777620018438899555.sst into:sstable2/0_f1f4a080-8ce8-4c7d-805e-84077df40a2e202605010120011777620028354539824.sst
2026-05-01 07:20:28:421 - Compaction completed: 
2989230:Task input_files: "sstable1/6827b02d-b513-48c7-8653-a49a356e22ec202605010120011777620013444413920.sst" input_files: "sstable1/f1f4a080-8ce8-4c7d-805e-84077df40a2e202605010120011777620013452093126.sst" compactIntoNextLevel: true destinationLevel: 2 is dead (hb=30)
2989230:Task input_files: "sstable1/6827b02d-b513-48c7-8653-a49a356e22ec202605010120011777620013009990620.sst" input_files: "sstable1/f1f4a080-8ce8-4c7d-805e-84077df40a2e202605010120011777620013017436649.sst" compactIntoNextLevel: true destinationLevel: 2 is dead (hb=31)
2989230:Found dead task input_files: "sstable1/6827b02d-b513-48c7-8653-a49a356e22ec202605010120011777620013009990620.sst" input_files: "sstable1/f1f4a080-8ce8-4c7d-805e-84077df40a2e202605010120011777620013017436649.sst" compactIntoNextLevel: true destinationLevel: 2
2989230:COMPACT_START sstable=1 input_files: "sstable1/6827b02d-b513-48c7-8653-a49a356e22ec202605010120011777620013009990620.sst" input_files: "sstable1/f1f4a080-8ce8-4c7d-805e-84077df40a2e202605010120011777620013017436649.sst" compactIntoNextLevel: true destinationLevel: 2
2026-05-01 07:20:28:514 - Compaction started: 
140023324083776:Compacting sstable1/6827b02d-b513-48c7-8653-a49a356e22ec202605010120011777620013009990620.sst sstable1/f1f4a080-8ce8-4c7d-805e-84077df40a2e202605010120011777620013017436649.sst into:sstable2/f1f4a080-8ce8-4c7d-805e-84077df40a2e202605010120011777620028533172803.sst
2026-05-01 07:20:28:562 - Compaction completed: 
2989230:COMPACT_START sstable=1 input_files: "sstable2/f1f4a080-8ce8-4c7d-805e-84077df40a2e202605010120011777620018641908150.sst" input_files: "sstable2/be350bb1-e009-48e9-ad72-beab261696b7202605010120011777620018696342443.sst" compactIntoNextLevel: false destinationLevel: 2
2989230:COMPACT_ABORT input_files: "sstable2/f1f4a080-8ce8-4c7d-805e-84077df40a2e202605010120011777620018641908150.sst" input_files: "sstable2/be350bb1-e009-48e9-ad72-beab261696b7202605010120011777620018696342443.sst" compactIntoNextLevel: false destinationLevel: 2
2989230:Task input_files: "sstable1/aad8fa3f-af37-48b6-9c9e-5102eb5ead33202605010120011777620013666606037.sst" input_files: "sstable1/6827b02d-b513-48c7-8653-a49a356e22ec202605010120011777620013748555070.sst" compactIntoNextLevel: true destinationLevel: 2 is dead (hb=30)
2989230:Task input_files: "sstable1/f1f4a080-8ce8-4c7d-805e-84077df40a2e202605010120011777620013959249413.sst" input_files: "sstable1/aad8fa3f-af37-48b6-9c9e-5102eb5ead33202605010120011777620016995049923.sst" compactIntoNextLevel: true destinationLevel: 2 is dead (hb=30)
2989230:Found dead task input_files: "sstable1/f1f4a080-8ce8-4c7d-805e-84077df40a2e202605010120011777620013959249413.sst" input_files: "sstable1/aad8fa3f-af37-48b6-9c9e-5102eb5ead33202605010120011777620016995049923.sst" compactIntoNextLevel: true destinationLevel: 2
2989230:COMPACT_START sstable=1 input_files: "sstable1/f1f4a080-8ce8-4c7d-805e-84077df40a2e202605010120011777620013959249413.sst" input_files: "sstable1/aad8fa3f-af37-48b6-9c9e-5102eb5ead33202605010120011777620016995049923.sst" compactIntoNextLevel: true destinationLevel: 2
2026-05-01 07:20:28:779 - Compaction started: 
140023324083776:Compacting sstable1/f1f4a080-8ce8-4c7d-805e-84077df40a2e202605010120011777620013959249413.sst sstable1/aad8fa3f-af37-48b6-9c9e-5102eb5ead33202605010120011777620016995049923.sst into:sstable2/f1f4a080-8ce8-4c7d-805e-84077df40a2e202605010120011777620028796334823.sst
2026-05-01 07:20:28:823 - Compaction completed: 
2989230:Task input_files: "sstable1/6827b02d-b513-48c7-8653-a49a356e22ec202605010120011777620014256388967.sst" input_files: "sstable1/f1f4a080-8ce8-4c7d-805e-84077df40a2e202605010120011777620014263356980.sst" compactIntoNextLevel: true destinationLevel: 2 is dead (hb=30)
2989230:COMPACT_START sstable=1 input_files: "sstable2/f1f4a080-8ce8-4c7d-805e-84077df40a2e202605010120011777620018844473423.sst" input_files: "sstable2/6827b02d-b513-48c7-8653-a49a356e22ec202605010120011777620021926328377.sst" compactIntoNextLevel: false destinationLevel: 2
2026-05-01 07:20:28:945 - Compaction started: 
140023324083776:Compacting sstable2/f1f4a080-8ce8-4c7d-805e-84077df40a2e202605010120011777620018844473423.sst sstable2/6827b02d-b513-48c7-8653-a49a356e22ec202605010120011777620021926328377.sst into:sstable2/0_f1f4a080-8ce8-4c7d-805e-84077df40a2e202605010120011777620028985689080.sst
2026-05-01 07:20:29:050 - Compaction completed: 
2989230:Task input_files: "sstable1/6827b02d-b513-48c7-8653-a49a356e22ec202605010120011777620014357730374.sst" input_files: "sstable1/f1f4a080-8ce8-4c7d-805e-84077df40a2e202605010120011777620014364638434.sst" compactIntoNextLevel: true destinationLevel: 2 is dead (hb=30)
2989230:Found dead task input_files: "sstable1/6827b02d-b513-48c7-8653-a49a356e22ec202605010120011777620014357730374.sst" input_files: "sstable1/f1f4a080-8ce8-4c7d-805e-84077df40a2e202605010120011777620014364638434.sst" compactIntoNextLevel: true destinationLevel: 2
2989230:COMPACT_START sstable=1 input_files: "sstable1/6827b02d-b513-48c7-8653-a49a356e22ec202605010120011777620014357730374.sst" input_files: "sstable1/f1f4a080-8ce8-4c7d-805e-84077df40a2e202605010120011777620014364638434.sst" compactIntoNextLevel: true destinationLevel: 2
2026-05-01 07:20:29:052 - Compaction started: 
140023324083776:Compacting sstable1/6827b02d-b513-48c7-8653-a49a356e22ec202605010120011777620014357730374.sst sstable1/f1f4a080-8ce8-4c7d-805e-84077df40a2e202605010120011777620014364638434.sst into:sstable2/f1f4a080-8ce8-4c7d-805e-84077df40a2e202605010120011777620029070291568.sst
2026-05-01 07:20:29:099 - Compaction completed: 
2989230:Task input_files: "sstable1/be350bb1-e009-48e9-ad72-beab261696b7202605010120011777620014744778594.sst" input_files: "sstable1/f1f4a080-8ce8-4c7d-805e-84077df40a2e202605010120011777620014769809257.sst" compactIntoNextLevel: true destinationLevel: 2 is dead (hb=30)
2989230:Task input_files: "sstable1/f1f4a080-8ce8-4c7d-805e-84077df40a2e202605010120011777620014668759707.sst" input_files: "sstable1/aad8fa3f-af37-48b6-9c9e-5102eb5ead33202605010120011777620014679641025.sst" compactIntoNextLevel: true destinationLevel: 2 is dead (hb=30)
2989230:COMPACT_START sstable=1 input_files: "sstable2/aad8fa3f-af37-48b6-9c9e-5102eb5ead33202605010120011777620019049063943.sst" input_files: "sstable2/f1f4a080-8ce8-4c7d-805e-84077df40a2e202605010120011777620019048436367.sst" compactIntoNextLevel: false destinationLevel: 2
2026-05-01 07:20:29:225 - Compaction started: 
140023324083776:Compacting sstable2/aad8fa3f-af37-48b6-9c9e-5102eb5ead33202605010120011777620019049063943.sst sstable2/f1f4a080-8ce8-4c7d-805e-84077df40a2e202605010120011777620019048436367.sst into:sstable2/0_f1f4a080-8ce8-4c7d-805e-84077df40a2e202605010120011777620029266281956.sst
2026-05-01 07:20:29:332 - Compaction completed: 
2989230:Task input_files: "sstable2/be350bb1-e009-48e9-ad72-beab261696b7202605010120011777620016868364335.sst" input_files: "sstable2/6827b02d-b513-48c7-8653-a49a356e22ec202605010120011777620019966842781.sst" compactIntoNextLevel: false destinationLevel: 2 is dead (hb=30)
2989230:Found dead task input_files: "sstable2/be350bb1-e009-48e9-ad72-beab261696b7202605010120011777620016868364335.sst" input_files: "sstable2/6827b02d-b513-48c7-8653-a49a356e22ec202605010120011777620019966842781.sst" compactIntoNextLevel: false destinationLevel: 2
2989230:COMPACT_START sstable=1 input_files: "sstable2/be350bb1-e009-48e9-ad72-beab261696b7202605010120011777620016868364335.sst" input_files: "sstable2/6827b02d-b513-48c7-8653-a49a356e22ec202605010120011777620019966842781.sst" compactIntoNextLevel: false destinationLevel: 2
2989230:COMPACT_ABORT input_files: "sstable2/be350bb1-e009-48e9-ad72-beab261696b7202605010120011777620016868364335.sst" input_files: "sstable2/6827b02d-b513-48c7-8653-a49a356e22ec202605010120011777620019966842781.sst" compactIntoNextLevel: false destinationLevel: 2
2989230:COMPACT_START sstable=1 input_files: "sstable2/f1f4a080-8ce8-4c7d-805e-84077df40a2e202605010120011777620019352422215.sst" input_files: "sstable2/be350bb1-e009-48e9-ad72-beab261696b7202605010120011777620019420153456.sst" compactIntoNextLevel: false destinationLevel: 2
2026-05-01 07:20:29:504 - Compaction started: 
140023324083776:Compacting sstable2/f1f4a080-8ce8-4c7d-805e-84077df40a2e202605010120011777620019352422215.sst sstable2/be350bb1-e009-48e9-ad72-beab261696b7202605010120011777620019420153456.sst into:sstable2/0_f1f4a080-8ce8-4c7d-805e-84077df40a2e202605010120011777620029543457345.sst
2026-05-01 07:20:29:606 - Compaction completed: 
2989230:COMPACT_START sstable=1 input_files: "sstable2/f1f4a080-8ce8-4c7d-805e-84077df40a2e202605010120011777620019679034249.sst" input_files: "sstable2/aad8fa3f-af37-48b6-9c9e-5102eb5ead33202605010120011777620019685669348.sst" compactIntoNextLevel: false destinationLevel: 2
2026-05-01 07:20:29:691 - Compaction started: 
140023324083776:Compacting sstable2/f1f4a080-8ce8-4c7d-805e-84077df40a2e202605010120011777620019679034249.sst sstable2/aad8fa3f-af37-48b6-9c9e-5102eb5ead33202605010120011777620019685669348.sst into:sstable2/0_f1f4a080-8ce8-4c7d-805e-84077df40a2e202605010120011777620029730381968.sst
2026-05-01 07:20:29:792 - Compaction completed: 
2989230:Task input_files: "sstable2/6827b02d-b513-48c7-8653-a49a356e22ec202605010120011777620017196047998.sst" input_files: "sstable2/aad8fa3f-af37-48b6-9c9e-5102eb5ead33202605010120011777620023461096277.sst" compactIntoNextLevel: false destinationLevel: 2 is dead (hb=30)
2989230:Task input_files: "sstable2/f1f4a080-8ce8-4c7d-805e-84077df40a2e202605010120011777620017121246123.sst" input_files: "sstable2/be350bb1-e009-48e9-ad72-beab261696b7202605010120011777620017176283297.sst" compactIntoNextLevel: false destinationLevel: 2 is dead (hb=30)
2989230:COMPACT_START sstable=1 input_files: "sstable2/aad8fa3f-af37-48b6-9c9e-5102eb5ead33202605010120011777620019890964479.sst" input_files: "sstable2/aad8fa3f-af37-48b6-9c9e-5102eb5ead33202605010120011777620023036661181.sst" compactIntoNextLevel: false destinationLevel: 2
2026-05-01 07:20:29:882 - Compaction started: 
140023324083776:Compacting sstable2/aad8fa3f-af37-48b6-9c9e-5102eb5ead33202605010120011777620019890964479.sst sstable2/aad8fa3f-af37-48b6-9c9e-5102eb5ead33202605010120011777620023036661181.sst into:sstable2/0_f1f4a080-8ce8-4c7d-805e-84077df40a2e202605010120011777620029924195685.sst
2026-05-01 07:20:29:990 - Compaction completed: 
2989230:COMPACT_START sstable=1 input_files: "sstable2/aad8fa3f-af37-48b6-9c9e-5102eb5ead33202605010120011777620019993011408.sst" input_files: "sstable2/be350bb1-e009-48e9-ad72-beab261696b7202605010120011777620020052468077.sst" compactIntoNextLevel: false destinationLevel: 2
2026-05-01 07:20:30:174 - Compaction started: 
140023324083776:Compacting sstable2/aad8fa3f-af37-48b6-9c9e-5102eb5ead33202605010120011777620019993011408.sst sstable2/be350bb1-e009-48e9-ad72-beab261696b7202605010120011777620020052468077.sst into:sstable2/0_f1f4a080-8ce8-4c7d-805e-84077df40a2e202605010120011777620030212518952.sst
2026-05-01 07:20:30:272 - Compaction completed: 
2989230:COMPACT_START sstable=1 input_files: "sstable2/6827b02d-b513-48c7-8653-a49a356e22ec202605010120011777620020268660977.sst" input_files: "sstable2/f1f4a080-8ce8-4c7d-805e-84077df40a2e202605010120011777620020287904301.sst" compactIntoNextLevel: false destinationLevel: 2
2026-05-01 07:20:30:370 - Compaction started: 
140023324083776:Compacting sstable2/6827b02d-b513-48c7-8653-a49a356e22ec202605010120011777620020268660977.sst sstable2/f1f4a080-8ce8-4c7d-805e-84077df40a2e202605010120011777620020287904301.sst into:sstable2/0_f1f4a080-8ce8-4c7d-805e-84077df40a2e202605010120011777620030408056291.sst
2026-05-01 07:20:30:466 - Compaction completed: 
2989230:COMPACT_START sstable=1 input_files: "sstable2/f1f4a080-8ce8-4c7d-805e-84077df40a2e202605010120011777620023637627296.sst" input_files: "sstable2/aad8fa3f-af37-48b6-9c9e-5102eb5ead33202605010120011777620026531130842.sst" compactIntoNextLevel: false destinationLevel: 2
2026-05-01 07:20:30:576 - Compaction started: 
140023324083776:Compacting sstable2/f1f4a080-8ce8-4c7d-805e-84077df40a2e202605010120011777620023637627296.sst sstable2/aad8fa3f-af37-48b6-9c9e-5102eb5ead33202605010120011777620026531130842.sst into:sstable2/0_f1f4a080-8ce8-4c7d-805e-84077df40a2e202605010120011777620030619673823.sst
2026-05-01 07:20:30:682 - Compaction completed: 
2989230:COMPACT_START sstable=1 input_files: "sstable2/aad8fa3f-af37-48b6-9c9e-5102eb5ead33202605010120011777620028280123682.sst" input_files: "sstable2/f1f4a080-8ce8-4c7d-805e-84077df40a2e202605010120011777620025244522858.sst" compactIntoNextLevel: false destinationLevel: 2
2026-05-01 07:20:30:894 - Compaction started: 
140023324083776:Compacting sstable2/aad8fa3f-af37-48b6-9c9e-5102eb5ead33202605010120011777620028280123682.sst sstable2/f1f4a080-8ce8-4c7d-805e-84077df40a2e202605010120011777620025244522858.sst into:sstable2/0_f1f4a080-8ce8-4c7d-805e-84077df40a2e202605010120011777620030934184001.sst
2026-05-01 07:20:30:993 - Compaction completed: 
2989230:Task input_files: "sstable2/f1f4a080-8ce8-4c7d-805e-84077df40a2e202605010120011777620018133463769.sst" input_files: "sstable2/be350bb1-e009-48e9-ad72-beab261696b7202605010120011777620018188306488.sst" compactIntoNextLevel: false destinationLevel: 2 is dead (hb=30)
2989230:COMPACT_START sstable=1 input_files: "sstable2/6827b02d-b513-48c7-8653-a49a356e22ec202605010120011777620025374836196.sst" input_files: "sstable2/aad8fa3f-af37-48b6-9c9e-5102eb5ead33202605010120011777620025393738421.sst" compactIntoNextLevel: false destinationLevel: 2
2989230:COMPACT_ABORT input_files: "sstable2/6827b02d-b513-48c7-8653-a49a356e22ec202605010120011777620025374836196.sst" input_files: "sstable2/aad8fa3f-af37-48b6-9c9e-5102eb5ead33202605010120011777620025393738421.sst" compactIntoNextLevel: false destinationLevel: 2
2989230:Found dead task input_files: "sstable2/f1f4a080-8ce8-4c7d-805e-84077df40a2e202605010120011777620018133463769.sst" input_files: "sstable2/be350bb1-e009-48e9-ad72-beab261696b7202605010120011777620018188306488.sst" compactIntoNextLevel: false destinationLevel: 2
2989230:COMPACT_START sstable=1 input_files: "sstable2/f1f4a080-8ce8-4c7d-805e-84077df40a2e202605010120011777620018133463769.sst" input_files: "sstable2/be350bb1-e009-48e9-ad72-beab261696b7202605010120011777620018188306488.sst" compactIntoNextLevel: false destinationLevel: 2
2026-05-01 07:20:31:105 - Compaction started: 
140023324083776:Compacting sstable2/f1f4a080-8ce8-4c7d-805e-84077df40a2e202605010120011777620018133463769.sst sstable2/be350bb1-e009-48e9-ad72-beab261696b7202605010120011777620018188306488.sst into:sstable2/f1f4a080-8ce8-4c7d-805e-84077df40a2e202605010120011777620031146746165.sst
2026-05-01 07:20:31:213 - Compaction completed: 
2989230:Task input_files: "sstable2/f1f4a080-8ce8-4c7d-805e-84077df40a2e202605010120011777620018641908150.sst" input_files: "sstable2/be350bb1-e009-48e9-ad72-beab261696b7202605010120011777620018696342443.sst" compactIntoNextLevel: false destinationLevel: 2 is dead (hb=30)
2989230:Found dead task input_files: "sstable2/f1f4a080-8ce8-4c7d-805e-84077df40a2e202605010120011777620018641908150.sst" input_files: "sstable2/be350bb1-e009-48e9-ad72-beab261696b7202605010120011777620018696342443.sst" compactIntoNextLevel: false destinationLevel: 2
2989230:COMPACT_START sstable=1 input_files: "sstable2/f1f4a080-8ce8-4c7d-805e-84077df40a2e202605010120011777620018641908150.sst" input_files: "sstable2/be350bb1-e009-48e9-ad72-beab261696b7202605010120011777620018696342443.sst" compactIntoNextLevel: false destinationLevel: 2
2026-05-01 07:20:31:725 - Compaction started: 
2026-05-01 07:20:31:749 30 sec: 118765 operations; 3958.83 current ops/sec; est completion in 2 days 22 hours [READ: Count=118770, Max=2025471, Min=31, Avg=250.28, 90=343, 99=416, 99.9=1461, 99.99=36191] 
140023324083776:Compacting sstable2/f1f4a080-8ce8-4c7d-805e-84077df40a2e202605010120011777620018641908150.sst sstable2/be350bb1-e009-48e9-ad72-beab261696b7202605010120011777620018696342443.sst into:sstable2/f1f4a080-8ce8-4c7d-805e-84077df40a2e202605010120011777620031766623120.sst
2026-05-01 07:20:31:831 - Compaction completed: 
2989230:COMPACT_START sstable=1 input_files: "sstable2/f1f4a080-8ce8-4c7d-805e-84077df40a2e202605010120011777620025649828553.sst" input_files: "sstable2/6827b02d-b513-48c7-8653-a49a356e22ec202605010120011777620025679722994.sst" compactIntoNextLevel: false destinationLevel: 2
2026-05-01 07:20:32:043 - Compaction started: 
140023324083776:Compacting sstable2/f1f4a080-8ce8-4c7d-805e-84077df40a2e202605010120011777620025649828553.sst sstable2/6827b02d-b513-48c7-8653-a49a356e22ec202605010120011777620025679722994.sst into:sstable2/0_f1f4a080-8ce8-4c7d-805e-84077df40a2e202605010120011777620032080224333.sst
2026-05-01 07:20:32:137 - Compaction completed: 
2989230:COMPACT_START sstable=1 input_files: "sstable2/6827b02d-b513-48c7-8653-a49a356e22ec202605010120011777620025785905536.sst" input_files: "sstable2/aad8fa3f-af37-48b6-9c9e-5102eb5ead33202605010120011777620025800407722.sst" compactIntoNextLevel: false destinationLevel: 2
2989230:COMPACT_ABORT input_files: "sstable2/6827b02d-b513-48c7-8653-a49a356e22ec202605010120011777620025785905536.sst" input_files: "sstable2/aad8fa3f-af37-48b6-9c9e-5102eb5ead33202605010120011777620025800407722.sst" compactIntoNextLevel: false destinationLevel: 2
2989230:COMPACT_START sstable=1 input_files: "sstable2/f1f4a080-8ce8-4c7d-805e-84077df40a2e202605010120011777620025955503959.sst" input_files: "sstable2/aad8fa3f-af37-48b6-9c9e-5102eb5ead33202605010120011777620026004839444.sst" compactIntoNextLevel: false destinationLevel: 2
2026-05-01 07:20:32:486 - Compaction started: 
140023324083776:Compacting sstable2/f1f4a080-8ce8-4c7d-805e-84077df40a2e202605010120011777620025955503959.sst sstable2/aad8fa3f-af37-48b6-9c9e-5102eb5ead33202605010120011777620026004839444.sst into:sstable2/0_f1f4a080-8ce8-4c7d-805e-84077df40a2e202605010120011777620032522980754.sst
2026-05-01 07:20:32:580 - Compaction completed: 
2989230:COMPACT_START sstable=1 input_files: "sstable2/6827b02d-b513-48c7-8653-a49a356e22ec202605010120011777620029370526315.sst" input_files: "sstable2/aad8fa3f-af37-48b6-9c9e-5102eb5ead33202605010120011777620026209731419.sst" compactIntoNextLevel: false destinationLevel: 2
2026-05-01 07:20:32:713 - Compaction started: 
140023324083776:Compacting sstable2/6827b02d-b513-48c7-8653-a49a356e22ec202605010120011777620029370526315.sst sstable2/aad8fa3f-af37-48b6-9c9e-5102eb5ead33202605010120011777620026209731419.sst into:sstable2/0_f1f4a080-8ce8-4c7d-805e-84077df40a2e202605010120011777620032749910051.sst
2026-05-01 07:20:32:806 - Compaction completed: 
