# CMD: /usr/lib/jvm/java-8-openjdk-amd64/bin/java -cp /users/Xinying/ozonedb/ycsb/ozonedb/conf:/users/Xinying/ozonedb/ycsb/ozonedb/target/ozonedb-binding-0.18.0-SNAPSHOT.jar:/users/Xinying/.m2/repository/org/apache/htrace/htrace-core4/4.1.0-incubating/htrace-core4-4.1.0-incubating.jar:/users/Xinying/.m2/repository/org/slf4j/slf4j-api/1.7.25/slf4j-api-1.7.25.jar:/users/Xinying/.m2/repository/org/hdrhistogram/HdrHistogram/2.1.12/HdrHistogram-2.1.12.jar:/users/Xinying/.m2/repository/ch/qos/logback/logback-classic/1.2.3/logback-classic-1.2.3.jar:/users/Xinying/.m2/repository/ozonedbjnimaven/demoproc-jni/1.0/demoproc-jni-1.0.jar:/users/Xinying/.m2/repository/ch/qos/logback/logback-core/1.2.3/logback-core-1.2.3.jar:/users/Xinying/.m2/repository/org/codehaus/jackson/jackson-mapper-asl/1.9.4/jackson-mapper-asl-1.9.4.jar:/users/Xinying/.m2/repository/org/slf4j/slf4j-simple/1.7.25/slf4j-simple-1.7.25.jar:/users/Xinying/.m2/repository/org/codehaus/jackson/jackson-core-asl/1.9.4/jackson-core-asl-1.9.4.jar:/users/Xinying/ozonedb/ycsb/core/target/core-0.18.0-SNAPSHOT.jar site.ycsb.Client -db site.ycsb.db.OzoneDBClient -threads 1 -s -P /users/Xinying/ozonedb/ycsb/workloads/generated_workloads/workloadc_1KB_1000000_1000000 -p status.interval=30 -p requestdistribution=uniform -p operationcount=1000000000 -p maxexecutiontime=660 -p shared_config=/tmp/churn_v4_configs/shared_config_varyR_n4_r25pct_rep2.json -t
# env OZONEDB_CHURN_ABORT_RATE=0.25
Command line: -db site.ycsb.db.OzoneDBClient -threads 1 -s -P /users/Xinying/ozonedb/ycsb/workloads/generated_workloads/workloadc_1KB_1000000_1000000 -p status.interval=30 -p requestdistribution=uniform -p operationcount=1000000000 -p maxexecutiontime=660 -p shared_config=/tmp/churn_v4_configs/shared_config_varyR_n4_r25pct_rep2.json -t
YCSB Client 0.18.0-SNAPSHOT

Loading workload...
Starting test.
SLF4J: Class path contains multiple SLF4J bindings.
SLF4J: Found binding in [jar:file:/users/Xinying/.m2/repository/ch/qos/logback/logback-classic/1.2.3/logback-classic-1.2.3.jar!/org/slf4j/impl/StaticLoggerBinder.class]
SLF4J: Found binding in [jar:file:/users/Xinying/.m2/repository/org/slf4j/slf4j-simple/1.7.25/slf4j-simple-1.7.25.jar!/org/slf4j/impl/StaticLoggerBinder.class]
SLF4J: See http://www.slf4j.org/codes.html#multiple_bindings for an explanation.
SLF4J: Actual binding is of type [ch.qos.logback.classic.util.ContextSelectorStaticBinder]
Maximum execution time specified as: 660 secs
2026-05-01 07:20:01:755 0 sec: 0 operations; est completion in 0 second 
Starting compaction watcher
DBWrapper: report latency for each error is false and specific error codes to track for latency are: []
2989233:COMPACT_START sstable=0 input_files: "datalog/7" input_files: "datalog/8" compactIntoNextLevel: true destinationLevel: 1
2026-05-01 07:20:01:830 - Compaction started: 
140279176742464:Compacting datalog/7 datalog/8 into:sstable1/aad8fa3f-af37-48b6-9c9e-5102eb5ead33202605010120011777620001977106324.sst
2026-05-01 07:20:02:014 - Compaction completed: 
2989233:COMPACT_START sstable=0 input_files: "datalog/15" input_files: "datalog/16" compactIntoNextLevel: true destinationLevel: 1
2026-05-01 07:20:02:082 - Compaction started: 
140279176742464:Compacting datalog/15 datalog/16 into:sstable1/aad8fa3f-af37-48b6-9c9e-5102eb5ead33202605010120011777620002108322255.sst
2026-05-01 07:20:02:128 - Compaction completed: 
2989233:COMPACT_START sstable=0 input_files: "datalog/21" input_files: "datalog/22" compactIntoNextLevel: true destinationLevel: 1
2026-05-01 07:20:02:185 - Compaction started: 
140279176742464:Compacting datalog/21 datalog/22 into:sstable1/aad8fa3f-af37-48b6-9c9e-5102eb5ead33202605010120011777620002260310786.sst
2026-05-01 07:20:02:294 - Compaction completed: 
2989233:COMPACT_START sstable=0 input_files: "datalog/31" input_files: "datalog/32" compactIntoNextLevel: true destinationLevel: 1
2026-05-01 07:20:02:391 - Compaction started: 
140279176742464:Compacting datalog/31 datalog/32 into:sstable1/aad8fa3f-af37-48b6-9c9e-5102eb5ead33202605010120011777620002513013668.sst
2026-05-01 07:20:02:533 - Compaction completed: 
2989233:COMPACT_START sstable=0 input_files: "datalog/39" input_files: "datalog/40" compactIntoNextLevel: true destinationLevel: 1
2026-05-01 07:20:02:596 - Compaction started: 
140279176742464:Compacting datalog/39 datalog/40 into:sstable1/aad8fa3f-af37-48b6-9c9e-5102eb5ead33202605010120011777620002719991293.sst
2026-05-01 07:20:02:742 - Compaction completed: 
2989233:COMPACT_START sstable=0 input_files: "datalog/47" input_files: "datalog/48" compactIntoNextLevel: true destinationLevel: 1
2026-05-01 07:20:02:801 - Compaction started: 
140279176742464:Compacting datalog/47 datalog/48 into:sstable1/aad8fa3f-af37-48b6-9c9e-5102eb5ead33202605010120011777620002925257660.sst
2026-05-01 07:20:02:947 - Compaction completed: 
2989233:COMPACT_START sstable=0 input_files: "datalog/59" input_files: "datalog/60" compactIntoNextLevel: true destinationLevel: 1
2989233:COMPACT_ABORT input_files: "datalog/59" input_files: "datalog/60" compactIntoNextLevel: true destinationLevel: 1
2989233:COMPACT_START sstable=0 input_files: "datalog/65" input_files: "datalog/66" compactIntoNextLevel: true destinationLevel: 1
2989233:COMPACT_ABORT input_files: "datalog/65" input_files: "datalog/66" compactIntoNextLevel: true destinationLevel: 1
2989233:COMPACT_START sstable=0 input_files: "datalog/71" input_files: "datalog/72" compactIntoNextLevel: true destinationLevel: 1
2026-05-01 07:20:03:206 - Compaction started: 
140279176742464:Compacting datalog/71 datalog/72 into:sstable1/aad8fa3f-af37-48b6-9c9e-5102eb5ead33202605010120011777620003246344317.sst
2026-05-01 07:20:03:269 - Compaction completed: 
2989233:COMPACT_START sstable=0 input_files: "datalog/75" input_files: "datalog/76" compactIntoNextLevel: true destinationLevel: 1
2026-05-01 07:20:03:307 - Compaction started: 
140279176742464:Compacting datalog/75 datalog/76 into:sstable1/aad8fa3f-af37-48b6-9c9e-5102eb5ead33202605010120011777620003310761274.sst
2026-05-01 07:20:03:331 - Compaction completed: 
2989233:COMPACT_START sstable=0 input_files: "datalog/83" input_files: "datalog/84" compactIntoNextLevel: true destinationLevel: 1
2026-05-01 07:20:03:412 - Compaction started: 
140279176742464:Compacting datalog/83 datalog/84 into:sstable1/aad8fa3f-af37-48b6-9c9e-5102eb5ead33202605010120011777620003415845037.sst
2026-05-01 07:20:03:436 - Compaction completed: 
2989233:COMPACT_START sstable=0 input_files: "datalog/91" input_files: "datalog/92" compactIntoNextLevel: true destinationLevel: 1
2026-05-01 07:20:03:514 - Compaction started: 
140279176742464:Compacting datalog/91 datalog/92 into:sstable1/aad8fa3f-af37-48b6-9c9e-5102eb5ead33202605010120011777620003517093009.sst
2026-05-01 07:20:03:536 - Compaction completed: 
2989233:COMPACT_START sstable=0 input_files: "datalog/99" input_files: "datalog/100" compactIntoNextLevel: true destinationLevel: 1
2989233:COMPACT_ABORT input_files: "datalog/99" input_files: "datalog/100" compactIntoNextLevel: true destinationLevel: 1
2989233:COMPACT_START sstable=0 input_files: "datalog/107" input_files: "datalog/108" compactIntoNextLevel: true destinationLevel: 1
2026-05-01 07:20:03:716 - Compaction started: 
140279176742464:Compacting datalog/107 datalog/108 into:sstable1/aad8fa3f-af37-48b6-9c9e-5102eb5ead33202605010120011777620003719937987.sst
2026-05-01 07:20:03:739 - Compaction completed: 
2989233:COMPACT_START sstable=0 input_files: "datalog/115" input_files: "datalog/116" compactIntoNextLevel: true destinationLevel: 1
2026-05-01 07:20:03:818 - Compaction started: 
140279176742464:Compacting datalog/115 datalog/116 into:sstable1/aad8fa3f-af37-48b6-9c9e-5102eb5ead33202605010120011777620003821275366.sst
2026-05-01 07:20:03:841 - Compaction completed: 
2989233:COMPACT_START sstable=0 input_files: "datalog/123" input_files: "datalog/124" compactIntoNextLevel: true destinationLevel: 1
2989233:COMPACT_ABORT input_files: "datalog/123" input_files: "datalog/124" compactIntoNextLevel: true destinationLevel: 1
2989233:COMPACT_START sstable=0 input_files: "datalog/131" input_files: "datalog/132" compactIntoNextLevel: true destinationLevel: 1
2026-05-01 07:20:04:020 - Compaction started: 
140279176742464:Compacting datalog/131 datalog/132 into:sstable1/aad8fa3f-af37-48b6-9c9e-5102eb5ead33202605010120011777620004023396857.sst
2026-05-01 07:20:04:042 - Compaction completed: 
2989233:COMPACT_START sstable=0 input_files: "datalog/139" input_files: "datalog/140" compactIntoNextLevel: true destinationLevel: 1
2026-05-01 07:20:04:121 - Compaction started: 
140279176742464:Compacting datalog/139 datalog/140 into:sstable1/aad8fa3f-af37-48b6-9c9e-5102eb5ead33202605010120011777620004124433293.sst
2026-05-01 07:20:04:143 - Compaction completed: 
2989233:COMPACT_START sstable=0 input_files: "datalog/147" input_files: "datalog/148" compactIntoNextLevel: true destinationLevel: 1
2026-05-01 07:20:04:222 - Compaction started: 
140279176742464:Compacting datalog/147 datalog/148 into:sstable1/aad8fa3f-af37-48b6-9c9e-5102eb5ead33202605010120011777620004225144138.sst
2026-05-01 07:20:04:242 - Compaction completed: 
2989233:COMPACT_START sstable=0 input_files: "datalog/157" input_files: "datalog/158" compactIntoNextLevel: true destinationLevel: 1
2989233:COMPACT_ABORT input_files: "datalog/157" input_files: "datalog/158" compactIntoNextLevel: true destinationLevel: 1
2989233:COMPACT_START sstable=0 input_files: "datalog/165" input_files: "datalog/166" compactIntoNextLevel: true destinationLevel: 1
2026-05-01 07:20:04:424 - Compaction started: 
140279176742464:Compacting datalog/165 datalog/166 into:sstable1/aad8fa3f-af37-48b6-9c9e-5102eb5ead33202605010120011777620004427466185.sst
2026-05-01 07:20:04:445 - Compaction completed: 
2989233:COMPACT_START sstable=0 input_files: "datalog/173" input_files: "datalog/174" compactIntoNextLevel: true destinationLevel: 1
2989233:COMPACT_ABORT input_files: "datalog/173" input_files: "datalog/174" compactIntoNextLevel: true destinationLevel: 1
2989233:COMPACT_START sstable=0 input_files: "datalog/181" input_files: "datalog/182" compactIntoNextLevel: true destinationLevel: 1
2026-05-01 07:20:04:627 - Compaction started: 
140279176742464:Compacting datalog/181 datalog/182 into:sstable1/aad8fa3f-af37-48b6-9c9e-5102eb5ead33202605010120011777620004630041868.sst
2026-05-01 07:20:04:647 - Compaction completed: 
2989233:COMPACT_START sstable=0 input_files: "datalog/189" input_files: "datalog/190" compactIntoNextLevel: true destinationLevel: 1
2026-05-01 07:20:04:728 - Compaction started: 
140279176742464:Compacting datalog/189 datalog/190 into:sstable1/aad8fa3f-af37-48b6-9c9e-5102eb5ead33202605010120011777620004730914847.sst
2026-05-01 07:20:04:749 - Compaction completed: 
2989233:COMPACT_START sstable=0 input_files: "datalog/197" input_files: "datalog/198" compactIntoNextLevel: true destinationLevel: 1
2026-05-01 07:20:04:829 - Compaction started: 
140279176742464:Compacting datalog/197 datalog/198 into:sstable1/aad8fa3f-af37-48b6-9c9e-5102eb5ead33202605010120011777620004832232429.sst
2026-05-01 07:20:04:850 - Compaction completed: 
2989233:COMPACT_START sstable=0 input_files: "datalog/205" input_files: "datalog/206" compactIntoNextLevel: true destinationLevel: 1
2026-05-01 07:20:04:930 - Compaction started: 
140279176742464:Compacting datalog/205 datalog/206 into:sstable1/aad8fa3f-af37-48b6-9c9e-5102eb5ead33202605010120011777620004932958062.sst
2026-05-01 07:20:04:950 - Compaction completed: 
2989233:COMPACT_START sstable=0 input_files: "datalog/213" input_files: "datalog/214" compactIntoNextLevel: true destinationLevel: 1
2026-05-01 07:20:05:031 - Compaction started: 
140279176742464:Compacting datalog/213 datalog/214 into:sstable1/aad8fa3f-af37-48b6-9c9e-5102eb5ead33202605010120011777620005034888112.sst
2026-05-01 07:20:05:052 - Compaction completed: 
2989233:COMPACT_START sstable=0 input_files: "datalog/225" input_files: "datalog/226" compactIntoNextLevel: true destinationLevel: 1
2989233:COMPACT_ABORT input_files: "datalog/225" input_files: "datalog/226" compactIntoNextLevel: true destinationLevel: 1
2989233:COMPACT_START sstable=0 input_files: "datalog/233" input_files: "datalog/234" compactIntoNextLevel: true destinationLevel: 1
2026-05-01 07:20:05:234 - Compaction started: 
140279176742464:Compacting datalog/233 datalog/234 into:sstable1/aad8fa3f-af37-48b6-9c9e-5102eb5ead33202605010120011777620005237135139.sst
2026-05-01 07:20:05:254 - Compaction completed: 
2989233:COMPACT_START sstable=0 input_files: "datalog/237" input_files: "datalog/238" compactIntoNextLevel: true destinationLevel: 1
2026-05-01 07:20:05:335 - Compaction started: 
140279176742464:Compacting datalog/237 datalog/238 into:sstable1/aad8fa3f-af37-48b6-9c9e-5102eb5ead33202605010120011777620005338571844.sst
2026-05-01 07:20:05:355 - Compaction completed: 
2989233:COMPACT_START sstable=0 input_files: "datalog/241" input_files: "datalog/242" compactIntoNextLevel: true destinationLevel: 1
2026-05-01 07:20:05:437 - Compaction started: 
140279176742464:Compacting datalog/241 datalog/242 into:sstable1/aad8fa3f-af37-48b6-9c9e-5102eb5ead33202605010120011777620005439921237.sst
2026-05-01 07:20:05:457 - Compaction completed: 
2989233:COMPACT_START sstable=0 input_files: "datalog/245" input_files: "datalog/246" compactIntoNextLevel: true destinationLevel: 1
2026-05-01 07:20:05:538 - Compaction started: 
140279176742464:Compacting datalog/245 datalog/246 into:sstable1/aad8fa3f-af37-48b6-9c9e-5102eb5ead33202605010120011777620005541345308.sst
2026-05-01 07:20:05:558 - Compaction completed: 
2989233:COMPACT_START sstable=0 input_files: "datalog/255" input_files: "datalog/256" compactIntoNextLevel: true destinationLevel: 1
2026-05-01 07:20:05:640 - Compaction started: 
140279176742464:Compacting datalog/255 datalog/256 into:sstable1/aad8fa3f-af37-48b6-9c9e-5102eb5ead33202605010120011777620005642724245.sst
2026-05-01 07:20:05:659 - Compaction completed: 
2989233:COMPACT_START sstable=0 input_files: "datalog/263" input_files: "datalog/264" compactIntoNextLevel: true destinationLevel: 1
2026-05-01 07:20:05:741 - Compaction started: 
140279176742464:Compacting datalog/263 datalog/264 into:sstable1/aad8fa3f-af37-48b6-9c9e-5102eb5ead33202605010120011777620005744445234.sst
2026-05-01 07:20:05:760 - Compaction completed: 
2989233:COMPACT_START sstable=0 input_files: "datalog/273" input_files: "datalog/274" compactIntoNextLevel: true destinationLevel: 1
2989233:COMPACT_ABORT input_files: "datalog/273" input_files: "datalog/274" compactIntoNextLevel: true destinationLevel: 1
2989233:COMPACT_START sstable=0 input_files: "datalog/275" input_files: "datalog/276" compactIntoNextLevel: true destinationLevel: 1
2989233:COMPACT_ABORT input_files: "datalog/275" input_files: "datalog/276" compactIntoNextLevel: true destinationLevel: 1
2989233:COMPACT_START sstable=0 input_files: "datalog/279" input_files: "datalog/280" compactIntoNextLevel: true destinationLevel: 1
2989233:COMPACT_ABORT input_files: "datalog/279" input_files: "datalog/280" compactIntoNextLevel: true destinationLevel: 1
2989233:COMPACT_START sstable=0 input_files: "datalog/281" input_files: "datalog/282" compactIntoNextLevel: true destinationLevel: 1
2026-05-01 07:20:05:844 - Compaction started: 
140279176742464:Compacting datalog/281 datalog/282 into:sstable1/aad8fa3f-af37-48b6-9c9e-5102eb5ead33202605010120011777620005847171427.sst
2026-05-01 07:20:05:863 - Compaction completed: 
2989233:COMPACT_START sstable=0 input_files: "datalog/287" input_files: "datalog/288" compactIntoNextLevel: true destinationLevel: 1
2026-05-01 07:20:05:945 - Compaction started: 
140279176742464:Compacting datalog/287 datalog/288 into:sstable1/aad8fa3f-af37-48b6-9c9e-5102eb5ead33202605010120011777620005948525107.sst
2026-05-01 07:20:05:974 - Compaction completed: 
2989233:COMPACT_START sstable=0 input_files: "datalog/295" input_files: "datalog/296" compactIntoNextLevel: true destinationLevel: 1
2026-05-01 07:20:06:048 - Compaction started: 
140279176742464:Compacting datalog/295 datalog/296 into:sstable1/aad8fa3f-af37-48b6-9c9e-5102eb5ead33202605010120011777620006052997784.sst
2026-05-01 07:20:06:075 - Compaction completed: 
2989233:COMPACT_START sstable=0 input_files: "datalog/301" input_files: "datalog/302" compactIntoNextLevel: true destinationLevel: 1
2989233:COMPACT_ABORT input_files: "datalog/301" input_files: "datalog/302" compactIntoNextLevel: true destinationLevel: 1
2989233:COMPACT_START sstable=0 input_files: "datalog/309" input_files: "datalog/310" compactIntoNextLevel: true destinationLevel: 1
2026-05-01 07:20:06:253 - Compaction started: 
140279176742464:Compacting datalog/309 datalog/310 into:sstable1/aad8fa3f-af37-48b6-9c9e-5102eb5ead33202605010120011777620006256864857.sst
2026-05-01 07:20:06:277 - Compaction completed: 
2989233:COMPACT_START sstable=0 input_files: "datalog/317" input_files: "datalog/318" compactIntoNextLevel: true destinationLevel: 1
2026-05-01 07:20:06:356 - Compaction started: 
140279176742464:Compacting datalog/317 datalog/318 into:sstable1/aad8fa3f-af37-48b6-9c9e-5102eb5ead33202605010120011777620006358946312.sst
2026-05-01 07:20:06:376 - Compaction completed: 
2989233:COMPACT_START sstable=0 input_files: "datalog/323" input_files: "datalog/324" compactIntoNextLevel: true destinationLevel: 1
2989233:COMPACT_ABORT input_files: "datalog/323" input_files: "datalog/324" compactIntoNextLevel: true destinationLevel: 1
2989233:COMPACT_START sstable=0 input_files: "datalog/329" input_files: "datalog/330" compactIntoNextLevel: true destinationLevel: 1
2989233:COMPACT_ABORT input_files: "datalog/329" input_files: "datalog/330" compactIntoNextLevel: true destinationLevel: 1
2989233:COMPACT_START sstable=0 input_files: "datalog/333" input_files: "datalog/334" compactIntoNextLevel: true destinationLevel: 1
2989233:COMPACT_ABORT input_files: "datalog/333" input_files: "datalog/334" compactIntoNextLevel: true destinationLevel: 1
2989233:COMPACT_START sstable=0 input_files: "datalog/337" input_files: "datalog/338" compactIntoNextLevel: true destinationLevel: 1
2989233:COMPACT_ABORT input_files: "datalog/337" input_files: "datalog/338" compactIntoNextLevel: true destinationLevel: 1
2989233:COMPACT_START sstable=0 input_files: "datalog/345" input_files: "datalog/346" compactIntoNextLevel: true destinationLevel: 1
2026-05-01 07:20:06:865 - Compaction started: 
140279176742464:Compacting datalog/345 datalog/346 into:sstable1/aad8fa3f-af37-48b6-9c9e-5102eb5ead33202605010120011777620006868725105.sst
2026-05-01 07:20:06:884 - Compaction completed: 
2989233:COMPACT_START sstable=0 input_files: "datalog/351" input_files: "datalog/352" compactIntoNextLevel: true destinationLevel: 1
2026-05-01 07:20:06:968 - Compaction started: 
140279176742464:Compacting datalog/351 datalog/352 into:sstable1/aad8fa3f-af37-48b6-9c9e-5102eb5ead33202605010120011777620006971440668.sst
2026-05-01 07:20:06:989 - Compaction completed: 
2989233:COMPACT_START sstable=0 input_files: "datalog/355" input_files: "datalog/356" compactIntoNextLevel: true destinationLevel: 1
2026-05-01 07:20:07:071 - Compaction started: 
140279176742464:Compacting datalog/355 datalog/356 into:sstable1/aad8fa3f-af37-48b6-9c9e-5102eb5ead33202605010120011777620007073939985.sst
2026-05-01 07:20:07:091 - Compaction completed: 
2989233:COMPACT_START sstable=0 input_files: "datalog/363" input_files: "datalog/364" compactIntoNextLevel: true destinationLevel: 1
2026-05-01 07:20:07:174 - Compaction started: 
140279176742464:Compacting datalog/363 datalog/364 into:sstable1/aad8fa3f-af37-48b6-9c9e-5102eb5ead33202605010120011777620007177360530.sst
2026-05-01 07:20:07:194 - Compaction completed: 
2989233:COMPACT_START sstable=0 input_files: "datalog/369" input_files: "datalog/370" compactIntoNextLevel: true destinationLevel: 1
2026-05-01 07:20:07:276 - Compaction started: 
140279176742464:Compacting datalog/369 datalog/370 into:sstable1/aad8fa3f-af37-48b6-9c9e-5102eb5ead33202605010120011777620007280024556.sst
2026-05-01 07:20:07:298 - Compaction completed: 
2989233:Task input_files: "datalog/157" input_files: "datalog/158" compactIntoNextLevel: true destinationLevel: 1 is dead (hb=30)
2989233:Found dead task input_files: "datalog/157" input_files: "datalog/158" compactIntoNextLevel: true destinationLevel: 1
2989233:COMPACT_START sstable=0 input_files: "datalog/157" input_files: "datalog/158" compactIntoNextLevel: true destinationLevel: 1
2026-05-01 07:20:07:379 - Compaction started: 
140279176742464:Compacting datalog/157 datalog/158 into:sstable1/aad8fa3f-af37-48b6-9c9e-5102eb5ead33202605010120011777620007382641754.sst
2026-05-01 07:20:07:400 - Compaction completed: 
2989233:COMPACT_START sstable=0 input_files: "datalog/377" input_files: "datalog/378" compactIntoNextLevel: true destinationLevel: 1
2026-05-01 07:20:07:481 - Compaction started: 
140279176742464:Compacting datalog/377 datalog/378 into:sstable1/aad8fa3f-af37-48b6-9c9e-5102eb5ead33202605010120011777620007484499169.sst
2026-05-01 07:20:07:500 - Compaction completed: 
2989233:Task input_files: "datalog/173" input_files: "datalog/174" compactIntoNextLevel: true destinationLevel: 1 is dead (hb=30)
2989233:Found dead task input_files: "datalog/173" input_files: "datalog/174" compactIntoNextLevel: true destinationLevel: 1
2989233:COMPACT_START sstable=0 input_files: "datalog/173" input_files: "datalog/174" compactIntoNextLevel: true destinationLevel: 1
2026-05-01 07:20:07:584 - Compaction started: 
140279176742464:Compacting datalog/173 datalog/174 into:sstable1/aad8fa3f-af37-48b6-9c9e-5102eb5ead33202605010120011777620007587651791.sst
2026-05-01 07:20:07:605 - Compaction completed: 
2989233:COMPACT_START sstable=0 input_files: "datalog/389" input_files: "datalog/390" compactIntoNextLevel: true destinationLevel: 1
2026-05-01 07:20:07:686 - Compaction started: 
140279176742464:Compacting datalog/389 datalog/390 into:sstable1/aad8fa3f-af37-48b6-9c9e-5102eb5ead33202605010120011777620007689510197.sst
2026-05-01 07:20:07:706 - Compaction completed: 
2989233:COMPACT_START sstable=0 input_files: "datalog/397" input_files: "datalog/398" compactIntoNextLevel: true destinationLevel: 1
2026-05-01 07:20:07:788 - Compaction started: 
140279176742464:Compacting datalog/397 datalog/398 into:sstable1/aad8fa3f-af37-48b6-9c9e-5102eb5ead33202605010120011777620007792004495.sst
2026-05-01 07:20:07:810 - Compaction completed: 
2989233:COMPACT_START sstable=0 input_files: "datalog/405" input_files: "datalog/406" compactIntoNextLevel: true destinationLevel: 1
2026-05-01 07:20:07:889 - Compaction started: 
140279176742464:Compacting datalog/405 datalog/406 into:sstable1/aad8fa3f-af37-48b6-9c9e-5102eb5ead33202605010120011777620007893032053.sst
2026-05-01 07:20:07:909 - Compaction completed: 
2989233:COMPACT_START sstable=0 input_files: "datalog/411" input_files: "datalog/412" compactIntoNextLevel: true destinationLevel: 1
2026-05-01 07:20:07:991 - Compaction started: 
140279176742464:Compacting datalog/411 datalog/412 into:sstable1/aad8fa3f-af37-48b6-9c9e-5102eb5ead33202605010120011777620007994519675.sst
2026-05-01 07:20:08:010 - Compaction completed: 
2989233:COMPACT_START sstable=0 input_files: "datalog/415" input_files: "datalog/416" compactIntoNextLevel: true destinationLevel: 1
2026-05-01 07:20:08:092 - Compaction started: 
140279176742464:Compacting datalog/415 datalog/416 into:sstable1/aad8fa3f-af37-48b6-9c9e-5102eb5ead33202605010120011777620008096251003.sst
2026-05-01 07:20:08:112 - Compaction completed: 
2989233:COMPACT_START sstable=0 input_files: "datalog/421" input_files: "datalog/422" compactIntoNextLevel: true destinationLevel: 1
2026-05-01 07:20:08:194 - Compaction started: 
140279176742464:Compacting datalog/421 datalog/422 into:sstable1/aad8fa3f-af37-48b6-9c9e-5102eb5ead33202605010120011777620008197595094.sst
2026-05-01 07:20:08:212 - Compaction completed: 
2989233:COMPACT_START sstable=0 input_files: "datalog/429" input_files: "datalog/430" compactIntoNextLevel: true destinationLevel: 1
2989233:COMPACT_ABORT input_files: "datalog/429" input_files: "datalog/430" compactIntoNextLevel: true destinationLevel: 1
2989233:COMPACT_START sstable=0 input_files: "datalog/431" input_files: "datalog/432" compactIntoNextLevel: true destinationLevel: 1
2989233:COMPACT_ABORT input_files: "datalog/431" input_files: "datalog/432" compactIntoNextLevel: true destinationLevel: 1
2989233:COMPACT_START sstable=0 input_files: "datalog/433" input_files: "datalog/434" compactIntoNextLevel: true destinationLevel: 1
2026-05-01 07:20:08:297 - Compaction started: 
140279176742464:Compacting datalog/433 datalog/434 into:sstable1/aad8fa3f-af37-48b6-9c9e-5102eb5ead33202605010120011777620008300061490.sst
2026-05-01 07:20:08:315 - Compaction completed: 
2989233:COMPACT_START sstable=0 input_files: "datalog/441" input_files: "datalog/442" compactIntoNextLevel: true destinationLevel: 1
2026-05-01 07:20:08:398 - Compaction started: 
140279176742464:Compacting datalog/441 datalog/442 into:sstable1/aad8fa3f-af37-48b6-9c9e-5102eb5ead33202605010120011777620008401402537.sst
2026-05-01 07:20:08:416 - Compaction completed: 
2989233:COMPACT_START sstable=0 input_files: "datalog/447" input_files: "datalog/448" compactIntoNextLevel: true destinationLevel: 1
2026-05-01 07:20:08:501 - Compaction started: 
140279176742464:Compacting datalog/447 datalog/448 into:sstable1/aad8fa3f-af37-48b6-9c9e-5102eb5ead33202605010120011777620008504417060.sst
2026-05-01 07:20:08:520 - Compaction completed: 
2989233:COMPACT_START sstable=0 input_files: "datalog/455" input_files: "datalog/456" compactIntoNextLevel: true destinationLevel: 1
2026-05-01 07:20:08:603 - Compaction started: 
140279176742464:Compacting datalog/455 datalog/456 into:sstable1/aad8fa3f-af37-48b6-9c9e-5102eb5ead33202605010120011777620008605675902.sst
2026-05-01 07:20:08:620 - Compaction completed: 
2989233:COMPACT_START sstable=0 input_files: "datalog/461" input_files: "datalog/462" compactIntoNextLevel: true destinationLevel: 1
2989233:COMPACT_ABORT input_files: "datalog/461" input_files: "datalog/462" compactIntoNextLevel: true destinationLevel: 1
2989233:Task input_files: "datalog/279" input_files: "datalog/280" compactIntoNextLevel: true destinationLevel: 1 is dead (hb=30)
2989233:Task input_files: "datalog/275" input_files: "datalog/276" compactIntoNextLevel: true destinationLevel: 1 is dead (hb=30)
2989233:Task input_files: "datalog/273" input_files: "datalog/274" compactIntoNextLevel: true destinationLevel: 1 is dead (hb=30)
2989233:Found dead task input_files: "datalog/273" input_files: "datalog/274" compactIntoNextLevel: true destinationLevel: 1
2989233:COMPACT_START sstable=0 input_files: "datalog/273" input_files: "datalog/274" compactIntoNextLevel: true destinationLevel: 1
2026-05-01 07:20:08:806 - Compaction started: 
140279176742464:Compacting datalog/273 datalog/274 into:sstable1/aad8fa3f-af37-48b6-9c9e-5102eb5ead33202605010120011777620008809031267.sst
2026-05-01 07:20:08:824 - Compaction completed: 
2989233:COMPACT_START sstable=0 input_files: "datalog/471" input_files: "datalog/472" compactIntoNextLevel: true destinationLevel: 1
2026-05-01 07:20:08:907 - Compaction started: 
140279176742464:Compacting datalog/471 datalog/472 into:sstable1/aad8fa3f-af37-48b6-9c9e-5102eb5ead33202605010120011777620008910807909.sst
2026-05-01 07:20:08:925 - Compaction completed: 
2989233:COMPACT_START sstable=0 input_files: "datalog/479" input_files: "datalog/480" compactIntoNextLevel: true destinationLevel: 1
2026-05-01 07:20:09:009 - Compaction started: 
140279176742464:Compacting datalog/479 datalog/480 into:sstable1/aad8fa3f-af37-48b6-9c9e-5102eb5ead33202605010120011777620009012564575.sst
2026-05-01 07:20:09:027 - Compaction completed: 
2989233:COMPACT_START sstable=0 input_files: "datalog/485" input_files: "datalog/486" compactIntoNextLevel: true destinationLevel: 1
2026-05-01 07:20:09:111 - Compaction started: 
140279176742464:Compacting datalog/485 datalog/486 into:sstable1/aad8fa3f-af37-48b6-9c9e-5102eb5ead33202605010120011777620009113952308.sst
2026-05-01 07:20:09:128 - Compaction completed: 
2989233:Task input_files: "datalog/65" input_files: "datalog/66" compactIntoNextLevel: true destinationLevel: 1 is dead (hb=30)
2989233:Task input_files: "datalog/301" input_files: "datalog/302" compactIntoNextLevel: true destinationLevel: 1 is dead (hb=30)
2989233:Task input_files: "datalog/299" input_files: "datalog/300" compactIntoNextLevel: true destinationLevel: 1 is dead (hb=30)
2989233:Found dead task input_files: "datalog/299" input_files: "datalog/300" compactIntoNextLevel: true destinationLevel: 1
2989233:COMPACT_START sstable=0 input_files: "datalog/299" input_files: "datalog/300" compactIntoNextLevel: true destinationLevel: 1
2026-05-01 07:20:09:213 - Compaction started: 
140279176742464:Compacting datalog/299 datalog/300 into:sstable1/aad8fa3f-af37-48b6-9c9e-5102eb5ead33202605010120011777620009215972508.sst
2026-05-01 07:20:09:232 - Compaction completed: 
2989233:Found dead task input_files: "datalog/301" input_files: "datalog/302" compactIntoNextLevel: true destinationLevel: 1
2989233:COMPACT_START sstable=0 input_files: "datalog/301" input_files: "datalog/302" compactIntoNextLevel: true destinationLevel: 1
2026-05-01 07:20:09:314 - Compaction started: 
140279176742464:Compacting datalog/301 datalog/302 into:sstable1/aad8fa3f-af37-48b6-9c9e-5102eb5ead33202605010120011777620009317880357.sst
2026-05-01 07:20:09:334 - Compaction completed: 
2989233:Task input_files: "datalog/311" input_files: "datalog/312" compactIntoNextLevel: true destinationLevel: 1 is dead (hb=30)
2989233:Found dead task input_files: "datalog/311" input_files: "datalog/312" compactIntoNextLevel: true destinationLevel: 1
2989233:COMPACT_START sstable=0 input_files: "datalog/311" input_files: "datalog/312" compactIntoNextLevel: true destinationLevel: 1
2026-05-01 07:20:09:416 - Compaction started: 
140279176742464:Compacting datalog/311 datalog/312 into:sstable1/aad8fa3f-af37-48b6-9c9e-5102eb5ead33202605010120011777620009419404777.sst
2026-05-01 07:20:09:436 - Compaction completed: 
2989233:Task input_files: "datalog/323" input_files: "datalog/324" compactIntoNextLevel: true destinationLevel: 1 is dead (hb=30)
2989233:Found dead task input_files: "datalog/323" input_files: "datalog/324" compactIntoNextLevel: true destinationLevel: 1
2989233:COMPACT_START sstable=0 input_files: "datalog/323" input_files: "datalog/324" compactIntoNextLevel: true destinationLevel: 1
2989233:COMPACT_ABORT input_files: "datalog/323" input_files: "datalog/324" compactIntoNextLevel: true destinationLevel: 1
2989233:COMPACT_START sstable=0 input_files: "datalog/501" input_files: "datalog/502" compactIntoNextLevel: true destinationLevel: 1
2026-05-01 07:20:09:518 - Compaction started: 
140279176742464:Compacting datalog/501 datalog/502 into:sstable1/aad8fa3f-af37-48b6-9c9e-5102eb5ead33202605010120011777620009521692247.sst
2026-05-01 07:20:09:536 - Compaction completed: 
2989233:Task input_files: "datalog/329" input_files: "datalog/330" compactIntoNextLevel: true destinationLevel: 1 is dead (hb=30)
2989233:Found dead task input_files: "datalog/329" input_files: "datalog/330" compactIntoNextLevel: true destinationLevel: 1
2989233:COMPACT_START sstable=0 input_files: "datalog/329" input_files: "datalog/330" compactIntoNextLevel: true destinationLevel: 1
2989233:COMPACT_ABORT input_files: "datalog/329" input_files: "datalog/330" compactIntoNextLevel: true destinationLevel: 1
2989233:COMPACT_START sstable=0 input_files: "datalog/509" input_files: "datalog/510" compactIntoNextLevel: true destinationLevel: 1
2026-05-01 07:20:09:621 - Compaction started: 
140279176742464:Compacting datalog/509 datalog/510 into:sstable1/aad8fa3f-af37-48b6-9c9e-5102eb5ead33202605010120011777620009623573887.sst
2026-05-01 07:20:09:638 - Compaction completed: 
2989233:Task input_files: "datalog/93" input_files: "datalog/94" compactIntoNextLevel: true destinationLevel: 1 is dead (hb=30)
2989233:Found dead task input_files: "datalog/93" input_files: "datalog/94" compactIntoNextLevel: true destinationLevel: 1
2989233:COMPACT_START sstable=0 input_files: "datalog/93" input_files: "datalog/94" compactIntoNextLevel: true destinationLevel: 1
2026-05-01 07:20:09:722 - Compaction started: 
140279176742464:Compacting datalog/93 datalog/94 into:sstable1/aad8fa3f-af37-48b6-9c9e-5102eb5ead33202605010120011777620009726285873.sst
2026-05-01 07:20:09:744 - Compaction completed: 
2989233:COMPACT_START sstable=0 input_files: "datalog/521" input_files: "datalog/522" compactIntoNextLevel: true destinationLevel: 1
2026-05-01 07:20:09:824 - Compaction started: 
140279176742464:Compacting datalog/521 datalog/522 into:sstable1/aad8fa3f-af37-48b6-9c9e-5102eb5ead33202605010120011777620009827133875.sst
2026-05-01 07:20:09:843 - Compaction completed: 
2989233:COMPACT_START sstable=0 input_files: "datalog/529" input_files: "datalog/530" compactIntoNextLevel: true destinationLevel: 1
2026-05-01 07:20:09:926 - Compaction started: 
140279176742464:Compacting datalog/529 datalog/530 into:sstable1/aad8fa3f-af37-48b6-9c9e-5102eb5ead33202605010120011777620009929201012.sst
2026-05-01 07:20:09:943 - Compaction completed: 
2989233:Task input_files: "datalog/127" input_files: "datalog/128" compactIntoNextLevel: true destinationLevel: 1 is dead (hb=30)
2989233:Found dead task input_files: "datalog/127" input_files: "datalog/128" compactIntoNextLevel: true destinationLevel: 1
2989233:COMPACT_START sstable=0 input_files: "datalog/127" input_files: "datalog/128" compactIntoNextLevel: true destinationLevel: 1
2989233:COMPACT_ABORT input_files: "datalog/127" input_files: "datalog/128" compactIntoNextLevel: true destinationLevel: 1
2989233:COMPACT_START sstable=0 input_files: "datalog/545" input_files: "datalog/546" compactIntoNextLevel: true destinationLevel: 1
2026-05-01 07:20:10:129 - Compaction started: 
140279176742464:Compacting datalog/545 datalog/546 into:sstable1/aad8fa3f-af37-48b6-9c9e-5102eb5ead33202605010120011777620010132859465.sst
2026-05-01 07:20:10:148 - Compaction completed: 
2989233:COMPACT_START sstable=0 input_files: "datalog/553" input_files: "datalog/554" compactIntoNextLevel: true destinationLevel: 1
2026-05-01 07:20:10:231 - Compaction started: 
140279176742464:Compacting datalog/553 datalog/554 into:sstable1/aad8fa3f-af37-48b6-9c9e-5102eb5ead33202605010120011777620010234152661.sst
2026-05-01 07:20:10:248 - Compaction completed: 
2989233:COMPACT_START sstable=0 input_files: "datalog/559" input_files: "datalog/560" compactIntoNextLevel: true destinationLevel: 1
2026-05-01 07:20:10:332 - Compaction started: 
140279176742464:Compacting datalog/559 datalog/560 into:sstable1/aad8fa3f-af37-48b6-9c9e-5102eb5ead33202605010120011777620010336043579.sst
2026-05-01 07:20:10:350 - Compaction completed: 
2989233:COMPACT_START sstable=0 input_files: "datalog/565" input_files: "datalog/566" compactIntoNextLevel: true destinationLevel: 1
2026-05-01 07:20:10:434 - Compaction started: 
140279176742464:Compacting datalog/565 datalog/566 into:sstable1/aad8fa3f-af37-48b6-9c9e-5102eb5ead33202605010120011777620010437618142.sst
2026-05-01 07:20:10:452 - Compaction completed: 
2989233:COMPACT_START sstable=0 input_files: "datalog/573" input_files: "datalog/574" compactIntoNextLevel: true destinationLevel: 1
2026-05-01 07:20:10:536 - Compaction started: 
140279176742464:Compacting datalog/573 datalog/574 into:sstable1/aad8fa3f-af37-48b6-9c9e-5102eb5ead33202605010120011777620010539550177.sst
2026-05-01 07:20:10:554 - Compaction completed: 
2989233:COMPACT_START sstable=0 input_files: "datalog/581" input_files: "datalog/582" compactIntoNextLevel: true destinationLevel: 1
2026-05-01 07:20:10:638 - Compaction started: 
140279176742464:Compacting datalog/581 datalog/582 into:sstable1/aad8fa3f-af37-48b6-9c9e-5102eb5ead33202605010120011777620010640753725.sst
2026-05-01 07:20:10:655 - Compaction completed: 
2989233:COMPACT_START sstable=0 input_files: "datalog/585" input_files: "datalog/586" compactIntoNextLevel: true destinationLevel: 1
2989233:COMPACT_ABORT input_files: "datalog/585" input_files: "datalog/586" compactIntoNextLevel: true destinationLevel: 1
2989233:COMPACT_START sstable=0 input_files: "datalog/593" input_files: "datalog/594" compactIntoNextLevel: true destinationLevel: 1
2026-05-01 07:20:10:841 - Compaction started: 
140279176742464:Compacting datalog/593 datalog/594 into:sstable1/aad8fa3f-af37-48b6-9c9e-5102eb5ead33202605010120011777620010844148694.sst
2026-05-01 07:20:10:859 - Compaction completed: 
2989233:COMPACT_START sstable=0 input_files: "datalog/601" input_files: "datalog/602" compactIntoNextLevel: true destinationLevel: 1
2989233:COMPACT_ABORT input_files: "datalog/601" input_files: "datalog/602" compactIntoNextLevel: true destinationLevel: 1
2989233:COMPACT_START sstable=0 input_files: "datalog/609" input_files: "datalog/610" compactIntoNextLevel: true destinationLevel: 1
2026-05-01 07:20:11:045 - Compaction started: 
140279176742464:Compacting datalog/609 datalog/610 into:sstable1/aad8fa3f-af37-48b6-9c9e-5102eb5ead33202605010120011777620011047660642.sst
2026-05-01 07:20:11:062 - Compaction completed: 
2989233:COMPACT_START sstable=0 input_files: "datalog/617" input_files: "datalog/618" compactIntoNextLevel: true destinationLevel: 1
2026-05-01 07:20:11:147 - Compaction started: 
140279176742464:Compacting datalog/617 datalog/618 into:sstable1/aad8fa3f-af37-48b6-9c9e-5102eb5ead33202605010120011777620011150661590.sst
2026-05-01 07:20:11:165 - Compaction completed: 
2989233:COMPACT_START sstable=0 input_files: "datalog/625" input_files: "datalog/626" compactIntoNextLevel: true destinationLevel: 1
2026-05-01 07:20:11:250 - Compaction started: 
140279176742464:Compacting datalog/625 datalog/626 into:sstable1/aad8fa3f-af37-48b6-9c9e-5102eb5ead33202605010120011777620011253665664.sst
2026-05-01 07:20:11:268 - Compaction completed: 
2989233:Task input_files: "datalog/429" input_files: "datalog/430" compactIntoNextLevel: true destinationLevel: 1 is dead (hb=30)
2989233:Task input_files: "datalog/431" input_files: "datalog/432" compactIntoNextLevel: true destinationLevel: 1 is dead (hb=30)
2989233:Found dead task input_files: "datalog/431" input_files: "datalog/432" compactIntoNextLevel: true destinationLevel: 1
2989233:COMPACT_START sstable=0 input_files: "datalog/431" input_files: "datalog/432" compactIntoNextLevel: true destinationLevel: 1
2026-05-01 07:20:11:353 - Compaction started: 
140279176742464:Compacting datalog/431 datalog/432 into:sstable1/aad8fa3f-af37-48b6-9c9e-5102eb5ead33202605010120011777620011356385585.sst
2026-05-01 07:20:11:372 - Compaction completed: 
2989233:COMPACT_START sstable=0 input_files: "datalog/635" input_files: "datalog/636" compactIntoNextLevel: true destinationLevel: 1
2026-05-01 07:20:11:455 - Compaction started: 
140279176742464:Compacting datalog/635 datalog/636 into:sstable1/aad8fa3f-af37-48b6-9c9e-5102eb5ead33202605010120011777620011458876667.sst
2026-05-01 07:20:11:473 - Compaction completed: 
2989233:COMPACT_START sstable=0 input_files: "datalog/639" input_files: "datalog/640" compactIntoNextLevel: true destinationLevel: 1
2026-05-01 07:20:11:558 - Compaction started: 
140279176742464:Compacting datalog/639 datalog/640 into:sstable1/aad8fa3f-af37-48b6-9c9e-5102eb5ead33202605010120011777620011561681086.sst
2026-05-01 07:20:11:577 - Compaction completed: 
2989233:COMPACT_START sstable=0 input_files: "datalog/647" input_files: "datalog/648" compactIntoNextLevel: true destinationLevel: 1
2026-05-01 07:20:11:695 - Compaction started: 
140279176742464:Compacting datalog/647 datalog/648 into:sstable1/aad8fa3f-af37-48b6-9c9e-5102eb5ead33202605010120011777620011697917558.sst
2026-05-01 07:20:11:712 - Compaction completed: 
2989233:Task input_files: "datalog/461" input_files: "datalog/462" compactIntoNextLevel: true destinationLevel: 1 is dead (hb=30)
2989233:Found dead task input_files: "datalog/461" input_files: "datalog/462" compactIntoNextLevel: true destinationLevel: 1
2989233:COMPACT_START sstable=0 input_files: "datalog/461" input_files: "datalog/462" compactIntoNextLevel: true destinationLevel: 1
2026-05-01 07:20:11:797 - Compaction started: 
140279176742464:Compacting datalog/461 datalog/462 into:sstable1/aad8fa3f-af37-48b6-9c9e-5102eb5ead33202605010120011777620011800501424.sst
2026-05-01 07:20:11:816 - Compaction completed: 
2989233:COMPACT_START sstable=0 input_files: "datalog/653" input_files: "datalog/654" compactIntoNextLevel: true destinationLevel: 1
2989233:COMPACT_ABORT input_files: "datalog/653" input_files: "datalog/654" compactIntoNextLevel: true destinationLevel: 1
2989233:COMPACT_START sstable=0 input_files: "datalog/661" input_files: "datalog/662" compactIntoNextLevel: true destinationLevel: 1
2026-05-01 07:20:12:001 - Compaction started: 
140279176742464:Compacting datalog/661 datalog/662 into:sstable1/aad8fa3f-af37-48b6-9c9e-5102eb5ead33202605010120011777620012004694960.sst
2026-05-01 07:20:12:019 - Compaction completed: 
2989233:COMPACT_START sstable=0 input_files: "datalog/667" input_files: "datalog/668" compactIntoNextLevel: true destinationLevel: 1
2989233:COMPACT_ABORT input_files: "datalog/667" input_files: "datalog/668" compactIntoNextLevel: true destinationLevel: 1
2989233:COMPACT_START sstable=0 input_files: "datalog/671" input_files: "datalog/672" compactIntoNextLevel: true destinationLevel: 1
2989233:COMPACT_ABORT input_files: "datalog/671" input_files: "datalog/672" compactIntoNextLevel: true destinationLevel: 1
2989233:COMPACT_START sstable=0 input_files: "datalog/681" input_files: "datalog/682" compactIntoNextLevel: true destinationLevel: 1
2026-05-01 07:20:12:384 - Compaction started: 
140279176742464:Compacting datalog/681 datalog/682 into:sstable1/aad8fa3f-af37-48b6-9c9e-5102eb5ead33202605010120011777620012387478515.sst
2026-05-01 07:20:12:401 - Compaction completed: 
2989233:Task input_files: "datalog/323" input_files: "datalog/324" compactIntoNextLevel: true destinationLevel: 1 is dead (hb=30)
2989233:Found dead task input_files: "datalog/323" input_files: "datalog/324" compactIntoNextLevel: true destinationLevel: 1
2989233:COMPACT_START sstable=0 input_files: "datalog/323" input_files: "datalog/324" compactIntoNextLevel: true destinationLevel: 1
2026-05-01 07:20:12:486 - Compaction started: 
140279176742464:Compacting datalog/323 datalog/324 into:sstable1/aad8fa3f-af37-48b6-9c9e-5102eb5ead33202605010120011777620012489217728.sst
2026-05-01 07:20:12:504 - Compaction completed: 
2989233:Task input_files: "datalog/329" input_files: "datalog/330" compactIntoNextLevel: true destinationLevel: 1 is dead (hb=30)
2989233:Found dead task input_files: "datalog/329" input_files: "datalog/330" compactIntoNextLevel: true destinationLevel: 1
2989233:COMPACT_START sstable=0 input_files: "datalog/329" input_files: "datalog/330" compactIntoNextLevel: true destinationLevel: 1
2989233:COMPACT_ABORT input_files: "datalog/329" input_files: "datalog/330" compactIntoNextLevel: true destinationLevel: 1
2989233:COMPACT_START sstable=0 input_files: "datalog/691" input_files: "datalog/692" compactIntoNextLevel: true destinationLevel: 1
2026-05-01 07:20:12:720 - Compaction started: 
140279176742464:Compacting datalog/691 datalog/692 into:sstable1/aad8fa3f-af37-48b6-9c9e-5102eb5ead33202605010120011777620012749499879.sst
2026-05-01 07:20:12:763 - Compaction completed: 
2989233:COMPACT_START sstable=0 input_files: "datalog/699" input_files: "datalog/700" compactIntoNextLevel: true destinationLevel: 1
2989233:COMPACT_ABORT input_files: "datalog/699" input_files: "datalog/700" compactIntoNextLevel: true destinationLevel: 1
2989233:COMPACT_START sstable=0 input_files: "datalog/711" input_files: "datalog/712" compactIntoNextLevel: true destinationLevel: 1
2026-05-01 07:20:12:923 - Compaction started: 
140279176742464:Compacting datalog/711 datalog/712 into:sstable1/aad8fa3f-af37-48b6-9c9e-5102eb5ead33202605010120011777620012926981470.sst
2026-05-01 07:20:12:940 - Compaction completed: 
2989233:COMPACT_START sstable=0 input_files: "datalog/717" input_files: "datalog/718" compactIntoNextLevel: true destinationLevel: 1
2989233:COMPACT_ABORT input_files: "datalog/717" input_files: "datalog/718" compactIntoNextLevel: true destinationLevel: 1
2989233:COMPACT_START sstable=0 input_files: "datalog/719" input_files: "datalog/720" compactIntoNextLevel: true destinationLevel: 1
2026-05-01 07:20:13:025 - Compaction started: 
140279176742464:Compacting datalog/719 datalog/720 into:sstable1/aad8fa3f-af37-48b6-9c9e-5102eb5ead33202605010120011777620013028479560.sst
2026-05-01 07:20:13:042 - Compaction completed: 
2989233:COMPACT_START sstable=0 input_files: "datalog/723" input_files: "datalog/724" compactIntoNextLevel: true destinationLevel: 1
2026-05-01 07:20:13:157 - Compaction started: 
140279176742464:Compacting datalog/723 datalog/724 into:sstable1/aad8fa3f-af37-48b6-9c9e-5102eb5ead33202605010120011777620013159424312.sst
2026-05-01 07:20:13:172 - Compaction completed: 
2989233:COMPACT_START sstable=0 input_files: "datalog/731" input_files: "datalog/732" compactIntoNextLevel: true destinationLevel: 1
2989233:COMPACT_ABORT input_files: "datalog/731" input_files: "datalog/732" compactIntoNextLevel: true destinationLevel: 1
2989233:COMPACT_START sstable=0 input_files: "datalog/739" input_files: "datalog/740" compactIntoNextLevel: true destinationLevel: 1
2026-05-01 07:20:13:360 - Compaction started: 
140279176742464:Compacting datalog/739 datalog/740 into:sstable1/aad8fa3f-af37-48b6-9c9e-5102eb5ead33202605010120011777620013362293856.sst
2026-05-01 07:20:13:374 - Compaction completed: 
2989233:COMPACT_START sstable=0 input_files: "datalog/745" input_files: "datalog/746" compactIntoNextLevel: true destinationLevel: 1
2026-05-01 07:20:13:461 - Compaction started: 
140279176742464:Compacting datalog/745 datalog/746 into:sstable1/aad8fa3f-af37-48b6-9c9e-5102eb5ead33202605010120011777620013463981943.sst
2026-05-01 07:20:13:477 - Compaction completed: 
2989233:COMPACT_START sstable=0 input_files: "datalog/753" input_files: "datalog/754" compactIntoNextLevel: true destinationLevel: 1
2989233:COMPACT_ABORT input_files: "datalog/753" input_files: "datalog/754" compactIntoNextLevel: true destinationLevel: 1
2989233:COMPACT_START sstable=0 input_files: "datalog/759" input_files: "datalog/760" compactIntoNextLevel: true destinationLevel: 1
2989233:COMPACT_ABORT input_files: "datalog/759" input_files: "datalog/760" compactIntoNextLevel: true destinationLevel: 1
2989233:COMPACT_START sstable=0 input_files: "datalog/761" input_files: "datalog/762" compactIntoNextLevel: true destinationLevel: 1
2026-05-01 07:20:13:664 - Compaction started: 
140279176742464:Compacting datalog/761 datalog/762 into:sstable1/aad8fa3f-af37-48b6-9c9e-5102eb5ead33202605010120011777620013666606037.sst
2026-05-01 07:20:13:679 - Compaction completed: 
2989233:COMPACT_START sstable=0 input_files: "datalog/767" input_files: "datalog/768" compactIntoNextLevel: true destinationLevel: 1
2026-05-01 07:20:13:765 - Compaction started: 
140279176742464:Compacting datalog/767 datalog/768 into:sstable1/aad8fa3f-af37-48b6-9c9e-5102eb5ead33202605010120011777620013767570206.sst
2026-05-01 07:20:13:780 - Compaction completed: 
2989233:COMPACT_START sstable=0 input_files: "datalog/773" input_files: "datalog/774" compactIntoNextLevel: true destinationLevel: 1
2026-05-01 07:20:13:866 - Compaction started: 
140279176742464:Compacting datalog/773 datalog/774 into:sstable1/aad8fa3f-af37-48b6-9c9e-5102eb5ead33202605010120011777620013868735985.sst
2026-05-01 07:20:13:881 - Compaction completed: 
2989233:COMPACT_START sstable=0 input_files: "datalog/779" input_files: "datalog/780" compactIntoNextLevel: true destinationLevel: 1
2989233:COMPACT_ABORT input_files: "datalog/779" input_files: "datalog/780" compactIntoNextLevel: true destinationLevel: 1
2989233:COMPACT_START sstable=0 input_files: "datalog/783" input_files: "datalog/784" compactIntoNextLevel: true destinationLevel: 1
2026-05-01 07:20:14:069 - Compaction started: 
140279176742464:Compacting datalog/783 datalog/784 into:sstable1/aad8fa3f-af37-48b6-9c9e-5102eb5ead33202605010120011777620014071504469.sst
2026-05-01 07:20:14:084 - Compaction completed: 
2989233:COMPACT_START sstable=0 input_files: "datalog/795" input_files: "datalog/796" compactIntoNextLevel: true destinationLevel: 1
2026-05-01 07:20:14:170 - Compaction started: 
140279176742464:Compacting datalog/795 datalog/796 into:sstable1/aad8fa3f-af37-48b6-9c9e-5102eb5ead33202605010120011777620014172810419.sst
2026-05-01 07:20:14:186 - Compaction completed: 
2989233:COMPACT_START sstable=0 input_files: "datalog/805" input_files: "datalog/806" compactIntoNextLevel: true destinationLevel: 1
2026-05-01 07:20:14:272 - Compaction started: 
140279176742464:Compacting datalog/805 datalog/806 into:sstable1/aad8fa3f-af37-48b6-9c9e-5102eb5ead33202605010120011777620014274485762.sst
2026-05-01 07:20:14:287 - Compaction completed: 
2989233:COMPACT_START sstable=0 input_files: "datalog/813" input_files: "datalog/814" compactIntoNextLevel: true destinationLevel: 1
2026-05-01 07:20:14:373 - Compaction started: 
140279176742464:Compacting datalog/813 datalog/814 into:sstable1/aad8fa3f-af37-48b6-9c9e-5102eb5ead33202605010120011777620014375853208.sst
2026-05-01 07:20:14:388 - Compaction completed: 
2989233:COMPACT_START sstable=0 input_files: "datalog/821" input_files: "datalog/822" compactIntoNextLevel: true destinationLevel: 1
2026-05-01 07:20:14:474 - Compaction started: 
140279176742464:Compacting datalog/821 datalog/822 into:sstable1/aad8fa3f-af37-48b6-9c9e-5102eb5ead33202605010120011777620014477165450.sst
2026-05-01 07:20:14:491 - Compaction completed: 
2989233:COMPACT_START sstable=0 input_files: "datalog/829" input_files: "datalog/830" compactIntoNextLevel: true destinationLevel: 1
2989233:COMPACT_ABORT input_files: "datalog/829" input_files: "datalog/830" compactIntoNextLevel: true destinationLevel: 1
2989233:COMPACT_START sstable=0 input_files: "datalog/839" input_files: "datalog/840" compactIntoNextLevel: true destinationLevel: 1
2026-05-01 07:20:14:677 - Compaction started: 
140279176742464:Compacting datalog/839 datalog/840 into:sstable1/aad8fa3f-af37-48b6-9c9e-5102eb5ead33202605010120011777620014679641025.sst
2026-05-01 07:20:14:692 - Compaction completed: 
2989233:COMPACT_START sstable=0 input_files: "datalog/845" input_files: "datalog/846" compactIntoNextLevel: true destinationLevel: 1
2989233:COMPACT_ABORT input_files: "datalog/845" input_files: "datalog/846" compactIntoNextLevel: true destinationLevel: 1
2989233:COMPACT_START sstable=0 input_files: "datalog/847" input_files: "datalog/848" compactIntoNextLevel: true destinationLevel: 1
2026-05-01 07:20:14:778 - Compaction started: 
140279176742464:Compacting datalog/847 datalog/848 into:sstable1/aad8fa3f-af37-48b6-9c9e-5102eb5ead33202605010120011777620014781200220.sst
2026-05-01 07:20:14:794 - Compaction completed: 
2989233:COMPACT_START sstable=0 input_files: "datalog/855" input_files: "datalog/856" compactIntoNextLevel: true destinationLevel: 1
2026-05-01 07:20:14:880 - Compaction started: 
140279176742464:Compacting datalog/855 datalog/856 into:sstable1/aad8fa3f-af37-48b6-9c9e-5102eb5ead33202605010120011777620014882700335.sst
2026-05-01 07:20:14:895 - Compaction completed: 
2989233:COMPACT_START sstable=0 input_files: "datalog/861" input_files: "datalog/862" compactIntoNextLevel: true destinationLevel: 1
2026-05-01 07:20:14:981 - Compaction started: 
140279176742464:Compacting datalog/861 datalog/862 into:sstable1/aad8fa3f-af37-48b6-9c9e-5102eb5ead33202605010120011777620014983860952.sst
2026-05-01 07:20:14:996 - Compaction completed: 
2989233:Task input_files: "datalog/659" input_files: "datalog/660" compactIntoNextLevel: true destinationLevel: 1 is dead (hb=30)
2989233:Found dead task input_files: "datalog/659" input_files: "datalog/660" compactIntoNextLevel: true destinationLevel: 1
2989233:COMPACT_START sstable=0 input_files: "datalog/659" input_files: "datalog/660" compactIntoNextLevel: true destinationLevel: 1
2026-05-01 07:20:15:102 - Compaction started: 
140279176742464:Compacting datalog/659 datalog/660 into:sstable1/aad8fa3f-af37-48b6-9c9e-5102eb5ead33202605010120011777620015105219695.sst
2026-05-01 07:20:15:118 - Compaction completed: 
2989233:Task input_files: "datalog/667" input_files: "datalog/668" compactIntoNextLevel: true destinationLevel: 1 is dead (hb=30)
2989233:Found dead task input_files: "datalog/667" input_files: "datalog/668" compactIntoNextLevel: true destinationLevel: 1
2989233:COMPACT_START sstable=0 input_files: "datalog/667" input_files: "datalog/668" compactIntoNextLevel: true destinationLevel: 1
2026-05-01 07:20:15:203 - Compaction started: 
140279176742464:Compacting datalog/667 datalog/668 into:sstable1/aad8fa3f-af37-48b6-9c9e-5102eb5ead33202605010120011777620015206022472.sst
2026-05-01 07:20:15:219 - Compaction completed: 
2989233:COMPACT_START sstable=1 input_files: "sstable1/be350bb1-e009-48e9-ad72-beab261696b7202605010120011777620001946461547.sst" input_files: "sstable1/f1f4a080-8ce8-4c7d-805e-84077df40a2e202605010120011777620001949480506.sst" compactIntoNextLevel: true destinationLevel: 2
2026-05-01 07:20:15:304 - Compaction started: 
140279176742464:Compacting sstable1/be350bb1-e009-48e9-ad72-beab261696b7202605010120011777620001946461547.sst sstable1/f1f4a080-8ce8-4c7d-805e-84077df40a2e202605010120011777620001949480506.sst into:sstable2/aad8fa3f-af37-48b6-9c9e-5102eb5ead33202605010120011777620015325923541.sst
2026-05-01 07:20:15:357 - Compaction completed: 
2989233:COMPACT_START sstable=1 input_files: "sstable1/be350bb1-e009-48e9-ad72-beab261696b7202605010120011777620002199063350.sst" input_files: "sstable1/aad8fa3f-af37-48b6-9c9e-5102eb5ead33202605010120011777620002108322255.sst" compactIntoNextLevel: true destinationLevel: 2
2026-05-01 07:20:15:405 - Compaction started: 
140279176742464:Compacting sstable1/be350bb1-e009-48e9-ad72-beab261696b7202605010120011777620002199063350.sst sstable1/aad8fa3f-af37-48b6-9c9e-5102eb5ead33202605010120011777620002108322255.sst into:sstable2/aad8fa3f-af37-48b6-9c9e-5102eb5ead33202605010120011777620015426711530.sst
2026-05-01 07:20:15:459 - Compaction completed: 
2989233:COMPACT_START sstable=1 input_files: "sstable1/be350bb1-e009-48e9-ad72-beab261696b7202605010120011777620005467404417.sst" input_files: "sstable1/aad8fa3f-af37-48b6-9c9e-5102eb5ead33202605010120011777620002513013668.sst" compactIntoNextLevel: true destinationLevel: 2
2026-05-01 07:20:15:507 - Compaction started: 
140279176742464:Compacting sstable1/be350bb1-e009-48e9-ad72-beab261696b7202605010120011777620005467404417.sst sstable1/aad8fa3f-af37-48b6-9c9e-5102eb5ead33202605010120011777620002513013668.sst into:sstable2/aad8fa3f-af37-48b6-9c9e-5102eb5ead33202605010120011777620015531053542.sst
2026-05-01 07:20:15:570 - Compaction completed: 
2989233:COMPACT_START sstable=1 input_files: "sstable1/6827b02d-b513-48c7-8653-a49a356e22ec202605010120011777620002734979581.sst" input_files: "sstable1/be350bb1-e009-48e9-ad72-beab261696b7202605010120011777620005772046216.sst" compactIntoNextLevel: true destinationLevel: 2
2026-05-01 07:20:15:608 - Compaction started: 
140279176742464:Compacting sstable1/6827b02d-b513-48c7-8653-a49a356e22ec202605010120011777620002734979581.sst sstable1/be350bb1-e009-48e9-ad72-beab261696b7202605010120011777620005772046216.sst into:sstable2/aad8fa3f-af37-48b6-9c9e-5102eb5ead33202605010120011777620015632688850.sst
2026-05-01 07:20:15:672 - Compaction completed: 
2989233:COMPACT_START sstable=1 input_files: "sstable1/f1f4a080-8ce8-4c7d-805e-84077df40a2e202605010120011777620002911920859.sst" input_files: "sstable1/be350bb1-e009-48e9-ad72-beab261696b7202605010120011777620012082360654.sst" compactIntoNextLevel: true destinationLevel: 2
2026-05-01 07:20:15:710 - Compaction started: 
140279176742464:Compacting sstable1/f1f4a080-8ce8-4c7d-805e-84077df40a2e202605010120011777620002911920859.sst sstable1/be350bb1-e009-48e9-ad72-beab261696b7202605010120011777620012082360654.sst into:sstable2/aad8fa3f-af37-48b6-9c9e-5102eb5ead33202605010120011777620015731137093.sst
2026-05-01 07:20:15:766 - Compaction completed: 
2989233:COMPACT_START sstable=1 input_files: "sstable1/be350bb1-e009-48e9-ad72-beab261696b7202605010120011777620009237669431.sst" input_files: "sstable1/6827b02d-b513-48c7-8653-a49a356e22ec202605010120011777620003233094589.sst" compactIntoNextLevel: true destinationLevel: 2
2026-05-01 07:20:15:837 - Compaction started: 
140279176742464:Compacting sstable1/be350bb1-e009-48e9-ad72-beab261696b7202605010120011777620009237669431.sst sstable1/6827b02d-b513-48c7-8653-a49a356e22ec202605010120011777620003233094589.sst into:sstable2/aad8fa3f-af37-48b6-9c9e-5102eb5ead33202605010120011777620015862217029.sst
2026-05-01 07:20:15:902 - Compaction completed: 
2989233:Task input_files: "datalog/705" input_files: "datalog/706" compactIntoNextLevel: true destinationLevel: 1 is dead (hb=30)
2989233:Task input_files: "datalog/699" input_files: "datalog/700" compactIntoNextLevel: true destinationLevel: 1 is dead (hb=30)
2989233:Found dead task input_files: "datalog/699" input_files: "datalog/700" compactIntoNextLevel: true destinationLevel: 1
2989233:COMPACT_START sstable=0 input_files: "datalog/699" input_files: "datalog/700" compactIntoNextLevel: true destinationLevel: 1
2989233:COMPACT_ABORT input_files: "datalog/699" input_files: "datalog/700" compactIntoNextLevel: true destinationLevel: 1
2989233:Task input_files: "datalog/717" input_files: "datalog/718" compactIntoNextLevel: true destinationLevel: 1 is dead (hb=30)
2989233:Found dead task input_files: "datalog/717" input_files: "datalog/718" compactIntoNextLevel: true destinationLevel: 1
2989233:COMPACT_START sstable=0 input_files: "datalog/717" input_files: "datalog/718" compactIntoNextLevel: true destinationLevel: 1
2026-05-01 07:20:16:069 - Compaction started: 
140279176742464:Compacting datalog/717 datalog/718 into:sstable1/aad8fa3f-af37-48b6-9c9e-5102eb5ead33202605010120011777620016072906262.sst
2026-05-01 07:20:16:087 - Compaction completed: 
2989233:COMPACT_START sstable=1 input_files: "sstable1/aad8fa3f-af37-48b6-9c9e-5102eb5ead33202605010120011777620009726285873.sst" input_files: "sstable1/be350bb1-e009-48e9-ad72-beab261696b7202605010120011777620003541275231.sst" compactIntoNextLevel: true destinationLevel: 2
2989233:COMPACT_ABORT input_files: "sstable1/aad8fa3f-af37-48b6-9c9e-5102eb5ead33202605010120011777620009726285873.sst" input_files: "sstable1/be350bb1-e009-48e9-ad72-beab261696b7202605010120011777620003541275231.sst" compactIntoNextLevel: true destinationLevel: 2
2989233:COMPACT_START sstable=1 input_files: "sstable1/f1f4a080-8ce8-4c7d-805e-84077df40a2e202605010120011777620003715189585.sst" input_files: "sstable1/aad8fa3f-af37-48b6-9c9e-5102eb5ead33202605010120011777620003719937987.sst" compactIntoNextLevel: true destinationLevel: 2
2026-05-01 07:20:16:276 - Compaction started: 
140279176742464:Compacting sstable1/f1f4a080-8ce8-4c7d-805e-84077df40a2e202605010120011777620003715189585.sst sstable1/aad8fa3f-af37-48b6-9c9e-5102eb5ead33202605010120011777620003719937987.sst into:sstable2/aad8fa3f-af37-48b6-9c9e-5102eb5ead33202605010120011777620016299901121.sst
2026-05-01 07:20:16:336 - Compaction completed: 
2989233:Task input_files: "datalog/731" input_files: "datalog/732" compactIntoNextLevel: true destinationLevel: 1 is dead (hb=30)
2989233:Found dead task input_files: "datalog/731" input_files: "datalog/732" compactIntoNextLevel: true destinationLevel: 1
2989233:COMPACT_START sstable=0 input_files: "datalog/731" input_files: "datalog/732" compactIntoNextLevel: true destinationLevel: 1
2989233:COMPACT_ABORT input_files: "datalog/731" input_files: "datalog/732" compactIntoNextLevel: true destinationLevel: 1
2989233:COMPACT_START sstable=1 input_files: "sstable1/6827b02d-b513-48c7-8653-a49a356e22ec202605010120011777620004035517569.sst" input_files: "sstable1/be350bb1-e009-48e9-ad72-beab261696b7202605010120011777620004048013584.sst" compactIntoNextLevel: true destinationLevel: 2
2989233:COMPACT_ABORT input_files: "sstable1/6827b02d-b513-48c7-8653-a49a356e22ec202605010120011777620004035517569.sst" input_files: "sstable1/be350bb1-e009-48e9-ad72-beab261696b7202605010120011777620004048013584.sst" compactIntoNextLevel: true destinationLevel: 2
2989233:COMPACT_START sstable=1 input_files: "sstable1/6827b02d-b513-48c7-8653-a49a356e22ec202605010120011777620007307737948.sst" input_files: "sstable1/be350bb1-e009-48e9-ad72-beab261696b7202605010120011777620007309532282.sst" compactIntoNextLevel: true destinationLevel: 2
2026-05-01 07:20:16:582 - Compaction started: 
140279176742464:Compacting sstable1/6827b02d-b513-48c7-8653-a49a356e22ec202605010120011777620007307737948.sst sstable1/be350bb1-e009-48e9-ad72-beab261696b7202605010120011777620007309532282.sst into:sstable2/aad8fa3f-af37-48b6-9c9e-5102eb5ead33202605010120011777620016604542849.sst
2026-05-01 07:20:16:639 - Compaction completed: 
2989233:Task input_files: "datalog/759" input_files: "datalog/760" compactIntoNextLevel: true destinationLevel: 1 is dead (hb=30)
2989233:Found dead task input_files: "datalog/759" input_files: "datalog/760" compactIntoNextLevel: true destinationLevel: 1
2989233:COMPACT_START sstable=0 input_files: "datalog/759" input_files: "datalog/760" compactIntoNextLevel: true destinationLevel: 1
2026-05-01 07:20:16:684 - Compaction started: 
140279176742464:Compacting datalog/759 datalog/760 into:sstable1/aad8fa3f-af37-48b6-9c9e-5102eb5ead33202605010120011777620016687045871.sst
2026-05-01 07:20:16:701 - Compaction completed: 
2989233:COMPACT_START sstable=1 input_files: "sstable1/be350bb1-e009-48e9-ad72-beab261696b7202605010120011777620004451806854.sst" input_files: "sstable1/f1f4a080-8ce8-4c7d-805e-84077df40a2e202605010120011777620007583187462.sst" compactIntoNextLevel: true destinationLevel: 2
2026-05-01 07:20:16:787 - Compaction started: 
140279176742464:Compacting sstable1/be350bb1-e009-48e9-ad72-beab261696b7202605010120011777620004451806854.sst sstable1/f1f4a080-8ce8-4c7d-805e-84077df40a2e202605010120011777620007583187462.sst into:sstable2/aad8fa3f-af37-48b6-9c9e-5102eb5ead33202605010120011777620016810673306.sst
2026-05-01 07:20:16:847 - Compaction completed: 
2989233:Task input_files: "datalog/771" input_files: "datalog/772" compactIntoNextLevel: true destinationLevel: 1 is dead (hb=30)
2989233:Found dead task input_files: "datalog/771" input_files: "datalog/772" compactIntoNextLevel: true destinationLevel: 1
2989233:COMPACT_START sstable=0 input_files: "datalog/771" input_files: "datalog/772" compactIntoNextLevel: true destinationLevel: 1
2026-05-01 07:20:16:889 - Compaction started: 
140279176742464:Compacting datalog/771 datalog/772 into:sstable1/aad8fa3f-af37-48b6-9c9e-5102eb5ead33202605010120011777620016892514067.sst
2026-05-01 07:20:16:907 - Compaction completed: 
2989233:Task input_files: "datalog/779" input_files: "datalog/780" compactIntoNextLevel: true destinationLevel: 1 is dead (hb=30)
2989233:Found dead task input_files: "datalog/779" input_files: "datalog/780" compactIntoNextLevel: true destinationLevel: 1
2989233:COMPACT_START sstable=0 input_files: "datalog/779" input_files: "datalog/780" compactIntoNextLevel: true destinationLevel: 1
2026-05-01 07:20:16:992 - Compaction started: 
140279176742464:Compacting datalog/779 datalog/780 into:sstable1/aad8fa3f-af37-48b6-9c9e-5102eb5ead33202605010120011777620016995049923.sst
2026-05-01 07:20:17:008 - Compaction completed: 
2989233:Task input_files: "datalog/787" input_files: "datalog/788" compactIntoNextLevel: true destinationLevel: 1 is dead (hb=30)
2989233:Task input_files: "datalog/785" input_files: "datalog/786" compactIntoNextLevel: true destinationLevel: 1 is dead (hb=30)
2989233:Found dead task input_files: "datalog/785" input_files: "datalog/786" compactIntoNextLevel: true destinationLevel: 1
2989233:COMPACT_START sstable=0 input_files: "datalog/785" input_files: "datalog/786" compactIntoNextLevel: true destinationLevel: 1
2026-05-01 07:20:17:096 - Compaction started: 
140279176742464:Compacting datalog/785 datalog/786 into:sstable1/aad8fa3f-af37-48b6-9c9e-5102eb5ead33202605010120011777620017098877661.sst
2026-05-01 07:20:17:112 - Compaction completed: 
2989233:Task input_files: "datalog/799" input_files: "datalog/800" compactIntoNextLevel: true destinationLevel: 1 is dead (hb=30)
2989233:Found dead task input_files: "datalog/799" input_files: "datalog/800" compactIntoNextLevel: true destinationLevel: 1
2989233:COMPACT_START sstable=0 input_files: "datalog/799" input_files: "datalog/800" compactIntoNextLevel: true destinationLevel: 1
2989233:COMPACT_ABORT input_files: "datalog/799" input_files: "datalog/800" compactIntoNextLevel: true destinationLevel: 1
2989233:COMPACT_START sstable=1 input_files: "sstable1/be350bb1-e009-48e9-ad72-beab261696b7202605010120011777620005163306438.sst" input_files: "sstable1/f1f4a080-8ce8-4c7d-805e-84077df40a2e202605010120011777620005237426234.sst" compactIntoNextLevel: true destinationLevel: 2
2026-05-01 07:20:17:300 - Compaction started: 
140279176742464:Compacting sstable1/be350bb1-e009-48e9-ad72-beab261696b7202605010120011777620005163306438.sst sstable1/f1f4a080-8ce8-4c7d-805e-84077df40a2e202605010120011777620005237426234.sst into:sstable2/aad8fa3f-af37-48b6-9c9e-5102eb5ead33202605010120011777620017323594540.sst
2026-05-01 07:20:17:360 - Compaction completed: 
2989233:COMPACT_START sstable=1 input_files: "sstable1/aad8fa3f-af37-48b6-9c9e-5102eb5ead33202605010120011777620005541345308.sst" input_files: "sstable1/f1f4a080-8ce8-4c7d-805e-84077df40a2e202605010120011777620008496005902.sst" compactIntoNextLevel: true destinationLevel: 2
2026-05-01 07:20:17:401 - Compaction started: 
140279176742464:Compacting sstable1/aad8fa3f-af37-48b6-9c9e-5102eb5ead33202605010120011777620005541345308.sst sstable1/f1f4a080-8ce8-4c7d-805e-84077df40a2e202605010120011777620008496005902.sst into:sstable2/aad8fa3f-af37-48b6-9c9e-5102eb5ead33202605010120011777620017423975526.sst
2026-05-01 07:20:17:458 - Compaction completed: 
2989233:COMPACT_START sstable=1 input_files: "sstable1/be350bb1-e009-48e9-ad72-beab261696b7202605010120011777620005670461052.sst" input_files: "sstable1/aad8fa3f-af37-48b6-9c9e-5102eb5ead33202605010120011777620005744445234.sst" compactIntoNextLevel: true destinationLevel: 2
2026-05-01 07:20:17:503 - Compaction started: 
140279176742464:Compacting sstable1/be350bb1-e009-48e9-ad72-beab261696b7202605010120011777620005670461052.sst sstable1/aad8fa3f-af37-48b6-9c9e-5102eb5ead33202605010120011777620005744445234.sst into:sstable2/aad8fa3f-af37-48b6-9c9e-5102eb5ead33202605010120011777620017525092963.sst
2026-05-01 07:20:17:559 - Compaction completed: 
2989233:Task input_files: "datalog/829" input_files: "datalog/830" compactIntoNextLevel: true destinationLevel: 1 is dead (hb=30)
2989233:Task input_files: "datalog/823" input_files: "datalog/824" compactIntoNextLevel: true destinationLevel: 1 is dead (hb=30)
2989233:Task input_files: "datalog/835" input_files: "datalog/836" compactIntoNextLevel: true destinationLevel: 1 is dead (hb=30)
2989233:Task input_files: "datalog/827" input_files: "datalog/828" compactIntoNextLevel: true destinationLevel: 1 is dead (hb=30)
2989233:Found dead task input_files: "datalog/827" input_files: "datalog/828" compactIntoNextLevel: true destinationLevel: 1
2989233:COMPACT_START sstable=0 input_files: "datalog/827" input_files: "datalog/828" compactIntoNextLevel: true destinationLevel: 1
2026-05-01 07:20:17:604 - Compaction started: 
140279176742464:Compacting datalog/827 datalog/828 into:sstable1/aad8fa3f-af37-48b6-9c9e-5102eb5ead33202605010120011777620017607247963.sst
2026-05-01 07:20:17:620 - Compaction completed: 
2989233:Task input_files: "datalog/845" input_files: "datalog/846" compactIntoNextLevel: true destinationLevel: 1 is dead (hb=30)
2989233:Found dead task input_files: "datalog/845" input_files: "datalog/846" compactIntoNextLevel: true destinationLevel: 1
2989233:COMPACT_START sstable=0 input_files: "datalog/845" input_files: "datalog/846" compactIntoNextLevel: true destinationLevel: 1
2026-05-01 07:20:17:706 - Compaction started: 
140279176742464:Compacting datalog/845 datalog/846 into:sstable1/aad8fa3f-af37-48b6-9c9e-5102eb5ead33202605010120011777620017708825412.sst
2026-05-01 07:20:17:723 - Compaction completed: 
2989233:COMPACT_START sstable=1 input_files: "sstable1/f1f4a080-8ce8-4c7d-805e-84077df40a2e202605010120011777620006052528564.sst" input_files: "sstable1/aad8fa3f-af37-48b6-9c9e-5102eb5ead33202605010120011777620006052997784.sst" compactIntoNextLevel: true destinationLevel: 2
2989233:COMPACT_ABORT input_files: "sstable1/f1f4a080-8ce8-4c7d-805e-84077df40a2e202605010120011777620006052528564.sst" input_files: "sstable1/aad8fa3f-af37-48b6-9c9e-5102eb5ead33202605010120011777620006052997784.sst" compactIntoNextLevel: true destinationLevel: 2
2989233:Task input_files: "datalog/853" input_files: "datalog/854" compactIntoNextLevel: true destinationLevel: 1 is dead (hb=30)
2989233:Found dead task input_files: "datalog/853" input_files: "datalog/854" compactIntoNextLevel: true destinationLevel: 1
2989233:COMPACT_START sstable=0 input_files: "datalog/853" input_files: "datalog/854" compactIntoNextLevel: true destinationLevel: 1
2026-05-01 07:20:17:909 - Compaction started: 
140279176742464:Compacting datalog/853 datalog/854 into:sstable1/aad8fa3f-af37-48b6-9c9e-5102eb5ead33202605010120011777620017911835169.sst
2026-05-01 07:20:17:925 - Compaction completed: 
2989233:COMPACT_START sstable=1 input_files: "sstable1/f1f4a080-8ce8-4c7d-805e-84077df40a2e202605010120011777620006458724237.sst" input_files: "sstable1/aad8fa3f-af37-48b6-9c9e-5102eb5ead33202605010120011777620012489217728.sst" compactIntoNextLevel: true destinationLevel: 2
2026-05-01 07:20:18:011 - Compaction started: 
140279176742464:Compacting sstable1/f1f4a080-8ce8-4c7d-805e-84077df40a2e202605010120011777620006458724237.sst sstable1/aad8fa3f-af37-48b6-9c9e-5102eb5ead33202605010120011777620012489217728.sst into:sstable2/aad8fa3f-af37-48b6-9c9e-5102eb5ead33202605010120011777620018030498999.sst
2026-05-01 07:20:18:061 - Compaction completed: 
2989233:COMPACT_START sstable=1 input_files: "sstable1/be350bb1-e009-48e9-ad72-beab261696b7202605010120011777620015798922766.sst" input_files: "sstable1/6827b02d-b513-48c7-8653-a49a356e22ec202605010120011777620006794132602.sst" compactIntoNextLevel: true destinationLevel: 2
2026-05-01 07:20:18:112 - Compaction started: 
140279176742464:Compacting sstable1/be350bb1-e009-48e9-ad72-beab261696b7202605010120011777620015798922766.sst sstable1/6827b02d-b513-48c7-8653-a49a356e22ec202605010120011777620006794132602.sst into:sstable2/aad8fa3f-af37-48b6-9c9e-5102eb5ead33202605010120011777620018133768009.sst
2026-05-01 07:20:18:166 - Compaction completed: 
2989233:COMPACT_START sstable=1 input_files: "sstable1/f1f4a080-8ce8-4c7d-805e-84077df40a2e202605010120011777620007072571560.sst" input_files: "sstable1/aad8fa3f-af37-48b6-9c9e-5102eb5ead33202605010120011777620007073939985.sst" compactIntoNextLevel: true destinationLevel: 2
2026-05-01 07:20:18:214 - Compaction started: 
140279176742464:Compacting sstable1/f1f4a080-8ce8-4c7d-805e-84077df40a2e202605010120011777620007072571560.sst sstable1/aad8fa3f-af37-48b6-9c9e-5102eb5ead33202605010120011777620007073939985.sst into:sstable2/aad8fa3f-af37-48b6-9c9e-5102eb5ead33202605010120011777620018235865493.sst
2026-05-01 07:20:18:269 - Compaction completed: 
2989233:COMPACT_START sstable=1 input_files: "sstable1/aad8fa3f-af37-48b6-9c9e-5102eb5ead33202605010120011777620007280024556.sst" input_files: "sstable1/f1f4a080-8ce8-4c7d-805e-84077df40a2e202605010120011777620007378371609.sst" compactIntoNextLevel: true destinationLevel: 2
2026-05-01 07:20:18:316 - Compaction started: 
140279176742464:Compacting sstable1/aad8fa3f-af37-48b6-9c9e-5102eb5ead33202605010120011777620007280024556.sst sstable1/f1f4a080-8ce8-4c7d-805e-84077df40a2e202605010120011777620007378371609.sst into:sstable2/aad8fa3f-af37-48b6-9c9e-5102eb5ead33202605010120011777620018338396951.sst
2026-05-01 07:20:18:372 - Compaction completed: 
2989233:Task input_files: "datalog/673" input_files: "datalog/674" compactIntoNextLevel: true destinationLevel: 1 is dead (hb=30)
2989233:Found dead task input_files: "datalog/673" input_files: "datalog/674" compactIntoNextLevel: true destinationLevel: 1
2989233:COMPACT_START sstable=0 input_files: "datalog/673" input_files: "datalog/674" compactIntoNextLevel: true destinationLevel: 1
2026-05-01 07:20:18:418 - Compaction started: 
140279176742464:Compacting datalog/673 datalog/674 into:sstable1/aad8fa3f-af37-48b6-9c9e-5102eb5ead33202605010120011777620018421028344.sst
2026-05-01 07:20:18:435 - Compaction completed: 
2989233:COMPACT_START sstable=1 input_files: "sstable1/6827b02d-b513-48c7-8653-a49a356e22ec202605010120011777620007819897123.sst" input_files: "sstable1/f1f4a080-8ce8-4c7d-805e-84077df40a2e202605010120011777620007888363652.sst" compactIntoNextLevel: true destinationLevel: 2
2989233:COMPACT_ABORT input_files: "sstable1/6827b02d-b513-48c7-8653-a49a356e22ec202605010120011777620007819897123.sst" input_files: "sstable1/f1f4a080-8ce8-4c7d-805e-84077df40a2e202605010120011777620007888363652.sst" compactIntoNextLevel: true destinationLevel: 2
2989233:COMPACT_START sstable=1 input_files: "sstable1/6827b02d-b513-48c7-8653-a49a356e22ec202605010120011777620008022066515.sst" input_files: "sstable1/aad8fa3f-af37-48b6-9c9e-5102eb5ead33202605010120011777620008096251003.sst" compactIntoNextLevel: true destinationLevel: 2
2026-05-01 07:20:18:621 - Compaction started: 
140279176742464:Compacting sstable1/6827b02d-b513-48c7-8653-a49a356e22ec202605010120011777620008022066515.sst sstable1/aad8fa3f-af37-48b6-9c9e-5102eb5ead33202605010120011777620008096251003.sst into:sstable2/aad8fa3f-af37-48b6-9c9e-5102eb5ead33202605010120011777620018643162421.sst
2026-05-01 07:20:18:676 - Compaction completed: 
2989233:COMPACT_START sstable=1 input_files: "sstable1/aad8fa3f-af37-48b6-9c9e-5102eb5ead33202605010120011777620008300061490.sst" input_files: "sstable1/be350bb1-e009-48e9-ad72-beab261696b7202605010120011777620008324526533.sst" compactIntoNextLevel: true destinationLevel: 2
2989233:COMPACT_ABORT input_files: "sstable1/aad8fa3f-af37-48b6-9c9e-5102eb5ead33202605010120011777620008300061490.sst" input_files: "sstable1/be350bb1-e009-48e9-ad72-beab261696b7202605010120011777620008324526533.sst" compactIntoNextLevel: true destinationLevel: 2
2989233:Task input_files: "datalog/689" input_files: "datalog/690" compactIntoNextLevel: true destinationLevel: 1 is dead (hb=30)
2989233:Found dead task input_files: "datalog/689" input_files: "datalog/690" compactIntoNextLevel: true destinationLevel: 1
2989233:COMPACT_START sstable=0 input_files: "datalog/689" input_files: "datalog/690" compactIntoNextLevel: true destinationLevel: 1
2026-05-01 07:20:18:824 - Compaction started: 
140279176742464:Compacting datalog/689 datalog/690 into:sstable1/aad8fa3f-af37-48b6-9c9e-5102eb5ead33202605010120011777620018827212736.sst
2026-05-01 07:20:18:842 - Compaction completed: 
2989233:COMPACT_START sstable=1 input_files: "sstable1/be350bb1-e009-48e9-ad72-beab261696b7202605010120011777620008831971942.sst" input_files: "sstable1/aad8fa3f-af37-48b6-9c9e-5102eb5ead33202605010120011777620008910807909.sst" compactIntoNextLevel: true destinationLevel: 2
2989233:COMPACT_ABORT input_files: "sstable1/be350bb1-e009-48e9-ad72-beab261696b7202605010120011777620008831971942.sst" input_files: "sstable1/aad8fa3f-af37-48b6-9c9e-5102eb5ead33202605010120011777620008910807909.sst" compactIntoNextLevel: true destinationLevel: 2
2989233:COMPACT_START sstable=1 input_files: "sstable1/f1f4a080-8ce8-4c7d-805e-84077df40a2e202605010120011777620009004062978.sst" input_files: "sstable1/aad8fa3f-af37-48b6-9c9e-5102eb5ead33202605010120011777620009012564575.sst" compactIntoNextLevel: true destinationLevel: 2
2026-05-01 07:20:18:927 - Compaction started: 
140279176742464:Compacting sstable1/f1f4a080-8ce8-4c7d-805e-84077df40a2e202605010120011777620009004062978.sst sstable1/aad8fa3f-af37-48b6-9c9e-5102eb5ead33202605010120011777620009012564575.sst into:sstable2/aad8fa3f-af37-48b6-9c9e-5102eb5ead33202605010120011777620018946820906.sst
2026-05-01 07:20:18:978 - Compaction completed: 
2989233:Task input_files: "datalog/699" input_files: "datalog/700" compactIntoNextLevel: true destinationLevel: 1 is dead (hb=30)
2989233:Found dead task input_files: "datalog/699" input_files: "datalog/700" compactIntoNextLevel: true destinationLevel: 1
2989233:COMPACT_START sstable=0 input_files: "datalog/699" input_files: "datalog/700" compactIntoNextLevel: true destinationLevel: 1
2989233:COMPACT_ABORT input_files: "datalog/699" input_files: "datalog/700" compactIntoNextLevel: true destinationLevel: 1
2989233:COMPACT_START sstable=1 input_files: "sstable1/be350bb1-e009-48e9-ad72-beab261696b7202605010120011777620012449331797.sst" input_files: "sstable1/6827b02d-b513-48c7-8653-a49a356e22ec202605010120011777620012470011854.sst" compactIntoNextLevel: true destinationLevel: 2
2026-05-01 07:20:19:029 - Compaction started: 
140279176742464:Compacting sstable1/be350bb1-e009-48e9-ad72-beab261696b7202605010120011777620012449331797.sst sstable1/6827b02d-b513-48c7-8653-a49a356e22ec202605010120011777620012470011854.sst into:sstable2/aad8fa3f-af37-48b6-9c9e-5102eb5ead33202605010120011777620019049063943.sst
2026-05-01 07:20:19:080 - Compaction completed: 
2989233:COMPACT_START sstable=1 input_files: "sstable1/aad8fa3f-af37-48b6-9c9e-5102eb5ead33202605010120011777620009623573887.sst" input_files: "sstable1/6827b02d-b513-48c7-8653-a49a356e22ec202605010120011777620009641999347.sst" compactIntoNextLevel: true destinationLevel: 2
2989233:COMPACT_ABORT input_files: "sstable1/aad8fa3f-af37-48b6-9c9e-5102eb5ead33202605010120011777620009623573887.sst" input_files: "sstable1/6827b02d-b513-48c7-8653-a49a356e22ec202605010120011777620009641999347.sst" compactIntoNextLevel: true destinationLevel: 2
2989233:Task input_files: "sstable1/be350bb1-e009-48e9-ad72-beab261696b7202605010120011777620006593344881.sst" input_files: "sstable1/aad8fa3f-af37-48b6-9c9e-5102eb5ead33202605010120011777620003517093009.sst" compactIntoNextLevel: true destinationLevel: 2 is dead (hb=30)
2989233:Task input_files: "sstable1/aad8fa3f-af37-48b6-9c9e-5102eb5ead33202605010120011777620009726285873.sst" input_files: "sstable1/be350bb1-e009-48e9-ad72-beab261696b7202605010120011777620003541275231.sst" compactIntoNextLevel: true destinationLevel: 2 is dead (hb=30)
2989233:Found dead task input_files: "sstable1/aad8fa3f-af37-48b6-9c9e-5102eb5ead33202605010120011777620009726285873.sst" input_files: "sstable1/be350bb1-e009-48e9-ad72-beab261696b7202605010120011777620003541275231.sst" compactIntoNextLevel: true destinationLevel: 2
2989233:COMPACT_START sstable=1 input_files: "sstable1/aad8fa3f-af37-48b6-9c9e-5102eb5ead33202605010120011777620009726285873.sst" input_files: "sstable1/be350bb1-e009-48e9-ad72-beab261696b7202605010120011777620003541275231.sst" compactIntoNextLevel: true destinationLevel: 2
2026-05-01 07:20:19:232 - Compaction started: 
140279176742464:Compacting sstable1/aad8fa3f-af37-48b6-9c9e-5102eb5ead33202605010120011777620009726285873.sst sstable1/be350bb1-e009-48e9-ad72-beab261696b7202605010120011777620003541275231.sst into:sstable2/aad8fa3f-af37-48b6-9c9e-5102eb5ead33202605010120011777620019257965435.sst
2026-05-01 07:20:19:298 - Compaction completed: 
2989233:COMPACT_START sstable=1 input_files: "sstable1/aad8fa3f-af37-48b6-9c9e-5102eb5ead33202605010120011777620009827133875.sst" input_files: "sstable1/be350bb1-e009-48e9-ad72-beab261696b7202605010120011777620009845318715.sst" compactIntoNextLevel: true destinationLevel: 2
2026-05-01 07:20:19:334 - Compaction started: 
140279176742464:Compacting sstable1/aad8fa3f-af37-48b6-9c9e-5102eb5ead33202605010120011777620009827133875.sst sstable1/be350bb1-e009-48e9-ad72-beab261696b7202605010120011777620009845318715.sst into:sstable2/aad8fa3f-af37-48b6-9c9e-5102eb5ead33202605010120011777620019354108456.sst
2026-05-01 07:20:19:385 - Compaction completed: 
2989233:Task input_files: "datalog/731" input_files: "datalog/732" compactIntoNextLevel: true destinationLevel: 1 is dead (hb=30)
2989233:Found dead task input_files: "datalog/731" input_files: "datalog/732" compactIntoNextLevel: true destinationLevel: 1
2989233:COMPACT_START sstable=0 input_files: "datalog/731" input_files: "datalog/732" compactIntoNextLevel: true destinationLevel: 1
2989233:COMPACT_ABORT input_files: "datalog/731" input_files: "datalog/732" compactIntoNextLevel: true destinationLevel: 1
2989233:COMPACT_START sstable=1 input_files: "sstable1/be350bb1-e009-48e9-ad72-beab261696b7202605010120011777620010047647975.sst" input_files: "sstable1/6827b02d-b513-48c7-8653-a49a356e22ec202605010120011777620010047854983.sst" compactIntoNextLevel: true destinationLevel: 2
2026-05-01 07:20:19:445 - Compaction started: 
140279176742464:Compacting sstable1/be350bb1-e009-48e9-ad72-beab261696b7202605010120011777620010047647975.sst sstable1/6827b02d-b513-48c7-8653-a49a356e22ec202605010120011777620010047854983.sst into:sstable2/aad8fa3f-af37-48b6-9c9e-5102eb5ead33202605010120011777620019465885566.sst
2026-05-01 07:20:19:497 - Compaction completed: 
2989233:Task input_files: "sstable1/6827b02d-b513-48c7-8653-a49a356e22ec202605010120011777620004035517569.sst" input_files: "sstable1/be350bb1-e009-48e9-ad72-beab261696b7202605010120011777620004048013584.sst" compactIntoNextLevel: true destinationLevel: 2 is dead (hb=30)
2989233:Found dead task input_files: "sstable1/6827b02d-b513-48c7-8653-a49a356e22ec202605010120011777620004035517569.sst" input_files: "sstable1/be350bb1-e009-48e9-ad72-beab261696b7202605010120011777620004048013584.sst" compactIntoNextLevel: true destinationLevel: 2
2989233:COMPACT_START sstable=1 input_files: "sstable1/6827b02d-b513-48c7-8653-a49a356e22ec202605010120011777620004035517569.sst" input_files: "sstable1/be350bb1-e009-48e9-ad72-beab261696b7202605010120011777620004048013584.sst" compactIntoNextLevel: true destinationLevel: 2
2989233:COMPACT_ABORT input_files: "sstable1/6827b02d-b513-48c7-8653-a49a356e22ec202605010120011777620004035517569.sst" input_files: "sstable1/be350bb1-e009-48e9-ad72-beab261696b7202605010120011777620004048013584.sst" compactIntoNextLevel: true destinationLevel: 2
2989233:COMPACT_START sstable=1 input_files: "sstable1/be350bb1-e009-48e9-ad72-beab261696b7202605010120011777620013424375396.sst" input_files: "sstable1/6827b02d-b513-48c7-8653-a49a356e22ec202605010120011777620010351921744.sst" compactIntoNextLevel: true destinationLevel: 2
2026-05-01 07:20:19:666 - Compaction started: 
140279176742464:Compacting sstable1/be350bb1-e009-48e9-ad72-beab261696b7202605010120011777620013424375396.sst sstable1/6827b02d-b513-48c7-8653-a49a356e22ec202605010120011777620010351921744.sst into:sstable2/aad8fa3f-af37-48b6-9c9e-5102eb5ead33202605010120011777620019685669348.sst
2026-05-01 07:20:19:715 - Compaction completed: 
2989233:COMPACT_START sstable=1 input_files: "sstable1/be350bb1-e009-48e9-ad72-beab261696b7202605010120011777620013627506921.sst" input_files: "sstable1/be350bb1-e009-48e9-ad72-beab261696b7202605010120011777620013728967481.sst" compactIntoNextLevel: true destinationLevel: 2
2026-05-01 07:20:19:768 - Compaction started: 
140279176742464:Compacting sstable1/be350bb1-e009-48e9-ad72-beab261696b7202605010120011777620013627506921.sst sstable1/be350bb1-e009-48e9-ad72-beab261696b7202605010120011777620013728967481.sst into:sstable2/aad8fa3f-af37-48b6-9c9e-5102eb5ead33202605010120011777620019787832004.sst
2026-05-01 07:20:19:817 - Compaction completed: 
2989233:COMPACT_START sstable=1 input_files: "sstable1/be350bb1-e009-48e9-ad72-beab261696b7202605010120011777620010756654054.sst" input_files: "sstable1/f1f4a080-8ce8-4c7d-805e-84077df40a2e202605010120011777620010830796413.sst" compactIntoNextLevel: true destinationLevel: 2
2026-05-01 07:20:19:870 - Compaction started: 
140279176742464:Compacting sstable1/be350bb1-e009-48e9-ad72-beab261696b7202605010120011777620010756654054.sst sstable1/f1f4a080-8ce8-4c7d-805e-84077df40a2e202605010120011777620010830796413.sst into:sstable2/aad8fa3f-af37-48b6-9c9e-5102eb5ead33202605010120011777620019890964479.sst
2026-05-01 07:20:19:922 - Compaction completed: 
2989233:COMPACT_START sstable=1 input_files: "sstable1/6827b02d-b513-48c7-8653-a49a356e22ec202605010120011777620010959849239.sst" input_files: "sstable1/f1f4a080-8ce8-4c7d-805e-84077df40a2e202605010120011777620011035490137.sst" compactIntoNextLevel: true destinationLevel: 2
2026-05-01 07:20:19:973 - Compaction started: 
140279176742464:Compacting sstable1/6827b02d-b513-48c7-8653-a49a356e22ec202605010120011777620010959849239.sst sstable1/f1f4a080-8ce8-4c7d-805e-84077df40a2e202605010120011777620011035490137.sst into:sstable2/aad8fa3f-af37-48b6-9c9e-5102eb5ead33202605010120011777620019993011408.sst
2026-05-01 07:20:20:025 - Compaction completed: 
2989233:COMPACT_START sstable=1 input_files: "sstable1/aad8fa3f-af37-48b6-9c9e-5102eb5ead33202605010120011777620011150661590.sst" input_files: "sstable1/be350bb1-e009-48e9-ad72-beab261696b7202605010120011777620011163414016.sst" compactIntoNextLevel: true destinationLevel: 2
2026-05-01 07:20:20:075 - Compaction started: 
140279176742464:Compacting sstable1/aad8fa3f-af37-48b6-9c9e-5102eb5ead33202605010120011777620011150661590.sst sstable1/be350bb1-e009-48e9-ad72-beab261696b7202605010120011777620011163414016.sst into:sstable2/aad8fa3f-af37-48b6-9c9e-5102eb5ead33202605010120011777620020093905827.sst
2026-05-01 07:20:20:123 - Compaction completed: 
2989233:COMPACT_START sstable=1 input_files: "sstable1/6827b02d-b513-48c7-8653-a49a356e22ec202605010120011777620011267769122.sst" input_files: "sstable1/6827b02d-b513-48c7-8653-a49a356e22ec202605010120011777620011370308685.sst" compactIntoNextLevel: true destinationLevel: 2
2989233:COMPACT_ABORT input_files: "sstable1/6827b02d-b513-48c7-8653-a49a356e22ec202605010120011777620011267769122.sst" input_files: "sstable1/6827b02d-b513-48c7-8653-a49a356e22ec202605010120011777620011370308685.sst" compactIntoNextLevel: true destinationLevel: 2
2989233:COMPACT_START sstable=1 input_files: "sstable1/f1f4a080-8ce8-4c7d-805e-84077df40a2e202605010120011777620011687253858.sst" input_files: "sstable1/aad8fa3f-af37-48b6-9c9e-5102eb5ead33202605010120011777620011697917558.sst" compactIntoNextLevel: true destinationLevel: 2
2026-05-01 07:20:20:279 - Compaction started: 
140279176742464:Compacting sstable1/f1f4a080-8ce8-4c7d-805e-84077df40a2e202605010120011777620011687253858.sst sstable1/aad8fa3f-af37-48b6-9c9e-5102eb5ead33202605010120011777620011697917558.sst into:sstable2/aad8fa3f-af37-48b6-9c9e-5102eb5ead33202605010120011777620020299474070.sst
2026-05-01 07:20:20:330 - Compaction completed: 
2989233:Task input_files: "datalog/799" input_files: "datalog/800" compactIntoNextLevel: true destinationLevel: 1 is dead (hb=30)
2989233:Found dead task input_files: "datalog/799" input_files: "datalog/800" compactIntoNextLevel: true destinationLevel: 1
2989233:COMPACT_START sstable=0 input_files: "datalog/799" input_files: "datalog/800" compactIntoNextLevel: true destinationLevel: 1
2026-05-01 07:20:20:381 - Compaction started: 
140279176742464:Compacting datalog/799 datalog/800 into:sstable1/aad8fa3f-af37-48b6-9c9e-5102eb5ead33202605010120011777620020383887663.sst
2026-05-01 07:20:20:397 - Compaction completed: 
2989233:COMPACT_START sstable=1 input_files: "sstable1/f1f4a080-8ce8-4c7d-805e-84077df40a2e202605010120011777620015196223583.sst" input_files: "sstable1/aad8fa3f-af37-48b6-9c9e-5102eb5ead33202605010120011777620015206022472.sst" compactIntoNextLevel: true destinationLevel: 2
2026-05-01 07:20:20:483 - Compaction started: 
140279176742464:Compacting sstable1/f1f4a080-8ce8-4c7d-805e-84077df40a2e202605010120011777620015196223583.sst sstable1/aad8fa3f-af37-48b6-9c9e-5102eb5ead33202605010120011777620015206022472.sst into:sstable2/aad8fa3f-af37-48b6-9c9e-5102eb5ead33202605010120011777620020500342082.sst
2026-05-01 07:20:20:527 - Compaction completed: 
2989233:COMPACT_START sstable=1 input_files: "sstable1/aad8fa3f-af37-48b6-9c9e-5102eb5ead33202605010120011777620012387478515.sst" input_files: "sstable1/f1f4a080-8ce8-4c7d-805e-84077df40a2e202605010120011777620015603074415.sst" compactIntoNextLevel: true destinationLevel: 2
2026-05-01 07:20:20:585 - Compaction started: 
140279176742464:Compacting sstable1/aad8fa3f-af37-48b6-9c9e-5102eb5ead33202605010120011777620012387478515.sst sstable1/f1f4a080-8ce8-4c7d-805e-84077df40a2e202605010120011777620015603074415.sst into:sstable2/aad8fa3f-af37-48b6-9c9e-5102eb5ead33202605010120011777620020604007475.sst
2026-05-01 07:20:20:632 - Compaction completed: 
2989233:COMPACT_START sstable=1 input_files: "sstable2/be350bb1-e009-48e9-ad72-beab261696b7202605010120011777620018598651810.sst" input_files: "sstable2/6827b02d-b513-48c7-8653-a49a356e22ec202605010120011777620015506607064.sst" compactIntoNextLevel: false destinationLevel: 2
2026-05-01 07:20:20:689 - Compaction started: 
140279176742464:Compacting sstable2/be350bb1-e009-48e9-ad72-beab261696b7202605010120011777620018598651810.sst sstable2/6827b02d-b513-48c7-8653-a49a356e22ec202605010120011777620015506607064.sst into:sstable2/0_aad8fa3f-af37-48b6-9c9e-5102eb5ead33202605010120011777620020738438703.sst
2026-05-01 07:20:20:812 - Compaction completed: 
2989233:COMPACT_START sstable=1 input_files: "sstable2/aad8fa3f-af37-48b6-9c9e-5102eb5ead33202605010120011777620015632688850.sst" input_files: "sstable2/be350bb1-e009-48e9-ad72-beab261696b7202605010120011777620015694252148.sst" compactIntoNextLevel: false destinationLevel: 2
2026-05-01 07:20:20:895 - Compaction started: 
140279176742464:Compacting sstable2/aad8fa3f-af37-48b6-9c9e-5102eb5ead33202605010120011777620015632688850.sst sstable2/be350bb1-e009-48e9-ad72-beab261696b7202605010120011777620015694252148.sst into:sstable2/0_aad8fa3f-af37-48b6-9c9e-5102eb5ead33202605010120011777620020948605967.sst
2026-05-01 07:20:21:044 - Compaction completed: 
2989233:COMPACT_START sstable=1 input_files: "sstable2/0_f1f4a080-8ce8-4c7d-805e-84077df40a2e202605010120011777620020932246188.sst" input_files: "sstable2/0_aad8fa3f-af37-48b6-9c9e-5102eb5ead33202605010120011777620020948605967.sst" compactIntoNextLevel: false destinationLevel: 2
2026-05-01 07:20:21:102 - Compaction started: 
140279176742464:Compacting sstable2/0_f1f4a080-8ce8-4c7d-805e-84077df40a2e202605010120011777620020932246188.sst sstable2/0_aad8fa3f-af37-48b6-9c9e-5102eb5ead33202605010120011777620020948605967.sst into:sstable2/1_aad8fa3f-af37-48b6-9c9e-5102eb5ead33202605010120011777620021219136820.sst
2026-05-01 07:20:21:379 - Compaction completed: 
2989233:COMPACT_START sstable=1 input_files: "sstable2/6827b02d-b513-48c7-8653-a49a356e22ec202605010120011777620016274856201.sst" input_files: "sstable2/f1f4a080-8ce8-4c7d-805e-84077df40a2e202605010120011777620016294903042.sst" compactIntoNextLevel: false destinationLevel: 2
2989233:COMPACT_ABORT input_files: "sstable2/6827b02d-b513-48c7-8653-a49a356e22ec202605010120011777620016274856201.sst" input_files: "sstable2/f1f4a080-8ce8-4c7d-805e-84077df40a2e202605010120011777620016294903042.sst" compactIntoNextLevel: false destinationLevel: 2
2989233:Task input_files: "sstable1/6827b02d-b513-48c7-8653-a49a356e22ec202605010120011777620007819897123.sst" input_files: "sstable1/f1f4a080-8ce8-4c7d-805e-84077df40a2e202605010120011777620007888363652.sst" compactIntoNextLevel: true destinationLevel: 2 is dead (hb=30)
2989233:Found dead task input_files: "sstable1/6827b02d-b513-48c7-8653-a49a356e22ec202605010120011777620007819897123.sst" input_files: "sstable1/f1f4a080-8ce8-4c7d-805e-84077df40a2e202605010120011777620007888363652.sst" compactIntoNextLevel: true destinationLevel: 2
2989233:COMPACT_START sstable=1 input_files: "sstable1/6827b02d-b513-48c7-8653-a49a356e22ec202605010120011777620007819897123.sst" input_files: "sstable1/f1f4a080-8ce8-4c7d-805e-84077df40a2e202605010120011777620007888363652.sst" compactIntoNextLevel: true destinationLevel: 2
2026-05-01 07:20:21:625 - Compaction started: 
140279176742464:Compacting sstable1/6827b02d-b513-48c7-8653-a49a356e22ec202605010120011777620007819897123.sst sstable1/f1f4a080-8ce8-4c7d-805e-84077df40a2e202605010120011777620007888363652.sst into:sstable2/aad8fa3f-af37-48b6-9c9e-5102eb5ead33202605010120011777620021648512016.sst
2026-05-01 07:20:21:682 - Compaction completed: 
2989233:Task input_files: "sstable1/6827b02d-b513-48c7-8653-a49a356e22ec202605010120011777620008426735627.sst" input_files: "sstable1/aad8fa3f-af37-48b6-9c9e-5102eb5ead33202605010120011777620008504417060.sst" compactIntoNextLevel: true destinationLevel: 2 is dead (hb=30)
2989233:Found dead task input_files: "sstable1/6827b02d-b513-48c7-8653-a49a356e22ec202605010120011777620008426735627.sst" input_files: "sstable1/aad8fa3f-af37-48b6-9c9e-5102eb5ead33202605010120011777620008504417060.sst" compactIntoNextLevel: true destinationLevel: 2
2989233:COMPACT_START sstable=1 input_files: "sstable1/6827b02d-b513-48c7-8653-a49a356e22ec202605010120011777620008426735627.sst" input_files: "sstable1/aad8fa3f-af37-48b6-9c9e-5102eb5ead33202605010120011777620008504417060.sst" compactIntoNextLevel: true destinationLevel: 2
2989233:COMPACT_ABORT input_files: "sstable1/6827b02d-b513-48c7-8653-a49a356e22ec202605010120011777620008426735627.sst" input_files: "sstable1/aad8fa3f-af37-48b6-9c9e-5102eb5ead33202605010120011777620008504417060.sst" compactIntoNextLevel: true destinationLevel: 2
2989233:Task input_files: "datalog/731" input_files: "datalog/732" compactIntoNextLevel: true destinationLevel: 1 is dead (hb=30)
2989233:Found dead task input_files: "datalog/731" input_files: "datalog/732" compactIntoNextLevel: true destinationLevel: 1
2989233:COMPACT_START sstable=0 input_files: "datalog/731" input_files: "datalog/732" compactIntoNextLevel: true destinationLevel: 1
2026-05-01 07:20:22:479 - Compaction started: 
140279176742464:Compacting datalog/731 datalog/732 into:sstable1/aad8fa3f-af37-48b6-9c9e-5102eb5ead33202605010120011777620022482376267.sst
2026-05-01 07:20:22:496 - Compaction completed: 
2989233:Task input_files: "sstable1/6827b02d-b513-48c7-8653-a49a356e22ec202605010120011777620004035517569.sst" input_files: "sstable1/be350bb1-e009-48e9-ad72-beab261696b7202605010120011777620004048013584.sst" compactIntoNextLevel: true destinationLevel: 2 is dead (hb=30)
2989233:Found dead task input_files: "sstable1/6827b02d-b513-48c7-8653-a49a356e22ec202605010120011777620004035517569.sst" input_files: "sstable1/be350bb1-e009-48e9-ad72-beab261696b7202605010120011777620004048013584.sst" compactIntoNextLevel: true destinationLevel: 2
2989233:COMPACT_START sstable=1 input_files: "sstable1/6827b02d-b513-48c7-8653-a49a356e22ec202605010120011777620004035517569.sst" input_files: "sstable1/be350bb1-e009-48e9-ad72-beab261696b7202605010120011777620004048013584.sst" compactIntoNextLevel: true destinationLevel: 2
2026-05-01 07:20:22:689 - Compaction started: 
140279176742464:Compacting sstable1/6827b02d-b513-48c7-8653-a49a356e22ec202605010120011777620004035517569.sst sstable1/be350bb1-e009-48e9-ad72-beab261696b7202605010120011777620004048013584.sst into:sstable2/aad8fa3f-af37-48b6-9c9e-5102eb5ead33202605010120011777620022714826703.sst
2026-05-01 07:20:22:752 - Compaction completed: 
2989233:COMPACT_START sstable=1 input_files: "sstable2/f1f4a080-8ce8-4c7d-805e-84077df40a2e202605010120011777620016502476003.sst" input_files: "sstable2/aad8fa3f-af37-48b6-9c9e-5102eb5ead33202605010120011777620022714826703.sst" compactIntoNextLevel: false destinationLevel: 2
2026-05-01 07:20:22:813 - Compaction started: 
140279176742464:Compacting sstable2/f1f4a080-8ce8-4c7d-805e-84077df40a2e202605010120011777620016502476003.sst sstable2/aad8fa3f-af37-48b6-9c9e-5102eb5ead33202605010120011777620022714826703.sst into:sstable2/0_aad8fa3f-af37-48b6-9c9e-5102eb5ead33202605010120011777620022865239651.sst
2026-05-01 07:20:22:951 - Compaction completed: 
2989233:Task input_files: "sstable1/aad8fa3f-af37-48b6-9c9e-5102eb5ead33202605010120011777620010844148694.sst" input_files: "sstable1/6827b02d-b513-48c7-8653-a49a356e22ec202605010120011777620010857792331.sst" compactIntoNextLevel: true destinationLevel: 2 is dead (hb=31)
2989233:Found dead task input_files: "sstable1/aad8fa3f-af37-48b6-9c9e-5102eb5ead33202605010120011777620010844148694.sst" input_files: "sstable1/6827b02d-b513-48c7-8653-a49a356e22ec202605010120011777620010857792331.sst" compactIntoNextLevel: true destinationLevel: 2
2989233:COMPACT_START sstable=1 input_files: "sstable1/aad8fa3f-af37-48b6-9c9e-5102eb5ead33202605010120011777620010844148694.sst" input_files: "sstable1/6827b02d-b513-48c7-8653-a49a356e22ec202605010120011777620010857792331.sst" compactIntoNextLevel: true destinationLevel: 2
2026-05-01 07:20:23:016 - Compaction started: 
140279176742464:Compacting sstable1/aad8fa3f-af37-48b6-9c9e-5102eb5ead33202605010120011777620010844148694.sst sstable1/6827b02d-b513-48c7-8653-a49a356e22ec202605010120011777620010857792331.sst into:sstable2/aad8fa3f-af37-48b6-9c9e-5102eb5ead33202605010120011777620023036661181.sst
2026-05-01 07:20:23:067 - Compaction completed: 
2989233:Task input_files: "datalog/787" input_files: "datalog/788" compactIntoNextLevel: true destinationLevel: 1 is dead (hb=30)
2989233:Found dead task input_files: "datalog/787" input_files: "datalog/788" compactIntoNextLevel: true destinationLevel: 1
2989233:COMPACT_START sstable=0 input_files: "datalog/787" input_files: "datalog/788" compactIntoNextLevel: true destinationLevel: 1
2026-05-01 07:20:23:117 - Compaction started: 
140279176742464:Compacting datalog/787 datalog/788 into:sstable1/aad8fa3f-af37-48b6-9c9e-5102eb5ead33202605010120011777620023120542116.sst
2026-05-01 07:20:23:133 - Compaction completed: 
2989233:Task input_files: "sstable1/6827b02d-b513-48c7-8653-a49a356e22ec202605010120011777620011267769122.sst" input_files: "sstable1/6827b02d-b513-48c7-8653-a49a356e22ec202605010120011777620011370308685.sst" compactIntoNextLevel: true destinationLevel: 2 is dead (hb=30)
2989233:Task input_files: "sstable1/aad8fa3f-af37-48b6-9c9e-5102eb5ead33202605010120011777620011253665664.sst" input_files: "sstable1/be350bb1-e009-48e9-ad72-beab261696b7202605010120011777620011266608637.sst" compactIntoNextLevel: true destinationLevel: 2 is dead (hb=30)
2989233:Found dead task input_files: "sstable1/aad8fa3f-af37-48b6-9c9e-5102eb5ead33202605010120011777620011253665664.sst" input_files: "sstable1/be350bb1-e009-48e9-ad72-beab261696b7202605010120011777620011266608637.sst" compactIntoNextLevel: true destinationLevel: 2
2989233:COMPACT_START sstable=1 input_files: "sstable1/aad8fa3f-af37-48b6-9c9e-5102eb5ead33202605010120011777620011253665664.sst" input_files: "sstable1/be350bb1-e009-48e9-ad72-beab261696b7202605010120011777620011266608637.sst" compactIntoNextLevel: true destinationLevel: 2
2989233:COMPACT_ABORT input_files: "sstable1/aad8fa3f-af37-48b6-9c9e-5102eb5ead33202605010120011777620011253665664.sst" input_files: "sstable1/be350bb1-e009-48e9-ad72-beab261696b7202605010120011777620011266608637.sst" compactIntoNextLevel: true destinationLevel: 2
2989233:Found dead task input_files: "sstable1/6827b02d-b513-48c7-8653-a49a356e22ec202605010120011777620011267769122.sst" input_files: "sstable1/6827b02d-b513-48c7-8653-a49a356e22ec202605010120011777620011370308685.sst" compactIntoNextLevel: true destinationLevel: 2
2989233:COMPACT_START sstable=1 input_files: "sstable1/6827b02d-b513-48c7-8653-a49a356e22ec202605010120011777620011267769122.sst" input_files: "sstable1/6827b02d-b513-48c7-8653-a49a356e22ec202605010120011777620011370308685.sst" compactIntoNextLevel: true destinationLevel: 2
2026-05-01 07:20:23:219 - Compaction started: 
140279176742464:Compacting sstable1/6827b02d-b513-48c7-8653-a49a356e22ec202605010120011777620011267769122.sst sstable1/6827b02d-b513-48c7-8653-a49a356e22ec202605010120011777620011370308685.sst into:sstable2/aad8fa3f-af37-48b6-9c9e-5102eb5ead33202605010120011777620023238528967.sst
2026-05-01 07:20:23:266 - Compaction completed: 
2989233:Task input_files: "sstable1/be350bb1-e009-48e9-ad72-beab261696b7202605010120011777620015064532211.sst" input_files: "sstable1/f1f4a080-8ce8-4c7d-805e-84077df40a2e202605010120011777620011891182457.sst" compactIntoNextLevel: true destinationLevel: 2 is dead (hb=30)
2989233:Task input_files: "sstable1/be350bb1-e009-48e9-ad72-beab261696b7202605010120011777620008021118457.sst" input_files: "sstable1/f1f4a080-8ce8-4c7d-805e-84077df40a2e202605010120011777620008091400019.sst" compactIntoNextLevel: true destinationLevel: 2 is dead (hb=30)
2989233:Found dead task input_files: "sstable1/be350bb1-e009-48e9-ad72-beab261696b7202605010120011777620008021118457.sst" input_files: "sstable1/f1f4a080-8ce8-4c7d-805e-84077df40a2e202605010120011777620008091400019.sst" compactIntoNextLevel: true destinationLevel: 2
2989233:COMPACT_START sstable=1 input_files: "sstable1/be350bb1-e009-48e9-ad72-beab261696b7202605010120011777620008021118457.sst" input_files: "sstable1/f1f4a080-8ce8-4c7d-805e-84077df40a2e202605010120011777620008091400019.sst" compactIntoNextLevel: true destinationLevel: 2
2026-05-01 07:20:23:437 - Compaction started: 
140279176742464:Compacting sstable1/be350bb1-e009-48e9-ad72-beab261696b7202605010120011777620008021118457.sst sstable1/f1f4a080-8ce8-4c7d-805e-84077df40a2e202605010120011777620008091400019.sst into:sstable2/aad8fa3f-af37-48b6-9c9e-5102eb5ead33202605010120011777620023461096277.sst
2026-05-01 07:20:23:497 - Compaction completed: 
2989233:COMPACT_START sstable=1 input_files: "sstable2/be350bb1-e009-48e9-ad72-beab261696b7202605010120011777620017176283297.sst" input_files: "sstable2/6827b02d-b513-48c7-8653-a49a356e22ec202605010120011777620017196047998.sst" compactIntoNextLevel: false destinationLevel: 2
2026-05-01 07:20:23:555 - Compaction started: 
140279176742464:Compacting sstable2/be350bb1-e009-48e9-ad72-beab261696b7202605010120011777620017176283297.sst sstable2/6827b02d-b513-48c7-8653-a49a356e22ec202605010120011777620017196047998.sst into:sstable2/0_aad8fa3f-af37-48b6-9c9e-5102eb5ead33202605010120011777620023602811840.sst
2026-05-01 07:20:23:677 - Compaction completed: 
2989233:COMPACT_START sstable=1 input_files: "sstable2/6827b02d-b513-48c7-8653-a49a356e22ec202605010120011777620017398209414.sst" input_files: "sstable2/aad8fa3f-af37-48b6-9c9e-5102eb5ead33202605010120011777620017423975526.sst" compactIntoNextLevel: false destinationLevel: 2
2026-05-01 07:20:23:776 - Compaction started: 
140279176742464:Compacting sstable2/6827b02d-b513-48c7-8653-a49a356e22ec202605010120011777620017398209414.sst sstable2/aad8fa3f-af37-48b6-9c9e-5102eb5ead33202605010120011777620017423975526.sst into:sstable2/0_aad8fa3f-af37-48b6-9c9e-5102eb5ead33202605010120011777620023822449117.sst
2026-05-01 07:20:23:893 - Compaction completed: 
2989233:COMPACT_START sstable=1 input_files: "sstable2/6827b02d-b513-48c7-8653-a49a356e22ec202605010120011777620017598670964.sst" input_files: "sstable2/be350bb1-e009-48e9-ad72-beab261696b7202605010120011777620017680856301.sst" compactIntoNextLevel: false destinationLevel: 2
2026-05-01 07:20:24:002 - Compaction started: 
140279176742464:Compacting sstable2/6827b02d-b513-48c7-8653-a49a356e22ec202605010120011777620017598670964.sst sstable2/be350bb1-e009-48e9-ad72-beab261696b7202605010120011777620017680856301.sst into:sstable2/0_aad8fa3f-af37-48b6-9c9e-5102eb5ead33202605010120011777620024044474120.sst
2026-05-01 07:20:24:111 - Compaction completed: 
2989233:COMPACT_START sstable=1 input_files: "sstable2/6827b02d-b513-48c7-8653-a49a356e22ec202605010120011777620017701247867.sst" input_files: "sstable2/be350bb1-e009-48e9-ad72-beab261696b7202605010120011777620017783330761.sst" compactIntoNextLevel: false destinationLevel: 2
2026-05-01 07:20:24:227 - Compaction started: 
140279176742464:Compacting sstable2/6827b02d-b513-48c7-8653-a49a356e22ec202605010120011777620017701247867.sst sstable2/be350bb1-e009-48e9-ad72-beab261696b7202605010120011777620017783330761.sst into:sstable2/0_aad8fa3f-af37-48b6-9c9e-5102eb5ead33202605010120011777620024272200902.sst
2026-05-01 07:20:24:343 - Compaction completed: 
2989233:COMPACT_START sstable=1 input_files: "sstable2/be350bb1-e009-48e9-ad72-beab261696b7202605010120011777620024182068287.sst" input_files: "sstable2/be350bb1-e009-48e9-ad72-beab261696b7202605010120011777620017884725468.sst" compactIntoNextLevel: false destinationLevel: 2
2026-05-01 07:20:24:454 - Compaction started: 
140279176742464:Compacting sstable2/be350bb1-e009-48e9-ad72-beab261696b7202605010120011777620024182068287.sst sstable2/be350bb1-e009-48e9-ad72-beab261696b7202605010120011777620017884725468.sst into:sstable2/0_aad8fa3f-af37-48b6-9c9e-5102eb5ead33202605010120011777620024496195217.sst
2026-05-01 07:20:24:566 - Compaction completed: 
2989233:COMPACT_START sstable=1 input_files: "sstable2/f1f4a080-8ce8-4c7d-805e-84077df40a2e202605010120011777620016087561946.sst" input_files: "sstable2/be350bb1-e009-48e9-ad72-beab261696b7202605010120011777620019209318941.sst" compactIntoNextLevel: false destinationLevel: 2
2026-05-01 07:20:24:660 - Compaction started: 
140279176742464:Compacting sstable2/f1f4a080-8ce8-4c7d-805e-84077df40a2e202605010120011777620016087561946.sst sstable2/be350bb1-e009-48e9-ad72-beab261696b7202605010120011777620019209318941.sst into:sstable2/0_aad8fa3f-af37-48b6-9c9e-5102eb5ead33202605010120011777620024707079565.sst
2026-05-01 07:20:24:783 - Compaction completed: 
2989233:COMPACT_START sstable=1 input_files: "sstable2/f1f4a080-8ce8-4c7d-805e-84077df40a2e202605010120011777620016294903042.sst" input_files: "sstable2/aad8fa3f-af37-48b6-9c9e-5102eb5ead33202605010120011777620016299901121.sst" compactIntoNextLevel: false destinationLevel: 2
2026-05-01 07:20:24:868 - Compaction started: 
140279176742464:Compacting sstable2/f1f4a080-8ce8-4c7d-805e-84077df40a2e202605010120011777620016294903042.sst sstable2/aad8fa3f-af37-48b6-9c9e-5102eb5ead33202605010120011777620016299901121.sst into:sstable2/0_aad8fa3f-af37-48b6-9c9e-5102eb5ead33202605010120011777620024915047456.sst
2026-05-01 07:20:24:991 - Compaction completed: 
2989233:Task input_files: "sstable1/6827b02d-b513-48c7-8653-a49a356e22ec202605010120011777620008426735627.sst" input_files: "sstable1/aad8fa3f-af37-48b6-9c9e-5102eb5ead33202605010120011777620008504417060.sst" compactIntoNextLevel: true destinationLevel: 2 is dead (hb=31)
2989233:Task input_files: "datalog/699" input_files: "datalog/700" compactIntoNextLevel: true destinationLevel: 1 is dead (hb=30)
2989233:Found dead task input_files: "datalog/699" input_files: "datalog/700" compactIntoNextLevel: true destinationLevel: 1
2989233:COMPACT_START sstable=0 input_files: "datalog/699" input_files: "datalog/700" compactIntoNextLevel: true destinationLevel: 1
2026-05-01 07:20:25:070 - Compaction started: 
140279176742464:Compacting datalog/699 datalog/700 into:sstable1/aad8fa3f-af37-48b6-9c9e-5102eb5ead33202605010120011777620025073729485.sst
2026-05-01 07:20:25:087 - Compaction completed: 
2989233:COMPACT_START sstable=1 input_files: "sstable1/be350bb1-e009-48e9-ad72-beab261696b7202605010120011777620012786037673.sst" input_files: "sstable1/6827b02d-b513-48c7-8653-a49a356e22ec202605010120011777620015947049818.sst" compactIntoNextLevel: true destinationLevel: 2
2989233:COMPACT_ABORT input_files: "sstable1/be350bb1-e009-48e9-ad72-beab261696b7202605010120011777620012786037673.sst" input_files: "sstable1/6827b02d-b513-48c7-8653-a49a356e22ec202605010120011777620015947049818.sst" compactIntoNextLevel: true destinationLevel: 2
2989233:COMPACT_START sstable=1 input_files: "sstable1/be350bb1-e009-48e9-ad72-beab261696b7202605010120011777620016029748236.sst" input_files: "sstable1/6827b02d-b513-48c7-8653-a49a356e22ec202605010120011777620012908405978.sst" compactIntoNextLevel: true destinationLevel: 2
2026-05-01 07:20:25:273 - Compaction started: 
140279176742464:Compacting sstable1/be350bb1-e009-48e9-ad72-beab261696b7202605010120011777620016029748236.sst sstable1/6827b02d-b513-48c7-8653-a49a356e22ec202605010120011777620012908405978.sst into:sstable2/aad8fa3f-af37-48b6-9c9e-5102eb5ead33202605010120011777620025292267191.sst
2026-05-01 07:20:25:320 - Compaction completed: 
2989233:COMPACT_START sstable=1 input_files: "sstable1/f1f4a080-8ce8-4c7d-805e-84077df40a2e202605010120011777620013148751996.sst" input_files: "sstable1/aad8fa3f-af37-48b6-9c9e-5102eb5ead33202605010120011777620013159424312.sst" compactIntoNextLevel: true destinationLevel: 2
2026-05-01 07:20:25:375 - Compaction started: 
140279176742464:Compacting sstable1/f1f4a080-8ce8-4c7d-805e-84077df40a2e202605010120011777620013148751996.sst sstable1/aad8fa3f-af37-48b6-9c9e-5102eb5ead33202605010120011777620013159424312.sst into:sstable2/aad8fa3f-af37-48b6-9c9e-5102eb5ead33202605010120011777620025393738421.sst
2026-05-01 07:20:25:421 - Compaction completed: 
2989233:COMPACT_START sstable=1 input_files: "sstable1/f1f4a080-8ce8-4c7d-805e-84077df40a2e202605010120011777620013351012357.sst" input_files: "sstable1/aad8fa3f-af37-48b6-9c9e-5102eb5ead33202605010120011777620013362293856.sst" compactIntoNextLevel: true destinationLevel: 2
2026-05-01 07:20:25:477 - Compaction started: 
140279176742464:Compacting sstable1/f1f4a080-8ce8-4c7d-805e-84077df40a2e202605010120011777620013351012357.sst sstable1/aad8fa3f-af37-48b6-9c9e-5102eb5ead33202605010120011777620013362293856.sst into:sstable2/aad8fa3f-af37-48b6-9c9e-5102eb5ead33202605010120011777620025495104444.sst
2026-05-01 07:20:25:522 - Compaction completed: 
2989233:COMPACT_START sstable=1 input_files: "sstable1/f1f4a080-8ce8-4c7d-805e-84077df40a2e202605010120011777620013655380613.sst" input_files: "sstable1/aad8fa3f-af37-48b6-9c9e-5102eb5ead33202605010120011777620016687045871.sst" compactIntoNextLevel: true destinationLevel: 2
2026-05-01 07:20:25:579 - Compaction started: 
140279176742464:Compacting sstable1/f1f4a080-8ce8-4c7d-805e-84077df40a2e202605010120011777620013655380613.sst sstable1/aad8fa3f-af37-48b6-9c9e-5102eb5ead33202605010120011777620016687045871.sst into:sstable2/aad8fa3f-af37-48b6-9c9e-5102eb5ead33202605010120011777620025596600250.sst
2026-05-01 07:20:25:623 - Compaction completed: 
2989233:COMPACT_START sstable=1 input_files: "sstable1/aad8fa3f-af37-48b6-9c9e-5102eb5ead33202605010120011777620013868735985.sst" input_files: "sstable1/6827b02d-b513-48c7-8653-a49a356e22ec202605010120011777620013951707284.sst" compactIntoNextLevel: true destinationLevel: 2
2989233:COMPACT_ABORT input_files: "sstable1/aad8fa3f-af37-48b6-9c9e-5102eb5ead33202605010120011777620013868735985.sst" input_files: "sstable1/6827b02d-b513-48c7-8653-a49a356e22ec202605010120011777620013951707284.sst" compactIntoNextLevel: true destinationLevel: 2
2989233:COMPACT_START sstable=1 input_files: "sstable1/f1f4a080-8ce8-4c7d-805e-84077df40a2e202605010120011777620014162099611.sst" input_files: "sstable1/aad8fa3f-af37-48b6-9c9e-5102eb5ead33202605010120011777620014172810419.sst" compactIntoNextLevel: true destinationLevel: 2
2026-05-01 07:20:25:782 - Compaction started: 
140279176742464:Compacting sstable1/f1f4a080-8ce8-4c7d-805e-84077df40a2e202605010120011777620014162099611.sst sstable1/aad8fa3f-af37-48b6-9c9e-5102eb5ead33202605010120011777620014172810419.sst into:sstable2/aad8fa3f-af37-48b6-9c9e-5102eb5ead33202605010120011777620025800407722.sst
2026-05-01 07:20:25:829 - Compaction completed: 
2989233:COMPACT_START sstable=1 input_files: "sstable1/aad8fa3f-af37-48b6-9c9e-5102eb5ead33202605010120011777620014274485762.sst" input_files: "sstable1/be350bb1-e009-48e9-ad72-beab261696b7202605010120011777620014338630579.sst" compactIntoNextLevel: true destinationLevel: 2
2026-05-01 07:20:25:884 - Compaction started: 
140279176742464:Compacting sstable1/aad8fa3f-af37-48b6-9c9e-5102eb5ead33202605010120011777620014274485762.sst sstable1/be350bb1-e009-48e9-ad72-beab261696b7202605010120011777620014338630579.sst into:sstable2/aad8fa3f-af37-48b6-9c9e-5102eb5ead33202605010120011777620025901272676.sst
2026-05-01 07:20:25:928 - Compaction completed: 
2989233:COMPACT_START sstable=1 input_files: "sstable1/6827b02d-b513-48c7-8653-a49a356e22ec202605010120011777620014459153244.sst" input_files: "sstable1/f1f4a080-8ce8-4c7d-805e-84077df40a2e202605010120011777620014466003856.sst" compactIntoNextLevel: true destinationLevel: 2
2026-05-01 07:20:25:986 - Compaction started: 
140279176742464:Compacting sstable1/6827b02d-b513-48c7-8653-a49a356e22ec202605010120011777620014459153244.sst sstable1/f1f4a080-8ce8-4c7d-805e-84077df40a2e202605010120011777620014466003856.sst into:sstable2/aad8fa3f-af37-48b6-9c9e-5102eb5ead33202605010120011777620026004839444.sst
2026-05-01 07:20:26:033 - Compaction completed: 
2989233:COMPACT_START sstable=1 input_files: "sstable1/6827b02d-b513-48c7-8653-a49a356e22ec202605010120011777620014661974998.sst" input_files: "sstable1/be350bb1-e009-48e9-ad72-beab261696b7202605010120011777620023619531443.sst" compactIntoNextLevel: true destinationLevel: 2
2026-05-01 07:20:26:088 - Compaction started: 
140279176742464:Compacting sstable1/6827b02d-b513-48c7-8653-a49a356e22ec202605010120011777620014661974998.sst sstable1/be350bb1-e009-48e9-ad72-beab261696b7202605010120011777620023619531443.sst into:sstable2/aad8fa3f-af37-48b6-9c9e-5102eb5ead33202605010120011777620026113373084.sst
2026-05-01 07:20:26:143 - Compaction completed: 
2989233:COMPACT_START sstable=1 input_files: "sstable1/be350bb1-e009-48e9-ad72-beab261696b7202605010120011777620014846680882.sst" input_files: "sstable1/6827b02d-b513-48c7-8653-a49a356e22ec202605010120011777620014864731510.sst" compactIntoNextLevel: true destinationLevel: 2
2026-05-01 07:20:26:191 - Compaction started: 
140279176742464:Compacting sstable1/be350bb1-e009-48e9-ad72-beab261696b7202605010120011777620014846680882.sst sstable1/6827b02d-b513-48c7-8653-a49a356e22ec202605010120011777620014864731510.sst into:sstable2/aad8fa3f-af37-48b6-9c9e-5102eb5ead33202605010120011777620026209731419.sst
2026-05-01 07:20:26:238 - Compaction completed: 
2989233:COMPACT_START sstable=1 input_files: "sstable2/6827b02d-b513-48c7-8653-a49a356e22ec202605010120011777620016686535394.sst" input_files: "sstable2/be350bb1-e009-48e9-ad72-beab261696b7202605010120011777620019849623309.sst" compactIntoNextLevel: false destinationLevel: 2
2026-05-01 07:20:26:307 - Compaction started: 
140279176742464:Compacting sstable2/6827b02d-b513-48c7-8653-a49a356e22ec202605010120011777620016686535394.sst sstable2/be350bb1-e009-48e9-ad72-beab261696b7202605010120011777620019849623309.sst into:sstable2/0_aad8fa3f-af37-48b6-9c9e-5102eb5ead33202605010120011777620026356278309.sst
2026-05-01 07:20:26:434 - Compaction completed: 
2989233:Task input_files: "sstable2/f1f4a080-8ce8-4c7d-805e-84077df40a2e202605010120011777620017017473588.sst" input_files: "sstable2/be350bb1-e009-48e9-ad72-beab261696b7202605010120011777620020160415928.sst" compactIntoNextLevel: false destinationLevel: 2 is dead (hb=31)
2989233:Task input_files: "sstable1/aad8fa3f-af37-48b6-9c9e-5102eb5ead33202605010120011777620018421028344.sst" input_files: "sstable1/f1f4a080-8ce8-4c7d-805e-84077df40a2e202605010120011777620015297529012.sst" compactIntoNextLevel: true destinationLevel: 2 is dead (hb=30)
2989233:Found dead task input_files: "sstable1/aad8fa3f-af37-48b6-9c9e-5102eb5ead33202605010120011777620018421028344.sst" input_files: "sstable1/f1f4a080-8ce8-4c7d-805e-84077df40a2e202605010120011777620015297529012.sst" compactIntoNextLevel: true destinationLevel: 2
2989233:COMPACT_START sstable=1 input_files: "sstable1/aad8fa3f-af37-48b6-9c9e-5102eb5ead33202605010120011777620018421028344.sst" input_files: "sstable1/f1f4a080-8ce8-4c7d-805e-84077df40a2e202605010120011777620015297529012.sst" compactIntoNextLevel: true destinationLevel: 2
2026-05-01 07:20:26:511 - Compaction started: 
140279176742464:Compacting sstable1/aad8fa3f-af37-48b6-9c9e-5102eb5ead33202605010120011777620018421028344.sst sstable1/f1f4a080-8ce8-4c7d-805e-84077df40a2e202605010120011777620015297529012.sst into:sstable2/aad8fa3f-af37-48b6-9c9e-5102eb5ead33202605010120011777620026531130842.sst
2026-05-01 07:20:26:562 - Compaction completed: 
2989233:COMPACT_START sstable=1 input_files: "sstable2/6827b02d-b513-48c7-8653-a49a356e22ec202605010120011777620020069652180.sst" input_files: "sstable2/f1f4a080-8ce8-4c7d-805e-84077df40a2e202605010120011777620017017473588.sst" compactIntoNextLevel: false destinationLevel: 2
2026-05-01 07:20:26:632 - Compaction started: 
140279176742464:Compacting sstable2/6827b02d-b513-48c7-8653-a49a356e22ec202605010120011777620020069652180.sst sstable2/f1f4a080-8ce8-4c7d-805e-84077df40a2e202605010120011777620017017473588.sst into:sstable2/0_aad8fa3f-af37-48b6-9c9e-5102eb5ead33202605010120011777620026681707716.sst
2026-05-01 07:20:26:761 - Compaction completed: 
2989233:COMPACT_START sstable=1 input_files: "sstable2/be350bb1-e009-48e9-ad72-beab261696b7202605010120011777620023435748229.sst" input_files: "sstable2/f1f4a080-8ce8-4c7d-805e-84077df40a2e202605010120011777620023425193774.sst" compactIntoNextLevel: false destinationLevel: 2
2026-05-01 07:20:26:856 - Compaction started: 
140279176742464:Compacting sstable2/be350bb1-e009-48e9-ad72-beab261696b7202605010120011777620023435748229.sst sstable2/f1f4a080-8ce8-4c7d-805e-84077df40a2e202605010120011777620023425193774.sst into:sstable2/0_aad8fa3f-af37-48b6-9c9e-5102eb5ead33202605010120011777620026901371673.sst
2026-05-01 07:20:26:978 - Compaction completed: 
2989233:COMPACT_START sstable=1 input_files: "sstable2/be350bb1-e009-48e9-ad72-beab261696b7202605010120011777620020568605850.sst" input_files: "sstable2/6827b02d-b513-48c7-8653-a49a356e22ec202605010120011777620017498134587.sst" compactIntoNextLevel: false destinationLevel: 2
2026-05-01 07:20:27:085 - Compaction started: 
140279176742464:Compacting sstable2/be350bb1-e009-48e9-ad72-beab261696b7202605010120011777620020568605850.sst sstable2/6827b02d-b513-48c7-8653-a49a356e22ec202605010120011777620017498134587.sst into:sstable2/0_aad8fa3f-af37-48b6-9c9e-5102eb5ead33202605010120011777620027132628162.sst
2026-05-01 07:20:27:207 - Compaction completed: 
2989233:COMPACT_START sstable=1 input_files: "sstable2/be350bb1-e009-48e9-ad72-beab261696b7202605010120011777620017783330761.sst" input_files: "sstable2/6827b02d-b513-48c7-8653-a49a356e22ec202605010120011777620017803178208.sst" compactIntoNextLevel: false destinationLevel: 2
2026-05-01 07:20:27:318 - Compaction started: 
140279176742464:Compacting sstable2/be350bb1-e009-48e9-ad72-beab261696b7202605010120011777620017783330761.sst sstable2/6827b02d-b513-48c7-8653-a49a356e22ec202605010120011777620017803178208.sst into:sstable2/0_aad8fa3f-af37-48b6-9c9e-5102eb5ead33202605010120011777620027365858360.sst
2026-05-01 07:20:27:441 - Compaction completed: 
2989233:COMPACT_START sstable=1 input_files: "sstable2/be350bb1-e009-48e9-ad72-beab261696b7202605010120011777620017884725468.sst" input_files: "sstable2/6827b02d-b513-48c7-8653-a49a356e22ec202605010120011777620017904475612.sst" compactIntoNextLevel: false destinationLevel: 2
2026-05-01 07:20:27:553 - Compaction started: 
140279176742464:Compacting sstable2/be350bb1-e009-48e9-ad72-beab261696b7202605010120011777620017884725468.sst sstable2/6827b02d-b513-48c7-8653-a49a356e22ec202605010120011777620017904475612.sst into:sstable2/0_aad8fa3f-af37-48b6-9c9e-5102eb5ead33202605010120011777620027600832187.sst
2026-05-01 07:20:27:672 - Compaction completed: 
2989233:COMPACT_START sstable=1 input_files: "sstable2/6827b02d-b513-48c7-8653-a49a356e22ec202605010120011777620018107228097.sst" input_files: "sstable2/aad8fa3f-af37-48b6-9c9e-5102eb5ead33202605010120011777620018133768009.sst" compactIntoNextLevel: false destinationLevel: 2
2026-05-01 07:20:27:804 - Compaction started: 
140279176742464:Compacting sstable2/6827b02d-b513-48c7-8653-a49a356e22ec202605010120011777620018107228097.sst sstable2/aad8fa3f-af37-48b6-9c9e-5102eb5ead33202605010120011777620018133768009.sst into:sstable2/0_aad8fa3f-af37-48b6-9c9e-5102eb5ead33202605010120011777620027849978813.sst
2026-05-01 07:20:27:919 - Compaction completed: 
2989233:Task input_files: "sstable2/aad8fa3f-af37-48b6-9c9e-5102eb5ead33202605010120011777620019257965435.sst" input_files: "sstable2/6827b02d-b513-48c7-8653-a49a356e22ec202605010120011777620016274856201.sst" compactIntoNextLevel: false destinationLevel: 2 is dead (hb=30)
2989233:COMPACT_START sstable=1 input_files: "sstable2/6827b02d-b513-48c7-8653-a49a356e22ec202605010120011777620018311545645.sst" input_files: "sstable2/aad8fa3f-af37-48b6-9c9e-5102eb5ead33202605010120011777620018338396951.sst" compactIntoNextLevel: false destinationLevel: 2
2026-05-01 07:20:28:059 - Compaction started: 
140279176742464:Compacting sstable2/6827b02d-b513-48c7-8653-a49a356e22ec202605010120011777620018311545645.sst sstable2/aad8fa3f-af37-48b6-9c9e-5102eb5ead33202605010120011777620018338396951.sst into:sstable2/0_aad8fa3f-af37-48b6-9c9e-5102eb5ead33202605010120011777620028104731839.sst
2026-05-01 07:20:28:176 - Compaction completed: 
2989233:Task input_files: "sstable1/be350bb1-e009-48e9-ad72-beab261696b7202605010120011777620012786037673.sst" input_files: "sstable1/6827b02d-b513-48c7-8653-a49a356e22ec202605010120011777620015947049818.sst" compactIntoNextLevel: true destinationLevel: 2 is dead (hb=30)
2989233:Found dead task input_files: "sstable1/be350bb1-e009-48e9-ad72-beab261696b7202605010120011777620012786037673.sst" input_files: "sstable1/6827b02d-b513-48c7-8653-a49a356e22ec202605010120011777620015947049818.sst" compactIntoNextLevel: true destinationLevel: 2
2989233:COMPACT_START sstable=1 input_files: "sstable1/be350bb1-e009-48e9-ad72-beab261696b7202605010120011777620012786037673.sst" input_files: "sstable1/6827b02d-b513-48c7-8653-a49a356e22ec202605010120011777620015947049818.sst" compactIntoNextLevel: true destinationLevel: 2
2026-05-01 07:20:28:260 - Compaction started: 
140279176742464:Compacting sstable1/be350bb1-e009-48e9-ad72-beab261696b7202605010120011777620012786037673.sst sstable1/6827b02d-b513-48c7-8653-a49a356e22ec202605010120011777620015947049818.sst into:sstable2/aad8fa3f-af37-48b6-9c9e-5102eb5ead33202605010120011777620028280123682.sst
2026-05-01 07:20:28:310 - Compaction completed: 
2989233:Task input_files: "sstable1/6827b02d-b513-48c7-8653-a49a356e22ec202605010120011777620013009990620.sst" input_files: "sstable1/f1f4a080-8ce8-4c7d-805e-84077df40a2e202605010120011777620013017436649.sst" compactIntoNextLevel: true destinationLevel: 2 is dead (hb=30)
2989233:COMPACT_START sstable=1 input_files: "sstable2/be350bb1-e009-48e9-ad72-beab261696b7202605010120011777620021502961404.sst" input_files: "sstable2/be350bb1-e009-48e9-ad72-beab261696b7202605010120011777620018495225385.sst" compactIntoNextLevel: false destinationLevel: 2
2026-05-01 07:20:28:416 - Compaction started: 
140279176742464:Compacting sstable2/be350bb1-e009-48e9-ad72-beab261696b7202605010120011777620021502961404.sst sstable2/be350bb1-e009-48e9-ad72-beab261696b7202605010120011777620018495225385.sst into:sstable2/0_aad8fa3f-af37-48b6-9c9e-5102eb5ead33202605010120011777620028458108516.sst
2026-05-01 07:20:28:525 - Compaction completed: 
2989233:COMPACT_START sstable=1 input_files: "sstable2/6827b02d-b513-48c7-8653-a49a356e22ec202605010120011777620018716332187.sst" input_files: "sstable2/f1f4a080-8ce8-4c7d-805e-84077df40a2e202605010120011777620021840672745.sst" compactIntoNextLevel: false destinationLevel: 2
2026-05-01 07:20:28:680 - Compaction started: 
140279176742464:Compacting sstable2/6827b02d-b513-48c7-8653-a49a356e22ec202605010120011777620018716332187.sst sstable2/f1f4a080-8ce8-4c7d-805e-84077df40a2e202605010120011777620021840672745.sst into:sstable2/0_aad8fa3f-af37-48b6-9c9e-5102eb5ead33202605010120011777620028719174687.sst
2026-05-01 07:20:28:781 - Compaction completed: 
2989233:Task input_files: "sstable1/aad8fa3f-af37-48b6-9c9e-5102eb5ead33202605010120011777620013868735985.sst" input_files: "sstable1/6827b02d-b513-48c7-8653-a49a356e22ec202605010120011777620013951707284.sst" compactIntoNextLevel: true destinationLevel: 2 is dead (hb=30)
2989233:Task input_files: "sstable1/aad8fa3f-af37-48b6-9c9e-5102eb5ead33202605010120011777620013666606037.sst" input_files: "sstable1/6827b02d-b513-48c7-8653-a49a356e22ec202605010120011777620013748555070.sst" compactIntoNextLevel: true destinationLevel: 2 is dead (hb=30)
2989233:Found dead task input_files: "sstable1/aad8fa3f-af37-48b6-9c9e-5102eb5ead33202605010120011777620013666606037.sst" input_files: "sstable1/6827b02d-b513-48c7-8653-a49a356e22ec202605010120011777620013748555070.sst" compactIntoNextLevel: true destinationLevel: 2
2989233:COMPACT_START sstable=1 input_files: "sstable1/aad8fa3f-af37-48b6-9c9e-5102eb5ead33202605010120011777620013666606037.sst" input_files: "sstable1/6827b02d-b513-48c7-8653-a49a356e22ec202605010120011777620013748555070.sst" compactIntoNextLevel: true destinationLevel: 2
2989233:COMPACT_ABORT input_files: "sstable1/aad8fa3f-af37-48b6-9c9e-5102eb5ead33202605010120011777620013666606037.sst" input_files: "sstable1/6827b02d-b513-48c7-8653-a49a356e22ec202605010120011777620013748555070.sst" compactIntoNextLevel: true destinationLevel: 2
2989233:Found dead task input_files: "sstable1/aad8fa3f-af37-48b6-9c9e-5102eb5ead33202605010120011777620013868735985.sst" input_files: "sstable1/6827b02d-b513-48c7-8653-a49a356e22ec202605010120011777620013951707284.sst" compactIntoNextLevel: true destinationLevel: 2
2989233:COMPACT_START sstable=1 input_files: "sstable1/aad8fa3f-af37-48b6-9c9e-5102eb5ead33202605010120011777620013868735985.sst" input_files: "sstable1/6827b02d-b513-48c7-8653-a49a356e22ec202605010120011777620013951707284.sst" compactIntoNextLevel: true destinationLevel: 2
2026-05-01 07:20:28:784 - Compaction started: 
140279176742464:Compacting sstable1/aad8fa3f-af37-48b6-9c9e-5102eb5ead33202605010120011777620013868735985.sst sstable1/6827b02d-b513-48c7-8653-a49a356e22ec202605010120011777620013951707284.sst into:sstable2/aad8fa3f-af37-48b6-9c9e-5102eb5ead33202605010120011777620028801710580.sst
2026-05-01 07:20:28:829 - Compaction completed: 
2989233:Task input_files: "sstable1/6827b02d-b513-48c7-8653-a49a356e22ec202605010120011777620014256388967.sst" input_files: "sstable1/f1f4a080-8ce8-4c7d-805e-84077df40a2e202605010120011777620014263356980.sst" compactIntoNextLevel: true destinationLevel: 2 is dead (hb=30)
2989233:COMPACT_START sstable=1 input_files: "sstable2/be350bb1-e009-48e9-ad72-beab261696b7202605010120011777620018900820322.sst" input_files: "sstable2/6827b02d-b513-48c7-8653-a49a356e22ec202605010120011777620022028447251.sst" compactIntoNextLevel: false destinationLevel: 2
2026-05-01 07:20:28:951 - Compaction started: 
140279176742464:Compacting sstable2/be350bb1-e009-48e9-ad72-beab261696b7202605010120011777620018900820322.sst sstable2/6827b02d-b513-48c7-8653-a49a356e22ec202605010120011777620022028447251.sst into:sstable2/0_aad8fa3f-af37-48b6-9c9e-5102eb5ead33202605010120011777620028995501815.sst
2026-05-01 07:20:29:058 - Compaction completed: 
2989233:Task input_files: "sstable1/aad8fa3f-af37-48b6-9c9e-5102eb5ead33202605010120011777620017708825412.sst" input_files: "sstable1/aad8fa3f-af37-48b6-9c9e-5102eb5ead33202605010120011777620014781200220.sst" compactIntoNextLevel: true destinationLevel: 2 is dead (hb=30)
2989233:Task input_files: "sstable1/be350bb1-e009-48e9-ad72-beab261696b7202605010120011777620014744778594.sst" input_files: "sstable1/f1f4a080-8ce8-4c7d-805e-84077df40a2e202605010120011777620014769809257.sst" compactIntoNextLevel: true destinationLevel: 2 is dead (hb=30)
2989233:Task input_files: "sstable1/f1f4a080-8ce8-4c7d-805e-84077df40a2e202605010120011777620014668759707.sst" input_files: "sstable1/aad8fa3f-af37-48b6-9c9e-5102eb5ead33202605010120011777620014679641025.sst" compactIntoNextLevel: true destinationLevel: 2 is dead (hb=30)
2989233:COMPACT_START sstable=1 input_files: "sstable2/6827b02d-b513-48c7-8653-a49a356e22ec202605010120011777620019022586909.sst" input_files: "sstable2/f1f4a080-8ce8-4c7d-805e-84077df40a2e202605010120011777620025145557185.sst" compactIntoNextLevel: false destinationLevel: 2
2026-05-01 07:20:29:223 - Compaction started: 
140279176742464:Compacting sstable2/6827b02d-b513-48c7-8653-a49a356e22ec202605010120011777620019022586909.sst sstable2/f1f4a080-8ce8-4c7d-805e-84077df40a2e202605010120011777620025145557185.sst into:sstable2/0_aad8fa3f-af37-48b6-9c9e-5102eb5ead33202605010120011777620029262513000.sst
2026-05-01 07:20:29:326 - Compaction completed: 
2989233:Found dead task input_files: "sstable1/be350bb1-e009-48e9-ad72-beab261696b7202605010120011777620014744778594.sst" input_files: "sstable1/f1f4a080-8ce8-4c7d-805e-84077df40a2e202605010120011777620014769809257.sst" compactIntoNextLevel: true destinationLevel: 2
2989233:COMPACT_START sstable=1 input_files: "sstable1/be350bb1-e009-48e9-ad72-beab261696b7202605010120011777620014744778594.sst" input_files: "sstable1/f1f4a080-8ce8-4c7d-805e-84077df40a2e202605010120011777620014769809257.sst" compactIntoNextLevel: true destinationLevel: 2
2026-05-01 07:20:29:328 - Compaction started: 
140279176742464:Compacting sstable1/be350bb1-e009-48e9-ad72-beab261696b7202605010120011777620014744778594.sst sstable1/f1f4a080-8ce8-4c7d-805e-84077df40a2e202605010120011777620014769809257.sst into:sstable2/aad8fa3f-af37-48b6-9c9e-5102eb5ead33202605010120011777620029345914577.sst
2026-05-01 07:20:29:372 - Compaction completed: 
2989233:COMPACT_START sstable=1 input_files: "sstable2/f1f4a080-8ce8-4c7d-805e-84077df40a2e202605010120011777620022574916955.sst" input_files: "sstable2/aad8fa3f-af37-48b6-9c9e-5102eb5ead33202605010120011777620019465885566.sst" compactIntoNextLevel: false destinationLevel: 2
2026-05-01 07:20:29:507 - Compaction started: 
140279176742464:Compacting sstable2/f1f4a080-8ce8-4c7d-805e-84077df40a2e202605010120011777620022574916955.sst sstable2/aad8fa3f-af37-48b6-9c9e-5102eb5ead33202605010120011777620019465885566.sst into:sstable2/0_aad8fa3f-af37-48b6-9c9e-5102eb5ead33202605010120011777620029547596815.sst
2026-05-01 07:20:29:613 - Compaction completed: 
2989233:COMPACT_START sstable=1 input_files: "sstable2/be350bb1-e009-48e9-ad72-beab261696b7202605010120011777620019744409984.sst" input_files: "sstable2/6827b02d-b513-48c7-8653-a49a356e22ec202605010120011777620019760945933.sst" compactIntoNextLevel: false destinationLevel: 2
2026-05-01 07:20:29:792 - Compaction started: 
140279176742464:Compacting sstable2/be350bb1-e009-48e9-ad72-beab261696b7202605010120011777620019744409984.sst sstable2/6827b02d-b513-48c7-8653-a49a356e22ec202605010120011777620019760945933.sst into:sstable2/0_aad8fa3f-af37-48b6-9c9e-5102eb5ead33202605010120011777620029833064619.sst
2026-05-01 07:20:29:898 - Compaction completed: 
2989233:Task input_files: "sstable2/f1f4a080-8ce8-4c7d-805e-84077df40a2e202605010120011777620017121246123.sst" input_files: "sstable2/be350bb1-e009-48e9-ad72-beab261696b7202605010120011777620017176283297.sst" compactIntoNextLevel: false destinationLevel: 2 is dead (hb=31)
2989233:Found dead task input_files: "sstable2/f1f4a080-8ce8-4c7d-805e-84077df40a2e202605010120011777620017121246123.sst" input_files: "sstable2/be350bb1-e009-48e9-ad72-beab261696b7202605010120011777620017176283297.sst" compactIntoNextLevel: false destinationLevel: 2
2989233:COMPACT_START sstable=1 input_files: "sstable2/f1f4a080-8ce8-4c7d-805e-84077df40a2e202605010120011777620017121246123.sst" input_files: "sstable2/be350bb1-e009-48e9-ad72-beab261696b7202605010120011777620017176283297.sst" compactIntoNextLevel: false destinationLevel: 2
2026-05-01 07:20:29:996 - Compaction started: 
140279176742464:Compacting sstable2/f1f4a080-8ce8-4c7d-805e-84077df40a2e202605010120011777620017121246123.sst sstable2/be350bb1-e009-48e9-ad72-beab261696b7202605010120011777620017176283297.sst into:sstable2/aad8fa3f-af37-48b6-9c9e-5102eb5ead33202605010120011777620030044745360.sst
2026-05-01 07:20:30:123 - Compaction completed: 
2989233:COMPACT_START sstable=1 input_files: "sstable2/f1f4a080-8ce8-4c7d-805e-84077df40a2e202605010120011777620020084496017.sst" input_files: "sstable2/aad8fa3f-af37-48b6-9c9e-5102eb5ead33202605010120011777620020093905827.sst" compactIntoNextLevel: false destinationLevel: 2
2026-05-01 07:20:30:288 - Compaction started: 
140279176742464:Compacting sstable2/f1f4a080-8ce8-4c7d-805e-84077df40a2e202605010120011777620020084496017.sst sstable2/aad8fa3f-af37-48b6-9c9e-5102eb5ead33202605010120011777620020093905827.sst into:sstable2/0_aad8fa3f-af37-48b6-9c9e-5102eb5ead33202605010120011777620030325090291.sst
2026-05-01 07:20:30:384 - Compaction completed: 
2989233:COMPACT_START sstable=1 input_files: "sstable2/aad8fa3f-af37-48b6-9c9e-5102eb5ead33202605010120011777620020299474070.sst" input_files: "sstable2/f1f4a080-8ce8-4c7d-805e-84077df40a2e202605010120011777620023535370393.sst" compactIntoNextLevel: false destinationLevel: 2
2026-05-01 07:20:30:484 - Compaction started: 
140279176742464:Compacting sstable2/aad8fa3f-af37-48b6-9c9e-5102eb5ead33202605010120011777620020299474070.sst sstable2/f1f4a080-8ce8-4c7d-805e-84077df40a2e202605010120011777620023535370393.sst into:sstable2/0_aad8fa3f-af37-48b6-9c9e-5102eb5ead33202605010120011777620030522354046.sst
2026-05-01 07:20:30:610 - Compaction completed: 
2989233:COMPACT_START sstable=1 input_files: "sstable2/f1f4a080-8ce8-4c7d-805e-84077df40a2e202605010120011777620020591382137.sst" input_files: "sstable2/aad8fa3f-af37-48b6-9c9e-5102eb5ead33202605010120011777620020604007475.sst" compactIntoNextLevel: false destinationLevel: 2
2026-05-01 07:20:30:794 - Compaction started: 
140279176742464:Compacting sstable2/f1f4a080-8ce8-4c7d-805e-84077df40a2e202605010120011777620020591382137.sst sstable2/aad8fa3f-af37-48b6-9c9e-5102eb5ead33202605010120011777620020604007475.sst into:sstable2/0_aad8fa3f-af37-48b6-9c9e-5102eb5ead33202605010120011777620030837277278.sst
2026-05-01 07:20:30:898 - Compaction completed: 
2989233:COMPACT_START sstable=1 input_files: "sstable2/be350bb1-e009-48e9-ad72-beab261696b7202605010120011777620025317711349.sst" input_files: "sstable2/f1f4a080-8ce8-4c7d-805e-84077df40a2e202605010120011777620028533172803.sst" compactIntoNextLevel: false destinationLevel: 2
2026-05-01 07:20:31:006 - Compaction started: 
140279176742464:Compacting sstable2/be350bb1-e009-48e9-ad72-beab261696b7202605010120011777620025317711349.sst sstable2/f1f4a080-8ce8-4c7d-805e-84077df40a2e202605010120011777620028533172803.sst into:sstable2/0_aad8fa3f-af37-48b6-9c9e-5102eb5ead33202605010120011777620031045806401.sst
2026-05-01 07:20:31:108 - Compaction completed: 
2989233:Task input_files: "sstable1/aad8fa3f-af37-48b6-9c9e-5102eb5ead33202605010120011777620013666606037.sst" input_files: "sstable1/6827b02d-b513-48c7-8653-a49a356e22ec202605010120011777620013748555070.sst" compactIntoNextLevel: true destinationLevel: 2 is dead (hb=30)
2989233:Found dead task input_files: "sstable1/aad8fa3f-af37-48b6-9c9e-5102eb5ead33202605010120011777620013666606037.sst" input_files: "sstable1/6827b02d-b513-48c7-8653-a49a356e22ec202605010120011777620013748555070.sst" compactIntoNextLevel: true destinationLevel: 2
2989233:COMPACT_START sstable=1 input_files: "sstable1/aad8fa3f-af37-48b6-9c9e-5102eb5ead33202605010120011777620013666606037.sst" input_files: "sstable1/6827b02d-b513-48c7-8653-a49a356e22ec202605010120011777620013748555070.sst" compactIntoNextLevel: true destinationLevel: 2
2026-05-01 07:20:31:743 - Compaction started: 
2026-05-01 07:20:31:755 30 sec: 119823 operations; 3994.1 current ops/sec; est completion in 2 days 21 hours [READ: Count=119832, Max=1826815, Min=33, Avg=248.04, 90=343, 99=414, 99.9=1316, 99.99=34303] 
140279176742464:Compacting sstable1/aad8fa3f-af37-48b6-9c9e-5102eb5ead33202605010120011777620013666606037.sst sstable1/6827b02d-b513-48c7-8653-a49a356e22ec202605010120011777620013748555070.sst into:sstable2/aad8fa3f-af37-48b6-9c9e-5102eb5ead33202605010120011777620031763751657.sst
2026-05-01 07:20:31:792 - Compaction completed: 
2989233:COMPACT_START sstable=1 input_files: "sstable2/f1f4a080-8ce8-4c7d-805e-84077df40a2e202605010120011777620025548597714.sst" input_files: "sstable2/6827b02d-b513-48c7-8653-a49a356e22ec202605010120011777620025577144618.sst" compactIntoNextLevel: false destinationLevel: 2
2026-05-01 07:20:31:960 - Compaction started: 
140279176742464:Compacting sstable2/f1f4a080-8ce8-4c7d-805e-84077df40a2e202605010120011777620025548597714.sst sstable2/6827b02d-b513-48c7-8653-a49a356e22ec202605010120011777620025577144618.sst into:sstable2/0_aad8fa3f-af37-48b6-9c9e-5102eb5ead33202605010120011777620031997756868.sst
2026-05-01 07:20:32:053 - Compaction completed: 
2989233:COMPACT_START sstable=1 input_files: "sstable2/be350bb1-e009-48e9-ad72-beab261696b7202605010120011777620025725330150.sst" input_files: "sstable2/f1f4a080-8ce8-4c7d-805e-84077df40a2e202605010120011777620025751227638.sst" compactIntoNextLevel: false destinationLevel: 2
2026-05-01 07:20:32:180 - Compaction started: 
140279176742464:Compacting sstable2/be350bb1-e009-48e9-ad72-beab261696b7202605010120011777620025725330150.sst sstable2/f1f4a080-8ce8-4c7d-805e-84077df40a2e202605010120011777620025751227638.sst into:sstable2/0_aad8fa3f-af37-48b6-9c9e-5102eb5ead33202605010120011777620032216352883.sst
2026-05-01 07:20:32:273 - Compaction completed: 
2989233:COMPACT_START sstable=1 input_files: "sstable2/aad8fa3f-af37-48b6-9c9e-5102eb5ead33202605010120011777620025901272676.sst" input_files: "sstable2/f1f4a080-8ce8-4c7d-805e-84077df40a2e202605010120011777620029070291568.sst" compactIntoNextLevel: false destinationLevel: 2
2026-05-01 07:20:32:406 - Compaction started: 
140279176742464:Compacting sstable2/aad8fa3f-af37-48b6-9c9e-5102eb5ead33202605010120011777620025901272676.sst sstable2/f1f4a080-8ce8-4c7d-805e-84077df40a2e202605010120011777620029070291568.sst into:sstable2/0_aad8fa3f-af37-48b6-9c9e-5102eb5ead33202605010120011777620032443490590.sst
2026-05-01 07:20:32:499 - Compaction completed: 
2989233:COMPACT_START sstable=1 input_files: "sstable2/6827b02d-b513-48c7-8653-a49a356e22ec202605010120011777620026085588378.sst" input_files: "sstable2/aad8fa3f-af37-48b6-9c9e-5102eb5ead33202605010120011777620026113373084.sst" compactIntoNextLevel: false destinationLevel: 2
2026-05-01 07:20:32:632 - Compaction started: 
140279176742464:Compacting sstable2/6827b02d-b513-48c7-8653-a49a356e22ec202605010120011777620026085588378.sst sstable2/aad8fa3f-af37-48b6-9c9e-5102eb5ead33202605010120011777620026113373084.sst into:sstable2/0_aad8fa3f-af37-48b6-9c9e-5102eb5ead33202605010120011777620032666005542.sst
2026-05-01 07:20:32:720 - Compaction completed: 
2989233:Task input_files: "sstable2/6827b02d-b513-48c7-8653-a49a356e22ec202605010120011777620025374836196.sst" input_files: "sstable2/aad8fa3f-af37-48b6-9c9e-5102eb5ead33202605010120011777620025393738421.sst" compactIntoNextLevel: false destinationLevel: 2 is dead (hb=30)
2989233:Found dead task input_files: "sstable2/6827b02d-b513-48c7-8653-a49a356e22ec202605010120011777620025374836196.sst" input_files: "sstable2/aad8fa3f-af37-48b6-9c9e-5102eb5ead33202605010120011777620025393738421.sst" compactIntoNextLevel: false destinationLevel: 2
2989233:COMPACT_START sstable=1 input_files: "sstable2/6827b02d-b513-48c7-8653-a49a356e22ec202605010120011777620025374836196.sst" input_files: "sstable2/aad8fa3f-af37-48b6-9c9e-5102eb5ead33202605010120011777620025393738421.sst" compactIntoNextLevel: false destinationLevel: 2
2026-05-01 07:20:34:095 - Compaction started: 
140279176742464:Compacting sstable2/6827b02d-b513-48c7-8653-a49a356e22ec202605010120011777620025374836196.sst sstable2/aad8fa3f-af37-48b6-9c9e-5102eb5ead33202605010120011777620025393738421.sst into:sstable2/aad8fa3f-af37-48b6-9c9e-5102eb5ead33202605010120011777620034132889844.sst
2026-05-01 07:20:34:188 - Compaction completed: 
2989233:Task input_files: "sstable2/6827b02d-b513-48c7-8653-a49a356e22ec202605010120011777620025785905536.sst" input_files: "sstable2/aad8fa3f-af37-48b6-9c9e-5102eb5ead33202605010120011777620025800407722.sst" compactIntoNextLevel: false destinationLevel: 2 is dead (hb=30)
2989233:Found dead task input_files: "sstable2/6827b02d-b513-48c7-8653-a49a356e22ec202605010120011777620025785905536.sst" input_files: "sstable2/aad8fa3f-af37-48b6-9c9e-5102eb5ead33202605010120011777620025800407722.sst" compactIntoNextLevel: false destinationLevel: 2
2989233:COMPACT_START sstable=1 input_files: "sstable2/6827b02d-b513-48c7-8653-a49a356e22ec202605010120011777620025785905536.sst" input_files: "sstable2/aad8fa3f-af37-48b6-9c9e-5102eb5ead33202605010120011777620025800407722.sst" compactIntoNextLevel: false destinationLevel: 2
2989233:COMPACT_ABORT input_files: "sstable2/6827b02d-b513-48c7-8653-a49a356e22ec202605010120011777620025785905536.sst" input_files: "sstable2/aad8fa3f-af37-48b6-9c9e-5102eb5ead33202605010120011777620025800407722.sst" compactIntoNextLevel: false destinationLevel: 2
2989233:Task input_files: "sstable2/6827b02d-b513-48c7-8653-a49a356e22ec202605010120011777620025785905536.sst" input_files: "sstable2/aad8fa3f-af37-48b6-9c9e-5102eb5ead33202605010120011777620025800407722.sst" compactIntoNextLevel: false destinationLevel: 2 is dead (hb=31)
2989233:Found dead task input_files: "sstable2/6827b02d-b513-48c7-8653-a49a356e22ec202605010120011777620025785905536.sst" input_files: "sstable2/aad8fa3f-af37-48b6-9c9e-5102eb5ead33202605010120011777620025800407722.sst" compactIntoNextLevel: false destinationLevel: 2
2989233:COMPACT_START sstable=1 input_files: "sstable2/6827b02d-b513-48c7-8653-a49a356e22ec202605010120011777620025785905536.sst" input_files: "sstable2/aad8fa3f-af37-48b6-9c9e-5102eb5ead33202605010120011777620025800407722.sst" compactIntoNextLevel: false destinationLevel: 2
2026-05-01 07:20:38:535 - Compaction started: 
140279176742464:Compacting sstable2/6827b02d-b513-48c7-8653-a49a356e22ec202605010120011777620025785905536.sst sstable2/aad8fa3f-af37-48b6-9c9e-5102eb5ead33202605010120011777620025800407722.sst into:sstable2/aad8fa3f-af37-48b6-9c9e-5102eb5ead33202605010120011777620038572850911.sst
2026-05-01 07:20:38:629 - Compaction completed: 
2989233:Task input_files: "sstable2/be350bb1-e009-48e9-ad72-beab261696b7202605010120011777620016868364335.sst" input_files: "sstable2/6827b02d-b513-48c7-8653-a49a356e22ec202605010120011777620019966842781.sst" compactIntoNextLevel: false destinationLevel: 2 is dead (hb=30)
2989233:Found dead task input_files: "sstable2/be350bb1-e009-48e9-ad72-beab261696b7202605010120011777620016868364335.sst" input_files: "sstable2/6827b02d-b513-48c7-8653-a49a356e22ec202605010120011777620019966842781.sst" compactIntoNextLevel: false destinationLevel: 2
2989233:COMPACT_START sstable=1 input_files: "sstable2/be350bb1-e009-48e9-ad72-beab261696b7202605010120011777620016868364335.sst" input_files: "sstable2/6827b02d-b513-48c7-8653-a49a356e22ec202605010120011777620019966842781.sst" compactIntoNextLevel: false destinationLevel: 2
2989233:COMPACT_ABORT input_files: "sstable2/be350bb1-e009-48e9-ad72-beab261696b7202605010120011777620016868364335.sst" input_files: "sstable2/6827b02d-b513-48c7-8653-a49a356e22ec202605010120011777620019966842781.sst" compactIntoNextLevel: false destinationLevel: 2
2989233:Task input_files: "sstable2/be350bb1-e009-48e9-ad72-beab261696b7202605010120011777620016868364335.sst" input_files: "sstable2/6827b02d-b513-48c7-8653-a49a356e22ec202605010120011777620019966842781.sst" compactIntoNextLevel: false destinationLevel: 2 is dead (hb=30)
2989233:Found dead task input_files: "sstable2/be350bb1-e009-48e9-ad72-beab261696b7202605010120011777620016868364335.sst" input_files: "sstable2/6827b02d-b513-48c7-8653-a49a356e22ec202605010120011777620019966842781.sst" compactIntoNextLevel: false destinationLevel: 2
2989233:COMPACT_START sstable=1 input_files: "sstable2/be350bb1-e009-48e9-ad72-beab261696b7202605010120011777620016868364335.sst" input_files: "sstable2/6827b02d-b513-48c7-8653-a49a356e22ec202605010120011777620019966842781.sst" compactIntoNextLevel: false destinationLevel: 2
2026-05-01 07:20:41:692 - Compaction started: 
140279176742464:Compacting sstable2/be350bb1-e009-48e9-ad72-beab261696b7202605010120011777620016868364335.sst sstable2/6827b02d-b513-48c7-8653-a49a356e22ec202605010120011777620019966842781.sst into:sstable2/aad8fa3f-af37-48b6-9c9e-5102eb5ead33202605010120011777620041738947714.sst
2026-05-01 07:20:41:809 - Compaction completed: 
