# CMD: /usr/lib/jvm/java-8-openjdk-amd64/bin/java -cp /users/Xinying/ozonedb/ycsb/ozonedb/conf:/users/Xinying/ozonedb/ycsb/ozonedb/target/ozonedb-binding-0.18.0-SNAPSHOT.jar:/users/Xinying/.m2/repository/org/apache/htrace/htrace-core4/4.1.0-incubating/htrace-core4-4.1.0-incubating.jar:/users/Xinying/.m2/repository/org/slf4j/slf4j-api/1.7.25/slf4j-api-1.7.25.jar:/users/Xinying/.m2/repository/org/hdrhistogram/HdrHistogram/2.1.12/HdrHistogram-2.1.12.jar:/users/Xinying/.m2/repository/ch/qos/logback/logback-classic/1.2.3/logback-classic-1.2.3.jar:/users/Xinying/.m2/repository/ozonedbjnimaven/demoproc-jni/1.0/demoproc-jni-1.0.jar:/users/Xinying/.m2/repository/ch/qos/logback/logback-core/1.2.3/logback-core-1.2.3.jar:/users/Xinying/.m2/repository/org/codehaus/jackson/jackson-mapper-asl/1.9.4/jackson-mapper-asl-1.9.4.jar:/users/Xinying/.m2/repository/org/slf4j/slf4j-simple/1.7.25/slf4j-simple-1.7.25.jar:/users/Xinying/.m2/repository/org/codehaus/jackson/jackson-core-asl/1.9.4/jackson-core-asl-1.9.4.jar:/users/Xinying/ozonedb/ycsb/core/target/core-0.18.0-SNAPSHOT.jar site.ycsb.Client -db site.ycsb.db.OzoneDBClient -threads 1 -s -P /users/Xinying/ozonedb/ycsb/workloads/generated_workloads/workloadc_1KB_1000000_1000000 -p status.interval=30 -p requestdistribution=uniform -p operationcount=1000000000 -p maxexecutiontime=660 -p shared_config=/tmp/churn_v4_configs/shared_config_varyR_n4_r5pct_rep3.json -t
# env OZONEDB_CHURN_ABORT_RATE=0.05
Command line: -db site.ycsb.db.OzoneDBClient -threads 1 -s -P /users/Xinying/ozonedb/ycsb/workloads/generated_workloads/workloadc_1KB_1000000_1000000 -p status.interval=30 -p requestdistribution=uniform -p operationcount=1000000000 -p maxexecutiontime=660 -p shared_config=/tmp/churn_v4_configs/shared_config_varyR_n4_r5pct_rep3.json -t
YCSB Client 0.18.0-SNAPSHOT

Loading workload...
Starting test.
SLF4J: Class path contains multiple SLF4J bindings.
SLF4J: Found binding in [jar:file:/users/Xinying/.m2/repository/ch/qos/logback/logback-classic/1.2.3/logback-classic-1.2.3.jar!/org/slf4j/impl/StaticLoggerBinder.class]
SLF4J: Found binding in [jar:file:/users/Xinying/.m2/repository/org/slf4j/slf4j-simple/1.7.25/slf4j-simple-1.7.25.jar!/org/slf4j/impl/StaticLoggerBinder.class]
SLF4J: See http://www.slf4j.org/codes.html#multiple_bindings for an explanation.
SLF4J: Actual binding is of type [ch.qos.logback.classic.util.ContextSelectorStaticBinder]
Maximum execution time specified as: 660 secs
2026-05-01 06:51:34:350 0 sec: 0 operations; est completion in 0 second 
Starting compaction watcher
DBWrapper: report latency for each error is false and specific error codes to track for latency are: []
2924384:COMPACT_START sstable=0 input_files: "datalog/7" input_files: "datalog/8" compactIntoNextLevel: true destinationLevel: 1
2026-05-01 06:51:34:421 - Compaction started: 
139887353165376:Compacting datalog/7 datalog/8 into:sstable1/e0f3e0ff-00aa-4b09-b4f7-ca819f087a9a202605010051341777618294556985432.sst
2026-05-01 06:51:34:588 - Compaction completed: 
2924384:COMPACT_START sstable=0 input_files: "datalog/11" input_files: "datalog/12" compactIntoNextLevel: true destinationLevel: 1
2026-05-01 06:51:34:644 - Compaction started: 
139887353165376:Compacting datalog/11 datalog/12 into:sstable1/e0f3e0ff-00aa-4b09-b4f7-ca819f087a9a202605010051341777618294675022467.sst
2026-05-01 06:51:34:696 - Compaction completed: 
2924384:COMPACT_START sstable=0 input_files: "datalog/19" input_files: "datalog/20" compactIntoNextLevel: true destinationLevel: 1
2026-05-01 06:51:34:746 - Compaction started: 
139887353165376:Compacting datalog/19 datalog/20 into:sstable1/e0f3e0ff-00aa-4b09-b4f7-ca819f087a9a202605010051341777618294871046392.sst
2026-05-01 06:51:34:896 - Compaction completed: 
2924384:COMPACT_START sstable=0 input_files: "datalog/29" input_files: "datalog/30" compactIntoNextLevel: true destinationLevel: 1
2026-05-01 06:51:34:950 - Compaction started: 
139887353165376:Compacting datalog/29 datalog/30 into:sstable1/e0f3e0ff-00aa-4b09-b4f7-ca819f087a9a202605010051341777618295033296468.sst
2026-05-01 06:51:35:055 - Compaction completed: 
2924384:COMPACT_START sstable=0 input_files: "datalog/41" input_files: "datalog/42" compactIntoNextLevel: true destinationLevel: 1
2026-05-01 06:51:35:154 - Compaction started: 
139887353165376:Compacting datalog/41 datalog/42 into:sstable1/e0f3e0ff-00aa-4b09-b4f7-ca819f087a9a202605010051341777618295161334821.sst
2026-05-01 06:51:35:183 - Compaction completed: 
2924384:COMPACT_START sstable=0 input_files: "datalog/47" input_files: "datalog/48" compactIntoNextLevel: true destinationLevel: 1
2026-05-01 06:51:35:258 - Compaction started: 
139887353165376:Compacting datalog/47 datalog/48 into:sstable1/e0f3e0ff-00aa-4b09-b4f7-ca819f087a9a202605010051341777618295361556035.sst
2026-05-01 06:51:35:394 - Compaction completed: 
2924384:COMPACT_START sstable=0 input_files: "datalog/57" input_files: "datalog/58" compactIntoNextLevel: true destinationLevel: 1
2026-05-01 06:51:35:461 - Compaction started: 
139887353165376:Compacting datalog/57 datalog/58 into:sstable1/e0f3e0ff-00aa-4b09-b4f7-ca819f087a9a202605010051341777618295464921718.sst
2026-05-01 06:51:35:483 - Compaction completed: 
2924384:COMPACT_START sstable=0 input_files: "datalog/65" input_files: "datalog/66" compactIntoNextLevel: true destinationLevel: 1
2026-05-01 06:51:35:563 - Compaction started: 
139887353165376:Compacting datalog/65 datalog/66 into:sstable1/e0f3e0ff-00aa-4b09-b4f7-ca819f087a9a202605010051341777618295568843845.sst
2026-05-01 06:51:35:590 - Compaction completed: 
2924384:COMPACT_START sstable=0 input_files: "datalog/71" input_files: "datalog/72" compactIntoNextLevel: true destinationLevel: 1
2026-05-01 06:51:35:665 - Compaction started: 
139887353165376:Compacting datalog/71 datalog/72 into:sstable1/e0f3e0ff-00aa-4b09-b4f7-ca819f087a9a202605010051341777618295669423896.sst
2026-05-01 06:51:35:690 - Compaction completed: 
2924384:COMPACT_START sstable=0 input_files: "datalog/79" input_files: "datalog/80" compactIntoNextLevel: true destinationLevel: 1
2026-05-01 06:51:35:767 - Compaction started: 
139887353165376:Compacting datalog/79 datalog/80 into:sstable1/e0f3e0ff-00aa-4b09-b4f7-ca819f087a9a202605010051341777618295770538080.sst
2026-05-01 06:51:35:790 - Compaction completed: 
2924384:COMPACT_START sstable=0 input_files: "datalog/87" input_files: "datalog/88" compactIntoNextLevel: true destinationLevel: 1
2026-05-01 06:51:35:868 - Compaction started: 
139887353165376:Compacting datalog/87 datalog/88 into:sstable1/e0f3e0ff-00aa-4b09-b4f7-ca819f087a9a202605010051341777618295872594158.sst
2026-05-01 06:51:35:893 - Compaction completed: 
2924384:COMPACT_START sstable=0 input_files: "datalog/95" input_files: "datalog/96" compactIntoNextLevel: true destinationLevel: 1
2026-05-01 06:51:35:970 - Compaction started: 
139887353165376:Compacting datalog/95 datalog/96 into:sstable1/e0f3e0ff-00aa-4b09-b4f7-ca819f087a9a202605010051341777618295974091559.sst
2026-05-01 06:51:35:995 - Compaction completed: 
2924384:COMPACT_START sstable=0 input_files: "datalog/103" input_files: "datalog/104" compactIntoNextLevel: true destinationLevel: 1
2026-05-01 06:51:36:071 - Compaction started: 
139887353165376:Compacting datalog/103 datalog/104 into:sstable1/e0f3e0ff-00aa-4b09-b4f7-ca819f087a9a202605010051341777618296077772554.sst
2026-05-01 06:51:36:097 - Compaction completed: 
2924384:COMPACT_START sstable=0 input_files: "datalog/111" input_files: "datalog/112" compactIntoNextLevel: true destinationLevel: 1
2026-05-01 06:51:36:173 - Compaction started: 
139887353165376:Compacting datalog/111 datalog/112 into:sstable1/e0f3e0ff-00aa-4b09-b4f7-ca819f087a9a202605010051341777618296177114936.sst
2026-05-01 06:51:36:197 - Compaction completed: 
2924384:COMPACT_START sstable=0 input_files: "datalog/119" input_files: "datalog/120" compactIntoNextLevel: true destinationLevel: 1
2026-05-01 06:51:36:276 - Compaction started: 
139887353165376:Compacting datalog/119 datalog/120 into:sstable1/e0f3e0ff-00aa-4b09-b4f7-ca819f087a9a202605010051341777618296280203079.sst
2026-05-01 06:51:36:299 - Compaction completed: 
2924384:COMPACT_START sstable=0 input_files: "datalog/127" input_files: "datalog/128" compactIntoNextLevel: true destinationLevel: 1
2026-05-01 06:51:36:378 - Compaction started: 
139887353165376:Compacting datalog/127 datalog/128 into:sstable1/e0f3e0ff-00aa-4b09-b4f7-ca819f087a9a202605010051341777618296381428611.sst
2026-05-01 06:51:36:400 - Compaction completed: 
2924384:COMPACT_START sstable=0 input_files: "datalog/135" input_files: "datalog/136" compactIntoNextLevel: true destinationLevel: 1
2026-05-01 06:51:36:479 - Compaction started: 
139887353165376:Compacting datalog/135 datalog/136 into:sstable1/e0f3e0ff-00aa-4b09-b4f7-ca819f087a9a202605010051341777618296482751846.sst
2026-05-01 06:51:36:501 - Compaction completed: 
2924384:COMPACT_START sstable=0 input_files: "datalog/143" input_files: "datalog/144" compactIntoNextLevel: true destinationLevel: 1
2026-05-01 06:51:36:580 - Compaction started: 
139887353165376:Compacting datalog/143 datalog/144 into:sstable1/e0f3e0ff-00aa-4b09-b4f7-ca819f087a9a202605010051341777618296583383865.sst
2026-05-01 06:51:36:597 - Compaction completed: 
2924384:COMPACT_START sstable=0 input_files: "datalog/151" input_files: "datalog/152" compactIntoNextLevel: true destinationLevel: 1
2026-05-01 06:51:36:682 - Compaction started: 
139887353165376:Compacting datalog/151 datalog/152 into:sstable1/e0f3e0ff-00aa-4b09-b4f7-ca819f087a9a202605010051341777618296685180588.sst
2026-05-01 06:51:36:702 - Compaction completed: 
2924384:COMPACT_START sstable=0 input_files: "datalog/159" input_files: "datalog/160" compactIntoNextLevel: true destinationLevel: 1
2026-05-01 06:51:36:784 - Compaction started: 
139887353165376:Compacting datalog/159 datalog/160 into:sstable1/e0f3e0ff-00aa-4b09-b4f7-ca819f087a9a202605010051341777618296787558209.sst
2026-05-01 06:51:36:805 - Compaction completed: 
2924384:COMPACT_START sstable=0 input_files: "datalog/167" input_files: "datalog/168" compactIntoNextLevel: true destinationLevel: 1
2026-05-01 06:51:36:886 - Compaction started: 
139887353165376:Compacting datalog/167 datalog/168 into:sstable1/e0f3e0ff-00aa-4b09-b4f7-ca819f087a9a202605010051341777618296889269501.sst
2026-05-01 06:51:36:907 - Compaction completed: 
2924384:COMPACT_START sstable=0 input_files: "datalog/175" input_files: "datalog/176" compactIntoNextLevel: true destinationLevel: 1
2924384:COMPACT_ABORT input_files: "datalog/175" input_files: "datalog/176" compactIntoNextLevel: true destinationLevel: 1
2924384:COMPACT_START sstable=0 input_files: "datalog/183" input_files: "datalog/184" compactIntoNextLevel: true destinationLevel: 1
2026-05-01 06:51:37:089 - Compaction started: 
139887353165376:Compacting datalog/183 datalog/184 into:sstable1/e0f3e0ff-00aa-4b09-b4f7-ca819f087a9a202605010051341777618297092518390.sst
2026-05-01 06:51:37:109 - Compaction completed: 
2924384:COMPACT_START sstable=0 input_files: "datalog/191" input_files: "datalog/192" compactIntoNextLevel: true destinationLevel: 1
2026-05-01 06:51:37:191 - Compaction started: 
139887353165376:Compacting datalog/191 datalog/192 into:sstable1/e0f3e0ff-00aa-4b09-b4f7-ca819f087a9a202605010051341777618297194609013.sst
2026-05-01 06:51:37:212 - Compaction completed: 
2924384:COMPACT_START sstable=0 input_files: "datalog/199" input_files: "datalog/200" compactIntoNextLevel: true destinationLevel: 1
2026-05-01 06:51:37:293 - Compaction started: 
139887353165376:Compacting datalog/199 datalog/200 into:sstable1/e0f3e0ff-00aa-4b09-b4f7-ca819f087a9a202605010051341777618297296343179.sst
2026-05-01 06:51:37:314 - Compaction completed: 
2924384:COMPACT_START sstable=0 input_files: "datalog/207" input_files: "datalog/208" compactIntoNextLevel: true destinationLevel: 1
2026-05-01 06:51:37:395 - Compaction started: 
139887353165376:Compacting datalog/207 datalog/208 into:sstable1/e0f3e0ff-00aa-4b09-b4f7-ca819f087a9a202605010051341777618297398119272.sst
2026-05-01 06:51:37:416 - Compaction completed: 
2924384:COMPACT_START sstable=0 input_files: "datalog/215" input_files: "datalog/216" compactIntoNextLevel: true destinationLevel: 1
2026-05-01 06:51:37:496 - Compaction started: 
139887353165376:Compacting datalog/215 datalog/216 into:sstable1/e0f3e0ff-00aa-4b09-b4f7-ca819f087a9a202605010051341777618297499694710.sst
2026-05-01 06:51:37:528 - Compaction completed: 
2924384:COMPACT_START sstable=0 input_files: "datalog/225" input_files: "datalog/226" compactIntoNextLevel: true destinationLevel: 1
2026-05-01 06:51:37:599 - Compaction started: 
139887353165376:Compacting datalog/225 datalog/226 into:sstable1/e0f3e0ff-00aa-4b09-b4f7-ca819f087a9a202605010051341777618297602617433.sst
2026-05-01 06:51:37:620 - Compaction completed: 
2924384:COMPACT_START sstable=0 input_files: "datalog/233" input_files: "datalog/234" compactIntoNextLevel: true destinationLevel: 1
2026-05-01 06:51:37:702 - Compaction started: 
139887353165376:Compacting datalog/233 datalog/234 into:sstable1/e0f3e0ff-00aa-4b09-b4f7-ca819f087a9a202605010051341777618297705796347.sst
2026-05-01 06:51:37:723 - Compaction completed: 
2924384:COMPACT_START sstable=0 input_files: "datalog/241" input_files: "datalog/242" compactIntoNextLevel: true destinationLevel: 1
2026-05-01 06:51:37:804 - Compaction started: 
139887353165376:Compacting datalog/241 datalog/242 into:sstable1/e0f3e0ff-00aa-4b09-b4f7-ca819f087a9a202605010051341777618297807705931.sst
2026-05-01 06:51:37:824 - Compaction completed: 
2924384:COMPACT_START sstable=0 input_files: "datalog/249" input_files: "datalog/250" compactIntoNextLevel: true destinationLevel: 1
2026-05-01 06:51:37:906 - Compaction started: 
139887353165376:Compacting datalog/249 datalog/250 into:sstable1/e0f3e0ff-00aa-4b09-b4f7-ca819f087a9a202605010051341777618297909633378.sst
2026-05-01 06:51:37:926 - Compaction completed: 
2924384:COMPACT_START sstable=0 input_files: "datalog/257" input_files: "datalog/258" compactIntoNextLevel: true destinationLevel: 1
2026-05-01 06:51:38:009 - Compaction started: 
139887353165376:Compacting datalog/257 datalog/258 into:sstable1/e0f3e0ff-00aa-4b09-b4f7-ca819f087a9a202605010051341777618298012273291.sst
2026-05-01 06:51:38:029 - Compaction completed: 
2924384:COMPACT_START sstable=0 input_files: "datalog/265" input_files: "datalog/266" compactIntoNextLevel: true destinationLevel: 1
2924384:COMPACT_ABORT input_files: "datalog/265" input_files: "datalog/266" compactIntoNextLevel: true destinationLevel: 1
2924384:COMPACT_START sstable=0 input_files: "datalog/273" input_files: "datalog/274" compactIntoNextLevel: true destinationLevel: 1
2026-05-01 06:51:38:213 - Compaction started: 
139887353165376:Compacting datalog/273 datalog/274 into:sstable1/e0f3e0ff-00aa-4b09-b4f7-ca819f087a9a202605010051341777618298216297403.sst
2026-05-01 06:51:38:232 - Compaction completed: 
2924384:COMPACT_START sstable=0 input_files: "datalog/281" input_files: "datalog/282" compactIntoNextLevel: true destinationLevel: 1
2026-05-01 06:51:38:315 - Compaction started: 
139887353165376:Compacting datalog/281 datalog/282 into:sstable1/e0f3e0ff-00aa-4b09-b4f7-ca819f087a9a202605010051341777618298318195345.sst
2026-05-01 06:51:38:334 - Compaction completed: 
2924384:COMPACT_START sstable=0 input_files: "datalog/287" input_files: "datalog/288" compactIntoNextLevel: true destinationLevel: 1
2026-05-01 06:51:38:417 - Compaction started: 
139887353165376:Compacting datalog/287 datalog/288 into:sstable1/e0f3e0ff-00aa-4b09-b4f7-ca819f087a9a202605010051341777618298420664879.sst
2026-05-01 06:51:38:437 - Compaction completed: 
2924384:COMPACT_START sstable=0 input_files: "datalog/295" input_files: "datalog/296" compactIntoNextLevel: true destinationLevel: 1
2026-05-01 06:51:38:519 - Compaction started: 
139887353165376:Compacting datalog/295 datalog/296 into:sstable1/e0f3e0ff-00aa-4b09-b4f7-ca819f087a9a202605010051341777618298522812299.sst
2026-05-01 06:51:38:539 - Compaction completed: 
2924384:COMPACT_START sstable=0 input_files: "datalog/303" input_files: "datalog/304" compactIntoNextLevel: true destinationLevel: 1
2026-05-01 06:51:38:622 - Compaction started: 
139887353165376:Compacting datalog/303 datalog/304 into:sstable1/e0f3e0ff-00aa-4b09-b4f7-ca819f087a9a202605010051341777618298625101935.sst
2026-05-01 06:51:38:641 - Compaction completed: 
2924384:COMPACT_START sstable=0 input_files: "datalog/311" input_files: "datalog/312" compactIntoNextLevel: true destinationLevel: 1
2924384:COMPACT_ABORT input_files: "datalog/311" input_files: "datalog/312" compactIntoNextLevel: true destinationLevel: 1
2924384:COMPACT_START sstable=0 input_files: "datalog/319" input_files: "datalog/320" compactIntoNextLevel: true destinationLevel: 1
2026-05-01 06:51:38:826 - Compaction started: 
139887353165376:Compacting datalog/319 datalog/320 into:sstable1/e0f3e0ff-00aa-4b09-b4f7-ca819f087a9a202605010051341777618298829154842.sst
2026-05-01 06:51:38:846 - Compaction completed: 
2924384:COMPACT_START sstable=0 input_files: "datalog/327" input_files: "datalog/328" compactIntoNextLevel: true destinationLevel: 1
2026-05-01 06:51:38:928 - Compaction started: 
139887353165376:Compacting datalog/327 datalog/328 into:sstable1/e0f3e0ff-00aa-4b09-b4f7-ca819f087a9a202605010051341777618298930929132.sst
2026-05-01 06:51:38:946 - Compaction completed: 
2924384:COMPACT_START sstable=0 input_files: "datalog/333" input_files: "datalog/334" compactIntoNextLevel: true destinationLevel: 1
2026-05-01 06:51:39:029 - Compaction started: 
139887353165376:Compacting datalog/333 datalog/334 into:sstable1/e0f3e0ff-00aa-4b09-b4f7-ca819f087a9a202605010051341777618299032612081.sst
2026-05-01 06:51:39:048 - Compaction completed: 
2924384:COMPACT_START sstable=0 input_files: "datalog/341" input_files: "datalog/342" compactIntoNextLevel: true destinationLevel: 1
2026-05-01 06:51:39:132 - Compaction started: 
139887353165376:Compacting datalog/341 datalog/342 into:sstable1/e0f3e0ff-00aa-4b09-b4f7-ca819f087a9a202605010051341777618299134702775.sst
2026-05-01 06:51:39:150 - Compaction completed: 
2924384:COMPACT_START sstable=0 input_files: "datalog/349" input_files: "datalog/350" compactIntoNextLevel: true destinationLevel: 1
2026-05-01 06:51:39:233 - Compaction started: 
139887353165376:Compacting datalog/349 datalog/350 into:sstable1/e0f3e0ff-00aa-4b09-b4f7-ca819f087a9a202605010051341777618299236440196.sst
2026-05-01 06:51:39:252 - Compaction completed: 
2924384:COMPACT_START sstable=0 input_files: "datalog/359" input_files: "datalog/360" compactIntoNextLevel: true destinationLevel: 1
2026-05-01 06:51:39:334 - Compaction started: 
139887353165376:Compacting datalog/359 datalog/360 into:sstable1/e0f3e0ff-00aa-4b09-b4f7-ca819f087a9a202605010051341777618299337892954.sst
2026-05-01 06:51:39:353 - Compaction completed: 
2924384:COMPACT_START sstable=0 input_files: "datalog/367" input_files: "datalog/368" compactIntoNextLevel: true destinationLevel: 1
2026-05-01 06:51:39:436 - Compaction started: 
139887353165376:Compacting datalog/367 datalog/368 into:sstable1/e0f3e0ff-00aa-4b09-b4f7-ca819f087a9a202605010051341777618299438946673.sst
2026-05-01 06:51:39:454 - Compaction completed: 
2924384:COMPACT_START sstable=0 input_files: "datalog/375" input_files: "datalog/376" compactIntoNextLevel: true destinationLevel: 1
2026-05-01 06:51:39:537 - Compaction started: 
139887353165376:Compacting datalog/375 datalog/376 into:sstable1/e0f3e0ff-00aa-4b09-b4f7-ca819f087a9a202605010051341777618299539798595.sst
2026-05-01 06:51:39:554 - Compaction completed: 
2924384:COMPACT_START sstable=0 input_files: "datalog/383" input_files: "datalog/384" compactIntoNextLevel: true destinationLevel: 1
2026-05-01 06:51:39:638 - Compaction started: 
139887353165376:Compacting datalog/383 datalog/384 into:sstable1/e0f3e0ff-00aa-4b09-b4f7-ca819f087a9a202605010051341777618299640692495.sst
2026-05-01 06:51:39:655 - Compaction completed: 
2924384:COMPACT_START sstable=0 input_files: "datalog/391" input_files: "datalog/392" compactIntoNextLevel: true destinationLevel: 1
2026-05-01 06:51:39:739 - Compaction started: 
139887353165376:Compacting datalog/391 datalog/392 into:sstable1/e0f3e0ff-00aa-4b09-b4f7-ca819f087a9a202605010051341777618299742384200.sst
2026-05-01 06:51:39:757 - Compaction completed: 
2924384:COMPACT_START sstable=0 input_files: "datalog/399" input_files: "datalog/400" compactIntoNextLevel: true destinationLevel: 1
2026-05-01 06:51:39:840 - Compaction started: 
139887353165376:Compacting datalog/399 datalog/400 into:sstable1/e0f3e0ff-00aa-4b09-b4f7-ca819f087a9a202605010051341777618299843710040.sst
2026-05-01 06:51:39:859 - Compaction completed: 
2924384:COMPACT_START sstable=0 input_files: "datalog/407" input_files: "datalog/408" compactIntoNextLevel: true destinationLevel: 1
2026-05-01 06:51:39:941 - Compaction started: 
139887353165376:Compacting datalog/407 datalog/408 into:sstable1/e0f3e0ff-00aa-4b09-b4f7-ca819f087a9a202605010051341777618299944780541.sst
2026-05-01 06:51:39:960 - Compaction completed: 
2924384:COMPACT_START sstable=0 input_files: "datalog/417" input_files: "datalog/418" compactIntoNextLevel: true destinationLevel: 1
2026-05-01 06:51:40:043 - Compaction started: 
139887353165376:Compacting datalog/417 datalog/418 into:sstable1/e0f3e0ff-00aa-4b09-b4f7-ca819f087a9a202605010051341777618300045939178.sst
2026-05-01 06:51:40:061 - Compaction completed: 
2924384:COMPACT_START sstable=0 input_files: "datalog/425" input_files: "datalog/426" compactIntoNextLevel: true destinationLevel: 1
2026-05-01 06:51:40:144 - Compaction started: 
139887353165376:Compacting datalog/425 datalog/426 into:sstable1/e0f3e0ff-00aa-4b09-b4f7-ca819f087a9a202605010051341777618300147161844.sst
2026-05-01 06:51:40:161 - Compaction completed: 
2924384:COMPACT_START sstable=0 input_files: "datalog/431" input_files: "datalog/432" compactIntoNextLevel: true destinationLevel: 1
2026-05-01 06:51:40:245 - Compaction started: 
139887353165376:Compacting datalog/431 datalog/432 into:sstable1/e0f3e0ff-00aa-4b09-b4f7-ca819f087a9a202605010051341777618300248507471.sst
2026-05-01 06:51:40:262 - Compaction completed: 
2924384:COMPACT_START sstable=0 input_files: "datalog/439" input_files: "datalog/440" compactIntoNextLevel: true destinationLevel: 1
2026-05-01 06:51:40:347 - Compaction started: 
139887353165376:Compacting datalog/439 datalog/440 into:sstable1/e0f3e0ff-00aa-4b09-b4f7-ca819f087a9a202605010051341777618300349605263.sst
2026-05-01 06:51:40:363 - Compaction completed: 
2924384:COMPACT_START sstable=0 input_files: "datalog/449" input_files: "datalog/450" compactIntoNextLevel: true destinationLevel: 1
2026-05-01 06:51:40:449 - Compaction started: 
139887353165376:Compacting datalog/449 datalog/450 into:sstable1/e0f3e0ff-00aa-4b09-b4f7-ca819f087a9a202605010051341777618300451580360.sst
2026-05-01 06:51:40:466 - Compaction completed: 
2924384:COMPACT_START sstable=0 input_files: "datalog/455" input_files: "datalog/456" compactIntoNextLevel: true destinationLevel: 1
2026-05-01 06:51:40:550 - Compaction started: 
139887353165376:Compacting datalog/455 datalog/456 into:sstable1/e0f3e0ff-00aa-4b09-b4f7-ca819f087a9a202605010051341777618300553077250.sst
2026-05-01 06:51:40:567 - Compaction completed: 
2924384:COMPACT_START sstable=0 input_files: "datalog/463" input_files: "datalog/464" compactIntoNextLevel: true destinationLevel: 1
2026-05-01 06:51:40:651 - Compaction started: 
139887353165376:Compacting datalog/463 datalog/464 into:sstable1/e0f3e0ff-00aa-4b09-b4f7-ca819f087a9a202605010051341777618300654021074.sst
2026-05-01 06:51:40:668 - Compaction completed: 
2924384:COMPACT_START sstable=0 input_files: "datalog/471" input_files: "datalog/472" compactIntoNextLevel: true destinationLevel: 1
2026-05-01 06:51:40:752 - Compaction started: 
139887353165376:Compacting datalog/471 datalog/472 into:sstable1/e0f3e0ff-00aa-4b09-b4f7-ca819f087a9a202605010051341777618300755282303.sst
2026-05-01 06:51:40:769 - Compaction completed: 
2924384:COMPACT_START sstable=0 input_files: "datalog/481" input_files: "datalog/482" compactIntoNextLevel: true destinationLevel: 1
2026-05-01 06:51:40:853 - Compaction started: 
139887353165376:Compacting datalog/481 datalog/482 into:sstable1/e0f3e0ff-00aa-4b09-b4f7-ca819f087a9a202605010051341777618300856417384.sst
2026-05-01 06:51:40:871 - Compaction completed: 
2924384:COMPACT_START sstable=0 input_files: "datalog/489" input_files: "datalog/490" compactIntoNextLevel: true destinationLevel: 1
2924384:COMPACT_ABORT input_files: "datalog/489" input_files: "datalog/490" compactIntoNextLevel: true destinationLevel: 1
2924384:COMPACT_START sstable=0 input_files: "datalog/491" input_files: "datalog/492" compactIntoNextLevel: true destinationLevel: 1
2026-05-01 06:51:40:955 - Compaction started: 
139887353165376:Compacting datalog/491 datalog/492 into:sstable1/e0f3e0ff-00aa-4b09-b4f7-ca819f087a9a202605010051341777618300958365020.sst
2026-05-01 06:51:40:972 - Compaction completed: 
2924384:COMPACT_START sstable=0 input_files: "datalog/497" input_files: "datalog/498" compactIntoNextLevel: true destinationLevel: 1
2026-05-01 06:51:41:057 - Compaction started: 
139887353165376:Compacting datalog/497 datalog/498 into:sstable1/e0f3e0ff-00aa-4b09-b4f7-ca819f087a9a202605010051341777618301059461830.sst
2026-05-01 06:51:41:073 - Compaction completed: 
2924384:COMPACT_START sstable=0 input_files: "datalog/505" input_files: "datalog/506" compactIntoNextLevel: true destinationLevel: 1
2924384:COMPACT_ABORT input_files: "datalog/505" input_files: "datalog/506" compactIntoNextLevel: true destinationLevel: 1
2924384:COMPACT_START sstable=0 input_files: "datalog/507" input_files: "datalog/508" compactIntoNextLevel: true destinationLevel: 1
2026-05-01 06:51:41:158 - Compaction started: 
139887353165376:Compacting datalog/507 datalog/508 into:sstable1/e0f3e0ff-00aa-4b09-b4f7-ca819f087a9a202605010051341777618301161429493.sst
2026-05-01 06:51:41:175 - Compaction completed: 
2924384:COMPACT_START sstable=0 input_files: "datalog/513" input_files: "datalog/514" compactIntoNextLevel: true destinationLevel: 1
2026-05-01 06:51:41:260 - Compaction started: 
139887353165376:Compacting datalog/513 datalog/514 into:sstable1/e0f3e0ff-00aa-4b09-b4f7-ca819f087a9a202605010051341777618301262431847.sst
2026-05-01 06:51:41:276 - Compaction completed: 
2924384:COMPACT_START sstable=0 input_files: "datalog/521" input_files: "datalog/522" compactIntoNextLevel: true destinationLevel: 1
2026-05-01 06:51:41:361 - Compaction started: 
139887353165376:Compacting datalog/521 datalog/522 into:sstable1/e0f3e0ff-00aa-4b09-b4f7-ca819f087a9a202605010051341777618301363668930.sst
2026-05-01 06:51:41:379 - Compaction completed: 
2924384:COMPACT_START sstable=0 input_files: "datalog/529" input_files: "datalog/530" compactIntoNextLevel: true destinationLevel: 1
2924384:COMPACT_ABORT input_files: "datalog/529" input_files: "datalog/530" compactIntoNextLevel: true destinationLevel: 1
2924384:COMPACT_START sstable=0 input_files: "datalog/531" input_files: "datalog/532" compactIntoNextLevel: true destinationLevel: 1
2026-05-01 06:51:41:463 - Compaction started: 
139887353165376:Compacting datalog/531 datalog/532 into:sstable1/e0f3e0ff-00aa-4b09-b4f7-ca819f087a9a202605010051341777618301465884187.sst
2026-05-01 06:51:41:480 - Compaction completed: 
2924384:COMPACT_START sstable=0 input_files: "datalog/539" input_files: "datalog/540" compactIntoNextLevel: true destinationLevel: 1
2026-05-01 06:51:41:564 - Compaction started: 
139887353165376:Compacting datalog/539 datalog/540 into:sstable1/e0f3e0ff-00aa-4b09-b4f7-ca819f087a9a202605010051341777618301567178177.sst
2026-05-01 06:51:41:581 - Compaction completed: 
2924384:COMPACT_START sstable=0 input_files: "datalog/547" input_files: "datalog/548" compactIntoNextLevel: true destinationLevel: 1
2026-05-01 06:51:41:665 - Compaction started: 
139887353165376:Compacting datalog/547 datalog/548 into:sstable1/e0f3e0ff-00aa-4b09-b4f7-ca819f087a9a202605010051341777618301668256684.sst
2026-05-01 06:51:41:681 - Compaction completed: 
2924384:COMPACT_START sstable=0 input_files: "datalog/555" input_files: "datalog/556" compactIntoNextLevel: true destinationLevel: 1
2026-05-01 06:51:41:766 - Compaction started: 
139887353165376:Compacting datalog/555 datalog/556 into:sstable1/e0f3e0ff-00aa-4b09-b4f7-ca819f087a9a202605010051341777618301769347823.sst
2026-05-01 06:51:41:783 - Compaction completed: 
2924384:COMPACT_START sstable=0 input_files: "datalog/561" input_files: "datalog/562" compactIntoNextLevel: true destinationLevel: 1
2026-05-01 06:51:41:867 - Compaction started: 
139887353165376:Compacting datalog/561 datalog/562 into:sstable1/e0f3e0ff-00aa-4b09-b4f7-ca819f087a9a202605010051341777618301870492673.sst
2026-05-01 06:51:41:884 - Compaction completed: 
2924384:COMPACT_START sstable=0 input_files: "datalog/567" input_files: "datalog/568" compactIntoNextLevel: true destinationLevel: 1
2026-05-01 06:51:41:969 - Compaction started: 
139887353165376:Compacting datalog/567 datalog/568 into:sstable1/e0f3e0ff-00aa-4b09-b4f7-ca819f087a9a202605010051341777618301971682027.sst
2026-05-01 06:51:41:986 - Compaction completed: 
2924384:COMPACT_START sstable=0 input_files: "datalog/575" input_files: "datalog/576" compactIntoNextLevel: true destinationLevel: 1
2026-05-01 06:51:42:070 - Compaction started: 
139887353165376:Compacting datalog/575 datalog/576 into:sstable1/e0f3e0ff-00aa-4b09-b4f7-ca819f087a9a202605010051341777618302072755424.sst
2026-05-01 06:51:42:086 - Compaction completed: 
2924384:COMPACT_START sstable=0 input_files: "datalog/583" input_files: "datalog/584" compactIntoNextLevel: true destinationLevel: 1
2026-05-01 06:51:42:171 - Compaction started: 
139887353165376:Compacting datalog/583 datalog/584 into:sstable1/e0f3e0ff-00aa-4b09-b4f7-ca819f087a9a202605010051341777618302173871170.sst
2026-05-01 06:51:42:188 - Compaction completed: 
2924384:Task input_files: "datalog/347" input_files: "datalog/348" compactIntoNextLevel: true destinationLevel: 1 is dead (hb=30)
2924384:Task input_files: "datalog/351" input_files: "datalog/352" compactIntoNextLevel: true destinationLevel: 1 is dead (hb=30)
2924384:Found dead task input_files: "datalog/351" input_files: "datalog/352" compactIntoNextLevel: true destinationLevel: 1
2924384:COMPACT_START sstable=0 input_files: "datalog/351" input_files: "datalog/352" compactIntoNextLevel: true destinationLevel: 1
2924384:COMPACT_ABORT input_files: "datalog/351" input_files: "datalog/352" compactIntoNextLevel: true destinationLevel: 1
2924384:Found dead task input_files: "datalog/347" input_files: "datalog/348" compactIntoNextLevel: true destinationLevel: 1
2924384:COMPACT_START sstable=0 input_files: "datalog/347" input_files: "datalog/348" compactIntoNextLevel: true destinationLevel: 1
2026-05-01 06:51:42:273 - Compaction started: 
139887353165376:Compacting datalog/347 datalog/348 into:sstable1/e0f3e0ff-00aa-4b09-b4f7-ca819f087a9a202605010051341777618302275807474.sst
2026-05-01 06:51:42:291 - Compaction completed: 
2924384:COMPACT_START sstable=0 input_files: "datalog/599" input_files: "datalog/600" compactIntoNextLevel: true destinationLevel: 1
2924384:COMPACT_ABORT input_files: "datalog/599" input_files: "datalog/600" compactIntoNextLevel: true destinationLevel: 1
2924384:COMPACT_START sstable=0 input_files: "datalog/601" input_files: "datalog/602" compactIntoNextLevel: true destinationLevel: 1
2026-05-01 06:51:42:375 - Compaction started: 
139887353165376:Compacting datalog/601 datalog/602 into:sstable1/e0f3e0ff-00aa-4b09-b4f7-ca819f087a9a202605010051341777618302377097997.sst
2026-05-01 06:51:42:390 - Compaction completed: 
2924384:Task input_files: "datalog/361" input_files: "datalog/362" compactIntoNextLevel: true destinationLevel: 1 is dead (hb=30)
2924384:Found dead task input_files: "datalog/361" input_files: "datalog/362" compactIntoNextLevel: true destinationLevel: 1
2924384:COMPACT_START sstable=0 input_files: "datalog/361" input_files: "datalog/362" compactIntoNextLevel: true destinationLevel: 1
2026-05-01 06:51:42:476 - Compaction started: 
139887353165376:Compacting datalog/361 datalog/362 into:sstable1/e0f3e0ff-00aa-4b09-b4f7-ca819f087a9a202605010051341777618302479148696.sst
2026-05-01 06:51:42:494 - Compaction completed: 
2924384:COMPACT_START sstable=0 input_files: "datalog/615" input_files: "datalog/616" compactIntoNextLevel: true destinationLevel: 1
2026-05-01 06:51:42:577 - Compaction started: 
139887353165376:Compacting datalog/615 datalog/616 into:sstable1/e0f3e0ff-00aa-4b09-b4f7-ca819f087a9a202605010051341777618302580202185.sst
2026-05-01 06:51:42:593 - Compaction completed: 
2924384:COMPACT_START sstable=0 input_files: "datalog/623" input_files: "datalog/624" compactIntoNextLevel: true destinationLevel: 1
2026-05-01 06:51:42:679 - Compaction started: 
139887353165376:Compacting datalog/623 datalog/624 into:sstable1/e0f3e0ff-00aa-4b09-b4f7-ca819f087a9a202605010051341777618302682351508.sst
2026-05-01 06:51:42:695 - Compaction completed: 
2924384:COMPACT_START sstable=0 input_files: "datalog/631" input_files: "datalog/632" compactIntoNextLevel: true destinationLevel: 1
2026-05-01 06:51:42:783 - Compaction started: 
139887353165376:Compacting datalog/631 datalog/632 into:sstable1/e0f3e0ff-00aa-4b09-b4f7-ca819f087a9a202605010051341777618302786394552.sst
2026-05-01 06:51:42:800 - Compaction completed: 
2924384:COMPACT_START sstable=0 input_files: "datalog/639" input_files: "datalog/640" compactIntoNextLevel: true destinationLevel: 1
2026-05-01 06:51:42:886 - Compaction started: 
139887353165376:Compacting datalog/639 datalog/640 into:sstable1/e0f3e0ff-00aa-4b09-b4f7-ca819f087a9a202605010051341777618302889710422.sst
2026-05-01 06:51:42:903 - Compaction completed: 
2924384:Task input_files: "datalog/409" input_files: "datalog/410" compactIntoNextLevel: true destinationLevel: 1 is dead (hb=30)
2924384:Found dead task input_files: "datalog/409" input_files: "datalog/410" compactIntoNextLevel: true destinationLevel: 1
2924384:COMPACT_START sstable=0 input_files: "datalog/409" input_files: "datalog/410" compactIntoNextLevel: true destinationLevel: 1
2026-05-01 06:51:42:988 - Compaction started: 
139887353165376:Compacting datalog/409 datalog/410 into:sstable1/e0f3e0ff-00aa-4b09-b4f7-ca819f087a9a202605010051341777618302992203099.sst
2026-05-01 06:51:43:008 - Compaction completed: 
2924384:Task input_files: "datalog/175" input_files: "datalog/176" compactIntoNextLevel: true destinationLevel: 1 is dead (hb=30)
2924384:Found dead task input_files: "datalog/175" input_files: "datalog/176" compactIntoNextLevel: true destinationLevel: 1
2924384:COMPACT_START sstable=0 input_files: "datalog/175" input_files: "datalog/176" compactIntoNextLevel: true destinationLevel: 1
2026-05-01 06:51:43:091 - Compaction started: 
139887353165376:Compacting datalog/175 datalog/176 into:sstable1/e0f3e0ff-00aa-4b09-b4f7-ca819f087a9a202605010051341777618303094429938.sst
2026-05-01 06:51:43:111 - Compaction completed: 
2924384:COMPACT_START sstable=0 input_files: "datalog/659" input_files: "datalog/660" compactIntoNextLevel: true destinationLevel: 1
2026-05-01 06:51:43:193 - Compaction started: 
139887353165376:Compacting datalog/659 datalog/660 into:sstable1/e0f3e0ff-00aa-4b09-b4f7-ca819f087a9a202605010051341777618303196463885.sst
2026-05-01 06:51:43:210 - Compaction completed: 
2924384:COMPACT_START sstable=0 input_files: "datalog/667" input_files: "datalog/668" compactIntoNextLevel: true destinationLevel: 1
2026-05-01 06:51:43:296 - Compaction started: 
139887353165376:Compacting datalog/667 datalog/668 into:sstable1/e0f3e0ff-00aa-4b09-b4f7-ca819f087a9a202605010051341777618303298372778.sst
2026-05-01 06:51:43:311 - Compaction completed: 
2924384:COMPACT_START sstable=0 input_files: "datalog/673" input_files: "datalog/674" compactIntoNextLevel: true destinationLevel: 1
2026-05-01 06:51:43:398 - Compaction started: 
139887353165376:Compacting datalog/673 datalog/674 into:sstable1/e0f3e0ff-00aa-4b09-b4f7-ca819f087a9a202605010051341777618303401050582.sst
2026-05-01 06:51:43:415 - Compaction completed: 
2924384:COMPACT_START sstable=0 input_files: "datalog/681" input_files: "datalog/682" compactIntoNextLevel: true destinationLevel: 1
2026-05-01 06:51:43:501 - Compaction started: 
139887353165376:Compacting datalog/681 datalog/682 into:sstable1/e0f3e0ff-00aa-4b09-b4f7-ca819f087a9a202605010051341777618303504045450.sst
2026-05-01 06:51:43:517 - Compaction completed: 
2924384:COMPACT_START sstable=0 input_files: "datalog/689" input_files: "datalog/690" compactIntoNextLevel: true destinationLevel: 1
2026-05-01 06:51:43:603 - Compaction started: 
139887353165376:Compacting datalog/689 datalog/690 into:sstable1/e0f3e0ff-00aa-4b09-b4f7-ca819f087a9a202605010051341777618303606608690.sst
2026-05-01 06:51:43:620 - Compaction completed: 
2924384:COMPACT_START sstable=0 input_files: "datalog/697" input_files: "datalog/698" compactIntoNextLevel: true destinationLevel: 1
2924384:COMPACT_ABORT input_files: "datalog/697" input_files: "datalog/698" compactIntoNextLevel: true destinationLevel: 1
2924384:COMPACT_START sstable=0 input_files: "datalog/703" input_files: "datalog/704" compactIntoNextLevel: true destinationLevel: 1
2026-05-01 06:51:43:807 - Compaction started: 
139887353165376:Compacting datalog/703 datalog/704 into:sstable1/e0f3e0ff-00aa-4b09-b4f7-ca819f087a9a202605010051341777618303810384316.sst
2026-05-01 06:51:43:824 - Compaction completed: 
2924384:Task input_files: "datalog/489" input_files: "datalog/490" compactIntoNextLevel: true destinationLevel: 1 is dead (hb=30)
2924384:Found dead task input_files: "datalog/489" input_files: "datalog/490" compactIntoNextLevel: true destinationLevel: 1
2924384:COMPACT_START sstable=0 input_files: "datalog/489" input_files: "datalog/490" compactIntoNextLevel: true destinationLevel: 1
2026-05-01 06:51:43:910 - Compaction started: 
139887353165376:Compacting datalog/489 datalog/490 into:sstable1/e0f3e0ff-00aa-4b09-b4f7-ca819f087a9a202605010051341777618303913792800.sst
2026-05-01 06:51:43:929 - Compaction completed: 
2924384:COMPACT_START sstable=0 input_files: "datalog/717" input_files: "datalog/718" compactIntoNextLevel: true destinationLevel: 1
2026-05-01 06:51:44:011 - Compaction started: 
139887353165376:Compacting datalog/717 datalog/718 into:sstable1/e0f3e0ff-00aa-4b09-b4f7-ca819f087a9a202605010051341777618304014782659.sst
2026-05-01 06:51:44:027 - Compaction completed: 
2924384:Task input_files: "datalog/505" input_files: "datalog/506" compactIntoNextLevel: true destinationLevel: 1 is dead (hb=30)
2924384:Found dead task input_files: "datalog/505" input_files: "datalog/506" compactIntoNextLevel: true destinationLevel: 1
2924384:COMPACT_START sstable=0 input_files: "datalog/505" input_files: "datalog/506" compactIntoNextLevel: true destinationLevel: 1
2026-05-01 06:51:44:113 - Compaction started: 
139887353165376:Compacting datalog/505 datalog/506 into:sstable1/e0f3e0ff-00aa-4b09-b4f7-ca819f087a9a202605010051341777618304116437846.sst
2026-05-01 06:51:44:130 - Compaction completed: 
2924384:COMPACT_START sstable=0 input_files: "datalog/731" input_files: "datalog/732" compactIntoNextLevel: true destinationLevel: 1
2026-05-01 06:51:44:214 - Compaction started: 
139887353165376:Compacting datalog/731 datalog/732 into:sstable1/e0f3e0ff-00aa-4b09-b4f7-ca819f087a9a202605010051341777618304217211121.sst
2026-05-01 06:51:44:229 - Compaction completed: 
2924384:COMPACT_START sstable=0 input_files: "datalog/739" input_files: "datalog/740" compactIntoNextLevel: true destinationLevel: 1
2026-05-01 06:51:44:316 - Compaction started: 
139887353165376:Compacting datalog/739 datalog/740 into:sstable1/e0f3e0ff-00aa-4b09-b4f7-ca819f087a9a202605010051341777618304318801486.sst
2026-05-01 06:51:44:331 - Compaction completed: 
2924384:Task input_files: "datalog/529" input_files: "datalog/530" compactIntoNextLevel: true destinationLevel: 1 is dead (hb=30)
2924384:Found dead task input_files: "datalog/529" input_files: "datalog/530" compactIntoNextLevel: true destinationLevel: 1
2924384:COMPACT_START sstable=0 input_files: "datalog/529" input_files: "datalog/530" compactIntoNextLevel: true destinationLevel: 1
2026-05-01 06:51:44:417 - Compaction started: 
139887353165376:Compacting datalog/529 datalog/530 into:sstable1/e0f3e0ff-00aa-4b09-b4f7-ca819f087a9a202605010051341777618304420451183.sst
2026-05-01 06:51:44:434 - Compaction completed: 
2924384:COMPACT_START sstable=0 input_files: "datalog/753" input_files: "datalog/754" compactIntoNextLevel: true destinationLevel: 1
2026-05-01 06:51:44:519 - Compaction started: 
139887353165376:Compacting datalog/753 datalog/754 into:sstable1/e0f3e0ff-00aa-4b09-b4f7-ca819f087a9a202605010051341777618304521855480.sst
2026-05-01 06:51:44:534 - Compaction completed: 
2924384:COMPACT_START sstable=0 input_files: "datalog/761" input_files: "datalog/762" compactIntoNextLevel: true destinationLevel: 1
2026-05-01 06:51:44:620 - Compaction started: 
139887353165376:Compacting datalog/761 datalog/762 into:sstable1/e0f3e0ff-00aa-4b09-b4f7-ca819f087a9a202605010051341777618304623465653.sst
2026-05-01 06:51:44:635 - Compaction completed: 
2924384:COMPACT_START sstable=0 input_files: "datalog/769" input_files: "datalog/770" compactIntoNextLevel: true destinationLevel: 1
2026-05-01 06:51:44:722 - Compaction started: 
139887353165376:Compacting datalog/769 datalog/770 into:sstable1/e0f3e0ff-00aa-4b09-b4f7-ca819f087a9a202605010051341777618304724914553.sst
2026-05-01 06:51:44:737 - Compaction completed: 
2924384:COMPACT_START sstable=0 input_files: "datalog/777" input_files: "datalog/778" compactIntoNextLevel: true destinationLevel: 1
2026-05-01 06:51:44:824 - Compaction started: 
139887353165376:Compacting datalog/777 datalog/778 into:sstable1/e0f3e0ff-00aa-4b09-b4f7-ca819f087a9a202605010051341777618304826768462.sst
2026-05-01 06:51:44:839 - Compaction completed: 
2924384:COMPACT_START sstable=0 input_files: "datalog/785" input_files: "datalog/786" compactIntoNextLevel: true destinationLevel: 1
2026-05-01 06:51:44:925 - Compaction started: 
139887353165376:Compacting datalog/785 datalog/786 into:sstable1/e0f3e0ff-00aa-4b09-b4f7-ca819f087a9a202605010051341777618304928196113.sst
2026-05-01 06:51:44:940 - Compaction completed: 
2924384:COMPACT_START sstable=0 input_files: "datalog/793" input_files: "datalog/794" compactIntoNextLevel: true destinationLevel: 1
2026-05-01 06:51:45:027 - Compaction started: 
139887353165376:Compacting datalog/793 datalog/794 into:sstable1/e0f3e0ff-00aa-4b09-b4f7-ca819f087a9a202605010051341777618305030087543.sst
2026-05-01 06:51:45:043 - Compaction completed: 
2924384:COMPACT_START sstable=0 input_files: "datalog/801" input_files: "datalog/802" compactIntoNextLevel: true destinationLevel: 1
2026-05-01 06:51:45:129 - Compaction started: 
139887353165376:Compacting datalog/801 datalog/802 into:sstable1/e0f3e0ff-00aa-4b09-b4f7-ca819f087a9a202605010051341777618305132023216.sst
2026-05-01 06:51:45:144 - Compaction completed: 
2924384:COMPACT_START sstable=0 input_files: "datalog/809" input_files: "datalog/810" compactIntoNextLevel: true destinationLevel: 1
2026-05-01 06:51:45:230 - Compaction started: 
139887353165376:Compacting datalog/809 datalog/810 into:sstable1/e0f3e0ff-00aa-4b09-b4f7-ca819f087a9a202605010051341777618305233480833.sst
2026-05-01 06:51:45:246 - Compaction completed: 
2924384:COMPACT_START sstable=0 input_files: "datalog/813" input_files: "datalog/814" compactIntoNextLevel: true destinationLevel: 1
2026-05-01 06:51:45:332 - Compaction started: 
139887353165376:Compacting datalog/813 datalog/814 into:sstable1/e0f3e0ff-00aa-4b09-b4f7-ca819f087a9a202605010051341777618305335459657.sst
2026-05-01 06:51:45:348 - Compaction completed: 
2924384:COMPACT_START sstable=0 input_files: "datalog/819" input_files: "datalog/820" compactIntoNextLevel: true destinationLevel: 1
2924384:COMPACT_ABORT input_files: "datalog/819" input_files: "datalog/820" compactIntoNextLevel: true destinationLevel: 1
2924384:COMPACT_START sstable=0 input_files: "datalog/821" input_files: "datalog/822" compactIntoNextLevel: true destinationLevel: 1
2026-05-01 06:51:45:438 - Compaction started: 
139887353165376:Compacting datalog/821 datalog/822 into:sstable1/e0f3e0ff-00aa-4b09-b4f7-ca819f087a9a202605010051341777618305441610692.sst
2026-05-01 06:51:45:456 - Compaction completed: 
2924384:COMPACT_START sstable=0 input_files: "datalog/829" input_files: "datalog/830" compactIntoNextLevel: true destinationLevel: 1
2026-05-01 06:51:45:550 - Compaction started: 
139887353165376:Compacting datalog/829 datalog/830 into:sstable1/e0f3e0ff-00aa-4b09-b4f7-ca819f087a9a202605010051341777618305554300223.sst
2026-05-01 06:51:45:567 - Compaction completed: 
2924384:COMPACT_START sstable=0 input_files: "datalog/837" input_files: "datalog/838" compactIntoNextLevel: true destinationLevel: 1
2026-05-01 06:51:45:652 - Compaction started: 
139887353165376:Compacting datalog/837 datalog/838 into:sstable1/e0f3e0ff-00aa-4b09-b4f7-ca819f087a9a202605010051341777618305656212772.sst
2026-05-01 06:51:45:669 - Compaction completed: 
2924384:COMPACT_START sstable=0 input_files: "datalog/845" input_files: "datalog/846" compactIntoNextLevel: true destinationLevel: 1
2026-05-01 06:51:45:754 - Compaction started: 
139887353165376:Compacting datalog/845 datalog/846 into:sstable1/e0f3e0ff-00aa-4b09-b4f7-ca819f087a9a202605010051341777618305758270534.sst
2026-05-01 06:51:45:772 - Compaction completed: 
2924384:COMPACT_START sstable=0 input_files: "datalog/853" input_files: "datalog/854" compactIntoNextLevel: true destinationLevel: 1
2026-05-01 06:51:45:856 - Compaction started: 
139887353165376:Compacting datalog/853 datalog/854 into:sstable1/e0f3e0ff-00aa-4b09-b4f7-ca819f087a9a202605010051341777618305859557000.sst
2026-05-01 06:51:45:873 - Compaction completed: 
2924384:COMPACT_START sstable=0 input_files: "datalog/861" input_files: "datalog/862" compactIntoNextLevel: true destinationLevel: 1
2026-05-01 06:51:45:958 - Compaction started: 
139887353165376:Compacting datalog/861 datalog/862 into:sstable1/e0f3e0ff-00aa-4b09-b4f7-ca819f087a9a202605010051341777618305961543689.sst
2026-05-01 06:51:45:975 - Compaction completed: 
2924384:COMPACT_START sstable=0 input_files: "datalog/869" input_files: "datalog/870" compactIntoNextLevel: true destinationLevel: 1
2026-05-01 06:51:46:060 - Compaction started: 
139887353165376:Compacting datalog/869 datalog/870 into:sstable1/e0f3e0ff-00aa-4b09-b4f7-ca819f087a9a202605010051341777618306063716025.sst
2026-05-01 06:51:46:076 - Compaction completed: 
2924384:COMPACT_START sstable=1 input_files: "sstable1/ef5d13ba-ee58-409f-92c3-37149c2417d4202605010051341777618294656421158.sst" input_files: "sstable1/951c81bd-466c-42c4-b413-51fe3211a963202605010051341777618294736263516.sst" compactIntoNextLevel: true destinationLevel: 2
2026-05-01 06:51:46:162 - Compaction started: 
139887353165376:Compacting sstable1/ef5d13ba-ee58-409f-92c3-37149c2417d4202605010051341777618294656421158.sst sstable1/951c81bd-466c-42c4-b413-51fe3211a963202605010051341777618294736263516.sst into:sstable2/e0f3e0ff-00aa-4b09-b4f7-ca819f087a9a202605010051341777618306189581806.sst
2026-05-01 06:51:46:223 - Compaction completed: 
2924384:COMPACT_START sstable=1 input_files: "sstable1/e0f3e0ff-00aa-4b09-b4f7-ca819f087a9a202605010051341777618295033296468.sst" input_files: "sstable1/9bb60388-5f20-4122-af25-6df6a8876fc3202605010051341777618295032624508.sst" compactIntoNextLevel: true destinationLevel: 2
2026-05-01 06:51:46:264 - Compaction started: 
139887353165376:Compacting sstable1/e0f3e0ff-00aa-4b09-b4f7-ca819f087a9a202605010051341777618295033296468.sst sstable1/9bb60388-5f20-4122-af25-6df6a8876fc3202605010051341777618295032624508.sst into:sstable2/e0f3e0ff-00aa-4b09-b4f7-ca819f087a9a202605010051341777618306287707026.sst
2026-05-01 06:51:46:333 - Compaction completed: 
2924384:COMPACT_START sstable=1 input_files: "sstable1/951c81bd-466c-42c4-b413-51fe3211a963202605010051341777618298356355809.sst" input_files: "sstable1/e0f3e0ff-00aa-4b09-b4f7-ca819f087a9a202605010051341777618295361556035.sst" compactIntoNextLevel: true destinationLevel: 2
2026-05-01 06:51:46:366 - Compaction started: 
139887353165376:Compacting sstable1/951c81bd-466c-42c4-b413-51fe3211a963202605010051341777618298356355809.sst sstable1/e0f3e0ff-00aa-4b09-b4f7-ca819f087a9a202605010051341777618295361556035.sst into:sstable2/e0f3e0ff-00aa-4b09-b4f7-ca819f087a9a202605010051341777618306396692635.sst
2026-05-01 06:51:46:436 - Compaction completed: 
2924384:COMPACT_START sstable=1 input_files: "sstable1/e0f3e0ff-00aa-4b09-b4f7-ca819f087a9a202605010051341777618295464921718.sst" input_files: "sstable1/9bb60388-5f20-4122-af25-6df6a8876fc3202605010051341777618295548541207.sst" compactIntoNextLevel: true destinationLevel: 2
2026-05-01 06:51:46:468 - Compaction started: 
139887353165376:Compacting sstable1/e0f3e0ff-00aa-4b09-b4f7-ca819f087a9a202605010051341777618295464921718.sst sstable1/9bb60388-5f20-4122-af25-6df6a8876fc3202605010051341777618295548541207.sst into:sstable2/e0f3e0ff-00aa-4b09-b4f7-ca819f087a9a202605010051341777618306491525112.sst
2026-05-01 06:51:46:528 - Compaction completed: 
2924384:COMPACT_START sstable=1 input_files: "sstable1/9bb60388-5f20-4122-af25-6df6a8876fc3202605010051341777618295682440627.sst" input_files: "sstable1/ef5d13ba-ee58-409f-92c3-37149c2417d4202605010051341777618295695151284.sst" compactIntoNextLevel: true destinationLevel: 2
2026-05-01 06:51:46:570 - Compaction started: 
139887353165376:Compacting sstable1/9bb60388-5f20-4122-af25-6df6a8876fc3202605010051341777618295682440627.sst sstable1/ef5d13ba-ee58-409f-92c3-37149c2417d4202605010051341777618295695151284.sst into:sstable2/e0f3e0ff-00aa-4b09-b4f7-ca819f087a9a202605010051341777618306593620124.sst
2026-05-01 06:51:46:632 - Compaction completed: 
2924384:COMPACT_START sstable=1 input_files: "sstable1/ef5d13ba-ee58-409f-92c3-37149c2417d4202605010051341777618298968850417.sst" input_files: "sstable1/ef5d13ba-ee58-409f-92c3-37149c2417d4202605010051341777618295898078329.sst" compactIntoNextLevel: true destinationLevel: 2
2026-05-01 06:51:46:672 - Compaction started: 
139887353165376:Compacting sstable1/ef5d13ba-ee58-409f-92c3-37149c2417d4202605010051341777618298968850417.sst sstable1/ef5d13ba-ee58-409f-92c3-37149c2417d4202605010051341777618295898078329.sst into:sstable2/e0f3e0ff-00aa-4b09-b4f7-ca819f087a9a202605010051341777618306694769593.sst
2026-05-01 06:51:46:730 - Compaction completed: 
2924384:Task input_files: "datalog/697" input_files: "datalog/698" compactIntoNextLevel: true destinationLevel: 1 is dead (hb=30)
2924384:Found dead task input_files: "datalog/697" input_files: "datalog/698" compactIntoNextLevel: true destinationLevel: 1
2924384:COMPACT_START sstable=0 input_files: "datalog/697" input_files: "datalog/698" compactIntoNextLevel: true destinationLevel: 1
2026-05-01 06:51:46:773 - Compaction started: 
139887353165376:Compacting datalog/697 datalog/698 into:sstable1/e0f3e0ff-00aa-4b09-b4f7-ca819f087a9a202605010051341777618306776259219.sst
2026-05-01 06:51:46:789 - Compaction completed: 
2924384:COMPACT_START sstable=1 input_files: "sstable1/951c81bd-466c-42c4-b413-51fe3211a963202605010051341777618296218932134.sst" input_files: "sstable1/e0f3e0ff-00aa-4b09-b4f7-ca819f087a9a202605010051341777618296280203079.sst" compactIntoNextLevel: true destinationLevel: 2
2026-05-01 06:51:46:882 - Compaction started: 
139887353165376:Compacting sstable1/951c81bd-466c-42c4-b413-51fe3211a963202605010051341777618296218932134.sst sstable1/e0f3e0ff-00aa-4b09-b4f7-ca819f087a9a202605010051341777618296280203079.sst into:sstable2/e0f3e0ff-00aa-4b09-b4f7-ca819f087a9a202605010051341777618306906349359.sst
2026-05-01 06:51:46:944 - Compaction completed: 
2924384:COMPACT_START sstable=1 input_files: "sstable1/951c81bd-466c-42c4-b413-51fe3211a963202605010051341777618296420443085.sst" input_files: "sstable1/e0f3e0ff-00aa-4b09-b4f7-ca819f087a9a202605010051341777618296482751846.sst" compactIntoNextLevel: true destinationLevel: 2
2026-05-01 06:51:46:984 - Compaction started: 
139887353165376:Compacting sstable1/951c81bd-466c-42c4-b413-51fe3211a963202605010051341777618296420443085.sst sstable1/e0f3e0ff-00aa-4b09-b4f7-ca819f087a9a202605010051341777618296482751846.sst into:sstable2/e0f3e0ff-00aa-4b09-b4f7-ca819f087a9a202605010051341777618307007996480.sst
2026-05-01 06:51:47:046 - Compaction completed: 
2924384:COMPACT_START sstable=1 input_files: "sstable1/951c81bd-466c-42c4-b413-51fe3211a963202605010051341777618296622092296.sst" input_files: "sstable1/e0f3e0ff-00aa-4b09-b4f7-ca819f087a9a202605010051341777618296685180588.sst" compactIntoNextLevel: true destinationLevel: 2
2026-05-01 06:51:47:085 - Compaction started: 
139887353165376:Compacting sstable1/951c81bd-466c-42c4-b413-51fe3211a963202605010051341777618296622092296.sst sstable1/e0f3e0ff-00aa-4b09-b4f7-ca819f087a9a202605010051341777618296685180588.sst into:sstable2/e0f3e0ff-00aa-4b09-b4f7-ca819f087a9a202605010051341777618307107404856.sst
2026-05-01 06:51:47:141 - Compaction completed: 
2924384:COMPACT_START sstable=1 input_files: "sstable1/951c81bd-466c-42c4-b413-51fe3211a963202605010051341777618296824780704.sst" input_files: "sstable1/e0f3e0ff-00aa-4b09-b4f7-ca819f087a9a202605010051341777618296889269501.sst" compactIntoNextLevel: true destinationLevel: 2
2026-05-01 06:51:47:187 - Compaction started: 
139887353165376:Compacting sstable1/951c81bd-466c-42c4-b413-51fe3211a963202605010051341777618296824780704.sst sstable1/e0f3e0ff-00aa-4b09-b4f7-ca819f087a9a202605010051341777618296889269501.sst into:sstable2/e0f3e0ff-00aa-4b09-b4f7-ca819f087a9a202605010051341777618307210922705.sst
2026-05-01 06:51:47:247 - Compaction completed: 
2924384:COMPACT_START sstable=1 input_files: "sstable1/951c81bd-466c-42c4-b413-51fe3211a963202605010051341777618297027443504.sst" input_files: "sstable1/e0f3e0ff-00aa-4b09-b4f7-ca819f087a9a202605010051341777618297092518390.sst" compactIntoNextLevel: true destinationLevel: 2
2026-05-01 06:51:47:289 - Compaction started: 
139887353165376:Compacting sstable1/951c81bd-466c-42c4-b413-51fe3211a963202605010051341777618297027443504.sst sstable1/e0f3e0ff-00aa-4b09-b4f7-ca819f087a9a202605010051341777618297092518390.sst into:sstable2/e0f3e0ff-00aa-4b09-b4f7-ca819f087a9a202605010051341777618307310651310.sst
2026-05-01 06:51:47:345 - Compaction completed: 
2924384:COMPACT_START sstable=1 input_files: "sstable1/951c81bd-466c-42c4-b413-51fe3211a963202605010051341777618297230496356.sst" input_files: "sstable1/e0f3e0ff-00aa-4b09-b4f7-ca819f087a9a202605010051341777618297296343179.sst" compactIntoNextLevel: true destinationLevel: 2
2026-05-01 06:51:47:391 - Compaction started: 
139887353165376:Compacting sstable1/951c81bd-466c-42c4-b413-51fe3211a963202605010051341777618297230496356.sst sstable1/e0f3e0ff-00aa-4b09-b4f7-ca819f087a9a202605010051341777618297296343179.sst into:sstable2/e0f3e0ff-00aa-4b09-b4f7-ca819f087a9a202605010051341777618307414210777.sst
2026-05-01 06:51:47:453 - Compaction completed: 
2924384:COMPACT_START sstable=1 input_files: "sstable1/951c81bd-466c-42c4-b413-51fe3211a963202605010051341777618297433223346.sst" input_files: "sstable1/e0f3e0ff-00aa-4b09-b4f7-ca819f087a9a202605010051341777618297499694710.sst" compactIntoNextLevel: true destinationLevel: 2
2026-05-01 06:51:47:493 - Compaction started: 
139887353165376:Compacting sstable1/951c81bd-466c-42c4-b413-51fe3211a963202605010051341777618297433223346.sst sstable1/e0f3e0ff-00aa-4b09-b4f7-ca819f087a9a202605010051341777618297499694710.sst into:sstable2/e0f3e0ff-00aa-4b09-b4f7-ca819f087a9a202605010051341777618307516526703.sst
2026-05-01 06:51:47:554 - Compaction completed: 
2924384:COMPACT_START sstable=1 input_files: "sstable1/ef5d13ba-ee58-409f-92c3-37149c2417d4202605010051341777618297635978580.sst" input_files: "sstable1/951c81bd-466c-42c4-b413-51fe3211a963202605010051341777618297640832910.sst" compactIntoNextLevel: true destinationLevel: 2
2026-05-01 06:51:47:595 - Compaction started: 
139887353165376:Compacting sstable1/ef5d13ba-ee58-409f-92c3-37149c2417d4202605010051341777618297635978580.sst sstable1/951c81bd-466c-42c4-b413-51fe3211a963202605010051341777618297640832910.sst into:sstable2/e0f3e0ff-00aa-4b09-b4f7-ca819f087a9a202605010051341777618307618513802.sst
2026-05-01 06:51:47:656 - Compaction completed: 
2924384:COMPACT_START sstable=1 input_files: "sstable1/ef5d13ba-ee58-409f-92c3-37149c2417d4202605010051341777618297841103085.sst" input_files: "sstable1/951c81bd-466c-42c4-b413-51fe3211a963202605010051341777618297845275747.sst" compactIntoNextLevel: true destinationLevel: 2
2026-05-01 06:51:47:697 - Compaction started: 
139887353165376:Compacting sstable1/ef5d13ba-ee58-409f-92c3-37149c2417d4202605010051341777618297841103085.sst sstable1/951c81bd-466c-42c4-b413-51fe3211a963202605010051341777618297845275747.sst into:sstable2/e0f3e0ff-00aa-4b09-b4f7-ca819f087a9a202605010051341777618307719028711.sst
2026-05-01 06:51:47:755 - Compaction completed: 
2924384:COMPACT_START sstable=1 input_files: "sstable1/ef5d13ba-ee58-409f-92c3-37149c2417d4202605010051341777618298045806270.sst" input_files: "sstable1/951c81bd-466c-42c4-b413-51fe3211a963202605010051341777618298049821577.sst" compactIntoNextLevel: true destinationLevel: 2
2026-05-01 06:51:47:799 - Compaction started: 
139887353165376:Compacting sstable1/ef5d13ba-ee58-409f-92c3-37149c2417d4202605010051341777618298045806270.sst sstable1/951c81bd-466c-42c4-b413-51fe3211a963202605010051341777618298049821577.sst into:sstable2/e0f3e0ff-00aa-4b09-b4f7-ca819f087a9a202605010051341777618307821241344.sst
2026-05-01 06:51:47:866 - Compaction completed: 
2924384:COMPACT_START sstable=1 input_files: "sstable1/ef5d13ba-ee58-409f-92c3-37149c2417d4202605010051341777618298250804739.sst" input_files: "sstable1/951c81bd-466c-42c4-b413-51fe3211a963202605010051341777618298253879934.sst" compactIntoNextLevel: true destinationLevel: 2
2026-05-01 06:51:47:902 - Compaction started: 
139887353165376:Compacting sstable1/ef5d13ba-ee58-409f-92c3-37149c2417d4202605010051341777618298250804739.sst sstable1/951c81bd-466c-42c4-b413-51fe3211a963202605010051341777618298253879934.sst into:sstable2/e0f3e0ff-00aa-4b09-b4f7-ca819f087a9a202605010051341777618307922989064.sst
2026-05-01 06:51:47:957 - Compaction completed: 
2924384:COMPACT_START sstable=1 input_files: "sstable1/951c81bd-466c-42c4-b413-51fe3211a963202605010051341777618298458137503.sst" input_files: "sstable1/e0f3e0ff-00aa-4b09-b4f7-ca819f087a9a202605010051341777618298522812299.sst" compactIntoNextLevel: true destinationLevel: 2
2026-05-01 06:51:48:005 - Compaction started: 
139887353165376:Compacting sstable1/951c81bd-466c-42c4-b413-51fe3211a963202605010051341777618298458137503.sst sstable1/e0f3e0ff-00aa-4b09-b4f7-ca819f087a9a202605010051341777618298522812299.sst into:sstable2/e0f3e0ff-00aa-4b09-b4f7-ca819f087a9a202605010051341777618308026838054.sst
2026-05-01 06:51:48:062 - Compaction completed: 
2924384:COMPACT_START sstable=1 input_files: "sstable1/951c81bd-466c-42c4-b413-51fe3211a963202605010051341777618298663226361.sst" input_files: "sstable1/9bb60388-5f20-4122-af25-6df6a8876fc3202605010051341777618301828020918.sst" compactIntoNextLevel: true destinationLevel: 2
2026-05-01 06:51:48:107 - Compaction started: 
139887353165376:Compacting sstable1/951c81bd-466c-42c4-b413-51fe3211a963202605010051341777618298663226361.sst sstable1/9bb60388-5f20-4122-af25-6df6a8876fc3202605010051341777618301828020918.sst into:sstable2/e0f3e0ff-00aa-4b09-b4f7-ca819f087a9a202605010051341777618308129378300.sst
2026-05-01 06:51:48:163 - Compaction completed: 
2924384:COMPACT_START sstable=1 input_files: "sstable1/951c81bd-466c-42c4-b413-51fe3211a963202605010051341777618298866289833.sst" input_files: "sstable1/e0f3e0ff-00aa-4b09-b4f7-ca819f087a9a202605010051341777618298930929132.sst" compactIntoNextLevel: true destinationLevel: 2
2026-05-01 06:51:48:211 - Compaction started: 
139887353165376:Compacting sstable1/951c81bd-466c-42c4-b413-51fe3211a963202605010051341777618298866289833.sst sstable1/e0f3e0ff-00aa-4b09-b4f7-ca819f087a9a202605010051341777618298930929132.sst into:sstable2/e0f3e0ff-00aa-4b09-b4f7-ca819f087a9a202605010051341777618308230398747.sst
2026-05-01 06:51:48:262 - Compaction completed: 
2924384:COMPACT_START sstable=1 input_files: "sstable1/e0f3e0ff-00aa-4b09-b4f7-ca819f087a9a202605010051341777618299134702775.sst" input_files: "sstable1/951c81bd-466c-42c4-b413-51fe3211a963202605010051341777618299173551729.sst" compactIntoNextLevel: true destinationLevel: 2
2026-05-01 06:51:48:313 - Compaction started: 
139887353165376:Compacting sstable1/e0f3e0ff-00aa-4b09-b4f7-ca819f087a9a202605010051341777618299134702775.sst sstable1/951c81bd-466c-42c4-b413-51fe3211a963202605010051341777618299173551729.sst into:sstable2/e0f3e0ff-00aa-4b09-b4f7-ca819f087a9a202605010051341777618308333339414.sst
2026-05-01 06:51:48:365 - Compaction completed: 
2924384:Task input_files: "datalog/819" input_files: "datalog/820" compactIntoNextLevel: true destinationLevel: 1 is dead (hb=30)
2924384:Found dead task input_files: "datalog/819" input_files: "datalog/820" compactIntoNextLevel: true destinationLevel: 1
2924384:COMPACT_START sstable=0 input_files: "datalog/819" input_files: "datalog/820" compactIntoNextLevel: true destinationLevel: 1
2026-05-01 06:51:48:415 - Compaction started: 
139887353165376:Compacting datalog/819 datalog/820 into:sstable1/e0f3e0ff-00aa-4b09-b4f7-ca819f087a9a202605010051341777618308418078541.sst
2026-05-01 06:51:48:432 - Compaction completed: 
2924384:COMPACT_START sstable=1 input_files: "sstable1/951c81bd-466c-42c4-b413-51fe3211a963202605010051341777618299478989666.sst" input_files: "sstable1/ef5d13ba-ee58-409f-92c3-37149c2417d4202605010051341777618299492360690.sst" compactIntoNextLevel: true destinationLevel: 2
2026-05-01 06:51:48:519 - Compaction started: 
139887353165376:Compacting sstable1/951c81bd-466c-42c4-b413-51fe3211a963202605010051341777618299478989666.sst sstable1/ef5d13ba-ee58-409f-92c3-37149c2417d4202605010051341777618299492360690.sst into:sstable2/e0f3e0ff-00aa-4b09-b4f7-ca819f087a9a202605010051341777618308541227369.sst
2026-05-01 06:51:48:576 - Compaction completed: 
2924384:COMPACT_START sstable=1 input_files: "sstable1/951c81bd-466c-42c4-b413-51fe3211a963202605010051341777618299681285889.sst" input_files: "sstable1/ef5d13ba-ee58-409f-92c3-37149c2417d4202605010051341777618299694723578.sst" compactIntoNextLevel: true destinationLevel: 2
2026-05-01 06:51:48:622 - Compaction started: 
139887353165376:Compacting sstable1/951c81bd-466c-42c4-b413-51fe3211a963202605010051341777618299681285889.sst sstable1/ef5d13ba-ee58-409f-92c3-37149c2417d4202605010051341777618299694723578.sst into:sstable2/e0f3e0ff-00aa-4b09-b4f7-ca819f087a9a202605010051341777618308642969149.sst
2026-05-01 06:51:48:676 - Compaction completed: 
2924384:COMPACT_START sstable=1 input_files: "sstable1/951c81bd-466c-42c4-b413-51fe3211a963202605010051341777618299884602635.sst" input_files: "sstable1/ef5d13ba-ee58-409f-92c3-37149c2417d4202605010051341777618299898898563.sst" compactIntoNextLevel: true destinationLevel: 2
2026-05-01 06:51:48:725 - Compaction started: 
139887353165376:Compacting sstable1/951c81bd-466c-42c4-b413-51fe3211a963202605010051341777618299884602635.sst sstable1/ef5d13ba-ee58-409f-92c3-37149c2417d4202605010051341777618299898898563.sst into:sstable2/e0f3e0ff-00aa-4b09-b4f7-ca819f087a9a202605010051341777618308746409071.sst
2026-05-01 06:51:48:780 - Compaction completed: 
2924384:COMPACT_START sstable=1 input_files: "sstable1/e0f3e0ff-00aa-4b09-b4f7-ca819f087a9a202605010051341777618300045939178.sst" input_files: "sstable1/951c81bd-466c-42c4-b413-51fe3211a963202605010051341777618300088360719.sst" compactIntoNextLevel: true destinationLevel: 2
2026-05-01 06:51:48:828 - Compaction started: 
139887353165376:Compacting sstable1/e0f3e0ff-00aa-4b09-b4f7-ca819f087a9a202605010051341777618300045939178.sst sstable1/951c81bd-466c-42c4-b413-51fe3211a963202605010051341777618300088360719.sst into:sstable2/e0f3e0ff-00aa-4b09-b4f7-ca819f087a9a202605010051341777618308849893117.sst
2026-05-01 06:51:48:884 - Compaction completed: 
2924384:COMPACT_START sstable=1 input_files: "sstable1/ef5d13ba-ee58-409f-92c3-37149c2417d4202605010051341777618300203838457.sst" input_files: "sstable1/e0f3e0ff-00aa-4b09-b4f7-ca819f087a9a202605010051341777618300248507471.sst" compactIntoNextLevel: true destinationLevel: 2
2026-05-01 06:51:48:930 - Compaction started: 
139887353165376:Compacting sstable1/ef5d13ba-ee58-409f-92c3-37149c2417d4202605010051341777618300203838457.sst sstable1/e0f3e0ff-00aa-4b09-b4f7-ca819f087a9a202605010051341777618300248507471.sst into:sstable2/e0f3e0ff-00aa-4b09-b4f7-ca819f087a9a202605010051341777618308949502448.sst
2026-05-01 06:51:48:979 - Compaction completed: 
2924384:COMPACT_START sstable=1 input_files: "sstable1/ef5d13ba-ee58-409f-92c3-37149c2417d4202605010051341777618300406847306.sst" input_files: "sstable1/9bb60388-5f20-4122-af25-6df6a8876fc3202605010051341777618300405955564.sst" compactIntoNextLevel: true destinationLevel: 2
2026-05-01 06:51:49:033 - Compaction started: 
139887353165376:Compacting sstable1/ef5d13ba-ee58-409f-92c3-37149c2417d4202605010051341777618300406847306.sst sstable1/9bb60388-5f20-4122-af25-6df6a8876fc3202605010051341777618300405955564.sst into:sstable2/e0f3e0ff-00aa-4b09-b4f7-ca819f087a9a202605010051341777618309053413334.sst
2026-05-01 06:51:49:086 - Compaction completed: 
2924384:COMPACT_START sstable=1 input_files: "sstable1/9bb60388-5f20-4122-af25-6df6a8876fc3202605010051341777618300610314323.sst" input_files: "sstable1/e0f3e0ff-00aa-4b09-b4f7-ca819f087a9a202605010051341777618300654021074.sst" compactIntoNextLevel: true destinationLevel: 2
2026-05-01 06:51:49:136 - Compaction started: 
139887353165376:Compacting sstable1/9bb60388-5f20-4122-af25-6df6a8876fc3202605010051341777618300610314323.sst sstable1/e0f3e0ff-00aa-4b09-b4f7-ca819f087a9a202605010051341777618300654021074.sst into:sstable2/e0f3e0ff-00aa-4b09-b4f7-ca819f087a9a202605010051341777618309155631657.sst
2026-05-01 06:51:49:186 - Compaction completed: 
2924384:COMPACT_START sstable=1 input_files: "sstable1/ef5d13ba-ee58-409f-92c3-37149c2417d4202605010051341777618300813066061.sst" input_files: "sstable1/9bb60388-5f20-4122-af25-6df6a8876fc3202605010051341777618300813636931.sst" compactIntoNextLevel: true destinationLevel: 2
2026-05-01 06:51:49:239 - Compaction started: 
139887353165376:Compacting sstable1/ef5d13ba-ee58-409f-92c3-37149c2417d4202605010051341777618300813066061.sst sstable1/9bb60388-5f20-4122-af25-6df6a8876fc3202605010051341777618300813636931.sst into:sstable2/e0f3e0ff-00aa-4b09-b4f7-ca819f087a9a202605010051341777618309258603612.sst
2026-05-01 06:51:49:290 - Compaction completed: 
2924384:COMPACT_START sstable=1 input_files: "sstable1/e0f3e0ff-00aa-4b09-b4f7-ca819f087a9a202605010051341777618303913792800.sst" input_files: "sstable1/e0f3e0ff-00aa-4b09-b4f7-ca819f087a9a202605010051341777618300958365020.sst" compactIntoNextLevel: true destinationLevel: 2
2026-05-01 06:51:49:342 - Compaction started: 
139887353165376:Compacting sstable1/e0f3e0ff-00aa-4b09-b4f7-ca819f087a9a202605010051341777618303913792800.sst sstable1/e0f3e0ff-00aa-4b09-b4f7-ca819f087a9a202605010051341777618300958365020.sst into:sstable2/e0f3e0ff-00aa-4b09-b4f7-ca819f087a9a202605010051341777618309360272766.sst
2026-05-01 06:51:49:391 - Compaction completed: 
2924384:COMPACT_START sstable=1 input_files: "sstable1/e0f3e0ff-00aa-4b09-b4f7-ca819f087a9a202605010051341777618304116437846.sst" input_files: "sstable1/e0f3e0ff-00aa-4b09-b4f7-ca819f087a9a202605010051341777618301161429493.sst" compactIntoNextLevel: true destinationLevel: 2
2026-05-01 06:51:49:443 - Compaction started: 
139887353165376:Compacting sstable1/e0f3e0ff-00aa-4b09-b4f7-ca819f087a9a202605010051341777618304116437846.sst sstable1/e0f3e0ff-00aa-4b09-b4f7-ca819f087a9a202605010051341777618301161429493.sst into:sstable2/e0f3e0ff-00aa-4b09-b4f7-ca819f087a9a202605010051341777618309462276997.sst
2026-05-01 06:51:49:492 - Compaction completed: 
2924384:COMPACT_START sstable=1 input_files: "sstable1/e0f3e0ff-00aa-4b09-b4f7-ca819f087a9a202605010051341777618301363668930.sst" input_files: "sstable1/951c81bd-466c-42c4-b413-51fe3211a963202605010051341777618301410627696.sst" compactIntoNextLevel: true destinationLevel: 2
2026-05-01 06:51:49:545 - Compaction started: 
139887353165376:Compacting sstable1/e0f3e0ff-00aa-4b09-b4f7-ca819f087a9a202605010051341777618301363668930.sst sstable1/951c81bd-466c-42c4-b413-51fe3211a963202605010051341777618301410627696.sst into:sstable2/e0f3e0ff-00aa-4b09-b4f7-ca819f087a9a202605010051341777618309564217088.sst
2026-05-01 06:51:49:595 - Compaction completed: 
2924384:COMPACT_START sstable=1 input_files: "sstable1/ef5d13ba-ee58-409f-92c3-37149c2417d4202605010051341777618301525669427.sst" input_files: "sstable1/e0f3e0ff-00aa-4b09-b4f7-ca819f087a9a202605010051341777618301567178177.sst" compactIntoNextLevel: true destinationLevel: 2
2026-05-01 06:51:49:646 - Compaction started: 
139887353165376:Compacting sstable1/ef5d13ba-ee58-409f-92c3-37149c2417d4202605010051341777618301525669427.sst sstable1/e0f3e0ff-00aa-4b09-b4f7-ca819f087a9a202605010051341777618301567178177.sst into:sstable2/e0f3e0ff-00aa-4b09-b4f7-ca819f087a9a202605010051341777618309665501110.sst
2026-05-01 06:51:49:696 - Compaction completed: 
2924384:COMPACT_START sstable=1 input_files: "sstable1/951c81bd-466c-42c4-b413-51fe3211a963202605010051341777618301716017353.sst" input_files: "sstable1/9bb60388-5f20-4122-af25-6df6a8876fc3202605010051341777618301727832451.sst" compactIntoNextLevel: true destinationLevel: 2
2026-05-01 06:51:49:747 - Compaction started: 
139887353165376:Compacting sstable1/951c81bd-466c-42c4-b413-51fe3211a963202605010051341777618301716017353.sst sstable1/9bb60388-5f20-4122-af25-6df6a8876fc3202605010051341777618301727832451.sst into:sstable2/e0f3e0ff-00aa-4b09-b4f7-ca819f087a9a202605010051341777618309766844893.sst
2026-05-01 06:51:49:797 - Compaction completed: 
2924384:COMPACT_START sstable=1 input_files: "sstable1/e0f3e0ff-00aa-4b09-b4f7-ca819f087a9a202605010051341777618301870492673.sst" input_files: "sstable1/951c81bd-466c-42c4-b413-51fe3211a963202605010051341777618301918725929.sst" compactIntoNextLevel: true destinationLevel: 2
2026-05-01 06:51:49:849 - Compaction started: 
139887353165376:Compacting sstable1/e0f3e0ff-00aa-4b09-b4f7-ca819f087a9a202605010051341777618301870492673.sst sstable1/951c81bd-466c-42c4-b413-51fe3211a963202605010051341777618301918725929.sst into:sstable2/e0f3e0ff-00aa-4b09-b4f7-ca819f087a9a202605010051341777618309868442833.sst
2026-05-01 06:51:49:898 - Compaction completed: 
2924384:COMPACT_START sstable=1 input_files: "sstable1/951c81bd-466c-42c4-b413-51fe3211a963202605010051341777618302121555071.sst" input_files: "sstable1/9bb60388-5f20-4122-af25-6df6a8876fc3202605010051341777618302132282269.sst" compactIntoNextLevel: true destinationLevel: 2
2026-05-01 06:51:49:951 - Compaction started: 
139887353165376:Compacting sstable1/951c81bd-466c-42c4-b413-51fe3211a963202605010051341777618302121555071.sst sstable1/9bb60388-5f20-4122-af25-6df6a8876fc3202605010051341777618302132282269.sst into:sstable2/e0f3e0ff-00aa-4b09-b4f7-ca819f087a9a202605010051341777618309970330465.sst
2026-05-01 06:51:50:000 - Compaction completed: 
2924384:COMPACT_START sstable=1 input_files: "sstable1/951c81bd-466c-42c4-b413-51fe3211a963202605010051341777618302324484030.sst" input_files: "sstable1/9bb60388-5f20-4122-af25-6df6a8876fc3202605010051341777618302336307975.sst" compactIntoNextLevel: true destinationLevel: 2
2924384:COMPACT_ABORT input_files: "sstable1/951c81bd-466c-42c4-b413-51fe3211a963202605010051341777618302324484030.sst" input_files: "sstable1/9bb60388-5f20-4122-af25-6df6a8876fc3202605010051341777618302336307975.sst" compactIntoNextLevel: true destinationLevel: 2
2924384:COMPACT_START sstable=1 input_files: "sstable1/951c81bd-466c-42c4-b413-51fe3211a963202605010051341777618302528598973.sst" input_files: "sstable1/9bb60388-5f20-4122-af25-6df6a8876fc3202605010051341777618302539246793.sst" compactIntoNextLevel: true destinationLevel: 2
2026-05-01 06:51:50:153 - Compaction started: 
139887353165376:Compacting sstable1/951c81bd-466c-42c4-b413-51fe3211a963202605010051341777618302528598973.sst sstable1/9bb60388-5f20-4122-af25-6df6a8876fc3202605010051341777618302539246793.sst into:sstable2/e0f3e0ff-00aa-4b09-b4f7-ca819f087a9a202605010051341777618310170950266.sst
2026-05-01 06:51:50:199 - Compaction completed: 
2924384:COMPACT_START sstable=1 input_files: "sstable1/951c81bd-466c-42c4-b413-51fe3211a963202605010051341777618302734398323.sst" input_files: "sstable1/ef5d13ba-ee58-409f-92c3-37149c2417d4202605010051341777618302744236014.sst" compactIntoNextLevel: true destinationLevel: 2
2026-05-01 06:51:50:254 - Compaction started: 
139887353165376:Compacting sstable1/951c81bd-466c-42c4-b413-51fe3211a963202605010051341777618302734398323.sst sstable1/ef5d13ba-ee58-409f-92c3-37149c2417d4202605010051341777618302744236014.sst into:sstable2/e0f3e0ff-00aa-4b09-b4f7-ca819f087a9a202605010051341777618310272769711.sst
2026-05-01 06:51:50:301 - Compaction completed: 
2924384:COMPACT_START sstable=1 input_files: "sstable1/9bb60388-5f20-4122-af25-6df6a8876fc3202605010051341777618302847055113.sst" input_files: "sstable1/e0f3e0ff-00aa-4b09-b4f7-ca819f087a9a202605010051341777618302889710422.sst" compactIntoNextLevel: true destinationLevel: 2
2026-05-01 06:51:50:356 - Compaction started: 
139887353165376:Compacting sstable1/9bb60388-5f20-4122-af25-6df6a8876fc3202605010051341777618302847055113.sst sstable1/e0f3e0ff-00aa-4b09-b4f7-ca819f087a9a202605010051341777618302889710422.sst into:sstable2/e0f3e0ff-00aa-4b09-b4f7-ca819f087a9a202605010051341777618310374072328.sst
2026-05-01 06:51:50:402 - Compaction completed: 
2924384:COMPACT_START sstable=1 input_files: "sstable1/951c81bd-466c-42c4-b413-51fe3211a963202605010051341777618303145059255.sst" input_files: "sstable1/ef5d13ba-ee58-409f-92c3-37149c2417d4202605010051341777618303156031393.sst" compactIntoNextLevel: true destinationLevel: 2
2026-05-01 06:51:50:461 - Compaction started: 
139887353165376:Compacting sstable1/951c81bd-466c-42c4-b413-51fe3211a963202605010051341777618303145059255.sst sstable1/ef5d13ba-ee58-409f-92c3-37149c2417d4202605010051341777618303156031393.sst into:sstable2/e0f3e0ff-00aa-4b09-b4f7-ca819f087a9a202605010051341777618310479582621.sst
2026-05-01 06:51:50:507 - Compaction completed: 
2924384:COMPACT_START sstable=1 input_files: "sstable1/951c81bd-466c-42c4-b413-51fe3211a963202605010051341777618303349789761.sst" input_files: "sstable1/ef5d13ba-ee58-409f-92c3-37149c2417d4202605010051341777618303361915852.sst" compactIntoNextLevel: true destinationLevel: 2
2026-05-01 06:51:50:563 - Compaction started: 
139887353165376:Compacting sstable1/951c81bd-466c-42c4-b413-51fe3211a963202605010051341777618303349789761.sst sstable1/ef5d13ba-ee58-409f-92c3-37149c2417d4202605010051341777618303361915852.sst into:sstable2/e0f3e0ff-00aa-4b09-b4f7-ca819f087a9a202605010051341777618310582114522.sst
2026-05-01 06:51:50:611 - Compaction completed: 
2924384:COMPACT_START sstable=1 input_files: "sstable1/ef5d13ba-ee58-409f-92c3-37149c2417d4202605010051341777618303566086489.sst" input_files: "sstable1/9bb60388-5f20-4122-af25-6df6a8876fc3202605010051341777618303582656580.sst" compactIntoNextLevel: true destinationLevel: 2
2026-05-01 06:51:50:665 - Compaction started: 
139887353165376:Compacting sstable1/ef5d13ba-ee58-409f-92c3-37149c2417d4202605010051341777618303566086489.sst sstable1/9bb60388-5f20-4122-af25-6df6a8876fc3202605010051341777618303582656580.sst into:sstable2/e0f3e0ff-00aa-4b09-b4f7-ca819f087a9a202605010051341777618310683243161.sst
2026-05-01 06:51:50:712 - Compaction completed: 
2924384:COMPACT_START sstable=1 input_files: "sstable1/e0f3e0ff-00aa-4b09-b4f7-ca819f087a9a202605010051341777618306776259219.sst" input_files: "sstable1/951c81bd-466c-42c4-b413-51fe3211a963202605010051341777618303759273216.sst" compactIntoNextLevel: true destinationLevel: 2
2924384:COMPACT_ABORT input_files: "sstable1/e0f3e0ff-00aa-4b09-b4f7-ca819f087a9a202605010051341777618306776259219.sst" input_files: "sstable1/951c81bd-466c-42c4-b413-51fe3211a963202605010051341777618303759273216.sst" compactIntoNextLevel: true destinationLevel: 2
2924384:COMPACT_START sstable=1 input_files: "sstable1/9bb60388-5f20-4122-af25-6df6a8876fc3202605010051341777618303786722992.sst" input_files: "sstable1/e0f3e0ff-00aa-4b09-b4f7-ca819f087a9a202605010051341777618303810384316.sst" compactIntoNextLevel: true destinationLevel: 2
2026-05-01 06:51:50:777 - Compaction started: 
139887353165376:Compacting sstable1/9bb60388-5f20-4122-af25-6df6a8876fc3202605010051341777618303786722992.sst sstable1/e0f3e0ff-00aa-4b09-b4f7-ca819f087a9a202605010051341777618303810384316.sst into:sstable2/e0f3e0ff-00aa-4b09-b4f7-ca819f087a9a202605010051341777618310795733710.sst
2026-05-01 06:51:50:823 - Compaction completed: 
2924384:COMPACT_START sstable=1 input_files: "sstable1/e0f3e0ff-00aa-4b09-b4f7-ca819f087a9a202605010051341777618304014782659.sst" input_files: "sstable1/951c81bd-466c-42c4-b413-51fe3211a963202605010051341777618304065576735.sst" compactIntoNextLevel: true destinationLevel: 2
2026-05-01 06:51:50:879 - Compaction started: 
139887353165376:Compacting sstable1/e0f3e0ff-00aa-4b09-b4f7-ca819f087a9a202605010051341777618304014782659.sst sstable1/951c81bd-466c-42c4-b413-51fe3211a963202605010051341777618304065576735.sst into:sstable2/e0f3e0ff-00aa-4b09-b4f7-ca819f087a9a202605010051341777618310896414762.sst
2026-05-01 06:51:50:923 - Compaction completed: 
2924384:COMPACT_START sstable=1 input_files: "sstable1/951c81bd-466c-42c4-b413-51fe3211a963202605010051341777618304267903486.sst" input_files: "sstable1/ef5d13ba-ee58-409f-92c3-37149c2417d4202605010051341777618304280175550.sst" compactIntoNextLevel: true destinationLevel: 2
2026-05-01 06:51:50:981 - Compaction started: 
139887353165376:Compacting sstable1/951c81bd-466c-42c4-b413-51fe3211a963202605010051341777618304267903486.sst sstable1/ef5d13ba-ee58-409f-92c3-37149c2417d4202605010051341777618304280175550.sst into:sstable2/e0f3e0ff-00aa-4b09-b4f7-ca819f087a9a202605010051341777618310997517924.sst
2026-05-01 06:51:51:023 - Compaction completed: 
2924384:COMPACT_START sstable=1 input_files: "sstable1/ef5d13ba-ee58-409f-92c3-37149c2417d4202605010051341777618304483636897.sst" input_files: "sstable1/9bb60388-5f20-4122-af25-6df6a8876fc3202605010051341777618304497607426.sst" compactIntoNextLevel: true destinationLevel: 2
2026-05-01 06:51:51:082 - Compaction started: 
139887353165376:Compacting sstable1/ef5d13ba-ee58-409f-92c3-37149c2417d4202605010051341777618304483636897.sst sstable1/9bb60388-5f20-4122-af25-6df6a8876fc3202605010051341777618304497607426.sst into:sstable2/e0f3e0ff-00aa-4b09-b4f7-ca819f087a9a202605010051341777618311099121664.sst
2026-05-01 06:51:51:125 - Compaction completed: 
2924384:COMPACT_START sstable=1 input_files: "sstable1/ef5d13ba-ee58-409f-92c3-37149c2417d4202605010051341777618304686787422.sst" input_files: "sstable1/9bb60388-5f20-4122-af25-6df6a8876fc3202605010051341777618304700360525.sst" compactIntoNextLevel: true destinationLevel: 2
2026-05-01 06:51:51:184 - Compaction started: 
139887353165376:Compacting sstable1/ef5d13ba-ee58-409f-92c3-37149c2417d4202605010051341777618304686787422.sst sstable1/9bb60388-5f20-4122-af25-6df6a8876fc3202605010051341777618304700360525.sst into:sstable2/e0f3e0ff-00aa-4b09-b4f7-ca819f087a9a202605010051341777618311200458314.sst
2026-05-01 06:51:51:225 - Compaction completed: 
2924384:COMPACT_START sstable=1 input_files: "sstable1/e0f3e0ff-00aa-4b09-b4f7-ca819f087a9a202605010051341777618304826768462.sst" input_files: "sstable1/951c81bd-466c-42c4-b413-51fe3211a963202605010051341777618304877856098.sst" compactIntoNextLevel: true destinationLevel: 2
2026-05-01 06:51:51:294 - Compaction started: 
139887353165376:Compacting sstable1/e0f3e0ff-00aa-4b09-b4f7-ca819f087a9a202605010051341777618304826768462.sst sstable1/951c81bd-466c-42c4-b413-51fe3211a963202605010051341777618304877856098.sst into:sstable2/e0f3e0ff-00aa-4b09-b4f7-ca819f087a9a202605010051341777618311310172428.sst
2026-05-01 06:51:51:336 - Compaction completed: 
2924384:COMPACT_START sstable=1 input_files: "sstable1/e0f3e0ff-00aa-4b09-b4f7-ca819f087a9a202605010051341777618305030087543.sst" input_files: "sstable1/951c81bd-466c-42c4-b413-51fe3211a963202605010051341777618305081431920.sst" compactIntoNextLevel: true destinationLevel: 2
2026-05-01 06:51:51:395 - Compaction started: 
139887353165376:Compacting sstable1/e0f3e0ff-00aa-4b09-b4f7-ca819f087a9a202605010051341777618305030087543.sst sstable1/951c81bd-466c-42c4-b413-51fe3211a963202605010051341777618305081431920.sst into:sstable2/e0f3e0ff-00aa-4b09-b4f7-ca819f087a9a202605010051341777618311413160604.sst
2026-05-01 06:51:51:441 - Compaction completed: 
2924384:COMPACT_START sstable=1 input_files: "sstable1/ef5d13ba-ee58-409f-92c3-37149c2417d4202605010051341777618305192971707.sst" input_files: "sstable1/9bb60388-5f20-4122-af25-6df6a8876fc3202605010051341777618305209382720.sst" compactIntoNextLevel: true destinationLevel: 2
2026-05-01 06:51:51:497 - Compaction started: 
139887353165376:Compacting sstable1/ef5d13ba-ee58-409f-92c3-37149c2417d4202605010051341777618305192971707.sst sstable1/9bb60388-5f20-4122-af25-6df6a8876fc3202605010051341777618305209382720.sst into:sstable2/e0f3e0ff-00aa-4b09-b4f7-ca819f087a9a202605010051341777618311513678068.sst
2026-05-01 06:51:51:541 - Compaction completed: 
2924384:COMPACT_START sstable=1 input_files: "sstable1/e0f3e0ff-00aa-4b09-b4f7-ca819f087a9a202605010051341777618305441610692.sst" input_files: "sstable1/951c81bd-466c-42c4-b413-51fe3211a963202605010051341777618305489041693.sst" compactIntoNextLevel: true destinationLevel: 2
2026-05-01 06:51:51:610 - Compaction started: 
139887353165376:Compacting sstable1/e0f3e0ff-00aa-4b09-b4f7-ca819f087a9a202605010051341777618305441610692.sst sstable1/951c81bd-466c-42c4-b413-51fe3211a963202605010051341777618305489041693.sst into:sstable2/e0f3e0ff-00aa-4b09-b4f7-ca819f087a9a202605010051341777618311627256226.sst
2026-05-01 06:51:51:655 - Compaction completed: 
2924384:COMPACT_START sstable=1 input_files: "sstable1/e0f3e0ff-00aa-4b09-b4f7-ca819f087a9a202605010051341777618305656212772.sst" input_files: "sstable1/951c81bd-466c-42c4-b413-51fe3211a963202605010051341777618305692427198.sst" compactIntoNextLevel: true destinationLevel: 2
2026-05-01 06:51:51:711 - Compaction started: 
139887353165376:Compacting sstable1/e0f3e0ff-00aa-4b09-b4f7-ca819f087a9a202605010051341777618305656212772.sst sstable1/951c81bd-466c-42c4-b413-51fe3211a963202605010051341777618305692427198.sst into:sstable2/e0f3e0ff-00aa-4b09-b4f7-ca819f087a9a202605010051341777618311728078130.sst
2026-05-01 06:51:51:755 - Compaction completed: 
2924384:COMPACT_START sstable=1 input_files: "sstable1/e0f3e0ff-00aa-4b09-b4f7-ca819f087a9a202605010051341777618305859557000.sst" input_files: "sstable1/951c81bd-466c-42c4-b413-51fe3211a963202605010051341777618305895515907.sst" compactIntoNextLevel: true destinationLevel: 2
2026-05-01 06:51:51:813 - Compaction started: 
139887353165376:Compacting sstable1/e0f3e0ff-00aa-4b09-b4f7-ca819f087a9a202605010051341777618305859557000.sst sstable1/951c81bd-466c-42c4-b413-51fe3211a963202605010051341777618305895515907.sst into:sstable2/e0f3e0ff-00aa-4b09-b4f7-ca819f087a9a202605010051341777618311830176488.sst
2026-05-01 06:51:51:857 - Compaction completed: 
2924384:COMPACT_START sstable=1 input_files: "sstable2/9bb60388-5f20-4122-af25-6df6a8876fc3202605010051341777618306276254909.sst" input_files: "sstable2/e0f3e0ff-00aa-4b09-b4f7-ca819f087a9a202605010051341777618306287707026.sst" compactIntoNextLevel: false destinationLevel: 2
2026-05-01 06:51:51:917 - Compaction started: 
139887353165376:Compacting sstable2/9bb60388-5f20-4122-af25-6df6a8876fc3202605010051341777618306276254909.sst sstable2/e0f3e0ff-00aa-4b09-b4f7-ca819f087a9a202605010051341777618306287707026.sst into:sstable2/0_e0f3e0ff-00aa-4b09-b4f7-ca819f087a9a202605010051341777618311970555445.sst
2026-05-01 06:51:52:056 - Compaction completed: 
2924384:COMPACT_START sstable=1 input_files: "sstable2/0_9bb60388-5f20-4122-af25-6df6a8876fc3202605010051341777618311958466524.sst" input_files: "sstable2/0_e0f3e0ff-00aa-4b09-b4f7-ca819f087a9a202605010051341777618311970555445.sst" compactIntoNextLevel: false destinationLevel: 2
2026-05-01 06:51:52:137 - Compaction started: 
139887353165376:Compacting sstable2/0_9bb60388-5f20-4122-af25-6df6a8876fc3202605010051341777618311958466524.sst sstable2/0_e0f3e0ff-00aa-4b09-b4f7-ca819f087a9a202605010051341777618311970555445.sst into:sstable2/1_e0f3e0ff-00aa-4b09-b4f7-ca819f087a9a202605010051341777618312245404071.sst
2026-05-01 06:51:52:397 - Compaction completed: 
2924384:COMPACT_START sstable=1 input_files: "sstable2/e0f3e0ff-00aa-4b09-b4f7-ca819f087a9a202605010051341777618306491525112.sst" input_files: "sstable2/951c81bd-466c-42c4-b413-51fe3211a963202605010051341777618306530991003.sst" compactIntoNextLevel: false destinationLevel: 2
2026-05-01 06:51:52:444 - Compaction started: 
139887353165376:Compacting sstable2/e0f3e0ff-00aa-4b09-b4f7-ca819f087a9a202605010051341777618306491525112.sst sstable2/951c81bd-466c-42c4-b413-51fe3211a963202605010051341777618306530991003.sst into:sstable2/0_e0f3e0ff-00aa-4b09-b4f7-ca819f087a9a202605010051341777618312494304596.sst
2026-05-01 06:51:52:572 - Compaction completed: 
2924384:COMPACT_START sstable=1 input_files: "sstable2/ef5d13ba-ee58-409f-92c3-37149c2417d4202605010051341777618306534056399.sst" input_files: "sstable2/9bb60388-5f20-4122-af25-6df6a8876fc3202605010051341777618306583018060.sst" compactIntoNextLevel: false destinationLevel: 2
2026-05-01 06:51:52:649 - Compaction started: 
139887353165376:Compacting sstable2/ef5d13ba-ee58-409f-92c3-37149c2417d4202605010051341777618306534056399.sst sstable2/9bb60388-5f20-4122-af25-6df6a8876fc3202605010051341777618306583018060.sst into:sstable2/0_e0f3e0ff-00aa-4b09-b4f7-ca819f087a9a202605010051341777618312699902077.sst
2026-05-01 06:51:52:782 - Compaction completed: 
2924384:COMPACT_START sstable=1 input_files: "sstable2/0_e0f3e0ff-00aa-4b09-b4f7-ca819f087a9a202605010051341777618312699902077.sst" input_files: "sstable2/0_ef5d13ba-ee58-409f-92c3-37149c2417d4202605010051341777618312714868512.sst" compactIntoNextLevel: false destinationLevel: 2
2026-05-01 06:51:52:853 - Compaction started: 
139887353165376:Compacting sstable2/0_e0f3e0ff-00aa-4b09-b4f7-ca819f087a9a202605010051341777618312699902077.sst sstable2/0_ef5d13ba-ee58-409f-92c3-37149c2417d4202605010051341777618312714868512.sst into:sstable2/1_e0f3e0ff-00aa-4b09-b4f7-ca819f087a9a202605010051341777618312944398887.sst
2026-05-01 06:51:53:098 - Compaction completed: 
2924384:Task input_files: "sstable1/951c81bd-466c-42c4-b413-51fe3211a963202605010051341777618302324484030.sst" input_files: "sstable1/9bb60388-5f20-4122-af25-6df6a8876fc3202605010051341777618302336307975.sst" compactIntoNextLevel: true destinationLevel: 2 is dead (hb=30)
2924384:Found dead task input_files: "sstable1/951c81bd-466c-42c4-b413-51fe3211a963202605010051341777618302324484030.sst" input_files: "sstable1/9bb60388-5f20-4122-af25-6df6a8876fc3202605010051341777618302336307975.sst" compactIntoNextLevel: true destinationLevel: 2
2924384:COMPACT_START sstable=1 input_files: "sstable1/951c81bd-466c-42c4-b413-51fe3211a963202605010051341777618302324484030.sst" input_files: "sstable1/9bb60388-5f20-4122-af25-6df6a8876fc3202605010051341777618302336307975.sst" compactIntoNextLevel: true destinationLevel: 2
2026-05-01 06:51:53:159 - Compaction started: 
139887353165376:Compacting sstable1/951c81bd-466c-42c4-b413-51fe3211a963202605010051341777618302324484030.sst sstable1/9bb60388-5f20-4122-af25-6df6a8876fc3202605010051341777618302336307975.sst into:sstable2/e0f3e0ff-00aa-4b09-b4f7-ca819f087a9a202605010051341777618313180068921.sst
2026-05-01 06:51:53:211 - Compaction completed: 
2924384:COMPACT_START sstable=1 input_files: "sstable2/ef5d13ba-ee58-409f-92c3-37149c2417d4202605010051341777618306834684780.sst" input_files: "sstable2/951c81bd-466c-42c4-b413-51fe3211a963202605010051341777618306842058853.sst" compactIntoNextLevel: false destinationLevel: 2
2026-05-01 06:51:53:268 - Compaction started: 
139887353165376:Compacting sstable2/ef5d13ba-ee58-409f-92c3-37149c2417d4202605010051341777618306834684780.sst sstable2/951c81bd-466c-42c4-b413-51fe3211a963202605010051341777618306842058853.sst into:sstable2/0_e0f3e0ff-00aa-4b09-b4f7-ca819f087a9a202605010051341777618313315856731.sst
2026-05-01 06:51:53:390 - Compaction completed: 
2924384:COMPACT_START sstable=1 input_files: "sstable2/1_e0f3e0ff-00aa-4b09-b4f7-ca819f087a9a202605010051341777618312944398887.sst" input_files: "sstable2/1_9bb60388-5f20-4122-af25-6df6a8876fc3202605010051341777618313271724032.sst" compactIntoNextLevel: false destinationLevel: 2
2026-05-01 06:51:53:472 - Compaction started: 
139887353165376:Compacting sstable2/1_e0f3e0ff-00aa-4b09-b4f7-ca819f087a9a202605010051341777618312944398887.sst sstable2/1_9bb60388-5f20-4122-af25-6df6a8876fc3202605010051341777618313271724032.sst into:sstable2/2_e0f3e0ff-00aa-4b09-b4f7-ca819f087a9a202605010051341777618313687533105.sst
2026-05-01 06:51:54:004 - Compaction completed: 
2924384:COMPACT_START sstable=1 input_files: "sstable2/0_ef5d13ba-ee58-409f-92c3-37149c2417d4202605010051341777618313532522971.sst" input_files: "sstable2/0_ef5d13ba-ee58-409f-92c3-37149c2417d4202605010051341777618313847225795.sst" compactIntoNextLevel: false destinationLevel: 2
2026-05-01 06:51:54:079 - Compaction started: 
139887353165376:Compacting sstable2/0_ef5d13ba-ee58-409f-92c3-37149c2417d4202605010051341777618313532522971.sst sstable2/0_ef5d13ba-ee58-409f-92c3-37149c2417d4202605010051341777618313847225795.sst into:sstable2/1_e0f3e0ff-00aa-4b09-b4f7-ca819f087a9a202605010051341777618314175291339.sst
2026-05-01 06:51:54:336 - Compaction completed: 
2924384:COMPACT_START sstable=1 input_files: "sstable2/9bb60388-5f20-4122-af25-6df6a8876fc3202605010051341777618307197835973.sst" input_files: "sstable2/e0f3e0ff-00aa-4b09-b4f7-ca819f087a9a202605010051341777618307210922705.sst" compactIntoNextLevel: false destinationLevel: 2
2924384:COMPACT_ABORT input_files: "sstable2/9bb60388-5f20-4122-af25-6df6a8876fc3202605010051341777618307197835973.sst" input_files: "sstable2/e0f3e0ff-00aa-4b09-b4f7-ca819f087a9a202605010051341777618307210922705.sst" compactIntoNextLevel: false destinationLevel: 2
2924384:COMPACT_START sstable=1 input_files: "sstable2/0_9bb60388-5f20-4122-af25-6df6a8876fc3202605010051341777618314147154055.sst" input_files: "sstable2/0_ef5d13ba-ee58-409f-92c3-37149c2417d4202605010051341777618314254585479.sst" compactIntoNextLevel: false destinationLevel: 2
2026-05-01 06:51:54:489 - Compaction started: 
139887353165376:Compacting sstable2/0_9bb60388-5f20-4122-af25-6df6a8876fc3202605010051341777618314147154055.sst sstable2/0_ef5d13ba-ee58-409f-92c3-37149c2417d4202605010051341777618314254585479.sst into:sstable2/1_e0f3e0ff-00aa-4b09-b4f7-ca819f087a9a202605010051341777618314577866023.sst
2026-05-01 06:51:54:726 - Compaction completed: 
2924384:COMPACT_START sstable=1 input_files: "sstable2/ef5d13ba-ee58-409f-92c3-37149c2417d4202605010051341777618307343938118.sst" input_files: "sstable2/951c81bd-466c-42c4-b413-51fe3211a963202605010051341777618307351473984.sst" compactIntoNextLevel: false destinationLevel: 2
2026-05-01 06:51:54:799 - Compaction started: 
139887353165376:Compacting sstable2/ef5d13ba-ee58-409f-92c3-37149c2417d4202605010051341777618307343938118.sst sstable2/951c81bd-466c-42c4-b413-51fe3211a963202605010051341777618307351473984.sst into:sstable2/0_e0f3e0ff-00aa-4b09-b4f7-ca819f087a9a202605010051341777618314849649142.sst
2026-05-01 06:51:54:936 - Compaction completed: 
2924384:Task input_files: "sstable1/ef5d13ba-ee58-409f-92c3-37149c2417d4202605010051341777618305800623868.sst" input_files: "sstable1/9bb60388-5f20-4122-af25-6df6a8876fc3202605010051341777618305847782678.sst" compactIntoNextLevel: true destinationLevel: 2 is dead (hb=31)
2924384:Found dead task input_files: "sstable1/ef5d13ba-ee58-409f-92c3-37149c2417d4202605010051341777618305800623868.sst" input_files: "sstable1/9bb60388-5f20-4122-af25-6df6a8876fc3202605010051341777618305847782678.sst" compactIntoNextLevel: true destinationLevel: 2
2924384:COMPACT_START sstable=1 input_files: "sstable1/ef5d13ba-ee58-409f-92c3-37149c2417d4202605010051341777618305800623868.sst" input_files: "sstable1/9bb60388-5f20-4122-af25-6df6a8876fc3202605010051341777618305847782678.sst" compactIntoNextLevel: true destinationLevel: 2
2924384:COMPACT_ABORT input_files: "sstable1/ef5d13ba-ee58-409f-92c3-37149c2417d4202605010051341777618305800623868.sst" input_files: "sstable1/9bb60388-5f20-4122-af25-6df6a8876fc3202605010051341777618305847782678.sst" compactIntoNextLevel: true destinationLevel: 2
2924384:COMPACT_START sstable=1 input_files: "sstable2/2_e0f3e0ff-00aa-4b09-b4f7-ca819f087a9a202605010051341777618313687533105.sst" input_files: "sstable2/2_ef5d13ba-ee58-409f-92c3-37149c2417d4202605010051341777618314615426973.sst" compactIntoNextLevel: false destinationLevel: 2
2026-05-01 06:51:55:008 - Compaction started: 
139887353165376:Compacting sstable2/2_e0f3e0ff-00aa-4b09-b4f7-ca819f087a9a202605010051341777618313687533105.sst sstable2/2_ef5d13ba-ee58-409f-92c3-37149c2417d4202605010051341777618314615426973.sst into:sstable2/3_e0f3e0ff-00aa-4b09-b4f7-ca819f087a9a202605010051341777618315497307616.sst
2026-05-01 06:51:56:147 - Compaction completed: 
2924384:COMPACT_START sstable=1 input_files: "sstable2/3_951c81bd-466c-42c4-b413-51fe3211a963202605010051341777618313916948083.sst" input_files: "sstable2/3_e0f3e0ff-00aa-4b09-b4f7-ca819f087a9a202605010051341777618315497307616.sst" compactIntoNextLevel: false destinationLevel: 2
2026-05-01 06:51:56:159 - Compaction started: 
139887353165376:Compacting sstable2/3_951c81bd-466c-42c4-b413-51fe3211a963202605010051341777618313916948083.sst sstable2/3_e0f3e0ff-00aa-4b09-b4f7-ca819f087a9a202605010051341777618315497307616.sst into:sstable2/4_e0f3e0ff-00aa-4b09-b4f7-ca819f087a9a202605010051341777618317214569319.sst
2026-05-01 06:51:58:561 - Compaction completed: 
2924384:COMPACT_START sstable=1 input_files: "sstable2/e0f3e0ff-00aa-4b09-b4f7-ca819f087a9a202605010051341777618307821241344.sst" input_files: "sstable2/ef5d13ba-ee58-409f-92c3-37149c2417d4202605010051341777618307862461232.sst" compactIntoNextLevel: false destinationLevel: 2
2026-05-01 06:51:58:599 - Compaction started: 
139887353165376:Compacting sstable2/e0f3e0ff-00aa-4b09-b4f7-ca819f087a9a202605010051341777618307821241344.sst sstable2/ef5d13ba-ee58-409f-92c3-37149c2417d4202605010051341777618307862461232.sst into:sstable2/0_e0f3e0ff-00aa-4b09-b4f7-ca819f087a9a202605010051341777618318655596988.sst
2026-05-01 06:51:58:734 - Compaction completed: 
2924384:COMPACT_START sstable=1 input_files: "sstable2/e0f3e0ff-00aa-4b09-b4f7-ca819f087a9a202605010051341777618308026838054.sst" input_files: "sstable2/ef5d13ba-ee58-409f-92c3-37149c2417d4202605010051341777618308065714439.sst" compactIntoNextLevel: false destinationLevel: 2
2026-05-01 06:51:58:819 - Compaction started: 
139887353165376:Compacting sstable2/e0f3e0ff-00aa-4b09-b4f7-ca819f087a9a202605010051341777618308026838054.sst sstable2/ef5d13ba-ee58-409f-92c3-37149c2417d4202605010051341777618308065714439.sst into:sstable2/0_e0f3e0ff-00aa-4b09-b4f7-ca819f087a9a202605010051341777618318871729748.sst
2026-05-01 06:51:58:950 - Compaction completed: 
2924384:COMPACT_START sstable=1 input_files: "sstable2/e0f3e0ff-00aa-4b09-b4f7-ca819f087a9a202605010051341777618308230398747.sst" input_files: "sstable2/ef5d13ba-ee58-409f-92c3-37149c2417d4202605010051341777618308268108416.sst" compactIntoNextLevel: false destinationLevel: 2
2026-05-01 06:51:59:042 - Compaction started: 
139887353165376:Compacting sstable2/e0f3e0ff-00aa-4b09-b4f7-ca819f087a9a202605010051341777618308230398747.sst sstable2/ef5d13ba-ee58-409f-92c3-37149c2417d4202605010051341777618308268108416.sst into:sstable2/0_e0f3e0ff-00aa-4b09-b4f7-ca819f087a9a202605010051341777618319090216531.sst
2026-05-01 06:51:59:162 - Compaction completed: 
2924384:COMPACT_START sstable=1 input_files: "sstable2/ef5d13ba-ee58-409f-92c3-37149c2417d4202605010051341777618308475372642.sst" input_files: "sstable2/951c81bd-466c-42c4-b413-51fe3211a963202605010051341777618308476059209.sst" compactIntoNextLevel: false destinationLevel: 2
2026-05-01 06:51:59:269 - Compaction started: 
139887353165376:Compacting sstable2/ef5d13ba-ee58-409f-92c3-37149c2417d4202605010051341777618308475372642.sst sstable2/951c81bd-466c-42c4-b413-51fe3211a963202605010051341777618308476059209.sst into:sstable2/0_e0f3e0ff-00aa-4b09-b4f7-ca819f087a9a202605010051341777618319321290069.sst
2026-05-01 06:51:59:399 - Compaction completed: 
2924384:COMPACT_START sstable=1 input_files: "sstable2/9bb60388-5f20-4122-af25-6df6a8876fc3202605010051341777618308632787473.sst" input_files: "sstable2/e0f3e0ff-00aa-4b09-b4f7-ca819f087a9a202605010051341777618308642969149.sst" compactIntoNextLevel: false destinationLevel: 2
2026-05-01 06:51:59:499 - Compaction started: 
139887353165376:Compacting sstable2/9bb60388-5f20-4122-af25-6df6a8876fc3202605010051341777618308632787473.sst sstable2/e0f3e0ff-00aa-4b09-b4f7-ca819f087a9a202605010051341777618308642969149.sst into:sstable2/0_e0f3e0ff-00aa-4b09-b4f7-ca819f087a9a202605010051341777618319550198097.sst
2026-05-01 06:51:59:624 - Compaction completed: 
2924384:COMPACT_START sstable=1 input_files: "sstable2/9bb60388-5f20-4122-af25-6df6a8876fc3202605010051341777618308841988248.sst" input_files: "sstable2/e0f3e0ff-00aa-4b09-b4f7-ca819f087a9a202605010051341777618308849893117.sst" compactIntoNextLevel: false destinationLevel: 2
2026-05-01 06:51:59:732 - Compaction started: 
139887353165376:Compacting sstable2/9bb60388-5f20-4122-af25-6df6a8876fc3202605010051341777618308841988248.sst sstable2/e0f3e0ff-00aa-4b09-b4f7-ca819f087a9a202605010051341777618308849893117.sst into:sstable2/0_e0f3e0ff-00aa-4b09-b4f7-ca819f087a9a202605010051341777618319784602117.sst
2026-05-01 06:51:59:863 - Compaction completed: 
2924384:COMPACT_START sstable=1 input_files: "sstable2/e0f3e0ff-00aa-4b09-b4f7-ca819f087a9a202605010051341777618309053413334.sst" input_files: "sstable2/951c81bd-466c-42c4-b413-51fe3211a963202605010051341777618309089138853.sst" compactIntoNextLevel: false destinationLevel: 2
2026-05-01 06:51:59:969 - Compaction started: 
139887353165376:Compacting sstable2/e0f3e0ff-00aa-4b09-b4f7-ca819f087a9a202605010051341777618309053413334.sst sstable2/951c81bd-466c-42c4-b413-51fe3211a963202605010051341777618309089138853.sst into:sstable2/0_e0f3e0ff-00aa-4b09-b4f7-ca819f087a9a202605010051341777618320017777334.sst
2026-05-01 06:52:00:088 - Compaction completed: 
2924384:COMPACT_START sstable=1 input_files: "sstable2/e0f3e0ff-00aa-4b09-b4f7-ca819f087a9a202605010051341777618309258603612.sst" input_files: "sstable2/951c81bd-466c-42c4-b413-51fe3211a963202605010051341777618309295131736.sst" compactIntoNextLevel: false destinationLevel: 2
2026-05-01 06:52:00:207 - Compaction started: 
139887353165376:Compacting sstable2/e0f3e0ff-00aa-4b09-b4f7-ca819f087a9a202605010051341777618309258603612.sst sstable2/951c81bd-466c-42c4-b413-51fe3211a963202605010051341777618309295131736.sst into:sstable2/0_e0f3e0ff-00aa-4b09-b4f7-ca819f087a9a202605010051341777618320254693694.sst
2026-05-01 06:52:00:324 - Compaction completed: 
2924384:COMPACT_START sstable=1 input_files: "sstable2/ef5d13ba-ee58-409f-92c3-37149c2417d4202605010051341777618309498250261.sst" input_files: "sstable2/951c81bd-466c-42c4-b413-51fe3211a963202605010051341777618309499489834.sst" compactIntoNextLevel: false destinationLevel: 2
2026-05-01 06:52:00:448 - Compaction started: 
139887353165376:Compacting sstable2/ef5d13ba-ee58-409f-92c3-37149c2417d4202605010051341777618309498250261.sst sstable2/951c81bd-466c-42c4-b413-51fe3211a963202605010051341777618309499489834.sst into:sstable2/0_e0f3e0ff-00aa-4b09-b4f7-ca819f087a9a202605010051341777618320494871268.sst
2026-05-01 06:52:00:563 - Compaction completed: 
2924384:COMPACT_START sstable=1 input_files: "sstable2/951c81bd-466c-42c4-b413-51fe3211a963202605010051341777618309702975808.sst" input_files: "sstable2/9bb60388-5f20-4122-af25-6df6a8876fc3202605010051341777618309763906495.sst" compactIntoNextLevel: false destinationLevel: 2
2026-05-01 06:52:00:693 - Compaction started: 
139887353165376:Compacting sstable2/951c81bd-466c-42c4-b413-51fe3211a963202605010051341777618309702975808.sst sstable2/9bb60388-5f20-4122-af25-6df6a8876fc3202605010051341777618309763906495.sst into:sstable2/0_e0f3e0ff-00aa-4b09-b4f7-ca819f087a9a202605010051341777618320741263260.sst
2026-05-01 06:52:00:811 - Compaction completed: 
2924384:COMPACT_START sstable=1 input_files: "sstable2/ef5d13ba-ee58-409f-92c3-37149c2417d4202605010051341777618310007446090.sst" input_files: "sstable2/951c81bd-466c-42c4-b413-51fe3211a963202605010051341777618310007546208.sst" compactIntoNextLevel: false destinationLevel: 2
2924384:COMPACT_ABORT input_files: "sstable2/ef5d13ba-ee58-409f-92c3-37149c2417d4202605010051341777618310007446090.sst" input_files: "sstable2/951c81bd-466c-42c4-b413-51fe3211a963202605010051341777618310007546208.sst" compactIntoNextLevel: false destinationLevel: 2
2924384:COMPACT_START sstable=1 input_files: "sstable2/9bb60388-5f20-4122-af25-6df6a8876fc3202605010051341777618310170197946.sst" input_files: "sstable2/e0f3e0ff-00aa-4b09-b4f7-ca819f087a9a202605010051341777618310170950266.sst" compactIntoNextLevel: false destinationLevel: 2
2026-05-01 06:52:01:093 - Compaction started: 
139887353165376:Compacting sstable2/9bb60388-5f20-4122-af25-6df6a8876fc3202605010051341777618310170197946.sst sstable2/e0f3e0ff-00aa-4b09-b4f7-ca819f087a9a202605010051341777618310170950266.sst into:sstable2/0_e0f3e0ff-00aa-4b09-b4f7-ca819f087a9a202605010051341777618321138070132.sst
2026-05-01 06:52:01:204 - Compaction completed: 
2924384:COMPACT_START sstable=1 input_files: "sstable2/e0f3e0ff-00aa-4b09-b4f7-ca819f087a9a202605010051341777618310374072328.sst" input_files: "sstable2/ef5d13ba-ee58-409f-92c3-37149c2417d4202605010051341777618310412238261.sst" compactIntoNextLevel: false destinationLevel: 2
2026-05-01 06:52:01:347 - Compaction started: 
139887353165376:Compacting sstable2/e0f3e0ff-00aa-4b09-b4f7-ca819f087a9a202605010051341777618310374072328.sst sstable2/ef5d13ba-ee58-409f-92c3-37149c2417d4202605010051341777618310412238261.sst into:sstable2/0_e0f3e0ff-00aa-4b09-b4f7-ca819f087a9a202605010051341777618321390486177.sst
2026-05-01 06:52:01:457 - Compaction completed: 
2924384:COMPACT_START sstable=1 input_files: "sstable2/e0f3e0ff-00aa-4b09-b4f7-ca819f087a9a202605010051341777618310683243161.sst" input_files: "sstable2/951c81bd-466c-42c4-b413-51fe3211a963202605010051341777618310722699444.sst" compactIntoNextLevel: false destinationLevel: 2
2026-05-01 06:52:01:607 - Compaction started: 
139887353165376:Compacting sstable2/e0f3e0ff-00aa-4b09-b4f7-ca819f087a9a202605010051341777618310683243161.sst sstable2/951c81bd-466c-42c4-b413-51fe3211a963202605010051341777618310722699444.sst into:sstable2/0_e0f3e0ff-00aa-4b09-b4f7-ca819f087a9a202605010051341777618321653544401.sst
2026-05-01 06:52:01:719 - Compaction completed: 
2924384:COMPACT_START sstable=1 input_files: "sstable2/951c81bd-466c-42c4-b413-51fe3211a963202605010051341777618311035017318.sst" input_files: "sstable2/9bb60388-5f20-4122-af25-6df6a8876fc3202605010051341777618311088825033.sst" compactIntoNextLevel: false destinationLevel: 2
2026-05-01 06:52:01:875 - Compaction started: 
139887353165376:Compacting sstable2/951c81bd-466c-42c4-b413-51fe3211a963202605010051341777618311035017318.sst sstable2/9bb60388-5f20-4122-af25-6df6a8876fc3202605010051341777618311088825033.sst into:sstable2/0_e0f3e0ff-00aa-4b09-b4f7-ca819f087a9a202605010051341777618321916381020.sst
2026-05-01 06:52:01:977 - Compaction completed: 
2924384:COMPACT_START sstable=1 input_files: "sstable2/9bb60388-5f20-4122-af25-6df6a8876fc3202605010051341777618311304489285.sst" input_files: "sstable2/e0f3e0ff-00aa-4b09-b4f7-ca819f087a9a202605010051341777618311310172428.sst" compactIntoNextLevel: false destinationLevel: 2
2026-05-01 06:52:02:048 - Compaction started: 
139887353165376:Compacting sstable2/9bb60388-5f20-4122-af25-6df6a8876fc3202605010051341777618311304489285.sst sstable2/e0f3e0ff-00aa-4b09-b4f7-ca819f087a9a202605010051341777618311310172428.sst into:sstable2/0_e0f3e0ff-00aa-4b09-b4f7-ca819f087a9a202605010051341777618322087188185.sst
2026-05-01 06:52:02:147 - Compaction completed: 
2924384:COMPACT_START sstable=1 input_files: "sstable2/e0f3e0ff-00aa-4b09-b4f7-ca819f087a9a202605010051341777618311513678068.sst" input_files: "sstable2/ef5d13ba-ee58-409f-92c3-37149c2417d4202605010051341777618311529927338.sst" compactIntoNextLevel: false destinationLevel: 2
2026-05-01 06:52:02:222 - Compaction started: 
139887353165376:Compacting sstable2/e0f3e0ff-00aa-4b09-b4f7-ca819f087a9a202605010051341777618311513678068.sst sstable2/ef5d13ba-ee58-409f-92c3-37149c2417d4202605010051341777618311529927338.sst into:sstable2/0_e0f3e0ff-00aa-4b09-b4f7-ca819f087a9a202605010051341777618322261704704.sst
2026-05-01 06:52:02:324 - Compaction completed: 
2924384:COMPACT_START sstable=1 input_files: "sstable2/e0f3e0ff-00aa-4b09-b4f7-ca819f087a9a202605010051341777618311728078130.sst" input_files: "sstable2/ef5d13ba-ee58-409f-92c3-37149c2417d4202605010051341777618311743433745.sst" compactIntoNextLevel: false destinationLevel: 2
2026-05-01 06:52:02:403 - Compaction started: 
139887353165376:Compacting sstable2/e0f3e0ff-00aa-4b09-b4f7-ca819f087a9a202605010051341777618311728078130.sst sstable2/ef5d13ba-ee58-409f-92c3-37149c2417d4202605010051341777618311743433745.sst into:sstable2/0_e0f3e0ff-00aa-4b09-b4f7-ca819f087a9a202605010051341777618322449261016.sst
2026-05-01 06:52:02:510 - Compaction completed: 
2924384:Task input_files: "sstable2/ef5d13ba-ee58-409f-92c3-37149c2417d4202605010051341777618310007446090.sst" input_files: "sstable2/951c81bd-466c-42c4-b413-51fe3211a963202605010051341777618310007546208.sst" compactIntoNextLevel: false destinationLevel: 2 is dead (hb=30)
2924384:Found dead task input_files: "sstable2/ef5d13ba-ee58-409f-92c3-37149c2417d4202605010051341777618310007446090.sst" input_files: "sstable2/951c81bd-466c-42c4-b413-51fe3211a963202605010051341777618310007546208.sst" compactIntoNextLevel: false destinationLevel: 2
2924384:COMPACT_START sstable=1 input_files: "sstable2/ef5d13ba-ee58-409f-92c3-37149c2417d4202605010051341777618310007446090.sst" input_files: "sstable2/951c81bd-466c-42c4-b413-51fe3211a963202605010051341777618310007546208.sst" compactIntoNextLevel: false destinationLevel: 2
2026-05-01 06:52:04:093 - Compaction started: 
139887353165376:Compacting sstable2/ef5d13ba-ee58-409f-92c3-37149c2417d4202605010051341777618310007446090.sst sstable2/951c81bd-466c-42c4-b413-51fe3211a963202605010051341777618310007546208.sst into:sstable2/e0f3e0ff-00aa-4b09-b4f7-ca819f087a9a202605010051341777618324143589679.sst
2026-05-01 06:52:04:215 - Compaction completed: 
2026-05-01 06:52:04:350 30 sec: 121270 operations; 4042.33 current ops/sec; est completion in 2 days 20 hours [READ: Count=121270, Max=1893375, Min=33, Avg=244.54, 90=346, 99=434, 99.9=2017, 99.99=33855] 
2924384:COMPACT_START sstable=1 input_files: "sstable2/951c81bd-466c-42c4-b413-51fe3211a963202605010051341777618324153208260.sst" input_files: "sstable2/951c81bd-466c-42c4-b413-51fe3211a963202605010051341777618310314287167.sst" compactIntoNextLevel: false destinationLevel: 2
2026-05-01 06:52:04:389 - Compaction started: 
139887353165376:Compacting sstable2/951c81bd-466c-42c4-b413-51fe3211a963202605010051341777618324153208260.sst sstable2/951c81bd-466c-42c4-b413-51fe3211a963202605010051341777618310314287167.sst into:sstable2/0_e0f3e0ff-00aa-4b09-b4f7-ca819f087a9a202605010051341777618324497994837.sst
2026-05-01 06:52:04:658 - Compaction completed: 
2924384:COMPACT_START sstable=1 input_files: "sstable2/0_e0f3e0ff-00aa-4b09-b4f7-ca819f087a9a202605010051341777618324497994837.sst" input_files: "sstable2/0_951c81bd-466c-42c4-b413-51fe3211a963202605010051341777618314681038664.sst" compactIntoNextLevel: false destinationLevel: 2
2026-05-01 06:52:05:207 - Compaction started: 
139887353165376:Compacting sstable2/0_e0f3e0ff-00aa-4b09-b4f7-ca819f087a9a202605010051341777618324497994837.sst sstable2/0_951c81bd-466c-42c4-b413-51fe3211a963202605010051341777618314681038664.sst into:sstable2/1_e0f3e0ff-00aa-4b09-b4f7-ca819f087a9a202605010051341777618325367168922.sst
2026-05-01 06:52:05:605 - Compaction completed: 
2924384:COMPACT_START sstable=1 input_files: "sstable2/0_9bb60388-5f20-4122-af25-6df6a8876fc3202605010051341777618315824487329.sst" input_files: "sstable2/0_ef5d13ba-ee58-409f-92c3-37149c2417d4202605010051341777618315937250158.sst" compactIntoNextLevel: false destinationLevel: 2
2026-05-01 06:52:05:619 - Compaction started: 
139887353165376:Compacting sstable2/0_9bb60388-5f20-4122-af25-6df6a8876fc3202605010051341777618315824487329.sst sstable2/0_ef5d13ba-ee58-409f-92c3-37149c2417d4202605010051341777618315937250158.sst into:sstable2/1_e0f3e0ff-00aa-4b09-b4f7-ca819f087a9a202605010051341777618325726602716.sst
2026-05-01 06:52:05:882 - Compaction completed: 
2924384:COMPACT_START sstable=1 input_files: "sstable2/1_e0f3e0ff-00aa-4b09-b4f7-ca819f087a9a202605010051341777618325367168922.sst" input_files: "sstable2/1_9bb60388-5f20-4122-af25-6df6a8876fc3202605010051341777618325315374581.sst" compactIntoNextLevel: false destinationLevel: 2
2026-05-01 06:52:06:065 - Compaction started: 
139887353165376:Compacting sstable2/1_e0f3e0ff-00aa-4b09-b4f7-ca819f087a9a202605010051341777618325367168922.sst sstable2/1_9bb60388-5f20-4122-af25-6df6a8876fc3202605010051341777618325315374581.sst into:sstable2/2_e0f3e0ff-00aa-4b09-b4f7-ca819f087a9a202605010051341777618326331502557.sst
2026-05-01 06:52:06:726 - Compaction completed: 
2924384:COMPACT_START sstable=1 input_files: "sstable2/1_9bb60388-5f20-4122-af25-6df6a8876fc3202605010051341777618325616208998.sst" input_files: "sstable2/1_ef5d13ba-ee58-409f-92c3-37149c2417d4202605010051341777618325635653327.sst" compactIntoNextLevel: false destinationLevel: 2
2026-05-01 06:52:06:964 - Compaction started: 
139887353165376:Compacting sstable2/1_9bb60388-5f20-4122-af25-6df6a8876fc3202605010051341777618325616208998.sst sstable2/1_ef5d13ba-ee58-409f-92c3-37149c2417d4202605010051341777618325635653327.sst into:sstable2/2_e0f3e0ff-00aa-4b09-b4f7-ca819f087a9a202605010051341777618327165861119.sst
2026-05-01 06:52:07:485 - Compaction completed: 
2924384:COMPACT_START sstable=1 input_files: "sstable2/2_9bb60388-5f20-4122-af25-6df6a8876fc3202605010051341777618326261943416.sst" input_files: "sstable2/2_e0f3e0ff-00aa-4b09-b4f7-ca819f087a9a202605010051341777618327165861119.sst" compactIntoNextLevel: false destinationLevel: 2
2026-05-01 06:52:08:708 - Compaction started: 
139887353165376:Compacting sstable2/2_9bb60388-5f20-4122-af25-6df6a8876fc3202605010051341777618326261943416.sst sstable2/2_e0f3e0ff-00aa-4b09-b4f7-ca819f087a9a202605010051341777618327165861119.sst into:sstable2/3_e0f3e0ff-00aa-4b09-b4f7-ca819f087a9a202605010051341777618329188598037.sst
2026-05-01 06:52:09:852 - Compaction completed: 
2924384:COMPACT_START sstable=1 input_files: "sstable2/0_e0f3e0ff-00aa-4b09-b4f7-ca819f087a9a202605010051341777618320017777334.sst" input_files: "sstable2/0_ef5d13ba-ee58-409f-92c3-37149c2417d4202605010051341777618329645416653.sst" compactIntoNextLevel: false destinationLevel: 2
2026-05-01 06:52:10:395 - Compaction started: 
139887353165376:Compacting sstable2/0_e0f3e0ff-00aa-4b09-b4f7-ca819f087a9a202605010051341777618320017777334.sst sstable2/0_ef5d13ba-ee58-409f-92c3-37149c2417d4202605010051341777618329645416653.sst into:sstable2/1_e0f3e0ff-00aa-4b09-b4f7-ca819f087a9a202605010051341777618330515444007.sst
2026-05-01 06:52:10:690 - Compaction completed: 
2924384:COMPACT_START sstable=1 input_files: "sstable2/0_9bb60388-5f20-4122-af25-6df6a8876fc3202605010051341777618317778175392.sst" input_files: "sstable2/0_9bb60388-5f20-4122-af25-6df6a8876fc3202605010051341777618324471455909.sst" compactIntoNextLevel: false destinationLevel: 2
2026-05-01 06:52:11:094 - Compaction started: 
139887353165376:Compacting sstable2/0_9bb60388-5f20-4122-af25-6df6a8876fc3202605010051341777618317778175392.sst sstable2/0_9bb60388-5f20-4122-af25-6df6a8876fc3202605010051341777618324471455909.sst into:sstable2/1_e0f3e0ff-00aa-4b09-b4f7-ca819f087a9a202605010051341777618331196413575.sst
2026-05-01 06:52:11:336 - Compaction completed: 
2924384:COMPACT_START sstable=1 input_files: "sstable2/951c81bd-466c-42c4-b413-51fe3211a963202605010051341777618312918511180.sst" input_files: "sstable2/9bb60388-5f20-4122-af25-6df6a8876fc3202605010051341777618309865616404.sst" compactIntoNextLevel: false destinationLevel: 2
2026-05-01 06:52:11:415 - Compaction started: 
139887353165376:Compacting sstable2/951c81bd-466c-42c4-b413-51fe3211a963202605010051341777618312918511180.sst sstable2/9bb60388-5f20-4122-af25-6df6a8876fc3202605010051341777618309865616404.sst into:sstable2/0_e0f3e0ff-00aa-4b09-b4f7-ca819f087a9a202605010051341777618331468532293.sst
2026-05-01 06:52:11:539 - Compaction completed: 
2924384:COMPACT_START sstable=1 input_files: "sstable2/e0f3e0ff-00aa-4b09-b4f7-ca819f087a9a202605010051341777618309970330465.sst" input_files: "sstable2/ef5d13ba-ee58-409f-92c3-37149c2417d4202605010051341777618310007446090.sst" compactIntoNextLevel: false destinationLevel: 2
2026-05-01 06:52:11:639 - Compaction started: 
139887353165376:Compacting sstable2/e0f3e0ff-00aa-4b09-b4f7-ca819f087a9a202605010051341777618309970330465.sst sstable2/ef5d13ba-ee58-409f-92c3-37149c2417d4202605010051341777618310007446090.sst into:sstable2/0_e0f3e0ff-00aa-4b09-b4f7-ca819f087a9a202605010051341777618331688795857.sst
2026-05-01 06:52:11:761 - Compaction completed: 
2924384:COMPACT_START sstable=1 input_files: "sstable2/951c81bd-466c-42c4-b413-51fe3211a963202605010051341777618310108540877.sst" input_files: "sstable2/9bb60388-5f20-4122-af25-6df6a8876fc3202605010051341777618310170197946.sst" compactIntoNextLevel: false destinationLevel: 2
2026-05-01 06:52:11:868 - Compaction started: 
139887353165376:Compacting sstable2/951c81bd-466c-42c4-b413-51fe3211a963202605010051341777618310108540877.sst sstable2/9bb60388-5f20-4122-af25-6df6a8876fc3202605010051341777618310170197946.sst into:sstable2/0_e0f3e0ff-00aa-4b09-b4f7-ca819f087a9a202605010051341777618331915826756.sst
2026-05-01 06:52:11:989 - Compaction completed: 
2924384:COMPACT_START sstable=1 input_files: "sstable2/9bb60388-5f20-4122-af25-6df6a8876fc3202605010051341777618310372012927.sst" input_files: "sstable2/e0f3e0ff-00aa-4b09-b4f7-ca819f087a9a202605010051341777618310374072328.sst" compactIntoNextLevel: false destinationLevel: 2
2026-05-01 06:52:12:103 - Compaction started: 
139887353165376:Compacting sstable2/9bb60388-5f20-4122-af25-6df6a8876fc3202605010051341777618310372012927.sst sstable2/e0f3e0ff-00aa-4b09-b4f7-ca819f087a9a202605010051341777618310374072328.sst into:sstable2/0_e0f3e0ff-00aa-4b09-b4f7-ca819f087a9a202605010051341777618332148746103.sst
2026-05-01 06:52:12:218 - Compaction completed: 
2924384:COMPACT_START sstable=1 input_files: "sstable2/ef5d13ba-ee58-409f-92c3-37149c2417d4202605010051341777618310513251014.sst" input_files: "sstable2/951c81bd-466c-42c4-b413-51fe3211a963202605010051341777618310518374659.sst" compactIntoNextLevel: false destinationLevel: 2
2026-05-01 06:52:12:343 - Compaction started: 
139887353165376:Compacting sstable2/ef5d13ba-ee58-409f-92c3-37149c2417d4202605010051341777618310513251014.sst sstable2/951c81bd-466c-42c4-b413-51fe3211a963202605010051341777618310518374659.sst into:sstable2/0_e0f3e0ff-00aa-4b09-b4f7-ca819f087a9a202605010051341777618332386394055.sst
2026-05-01 06:52:12:452 - Compaction completed: 
2924384:COMPACT_START sstable=1 input_files: "sstable2/9bb60388-5f20-4122-af25-6df6a8876fc3202605010051341777618310676506343.sst" input_files: "sstable2/e0f3e0ff-00aa-4b09-b4f7-ca819f087a9a202605010051341777618310683243161.sst" compactIntoNextLevel: false destinationLevel: 2
2026-05-01 06:52:12:588 - Compaction started: 
139887353165376:Compacting sstable2/9bb60388-5f20-4122-af25-6df6a8876fc3202605010051341777618310676506343.sst sstable2/e0f3e0ff-00aa-4b09-b4f7-ca819f087a9a202605010051341777618310683243161.sst into:sstable2/0_e0f3e0ff-00aa-4b09-b4f7-ca819f087a9a202605010051341777618332634867198.sst
2026-05-01 06:52:12:722 - Compaction completed: 
2924384:COMPACT_START sstable=1 input_files: "sstable2/ef5d13ba-ee58-409f-92c3-37149c2417d4202605010051341777618310818089637.sst" input_files: "sstable2/951c81bd-466c-42c4-b413-51fe3211a963202605010051341777618310833521876.sst" compactIntoNextLevel: false destinationLevel: 2
2026-05-01 06:52:12:840 - Compaction started: 
139887353165376:Compacting sstable2/ef5d13ba-ee58-409f-92c3-37149c2417d4202605010051341777618310818089637.sst sstable2/951c81bd-466c-42c4-b413-51fe3211a963202605010051341777618310833521876.sst into:sstable2/0_e0f3e0ff-00aa-4b09-b4f7-ca819f087a9a202605010051341777618332885217180.sst
2026-05-01 06:52:12:951 - Compaction completed: 
2924384:COMPACT_START sstable=1 input_files: "sstable2/9bb60388-5f20-4122-af25-6df6a8876fc3202605010051341777618310986817425.sst" input_files: "sstable2/e0f3e0ff-00aa-4b09-b4f7-ca819f087a9a202605010051341777618310997517924.sst" compactIntoNextLevel: false destinationLevel: 2
2026-05-01 06:52:13:095 - Compaction started: 
139887353165376:Compacting sstable2/9bb60388-5f20-4122-af25-6df6a8876fc3202605010051341777618310986817425.sst sstable2/e0f3e0ff-00aa-4b09-b4f7-ca819f087a9a202605010051341777618310997517924.sst into:sstable2/0_e0f3e0ff-00aa-4b09-b4f7-ca819f087a9a202605010051341777618333136789283.sst
2026-05-01 06:52:13:199 - Compaction completed: 
2924384:COMPACT_START sstable=1 input_files: "sstable2/ef5d13ba-ee58-409f-92c3-37149c2417d4202605010051341777618311121206363.sst" input_files: "sstable2/951c81bd-466c-42c4-b413-51fe3211a963202605010051341777618311136911453.sst" compactIntoNextLevel: false destinationLevel: 2
2026-05-01 06:52:13:258 - Compaction started: 
139887353165376:Compacting sstable2/ef5d13ba-ee58-409f-92c3-37149c2417d4202605010051341777618311121206363.sst sstable2/951c81bd-466c-42c4-b413-51fe3211a963202605010051341777618311136911453.sst into:sstable2/0_e0f3e0ff-00aa-4b09-b4f7-ca819f087a9a202605010051341777618333298072565.sst
2026-05-01 06:52:13:357 - Compaction completed: 
2924384:COMPACT_START sstable=1 input_files: "sstable2/e0f3e0ff-00aa-4b09-b4f7-ca819f087a9a202605010051341777618311310172428.sst" input_files: "sstable2/ef5d13ba-ee58-409f-92c3-37149c2417d4202605010051341777618311325359397.sst" compactIntoNextLevel: false destinationLevel: 2
2026-05-01 06:52:13:423 - Compaction started: 
139887353165376:Compacting sstable2/e0f3e0ff-00aa-4b09-b4f7-ca819f087a9a202605010051341777618311310172428.sst sstable2/ef5d13ba-ee58-409f-92c3-37149c2417d4202605010051341777618311325359397.sst into:sstable2/0_e0f3e0ff-00aa-4b09-b4f7-ca819f087a9a202605010051341777618333463129131.sst
2026-05-01 06:52:13:521 - Compaction completed: 
2924384:COMPACT_START sstable=1 input_files: "sstable2/951c81bd-466c-42c4-b413-51fe3211a963202605010051341777618311450651703.sst" input_files: "sstable2/e0f3e0ff-00aa-4b09-b4f7-ca819f087a9a202605010051341777618311513678068.sst" compactIntoNextLevel: false destinationLevel: 2
2924384:COMPACT_ABORT input_files: "sstable2/951c81bd-466c-42c4-b413-51fe3211a963202605010051341777618311450651703.sst" input_files: "sstable2/e0f3e0ff-00aa-4b09-b4f7-ca819f087a9a202605010051341777618311513678068.sst" compactIntoNextLevel: false destinationLevel: 2
2924384:COMPACT_START sstable=1 input_files: "sstable2/ef5d13ba-ee58-409f-92c3-37149c2417d4202605010051341777618311641285394.sst" input_files: "sstable2/951c81bd-466c-42c4-b413-51fe3211a963202605010051341777618311666795173.sst" compactIntoNextLevel: false destinationLevel: 2
2026-05-01 06:52:13:818 - Compaction started: 
139887353165376:Compacting sstable2/ef5d13ba-ee58-409f-92c3-37149c2417d4202605010051341777618311641285394.sst sstable2/951c81bd-466c-42c4-b413-51fe3211a963202605010051341777618311666795173.sst into:sstable2/0_e0f3e0ff-00aa-4b09-b4f7-ca819f087a9a202605010051341777618333861790349.sst
2026-05-01 06:52:13:922 - Compaction completed: 
2924384:COMPACT_START sstable=1 input_files: "sstable2/ef5d13ba-ee58-409f-92c3-37149c2417d4202605010051341777618318129687367.sst" input_files: "sstable2/e0f3e0ff-00aa-4b09-b4f7-ca819f087a9a202605010051341777618311830176488.sst" compactIntoNextLevel: false destinationLevel: 2
2026-05-01 06:52:13:992 - Compaction started: 
139887353165376:Compacting sstable2/ef5d13ba-ee58-409f-92c3-37149c2417d4202605010051341777618318129687367.sst sstable2/e0f3e0ff-00aa-4b09-b4f7-ca819f087a9a202605010051341777618311830176488.sst into:sstable2/0_e0f3e0ff-00aa-4b09-b4f7-ca819f087a9a202605010051341777618334039808131.sst
2026-05-01 06:52:14:101 - Compaction completed: 
2924384:Task input_files: "sstable2/ef5d13ba-ee58-409f-92c3-37149c2417d4202605010051341777618311019982094.sst" input_files: "sstable2/951c81bd-466c-42c4-b413-51fe3211a963202605010051341777618311035017318.sst" compactIntoNextLevel: false destinationLevel: 2 is dead (hb=31)
2924384:Found dead task input_files: "sstable2/ef5d13ba-ee58-409f-92c3-37149c2417d4202605010051341777618311019982094.sst" input_files: "sstable2/951c81bd-466c-42c4-b413-51fe3211a963202605010051341777618311035017318.sst" compactIntoNextLevel: false destinationLevel: 2
2924384:COMPACT_START sstable=1 input_files: "sstable2/ef5d13ba-ee58-409f-92c3-37149c2417d4202605010051341777618311019982094.sst" input_files: "sstable2/951c81bd-466c-42c4-b413-51fe3211a963202605010051341777618311035017318.sst" compactIntoNextLevel: false destinationLevel: 2
2026-05-01 06:52:16:361 - Compaction started: 
139887353165376:Compacting sstable2/ef5d13ba-ee58-409f-92c3-37149c2417d4202605010051341777618311019982094.sst sstable2/951c81bd-466c-42c4-b413-51fe3211a963202605010051341777618311035017318.sst into:sstable2/e0f3e0ff-00aa-4b09-b4f7-ca819f087a9a202605010051341777618336408817772.sst
2026-05-01 06:52:16:472 - Compaction completed: 
2924384:Task input_files: "sstable2/951c81bd-466c-42c4-b413-51fe3211a963202605010051341777618311450651703.sst" input_files: "sstable2/e0f3e0ff-00aa-4b09-b4f7-ca819f087a9a202605010051341777618311513678068.sst" compactIntoNextLevel: false destinationLevel: 2 is dead (hb=30)
2924384:Found dead task input_files: "sstable2/951c81bd-466c-42c4-b413-51fe3211a963202605010051341777618311450651703.sst" input_files: "sstable2/e0f3e0ff-00aa-4b09-b4f7-ca819f087a9a202605010051341777618311513678068.sst" compactIntoNextLevel: false destinationLevel: 2
2924384:COMPACT_START sstable=1 input_files: "sstable2/951c81bd-466c-42c4-b413-51fe3211a963202605010051341777618311450651703.sst" input_files: "sstable2/e0f3e0ff-00aa-4b09-b4f7-ca819f087a9a202605010051341777618311513678068.sst" compactIntoNextLevel: false destinationLevel: 2
2026-05-01 06:52:16:731 - Compaction started: 
139887353165376:Compacting sstable2/951c81bd-466c-42c4-b413-51fe3211a963202605010051341777618311450651703.sst sstable2/e0f3e0ff-00aa-4b09-b4f7-ca819f087a9a202605010051341777618311513678068.sst into:sstable2/e0f3e0ff-00aa-4b09-b4f7-ca819f087a9a202605010051341777618336778269104.sst
2026-05-01 06:52:16:840 - Compaction completed: 
2026-05-01 06:52:34:350 60 sec: 308343 operations; 6235.77 current ops/sec; est completion in 2 days 6 hours [READ: Count=187075, Max=1098751, Min=21, Avg=159.53, 90=165, 99=203, 99.9=285, 99.99=31679] 
