# CMD: /usr/lib/jvm/java-8-openjdk-amd64/bin/java -cp /users/Xinying/ozonedb/ycsb/ozonedb/conf:/users/Xinying/ozonedb/ycsb/ozonedb/target/ozonedb-binding-0.18.0-SNAPSHOT.jar:/users/Xinying/.m2/repository/org/apache/htrace/htrace-core4/4.1.0-incubating/htrace-core4-4.1.0-incubating.jar:/users/Xinying/.m2/repository/org/slf4j/slf4j-api/1.7.25/slf4j-api-1.7.25.jar:/users/Xinying/.m2/repository/org/hdrhistogram/HdrHistogram/2.1.12/HdrHistogram-2.1.12.jar:/users/Xinying/.m2/repository/ch/qos/logback/logback-classic/1.2.3/logback-classic-1.2.3.jar:/users/Xinying/.m2/repository/ozonedbjnimaven/demoproc-jni/1.0/demoproc-jni-1.0.jar:/users/Xinying/.m2/repository/ch/qos/logback/logback-core/1.2.3/logback-core-1.2.3.jar:/users/Xinying/.m2/repository/org/codehaus/jackson/jackson-mapper-asl/1.9.4/jackson-mapper-asl-1.9.4.jar:/users/Xinying/.m2/repository/org/slf4j/slf4j-simple/1.7.25/slf4j-simple-1.7.25.jar:/users/Xinying/.m2/repository/org/codehaus/jackson/jackson-core-asl/1.9.4/jackson-core-asl-1.9.4.jar:/users/Xinying/ozonedb/ycsb/core/target/core-0.18.0-SNAPSHOT.jar site.ycsb.Client -db site.ycsb.db.OzoneDBClient -threads 1 -s -P /users/Xinying/ozonedb/ycsb/workloads/generated_workloads/workloadc_1KB_1000000_1000000 -p status.interval=30 -p requestdistribution=uniform -p operationcount=1000000000 -p maxexecutiontime=660 -p shared_config=/tmp/churn_v4_configs/shared_config_varyR_n4_r1pct_rep3.json -t
# env OZONEDB_CHURN_ABORT_RATE=0.01
Command line: -db site.ycsb.db.OzoneDBClient -threads 1 -s -P /users/Xinying/ozonedb/ycsb/workloads/generated_workloads/workloadc_1KB_1000000_1000000 -p status.interval=30 -p requestdistribution=uniform -p operationcount=1000000000 -p maxexecutiontime=660 -p shared_config=/tmp/churn_v4_configs/shared_config_varyR_n4_r1pct_rep3.json -t
YCSB Client 0.18.0-SNAPSHOT

Loading workload...
Starting test.
SLF4J: Class path contains multiple SLF4J bindings.
SLF4J: Found binding in [jar:file:/users/Xinying/.m2/repository/ch/qos/logback/logback-classic/1.2.3/logback-classic-1.2.3.jar!/org/slf4j/impl/StaticLoggerBinder.class]
SLF4J: Found binding in [jar:file:/users/Xinying/.m2/repository/org/slf4j/slf4j-simple/1.7.25/slf4j-simple-1.7.25.jar!/org/slf4j/impl/StaticLoggerBinder.class]
SLF4J: See http://www.slf4j.org/codes.html#multiple_bindings for an explanation.
SLF4J: Actual binding is of type [ch.qos.logback.classic.util.ContextSelectorStaticBinder]
Maximum execution time specified as: 660 secs
2026-05-01 06:37:08:253 0 sec: 0 operations; est completion in 0 second 
Starting compaction watcher
DBWrapper: report latency for each error is false and specific error codes to track for latency are: []
2888861:COMPACT_START sstable=0 input_files: "datalog/7" input_files: "datalog/8" compactIntoNextLevel: true destinationLevel: 1
2026-05-01 06:37:08:323 - Compaction started: 
139788074075712:Compacting datalog/7 datalog/8 into:sstable1/8ae1e8ce-114a-48f8-ae6f-fa15cfa9b9fd202605010037081777617428458194005.sst
2026-05-01 06:37:08:485 - Compaction completed: 
2888861:COMPACT_START sstable=0 input_files: "datalog/13" input_files: "datalog/14" compactIntoNextLevel: true destinationLevel: 1
2026-05-01 06:37:08:535 - Compaction started: 
139788074075712:Compacting datalog/13 datalog/14 into:sstable1/8ae1e8ce-114a-48f8-ae6f-fa15cfa9b9fd202605010037081777617428565927110.sst
2026-05-01 06:37:08:587 - Compaction completed: 
2888861:COMPACT_START sstable=0 input_files: "datalog/19" input_files: "datalog/20" compactIntoNextLevel: true destinationLevel: 1
2026-05-01 06:37:08:638 - Compaction started: 
139788074075712:Compacting datalog/19 datalog/20 into:sstable1/8ae1e8ce-114a-48f8-ae6f-fa15cfa9b9fd202605010037081777617428752845755.sst
2026-05-01 06:37:08:800 - Compaction completed: 
2888861:COMPACT_START sstable=0 input_files: "datalog/29" input_files: "datalog/30" compactIntoNextLevel: true destinationLevel: 1
2026-05-01 06:37:08:844 - Compaction started: 
139788074075712:Compacting datalog/29 datalog/30 into:sstable1/8ae1e8ce-114a-48f8-ae6f-fa15cfa9b9fd202605010037081777617428872743453.sst
2026-05-01 06:37:08:896 - Compaction completed: 
2888861:COMPACT_START sstable=0 input_files: "datalog/35" input_files: "datalog/36" compactIntoNextLevel: true destinationLevel: 1
2026-05-01 06:37:08:948 - Compaction started: 
139788074075712:Compacting datalog/35 datalog/36 into:sstable1/8ae1e8ce-114a-48f8-ae6f-fa15cfa9b9fd202605010037081777617428953285496.sst
2026-05-01 06:37:08:976 - Compaction completed: 
2888861:COMPACT_START sstable=0 input_files: "datalog/41" input_files: "datalog/42" compactIntoNextLevel: true destinationLevel: 1
2026-05-01 06:37:09:051 - Compaction started: 
139788074075712:Compacting datalog/41 datalog/42 into:sstable1/8ae1e8ce-114a-48f8-ae6f-fa15cfa9b9fd202605010037081777617429058761269.sst
2026-05-01 06:37:09:082 - Compaction completed: 
2888861:COMPACT_START sstable=0 input_files: "datalog/45" input_files: "datalog/46" compactIntoNextLevel: true destinationLevel: 1
2026-05-01 06:37:09:153 - Compaction started: 
139788074075712:Compacting datalog/45 datalog/46 into:sstable1/8ae1e8ce-114a-48f8-ae6f-fa15cfa9b9fd202605010037081777617429157768578.sst
2026-05-01 06:37:09:180 - Compaction completed: 
2888861:COMPACT_START sstable=0 input_files: "datalog/53" input_files: "datalog/54" compactIntoNextLevel: true destinationLevel: 1
2026-05-01 06:37:09:273 - Compaction started: 
139788074075712:Compacting datalog/53 datalog/54 into:sstable1/8ae1e8ce-114a-48f8-ae6f-fa15cfa9b9fd202605010037081777617429277052846.sst
2026-05-01 06:37:09:295 - Compaction completed: 
2888861:COMPACT_START sstable=0 input_files: "datalog/57" input_files: "datalog/58" compactIntoNextLevel: true destinationLevel: 1
2026-05-01 06:37:09:374 - Compaction started: 
139788074075712:Compacting datalog/57 datalog/58 into:sstable1/8ae1e8ce-114a-48f8-ae6f-fa15cfa9b9fd202605010037081777617429378213581.sst
2026-05-01 06:37:09:396 - Compaction completed: 
2888861:COMPACT_START sstable=0 input_files: "datalog/65" input_files: "datalog/66" compactIntoNextLevel: true destinationLevel: 1
2026-05-01 06:37:09:476 - Compaction started: 
139788074075712:Compacting datalog/65 datalog/66 into:sstable1/8ae1e8ce-114a-48f8-ae6f-fa15cfa9b9fd202605010037081777617429585662081.sst
2026-05-01 06:37:09:606 - Compaction completed: 
2888861:COMPACT_START sstable=0 input_files: "datalog/79" input_files: "datalog/80" compactIntoNextLevel: true destinationLevel: 1
2026-05-01 06:37:09:679 - Compaction started: 
139788074075712:Compacting datalog/79 datalog/80 into:sstable1/8ae1e8ce-114a-48f8-ae6f-fa15cfa9b9fd202605010037081777617429692232456.sst
2026-05-01 06:37:09:714 - Compaction completed: 
2888861:COMPACT_START sstable=0 input_files: "datalog/87" input_files: "datalog/88" compactIntoNextLevel: true destinationLevel: 1
2026-05-01 06:37:09:781 - Compaction started: 
139788074075712:Compacting datalog/87 datalog/88 into:sstable1/8ae1e8ce-114a-48f8-ae6f-fa15cfa9b9fd202605010037081777617429788026130.sst
2026-05-01 06:37:09:810 - Compaction completed: 
2888861:COMPACT_START sstable=0 input_files: "datalog/95" input_files: "datalog/96" compactIntoNextLevel: true destinationLevel: 1
2026-05-01 06:37:09:883 - Compaction started: 
139788074075712:Compacting datalog/95 datalog/96 into:sstable1/8ae1e8ce-114a-48f8-ae6f-fa15cfa9b9fd202605010037081777617429888405920.sst
2026-05-01 06:37:09:910 - Compaction completed: 
2888861:COMPACT_START sstable=0 input_files: "datalog/103" input_files: "datalog/104" compactIntoNextLevel: true destinationLevel: 1
2026-05-01 06:37:09:984 - Compaction started: 
139788074075712:Compacting datalog/103 datalog/104 into:sstable1/8ae1e8ce-114a-48f8-ae6f-fa15cfa9b9fd202605010037081777617429988089475.sst
2026-05-01 06:37:10:008 - Compaction completed: 
2888861:COMPACT_START sstable=0 input_files: "datalog/111" input_files: "datalog/112" compactIntoNextLevel: true destinationLevel: 1
2026-05-01 06:37:10:086 - Compaction started: 
139788074075712:Compacting datalog/111 datalog/112 into:sstable1/8ae1e8ce-114a-48f8-ae6f-fa15cfa9b9fd202605010037081777617430088850601.sst
2026-05-01 06:37:10:108 - Compaction completed: 
2888861:COMPACT_START sstable=0 input_files: "datalog/119" input_files: "datalog/120" compactIntoNextLevel: true destinationLevel: 1
2026-05-01 06:37:10:187 - Compaction started: 
139788074075712:Compacting datalog/119 datalog/120 into:sstable1/8ae1e8ce-114a-48f8-ae6f-fa15cfa9b9fd202605010037081777617430191010859.sst
2026-05-01 06:37:10:211 - Compaction completed: 
2888861:COMPACT_START sstable=0 input_files: "datalog/127" input_files: "datalog/128" compactIntoNextLevel: true destinationLevel: 1
2026-05-01 06:37:10:288 - Compaction started: 
139788074075712:Compacting datalog/127 datalog/128 into:sstable1/8ae1e8ce-114a-48f8-ae6f-fa15cfa9b9fd202605010037081777617430291615411.sst
2026-05-01 06:37:10:312 - Compaction completed: 
2888861:COMPACT_START sstable=0 input_files: "datalog/135" input_files: "datalog/136" compactIntoNextLevel: true destinationLevel: 1
2026-05-01 06:37:10:389 - Compaction started: 
139788074075712:Compacting datalog/135 datalog/136 into:sstable1/8ae1e8ce-114a-48f8-ae6f-fa15cfa9b9fd202605010037081777617430392534292.sst
2026-05-01 06:37:10:411 - Compaction completed: 
2888861:COMPACT_START sstable=0 input_files: "datalog/143" input_files: "datalog/144" compactIntoNextLevel: true destinationLevel: 1
2026-05-01 06:37:10:490 - Compaction started: 
139788074075712:Compacting datalog/143 datalog/144 into:sstable1/8ae1e8ce-114a-48f8-ae6f-fa15cfa9b9fd202605010037081777617430492689792.sst
2026-05-01 06:37:10:507 - Compaction completed: 
2888861:COMPACT_START sstable=0 input_files: "datalog/151" input_files: "datalog/152" compactIntoNextLevel: true destinationLevel: 1
2026-05-01 06:37:10:592 - Compaction started: 
139788074075712:Compacting datalog/151 datalog/152 into:sstable1/8ae1e8ce-114a-48f8-ae6f-fa15cfa9b9fd202605010037081777617430594805186.sst
2026-05-01 06:37:10:612 - Compaction completed: 
2888861:COMPACT_START sstable=0 input_files: "datalog/159" input_files: "datalog/160" compactIntoNextLevel: true destinationLevel: 1
2026-05-01 06:37:10:693 - Compaction started: 
139788074075712:Compacting datalog/159 datalog/160 into:sstable1/8ae1e8ce-114a-48f8-ae6f-fa15cfa9b9fd202605010037081777617430695964088.sst
2026-05-01 06:37:10:714 - Compaction completed: 
2888861:COMPACT_START sstable=0 input_files: "datalog/167" input_files: "datalog/168" compactIntoNextLevel: true destinationLevel: 1
2026-05-01 06:37:10:794 - Compaction started: 
139788074075712:Compacting datalog/167 datalog/168 into:sstable1/8ae1e8ce-114a-48f8-ae6f-fa15cfa9b9fd202605010037081777617430796895191.sst
2026-05-01 06:37:10:815 - Compaction completed: 
2888861:COMPACT_START sstable=0 input_files: "datalog/175" input_files: "datalog/176" compactIntoNextLevel: true destinationLevel: 1
2026-05-01 06:37:10:895 - Compaction started: 
139788074075712:Compacting datalog/175 datalog/176 into:sstable1/8ae1e8ce-114a-48f8-ae6f-fa15cfa9b9fd202605010037081777617430898227668.sst
2026-05-01 06:37:10:915 - Compaction completed: 
2888861:COMPACT_START sstable=0 input_files: "datalog/183" input_files: "datalog/184" compactIntoNextLevel: true destinationLevel: 1
2026-05-01 06:37:10:996 - Compaction started: 
139788074075712:Compacting datalog/183 datalog/184 into:sstable1/8ae1e8ce-114a-48f8-ae6f-fa15cfa9b9fd202605010037081777617430999296891.sst
2026-05-01 06:37:11:016 - Compaction completed: 
2888861:COMPACT_START sstable=0 input_files: "datalog/191" input_files: "datalog/192" compactIntoNextLevel: true destinationLevel: 1
2026-05-01 06:37:11:098 - Compaction started: 
139788074075712:Compacting datalog/191 datalog/192 into:sstable1/8ae1e8ce-114a-48f8-ae6f-fa15cfa9b9fd202605010037081777617431100352468.sst
2026-05-01 06:37:11:118 - Compaction completed: 
2888861:COMPACT_START sstable=0 input_files: "datalog/199" input_files: "datalog/200" compactIntoNextLevel: true destinationLevel: 1
2026-05-01 06:37:11:199 - Compaction started: 
139788074075712:Compacting datalog/199 datalog/200 into:sstable1/8ae1e8ce-114a-48f8-ae6f-fa15cfa9b9fd202605010037081777617431201807234.sst
2026-05-01 06:37:11:219 - Compaction completed: 
2888861:COMPACT_START sstable=0 input_files: "datalog/207" input_files: "datalog/208" compactIntoNextLevel: true destinationLevel: 1
2026-05-01 06:37:11:306 - Compaction started: 
139788074075712:Compacting datalog/207 datalog/208 into:sstable1/8ae1e8ce-114a-48f8-ae6f-fa15cfa9b9fd202605010037081777617431312290424.sst
2026-05-01 06:37:11:334 - Compaction completed: 
2888861:COMPACT_START sstable=0 input_files: "datalog/215" input_files: "datalog/216" compactIntoNextLevel: true destinationLevel: 1
2026-05-01 06:37:11:409 - Compaction started: 
139788074075712:Compacting datalog/215 datalog/216 into:sstable1/8ae1e8ce-114a-48f8-ae6f-fa15cfa9b9fd202605010037081777617431412683499.sst
2026-05-01 06:37:11:430 - Compaction completed: 
2888861:COMPACT_START sstable=0 input_files: "datalog/223" input_files: "datalog/224" compactIntoNextLevel: true destinationLevel: 1
2026-05-01 06:37:11:512 - Compaction started: 
139788074075712:Compacting datalog/223 datalog/224 into:sstable1/8ae1e8ce-114a-48f8-ae6f-fa15cfa9b9fd202605010037081777617431515389922.sst
2026-05-01 06:37:11:532 - Compaction completed: 
2888861:COMPACT_START sstable=0 input_files: "datalog/231" input_files: "datalog/232" compactIntoNextLevel: true destinationLevel: 1
2026-05-01 06:37:11:614 - Compaction started: 
139788074075712:Compacting datalog/231 datalog/232 into:sstable1/8ae1e8ce-114a-48f8-ae6f-fa15cfa9b9fd202605010037081777617431617448920.sst
2026-05-01 06:37:11:640 - Compaction completed: 
2888861:COMPACT_START sstable=0 input_files: "datalog/239" input_files: "datalog/240" compactIntoNextLevel: true destinationLevel: 1
2026-05-01 06:37:11:717 - Compaction started: 
139788074075712:Compacting datalog/239 datalog/240 into:sstable1/8ae1e8ce-114a-48f8-ae6f-fa15cfa9b9fd202605010037081777617431720202701.sst
2026-05-01 06:37:11:737 - Compaction completed: 
2888861:COMPACT_START sstable=0 input_files: "datalog/247" input_files: "datalog/248" compactIntoNextLevel: true destinationLevel: 1
2026-05-01 06:37:11:819 - Compaction started: 
139788074075712:Compacting datalog/247 datalog/248 into:sstable1/8ae1e8ce-114a-48f8-ae6f-fa15cfa9b9fd202605010037081777617431823859014.sst
2026-05-01 06:37:11:841 - Compaction completed: 
2888861:COMPACT_START sstable=0 input_files: "datalog/255" input_files: "datalog/256" compactIntoNextLevel: true destinationLevel: 1
2026-05-01 06:37:11:922 - Compaction started: 
139788074075712:Compacting datalog/255 datalog/256 into:sstable1/8ae1e8ce-114a-48f8-ae6f-fa15cfa9b9fd202605010037081777617431925201719.sst
2026-05-01 06:37:11:942 - Compaction completed: 
2888861:COMPACT_START sstable=0 input_files: "datalog/263" input_files: "datalog/264" compactIntoNextLevel: true destinationLevel: 1
2026-05-01 06:37:12:025 - Compaction started: 
139788074075712:Compacting datalog/263 datalog/264 into:sstable1/8ae1e8ce-114a-48f8-ae6f-fa15cfa9b9fd202605010037081777617432028226367.sst
2026-05-01 06:37:12:045 - Compaction completed: 
2888861:COMPACT_START sstable=0 input_files: "datalog/271" input_files: "datalog/272" compactIntoNextLevel: true destinationLevel: 1
2026-05-01 06:37:12:127 - Compaction started: 
139788074075712:Compacting datalog/271 datalog/272 into:sstable1/8ae1e8ce-114a-48f8-ae6f-fa15cfa9b9fd202605010037081777617432130487696.sst
2026-05-01 06:37:12:146 - Compaction completed: 
2888861:COMPACT_START sstable=0 input_files: "datalog/279" input_files: "datalog/280" compactIntoNextLevel: true destinationLevel: 1
2026-05-01 06:37:12:230 - Compaction started: 
139788074075712:Compacting datalog/279 datalog/280 into:sstable1/8ae1e8ce-114a-48f8-ae6f-fa15cfa9b9fd202605010037081777617432233134576.sst
2026-05-01 06:37:12:249 - Compaction completed: 
2888861:COMPACT_START sstable=0 input_files: "datalog/287" input_files: "datalog/288" compactIntoNextLevel: true destinationLevel: 1
2026-05-01 06:37:12:332 - Compaction started: 
139788074075712:Compacting datalog/287 datalog/288 into:sstable1/8ae1e8ce-114a-48f8-ae6f-fa15cfa9b9fd202605010037081777617432335359785.sst
2026-05-01 06:37:12:352 - Compaction completed: 
2888861:COMPACT_START sstable=0 input_files: "datalog/295" input_files: "datalog/296" compactIntoNextLevel: true destinationLevel: 1
2026-05-01 06:37:12:434 - Compaction started: 
139788074075712:Compacting datalog/295 datalog/296 into:sstable1/8ae1e8ce-114a-48f8-ae6f-fa15cfa9b9fd202605010037081777617432437900868.sst
2026-05-01 06:37:12:455 - Compaction completed: 
2888861:COMPACT_START sstable=0 input_files: "datalog/303" input_files: "datalog/304" compactIntoNextLevel: true destinationLevel: 1
2026-05-01 06:37:12:537 - Compaction started: 
139788074075712:Compacting datalog/303 datalog/304 into:sstable1/8ae1e8ce-114a-48f8-ae6f-fa15cfa9b9fd202605010037081777617432540120918.sst
2026-05-01 06:37:12:557 - Compaction completed: 
2888861:COMPACT_START sstable=0 input_files: "datalog/311" input_files: "datalog/312" compactIntoNextLevel: true destinationLevel: 1
2026-05-01 06:37:12:639 - Compaction started: 
139788074075712:Compacting datalog/311 datalog/312 into:sstable1/8ae1e8ce-114a-48f8-ae6f-fa15cfa9b9fd202605010037081777617432643008630.sst
2026-05-01 06:37:12:660 - Compaction completed: 
2888861:COMPACT_START sstable=0 input_files: "datalog/319" input_files: "datalog/320" compactIntoNextLevel: true destinationLevel: 1
2026-05-01 06:37:12:742 - Compaction started: 
139788074075712:Compacting datalog/319 datalog/320 into:sstable1/8ae1e8ce-114a-48f8-ae6f-fa15cfa9b9fd202605010037081777617432746144688.sst
2026-05-01 06:37:12:767 - Compaction completed: 
2888861:COMPACT_START sstable=0 input_files: "datalog/327" input_files: "datalog/328" compactIntoNextLevel: true destinationLevel: 1
2026-05-01 06:37:12:843 - Compaction started: 
139788074075712:Compacting datalog/327 datalog/328 into:sstable1/8ae1e8ce-114a-48f8-ae6f-fa15cfa9b9fd202605010037081777617432846664250.sst
2026-05-01 06:37:12:862 - Compaction completed: 
2888861:COMPACT_START sstable=0 input_files: "datalog/335" input_files: "datalog/336" compactIntoNextLevel: true destinationLevel: 1
2026-05-01 06:37:12:946 - Compaction started: 
139788074075712:Compacting datalog/335 datalog/336 into:sstable1/8ae1e8ce-114a-48f8-ae6f-fa15cfa9b9fd202605010037081777617432949000478.sst
2026-05-01 06:37:12:966 - Compaction completed: 
2888861:COMPACT_START sstable=0 input_files: "datalog/345" input_files: "datalog/346" compactIntoNextLevel: true destinationLevel: 1
2026-05-01 06:37:13:048 - Compaction started: 
139788074075712:Compacting datalog/345 datalog/346 into:sstable1/8ae1e8ce-114a-48f8-ae6f-fa15cfa9b9fd202605010037081777617433051045029.sst
2026-05-01 06:37:13:066 - Compaction completed: 
2888861:COMPACT_START sstable=0 input_files: "datalog/353" input_files: "datalog/354" compactIntoNextLevel: true destinationLevel: 1
2026-05-01 06:37:13:149 - Compaction started: 
139788074075712:Compacting datalog/353 datalog/354 into:sstable1/8ae1e8ce-114a-48f8-ae6f-fa15cfa9b9fd202605010037081777617433152630530.sst
2026-05-01 06:37:13:169 - Compaction completed: 
2888861:COMPACT_START sstable=0 input_files: "datalog/361" input_files: "datalog/362" compactIntoNextLevel: true destinationLevel: 1
2026-05-01 06:37:13:250 - Compaction started: 
139788074075712:Compacting datalog/361 datalog/362 into:sstable1/8ae1e8ce-114a-48f8-ae6f-fa15cfa9b9fd202605010037081777617433253441159.sst
2026-05-01 06:37:13:270 - Compaction completed: 
2888861:COMPACT_START sstable=0 input_files: "datalog/369" input_files: "datalog/370" compactIntoNextLevel: true destinationLevel: 1
2026-05-01 06:37:13:351 - Compaction started: 
139788074075712:Compacting datalog/369 datalog/370 into:sstable1/8ae1e8ce-114a-48f8-ae6f-fa15cfa9b9fd202605010037081777617433354606652.sst
2026-05-01 06:37:13:372 - Compaction completed: 
2888861:COMPACT_START sstable=0 input_files: "datalog/377" input_files: "datalog/378" compactIntoNextLevel: true destinationLevel: 1
2026-05-01 06:37:13:452 - Compaction started: 
139788074075712:Compacting datalog/377 datalog/378 into:sstable1/8ae1e8ce-114a-48f8-ae6f-fa15cfa9b9fd202605010037081777617433455177009.sst
2026-05-01 06:37:13:470 - Compaction completed: 
2888861:COMPACT_START sstable=0 input_files: "datalog/385" input_files: "datalog/386" compactIntoNextLevel: true destinationLevel: 1
2026-05-01 06:37:13:554 - Compaction started: 
139788074075712:Compacting datalog/385 datalog/386 into:sstable1/8ae1e8ce-114a-48f8-ae6f-fa15cfa9b9fd202605010037081777617433556515687.sst
2026-05-01 06:37:13:572 - Compaction completed: 
2888861:COMPACT_START sstable=0 input_files: "datalog/393" input_files: "datalog/394" compactIntoNextLevel: true destinationLevel: 1
2026-05-01 06:37:13:655 - Compaction started: 
139788074075712:Compacting datalog/393 datalog/394 into:sstable1/8ae1e8ce-114a-48f8-ae6f-fa15cfa9b9fd202605010037081777617433657694115.sst
2026-05-01 06:37:13:673 - Compaction completed: 
2888861:COMPACT_START sstable=0 input_files: "datalog/401" input_files: "datalog/402" compactIntoNextLevel: true destinationLevel: 1
2026-05-01 06:37:13:756 - Compaction started: 
139788074075712:Compacting datalog/401 datalog/402 into:sstable1/8ae1e8ce-114a-48f8-ae6f-fa15cfa9b9fd202605010037081777617433759345620.sst
2026-05-01 06:37:13:776 - Compaction completed: 
2888861:COMPACT_START sstable=0 input_files: "datalog/409" input_files: "datalog/410" compactIntoNextLevel: true destinationLevel: 1
2026-05-01 06:37:13:857 - Compaction started: 
139788074075712:Compacting datalog/409 datalog/410 into:sstable1/8ae1e8ce-114a-48f8-ae6f-fa15cfa9b9fd202605010037081777617433860594219.sst
2026-05-01 06:37:13:877 - Compaction completed: 
2888861:COMPACT_START sstable=0 input_files: "datalog/417" input_files: "datalog/418" compactIntoNextLevel: true destinationLevel: 1
2026-05-01 06:37:13:958 - Compaction started: 
139788074075712:Compacting datalog/417 datalog/418 into:sstable1/8ae1e8ce-114a-48f8-ae6f-fa15cfa9b9fd202605010037081777617433961751597.sst
2026-05-01 06:37:13:978 - Compaction completed: 
2888861:COMPACT_START sstable=0 input_files: "datalog/425" input_files: "datalog/426" compactIntoNextLevel: true destinationLevel: 1
2026-05-01 06:37:14:059 - Compaction started: 
139788074075712:Compacting datalog/425 datalog/426 into:sstable1/8ae1e8ce-114a-48f8-ae6f-fa15cfa9b9fd202605010037081777617434062764304.sst
2026-05-01 06:37:14:077 - Compaction completed: 
2888861:COMPACT_START sstable=0 input_files: "datalog/433" input_files: "datalog/434" compactIntoNextLevel: true destinationLevel: 1
2026-05-01 06:37:14:161 - Compaction started: 
139788074075712:Compacting datalog/433 datalog/434 into:sstable1/8ae1e8ce-114a-48f8-ae6f-fa15cfa9b9fd202605010037081777617434163937141.sst
2026-05-01 06:37:14:178 - Compaction completed: 
2888861:COMPACT_START sstable=0 input_files: "datalog/441" input_files: "datalog/442" compactIntoNextLevel: true destinationLevel: 1
2026-05-01 06:37:14:262 - Compaction started: 
139788074075712:Compacting datalog/441 datalog/442 into:sstable1/8ae1e8ce-114a-48f8-ae6f-fa15cfa9b9fd202605010037081777617434265017986.sst
2026-05-01 06:37:14:279 - Compaction completed: 
2888861:COMPACT_START sstable=0 input_files: "datalog/447" input_files: "datalog/448" compactIntoNextLevel: true destinationLevel: 1
2026-05-01 06:37:14:363 - Compaction started: 
139788074075712:Compacting datalog/447 datalog/448 into:sstable1/8ae1e8ce-114a-48f8-ae6f-fa15cfa9b9fd202605010037081777617434366067161.sst
2026-05-01 06:37:14:381 - Compaction completed: 
2888861:COMPACT_START sstable=0 input_files: "datalog/457" input_files: "datalog/458" compactIntoNextLevel: true destinationLevel: 1
2026-05-01 06:37:14:464 - Compaction started: 
139788074075712:Compacting datalog/457 datalog/458 into:sstable1/8ae1e8ce-114a-48f8-ae6f-fa15cfa9b9fd202605010037081777617434467476663.sst
2026-05-01 06:37:14:482 - Compaction completed: 
2888861:COMPACT_START sstable=0 input_files: "datalog/465" input_files: "datalog/466" compactIntoNextLevel: true destinationLevel: 1
2026-05-01 06:37:14:565 - Compaction started: 
139788074075712:Compacting datalog/465 datalog/466 into:sstable1/8ae1e8ce-114a-48f8-ae6f-fa15cfa9b9fd202605010037081777617434568953249.sst
2026-05-01 06:37:14:584 - Compaction completed: 
2888861:COMPACT_START sstable=0 input_files: "datalog/473" input_files: "datalog/474" compactIntoNextLevel: true destinationLevel: 1
2026-05-01 06:37:14:667 - Compaction started: 
139788074075712:Compacting datalog/473 datalog/474 into:sstable1/8ae1e8ce-114a-48f8-ae6f-fa15cfa9b9fd202605010037081777617434670122519.sst
2026-05-01 06:37:14:685 - Compaction completed: 
2888861:COMPACT_START sstable=0 input_files: "datalog/481" input_files: "datalog/482" compactIntoNextLevel: true destinationLevel: 1
2026-05-01 06:37:14:768 - Compaction started: 
139788074075712:Compacting datalog/481 datalog/482 into:sstable1/8ae1e8ce-114a-48f8-ae6f-fa15cfa9b9fd202605010037081777617434771314833.sst
2026-05-01 06:37:14:787 - Compaction completed: 
2888861:COMPACT_START sstable=0 input_files: "datalog/489" input_files: "datalog/490" compactIntoNextLevel: true destinationLevel: 1
2026-05-01 06:37:14:869 - Compaction started: 
139788074075712:Compacting datalog/489 datalog/490 into:sstable1/8ae1e8ce-114a-48f8-ae6f-fa15cfa9b9fd202605010037081777617434872417479.sst
2026-05-01 06:37:14:887 - Compaction completed: 
2888861:COMPACT_START sstable=0 input_files: "datalog/497" input_files: "datalog/498" compactIntoNextLevel: true destinationLevel: 1
2026-05-01 06:37:14:970 - Compaction started: 
139788074075712:Compacting datalog/497 datalog/498 into:sstable1/8ae1e8ce-114a-48f8-ae6f-fa15cfa9b9fd202605010037081777617434973633597.sst
2026-05-01 06:37:14:988 - Compaction completed: 
2888861:COMPACT_START sstable=0 input_files: "datalog/505" input_files: "datalog/506" compactIntoNextLevel: true destinationLevel: 1
2026-05-01 06:37:15:072 - Compaction started: 
139788074075712:Compacting datalog/505 datalog/506 into:sstable1/8ae1e8ce-114a-48f8-ae6f-fa15cfa9b9fd202605010037081777617435075151321.sst
2026-05-01 06:37:15:090 - Compaction completed: 
2888861:COMPACT_START sstable=0 input_files: "datalog/513" input_files: "datalog/514" compactIntoNextLevel: true destinationLevel: 1
2026-05-01 06:37:15:173 - Compaction started: 
139788074075712:Compacting datalog/513 datalog/514 into:sstable1/8ae1e8ce-114a-48f8-ae6f-fa15cfa9b9fd202605010037081777617435176175439.sst
2026-05-01 06:37:15:190 - Compaction completed: 
2888861:COMPACT_START sstable=0 input_files: "datalog/521" input_files: "datalog/522" compactIntoNextLevel: true destinationLevel: 1
2026-05-01 06:37:15:274 - Compaction started: 
139788074075712:Compacting datalog/521 datalog/522 into:sstable1/8ae1e8ce-114a-48f8-ae6f-fa15cfa9b9fd202605010037081777617435277247577.sst
2026-05-01 06:37:15:294 - Compaction completed: 
2888861:COMPACT_START sstable=0 input_files: "datalog/529" input_files: "datalog/530" compactIntoNextLevel: true destinationLevel: 1
2026-05-01 06:37:15:376 - Compaction started: 
139788074075712:Compacting datalog/529 datalog/530 into:sstable1/8ae1e8ce-114a-48f8-ae6f-fa15cfa9b9fd202605010037081777617435378515363.sst
2026-05-01 06:37:15:393 - Compaction completed: 
2888861:COMPACT_START sstable=0 input_files: "datalog/537" input_files: "datalog/538" compactIntoNextLevel: true destinationLevel: 1
2026-05-01 06:37:15:477 - Compaction started: 
139788074075712:Compacting datalog/537 datalog/538 into:sstable1/8ae1e8ce-114a-48f8-ae6f-fa15cfa9b9fd202605010037081777617435480180884.sst
2026-05-01 06:37:15:495 - Compaction completed: 
2888861:COMPACT_START sstable=0 input_files: "datalog/545" input_files: "datalog/546" compactIntoNextLevel: true destinationLevel: 1
2026-05-01 06:37:15:578 - Compaction started: 
139788074075712:Compacting datalog/545 datalog/546 into:sstable1/8ae1e8ce-114a-48f8-ae6f-fa15cfa9b9fd202605010037081777617435581781743.sst
2026-05-01 06:37:15:597 - Compaction completed: 
2888861:COMPACT_START sstable=0 input_files: "datalog/553" input_files: "datalog/554" compactIntoNextLevel: true destinationLevel: 1
2026-05-01 06:37:15:679 - Compaction started: 
139788074075712:Compacting datalog/553 datalog/554 into:sstable1/8ae1e8ce-114a-48f8-ae6f-fa15cfa9b9fd202605010037081777617435682359755.sst
2026-05-01 06:37:15:697 - Compaction completed: 
2888861:COMPACT_START sstable=0 input_files: "datalog/561" input_files: "datalog/562" compactIntoNextLevel: true destinationLevel: 1
2026-05-01 06:37:15:780 - Compaction started: 
139788074075712:Compacting datalog/561 datalog/562 into:sstable1/8ae1e8ce-114a-48f8-ae6f-fa15cfa9b9fd202605010037081777617435783262145.sst
2026-05-01 06:37:15:798 - Compaction completed: 
2888861:COMPACT_START sstable=0 input_files: "datalog/569" input_files: "datalog/570" compactIntoNextLevel: true destinationLevel: 1
2026-05-01 06:37:15:881 - Compaction started: 
139788074075712:Compacting datalog/569 datalog/570 into:sstable1/8ae1e8ce-114a-48f8-ae6f-fa15cfa9b9fd202605010037081777617435884461703.sst
2026-05-01 06:37:15:899 - Compaction completed: 
2888861:COMPACT_START sstable=0 input_files: "datalog/577" input_files: "datalog/578" compactIntoNextLevel: true destinationLevel: 1
2026-05-01 06:37:15:982 - Compaction started: 
139788074075712:Compacting datalog/577 datalog/578 into:sstable1/8ae1e8ce-114a-48f8-ae6f-fa15cfa9b9fd202605010037081777617435985380043.sst
2026-05-01 06:37:16:000 - Compaction completed: 
2888861:COMPACT_START sstable=0 input_files: "datalog/583" input_files: "datalog/584" compactIntoNextLevel: true destinationLevel: 1
2026-05-01 06:37:16:083 - Compaction started: 
139788074075712:Compacting datalog/583 datalog/584 into:sstable1/8ae1e8ce-114a-48f8-ae6f-fa15cfa9b9fd202605010037081777617436086356873.sst
2026-05-01 06:37:16:101 - Compaction completed: 
2888861:COMPACT_START sstable=0 input_files: "datalog/591" input_files: "datalog/592" compactIntoNextLevel: true destinationLevel: 1
2026-05-01 06:37:16:185 - Compaction started: 
139788074075712:Compacting datalog/591 datalog/592 into:sstable1/8ae1e8ce-114a-48f8-ae6f-fa15cfa9b9fd202605010037081777617436187800888.sst
2026-05-01 06:37:16:203 - Compaction completed: 
2888861:COMPACT_START sstable=0 input_files: "datalog/599" input_files: "datalog/600" compactIntoNextLevel: true destinationLevel: 1
2026-05-01 06:37:16:286 - Compaction started: 
139788074075712:Compacting datalog/599 datalog/600 into:sstable1/8ae1e8ce-114a-48f8-ae6f-fa15cfa9b9fd202605010037081777617436289657687.sst
2026-05-01 06:37:16:303 - Compaction completed: 
2888861:COMPACT_START sstable=0 input_files: "datalog/607" input_files: "datalog/608" compactIntoNextLevel: true destinationLevel: 1
2026-05-01 06:37:16:388 - Compaction started: 
139788074075712:Compacting datalog/607 datalog/608 into:sstable1/8ae1e8ce-114a-48f8-ae6f-fa15cfa9b9fd202605010037081777617436390988460.sst
2026-05-01 06:37:16:411 - Compaction completed: 
2888861:COMPACT_START sstable=0 input_files: "datalog/617" input_files: "datalog/618" compactIntoNextLevel: true destinationLevel: 1
2026-05-01 06:37:16:491 - Compaction started: 
139788074075712:Compacting datalog/617 datalog/618 into:sstable1/8ae1e8ce-114a-48f8-ae6f-fa15cfa9b9fd202605010037081777617436495141354.sst
2026-05-01 06:37:16:512 - Compaction completed: 
2888861:COMPACT_START sstable=0 input_files: "datalog/625" input_files: "datalog/626" compactIntoNextLevel: true destinationLevel: 1
2026-05-01 06:37:16:594 - Compaction started: 
139788074075712:Compacting datalog/625 datalog/626 into:sstable1/8ae1e8ce-114a-48f8-ae6f-fa15cfa9b9fd202605010037081777617436597340024.sst
2026-05-01 06:37:16:612 - Compaction completed: 
2888861:COMPACT_START sstable=0 input_files: "datalog/633" input_files: "datalog/634" compactIntoNextLevel: true destinationLevel: 1
2026-05-01 06:37:16:696 - Compaction started: 
139788074075712:Compacting datalog/633 datalog/634 into:sstable1/8ae1e8ce-114a-48f8-ae6f-fa15cfa9b9fd202605010037081777617436699965925.sst
2026-05-01 06:37:16:715 - Compaction completed: 
2888861:COMPACT_START sstable=0 input_files: "datalog/641" input_files: "datalog/642" compactIntoNextLevel: true destinationLevel: 1
2026-05-01 06:37:16:799 - Compaction started: 
139788074075712:Compacting datalog/641 datalog/642 into:sstable1/8ae1e8ce-114a-48f8-ae6f-fa15cfa9b9fd202605010037081777617436802356706.sst
2026-05-01 06:37:16:817 - Compaction completed: 
2888861:COMPACT_START sstable=0 input_files: "datalog/649" input_files: "datalog/650" compactIntoNextLevel: true destinationLevel: 1
2026-05-01 06:37:16:901 - Compaction started: 
139788074075712:Compacting datalog/649 datalog/650 into:sstable1/8ae1e8ce-114a-48f8-ae6f-fa15cfa9b9fd202605010037081777617436904927253.sst
2026-05-01 06:37:16:919 - Compaction completed: 
2888861:COMPACT_START sstable=0 input_files: "datalog/657" input_files: "datalog/658" compactIntoNextLevel: true destinationLevel: 1
2026-05-01 06:37:17:004 - Compaction started: 
139788074075712:Compacting datalog/657 datalog/658 into:sstable1/8ae1e8ce-114a-48f8-ae6f-fa15cfa9b9fd202605010037081777617437007070790.sst
2026-05-01 06:37:17:022 - Compaction completed: 
2888861:COMPACT_START sstable=0 input_files: "datalog/665" input_files: "datalog/666" compactIntoNextLevel: true destinationLevel: 1
2026-05-01 06:37:17:107 - Compaction started: 
139788074075712:Compacting datalog/665 datalog/666 into:sstable1/8ae1e8ce-114a-48f8-ae6f-fa15cfa9b9fd202605010037081777617437109833808.sst
2026-05-01 06:37:17:124 - Compaction completed: 
2888861:COMPACT_START sstable=0 input_files: "datalog/673" input_files: "datalog/674" compactIntoNextLevel: true destinationLevel: 1
2026-05-01 06:37:17:209 - Compaction started: 
139788074075712:Compacting datalog/673 datalog/674 into:sstable1/8ae1e8ce-114a-48f8-ae6f-fa15cfa9b9fd202605010037081777617437212744894.sst
2026-05-01 06:37:17:228 - Compaction completed: 
2888861:COMPACT_START sstable=0 input_files: "datalog/681" input_files: "datalog/682" compactIntoNextLevel: true destinationLevel: 1
2026-05-01 06:37:17:313 - Compaction started: 
139788074075712:Compacting datalog/681 datalog/682 into:sstable1/8ae1e8ce-114a-48f8-ae6f-fa15cfa9b9fd202605010037081777617437316114409.sst
2026-05-01 06:37:17:331 - Compaction completed: 
2888861:COMPACT_START sstable=0 input_files: "datalog/689" input_files: "datalog/690" compactIntoNextLevel: true destinationLevel: 1
2026-05-01 06:37:17:417 - Compaction started: 
139788074075712:Compacting datalog/689 datalog/690 into:sstable1/8ae1e8ce-114a-48f8-ae6f-fa15cfa9b9fd202605010037081777617437420149842.sst
2026-05-01 06:37:17:435 - Compaction completed: 
2888861:COMPACT_START sstable=0 input_files: "datalog/695" input_files: "datalog/696" compactIntoNextLevel: true destinationLevel: 1
2026-05-01 06:37:17:519 - Compaction started: 
139788074075712:Compacting datalog/695 datalog/696 into:sstable1/8ae1e8ce-114a-48f8-ae6f-fa15cfa9b9fd202605010037081777617437523043024.sst
2026-05-01 06:37:17:539 - Compaction completed: 
2888861:COMPACT_START sstable=0 input_files: "datalog/703" input_files: "datalog/704" compactIntoNextLevel: true destinationLevel: 1
2026-05-01 06:37:17:623 - Compaction started: 
139788074075712:Compacting datalog/703 datalog/704 into:sstable1/8ae1e8ce-114a-48f8-ae6f-fa15cfa9b9fd202605010037081777617437626292534.sst
2026-05-01 06:37:17:641 - Compaction completed: 
2888861:COMPACT_START sstable=0 input_files: "datalog/711" input_files: "datalog/712" compactIntoNextLevel: true destinationLevel: 1
2026-05-01 06:37:17:724 - Compaction started: 
139788074075712:Compacting datalog/711 datalog/712 into:sstable1/8ae1e8ce-114a-48f8-ae6f-fa15cfa9b9fd202605010037081777617437727660016.sst
2026-05-01 06:37:17:742 - Compaction completed: 
2888861:COMPACT_START sstable=0 input_files: "datalog/719" input_files: "datalog/720" compactIntoNextLevel: true destinationLevel: 1
2026-05-01 06:37:17:825 - Compaction started: 
139788074075712:Compacting datalog/719 datalog/720 into:sstable1/8ae1e8ce-114a-48f8-ae6f-fa15cfa9b9fd202605010037081777617437829020886.sst
2026-05-01 06:37:17:843 - Compaction completed: 
2888861:COMPACT_START sstable=0 input_files: "datalog/727" input_files: "datalog/728" compactIntoNextLevel: true destinationLevel: 1
2026-05-01 06:37:17:927 - Compaction started: 
139788074075712:Compacting datalog/727 datalog/728 into:sstable1/8ae1e8ce-114a-48f8-ae6f-fa15cfa9b9fd202605010037081777617437930171351.sst
2026-05-01 06:37:17:944 - Compaction completed: 
2888861:COMPACT_START sstable=0 input_files: "datalog/735" input_files: "datalog/736" compactIntoNextLevel: true destinationLevel: 1
2026-05-01 06:37:18:028 - Compaction started: 
139788074075712:Compacting datalog/735 datalog/736 into:sstable1/8ae1e8ce-114a-48f8-ae6f-fa15cfa9b9fd202605010037081777617438031541087.sst
2026-05-01 06:37:18:045 - Compaction completed: 
2888861:COMPACT_START sstable=0 input_files: "datalog/743" input_files: "datalog/744" compactIntoNextLevel: true destinationLevel: 1
2026-05-01 06:37:18:130 - Compaction started: 
139788074075712:Compacting datalog/743 datalog/744 into:sstable1/8ae1e8ce-114a-48f8-ae6f-fa15cfa9b9fd202605010037081777617438132861441.sst
2026-05-01 06:37:18:146 - Compaction completed: 
2888861:COMPACT_START sstable=0 input_files: "datalog/751" input_files: "datalog/752" compactIntoNextLevel: true destinationLevel: 1
2026-05-01 06:37:18:231 - Compaction started: 
139788074075712:Compacting datalog/751 datalog/752 into:sstable1/8ae1e8ce-114a-48f8-ae6f-fa15cfa9b9fd202605010037081777617438234411255.sst
2026-05-01 06:37:18:248 - Compaction completed: 
2888861:COMPACT_START sstable=0 input_files: "datalog/759" input_files: "datalog/760" compactIntoNextLevel: true destinationLevel: 1
2026-05-01 06:37:18:333 - Compaction started: 
139788074075712:Compacting datalog/759 datalog/760 into:sstable1/8ae1e8ce-114a-48f8-ae6f-fa15cfa9b9fd202605010037081777617438336067138.sst
2026-05-01 06:37:18:349 - Compaction completed: 
2888861:COMPACT_START sstable=0 input_files: "datalog/767" input_files: "datalog/768" compactIntoNextLevel: true destinationLevel: 1
2026-05-01 06:37:18:434 - Compaction started: 
139788074075712:Compacting datalog/767 datalog/768 into:sstable1/8ae1e8ce-114a-48f8-ae6f-fa15cfa9b9fd202605010037081777617438437491486.sst
2026-05-01 06:37:18:451 - Compaction completed: 
2888861:COMPACT_START sstable=0 input_files: "datalog/775" input_files: "datalog/776" compactIntoNextLevel: true destinationLevel: 1
2026-05-01 06:37:18:536 - Compaction started: 
139788074075712:Compacting datalog/775 datalog/776 into:sstable1/8ae1e8ce-114a-48f8-ae6f-fa15cfa9b9fd202605010037081777617438539032995.sst
2026-05-01 06:37:18:552 - Compaction completed: 
2888861:COMPACT_START sstable=0 input_files: "datalog/783" input_files: "datalog/784" compactIntoNextLevel: true destinationLevel: 1
2026-05-01 06:37:18:637 - Compaction started: 
139788074075712:Compacting datalog/783 datalog/784 into:sstable1/8ae1e8ce-114a-48f8-ae6f-fa15cfa9b9fd202605010037081777617438640407199.sst
2026-05-01 06:37:18:653 - Compaction completed: 
2888861:COMPACT_START sstable=0 input_files: "datalog/787" input_files: "datalog/788" compactIntoNextLevel: true destinationLevel: 1
2026-05-01 06:37:18:739 - Compaction started: 
139788074075712:Compacting datalog/787 datalog/788 into:sstable1/8ae1e8ce-114a-48f8-ae6f-fa15cfa9b9fd202605010037081777617438742190611.sst
2026-05-01 06:37:18:756 - Compaction completed: 
2888861:COMPACT_START sstable=0 input_files: "datalog/795" input_files: "datalog/796" compactIntoNextLevel: true destinationLevel: 1
2026-05-01 06:37:18:841 - Compaction started: 
139788074075712:Compacting datalog/795 datalog/796 into:sstable1/8ae1e8ce-114a-48f8-ae6f-fa15cfa9b9fd202605010037081777617438844282771.sst
2026-05-01 06:37:18:859 - Compaction completed: 
2888861:COMPACT_START sstable=0 input_files: "datalog/803" input_files: "datalog/804" compactIntoNextLevel: true destinationLevel: 1
2026-05-01 06:37:18:943 - Compaction started: 
139788074075712:Compacting datalog/803 datalog/804 into:sstable1/8ae1e8ce-114a-48f8-ae6f-fa15cfa9b9fd202605010037081777617438945926682.sst
2026-05-01 06:37:18:958 - Compaction completed: 
2888861:COMPACT_START sstable=0 input_files: "datalog/811" input_files: "datalog/812" compactIntoNextLevel: true destinationLevel: 1
2026-05-01 06:37:19:044 - Compaction started: 
139788074075712:Compacting datalog/811 datalog/812 into:sstable1/8ae1e8ce-114a-48f8-ae6f-fa15cfa9b9fd202605010037081777617439046743451.sst
2026-05-01 06:37:19:060 - Compaction completed: 
2888861:COMPACT_START sstable=0 input_files: "datalog/819" input_files: "datalog/820" compactIntoNextLevel: true destinationLevel: 1
2026-05-01 06:37:19:145 - Compaction started: 
139788074075712:Compacting datalog/819 datalog/820 into:sstable1/8ae1e8ce-114a-48f8-ae6f-fa15cfa9b9fd202605010037081777617439148085877.sst
2026-05-01 06:37:19:161 - Compaction completed: 
2888861:COMPACT_START sstable=0 input_files: "datalog/827" input_files: "datalog/828" compactIntoNextLevel: true destinationLevel: 1
2026-05-01 06:37:19:247 - Compaction started: 
139788074075712:Compacting datalog/827 datalog/828 into:sstable1/8ae1e8ce-114a-48f8-ae6f-fa15cfa9b9fd202605010037081777617439249694981.sst
2026-05-01 06:37:19:262 - Compaction completed: 
2888861:COMPACT_START sstable=0 input_files: "datalog/835" input_files: "datalog/836" compactIntoNextLevel: true destinationLevel: 1
2026-05-01 06:37:19:348 - Compaction started: 
139788074075712:Compacting datalog/835 datalog/836 into:sstable1/8ae1e8ce-114a-48f8-ae6f-fa15cfa9b9fd202605010037081777617439351150528.sst
2026-05-01 06:37:19:364 - Compaction completed: 
2888861:COMPACT_START sstable=0 input_files: "datalog/843" input_files: "datalog/844" compactIntoNextLevel: true destinationLevel: 1
2026-05-01 06:37:19:450 - Compaction started: 
139788074075712:Compacting datalog/843 datalog/844 into:sstable1/8ae1e8ce-114a-48f8-ae6f-fa15cfa9b9fd202605010037081777617439452859441.sst
2026-05-01 06:37:19:466 - Compaction completed: 
2888861:COMPACT_START sstable=0 input_files: "datalog/851" input_files: "datalog/852" compactIntoNextLevel: true destinationLevel: 1
2026-05-01 06:37:19:552 - Compaction started: 
139788074075712:Compacting datalog/851 datalog/852 into:sstable1/8ae1e8ce-114a-48f8-ae6f-fa15cfa9b9fd202605010037081777617439554456203.sst
2026-05-01 06:37:19:568 - Compaction completed: 
2888861:COMPACT_START sstable=0 input_files: "datalog/859" input_files: "datalog/860" compactIntoNextLevel: true destinationLevel: 1
2026-05-01 06:37:19:653 - Compaction started: 
139788074075712:Compacting datalog/859 datalog/860 into:sstable1/8ae1e8ce-114a-48f8-ae6f-fa15cfa9b9fd202605010037081777617439655918673.sst
2026-05-01 06:37:19:669 - Compaction completed: 
2888861:COMPACT_START sstable=0 input_files: "datalog/867" input_files: "datalog/868" compactIntoNextLevel: true destinationLevel: 1
2026-05-01 06:37:19:754 - Compaction started: 
139788074075712:Compacting datalog/867 datalog/868 into:sstable1/8ae1e8ce-114a-48f8-ae6f-fa15cfa9b9fd202605010037081777617439757127647.sst
2026-05-01 06:37:19:770 - Compaction completed: 
2888861:COMPACT_START sstable=1 input_files: "sstable1/6979a3b3-ab06-4940-a98e-40f4c2097d7b202605010037081777617428610967862.sst" input_files: "sstable1/13c61dc8-c7c1-4006-be8d-95bf20fa1bde202605010037081777617428567522681.sst" compactIntoNextLevel: true destinationLevel: 2
2026-05-01 06:37:19:856 - Compaction started: 
139788074075712:Compacting sstable1/6979a3b3-ab06-4940-a98e-40f4c2097d7b202605010037081777617428610967862.sst sstable1/13c61dc8-c7c1-4006-be8d-95bf20fa1bde202605010037081777617428567522681.sst into:sstable2/8ae1e8ce-114a-48f8-ae6f-fa15cfa9b9fd202605010037081777617439880955103.sst
2026-05-01 06:37:19:917 - Compaction completed: 
2888861:COMPACT_START sstable=1 input_files: "sstable1/13c61dc8-c7c1-4006-be8d-95bf20fa1bde202605010037081777617428865157092.sst" input_files: "sstable1/3c6ece6e-08cb-4102-898f-1d5d10c002d6202605010037081777617428800426839.sst" compactIntoNextLevel: true destinationLevel: 2
2026-05-01 06:37:19:957 - Compaction started: 
139788074075712:Compacting sstable1/13c61dc8-c7c1-4006-be8d-95bf20fa1bde202605010037081777617428865157092.sst sstable1/3c6ece6e-08cb-4102-898f-1d5d10c002d6202605010037081777617428800426839.sst into:sstable2/8ae1e8ce-114a-48f8-ae6f-fa15cfa9b9fd202605010037081777617439981186485.sst
2026-05-01 06:37:20:019 - Compaction completed: 
2888861:COMPACT_START sstable=1 input_files: "sstable1/8ae1e8ce-114a-48f8-ae6f-fa15cfa9b9fd202605010037081777617429058761269.sst" input_files: "sstable1/6979a3b3-ab06-4940-a98e-40f4c2097d7b202605010037081777617429151832219.sst" compactIntoNextLevel: true destinationLevel: 2
2026-05-01 06:37:20:059 - Compaction started: 
139788074075712:Compacting sstable1/8ae1e8ce-114a-48f8-ae6f-fa15cfa9b9fd202605010037081777617429058761269.sst sstable1/6979a3b3-ab06-4940-a98e-40f4c2097d7b202605010037081777617429151832219.sst into:sstable2/8ae1e8ce-114a-48f8-ae6f-fa15cfa9b9fd202605010037081777617440083898388.sst
2026-05-01 06:37:20:123 - Compaction completed: 
2888861:COMPACT_START sstable=1 input_files: "sstable1/8ae1e8ce-114a-48f8-ae6f-fa15cfa9b9fd202605010037081777617429378213581.sst" input_files: "sstable1/13c61dc8-c7c1-4006-be8d-95bf20fa1bde202605010037081777617429388802981.sst" compactIntoNextLevel: true destinationLevel: 2
2026-05-01 06:37:20:160 - Compaction started: 
139788074075712:Compacting sstable1/8ae1e8ce-114a-48f8-ae6f-fa15cfa9b9fd202605010037081777617429378213581.sst sstable1/13c61dc8-c7c1-4006-be8d-95bf20fa1bde202605010037081777617429388802981.sst into:sstable2/8ae1e8ce-114a-48f8-ae6f-fa15cfa9b9fd202605010037081777617440184495415.sst
2026-05-01 06:37:20:222 - Compaction completed: 
2888861:COMPACT_START sstable=1 input_files: "sstable1/6979a3b3-ab06-4940-a98e-40f4c2097d7b202605010037081777617429679738675.sst" input_files: "sstable1/8ae1e8ce-114a-48f8-ae6f-fa15cfa9b9fd202605010037081777617429692232456.sst" compactIntoNextLevel: true destinationLevel: 2
2026-05-01 06:37:20:262 - Compaction started: 
139788074075712:Compacting sstable1/6979a3b3-ab06-4940-a98e-40f4c2097d7b202605010037081777617429679738675.sst sstable1/8ae1e8ce-114a-48f8-ae6f-fa15cfa9b9fd202605010037081777617429692232456.sst into:sstable2/8ae1e8ce-114a-48f8-ae6f-fa15cfa9b9fd202605010037081777617440285738033.sst
2026-05-01 06:37:20:322 - Compaction completed: 
2888861:COMPACT_START sstable=1 input_files: "sstable1/6979a3b3-ab06-4940-a98e-40f4c2097d7b202605010037081777617429882686609.sst" input_files: "sstable1/8ae1e8ce-114a-48f8-ae6f-fa15cfa9b9fd202605010037081777617429888405920.sst" compactIntoNextLevel: true destinationLevel: 2
2026-05-01 06:37:20:363 - Compaction started: 
139788074075712:Compacting sstable1/6979a3b3-ab06-4940-a98e-40f4c2097d7b202605010037081777617429882686609.sst sstable1/8ae1e8ce-114a-48f8-ae6f-fa15cfa9b9fd202605010037081777617429888405920.sst into:sstable2/8ae1e8ce-114a-48f8-ae6f-fa15cfa9b9fd202605010037081777617440387759391.sst
2026-05-01 06:37:20:425 - Compaction completed: 
2888861:COMPACT_START sstable=1 input_files: "sstable1/13c61dc8-c7c1-4006-be8d-95bf20fa1bde202605010037081777617429995001122.sst" input_files: "sstable1/3c6ece6e-08cb-4102-898f-1d5d10c002d6202605010037081777617430025734234.sst" compactIntoNextLevel: true destinationLevel: 2
2026-05-01 06:37:20:465 - Compaction started: 
139788074075712:Compacting sstable1/13c61dc8-c7c1-4006-be8d-95bf20fa1bde202605010037081777617429995001122.sst sstable1/3c6ece6e-08cb-4102-898f-1d5d10c002d6202605010037081777617430025734234.sst into:sstable2/8ae1e8ce-114a-48f8-ae6f-fa15cfa9b9fd202605010037081777617440488279264.sst
2026-05-01 06:37:20:524 - Compaction completed: 
2888861:COMPACT_START sstable=1 input_files: "sstable1/6979a3b3-ab06-4940-a98e-40f4c2097d7b202605010037081777617430187882895.sst" input_files: "sstable1/8ae1e8ce-114a-48f8-ae6f-fa15cfa9b9fd202605010037081777617430191010859.sst" compactIntoNextLevel: true destinationLevel: 2
2026-05-01 06:37:20:566 - Compaction started: 
139788074075712:Compacting sstable1/6979a3b3-ab06-4940-a98e-40f4c2097d7b202605010037081777617430187882895.sst sstable1/8ae1e8ce-114a-48f8-ae6f-fa15cfa9b9fd202605010037081777617430191010859.sst into:sstable2/8ae1e8ce-114a-48f8-ae6f-fa15cfa9b9fd202605010037081777617440591287121.sst
2026-05-01 06:37:20:630 - Compaction completed: 
2888861:COMPACT_START sstable=1 input_files: "sstable1/6979a3b3-ab06-4940-a98e-40f4c2097d7b202605010037081777617430390741551.sst" input_files: "sstable1/8ae1e8ce-114a-48f8-ae6f-fa15cfa9b9fd202605010037081777617430392534292.sst" compactIntoNextLevel: true destinationLevel: 2
2026-05-01 06:37:20:668 - Compaction started: 
139788074075712:Compacting sstable1/6979a3b3-ab06-4940-a98e-40f4c2097d7b202605010037081777617430390741551.sst sstable1/8ae1e8ce-114a-48f8-ae6f-fa15cfa9b9fd202605010037081777617430392534292.sst into:sstable2/8ae1e8ce-114a-48f8-ae6f-fa15cfa9b9fd202605010037081777617440692760772.sst
2026-05-01 06:37:20:731 - Compaction completed: 
2888861:COMPACT_START sstable=1 input_files: "sstable1/6979a3b3-ab06-4940-a98e-40f4c2097d7b202605010037081777617430592894284.sst" input_files: "sstable1/8ae1e8ce-114a-48f8-ae6f-fa15cfa9b9fd202605010037081777617430594805186.sst" compactIntoNextLevel: true destinationLevel: 2
2026-05-01 06:37:20:769 - Compaction started: 
139788074075712:Compacting sstable1/6979a3b3-ab06-4940-a98e-40f4c2097d7b202605010037081777617430592894284.sst sstable1/8ae1e8ce-114a-48f8-ae6f-fa15cfa9b9fd202605010037081777617430594805186.sst into:sstable2/8ae1e8ce-114a-48f8-ae6f-fa15cfa9b9fd202605010037081777617440791942677.sst
2026-05-01 06:37:20:827 - Compaction completed: 
2888861:COMPACT_START sstable=1 input_files: "sstable1/13c61dc8-c7c1-4006-be8d-95bf20fa1bde202605010037081777617430806131195.sst" input_files: "sstable1/3c6ece6e-08cb-4102-898f-1d5d10c002d6202605010037081777617430836895756.sst" compactIntoNextLevel: true destinationLevel: 2
2026-05-01 06:37:20:872 - Compaction started: 
139788074075712:Compacting sstable1/13c61dc8-c7c1-4006-be8d-95bf20fa1bde202605010037081777617430806131195.sst sstable1/3c6ece6e-08cb-4102-898f-1d5d10c002d6202605010037081777617430836895756.sst into:sstable2/8ae1e8ce-114a-48f8-ae6f-fa15cfa9b9fd202605010037081777617440894962476.sst
2026-05-01 06:37:20:931 - Compaction completed: 
2888861:COMPACT_START sstable=1 input_files: "sstable1/6979a3b3-ab06-4940-a98e-40f4c2097d7b202605010037081777617430998636342.sst" input_files: "sstable1/8ae1e8ce-114a-48f8-ae6f-fa15cfa9b9fd202605010037081777617430999296891.sst" compactIntoNextLevel: true destinationLevel: 2
2026-05-01 06:37:20:973 - Compaction started: 
139788074075712:Compacting sstable1/6979a3b3-ab06-4940-a98e-40f4c2097d7b202605010037081777617430998636342.sst sstable1/8ae1e8ce-114a-48f8-ae6f-fa15cfa9b9fd202605010037081777617430999296891.sst into:sstable2/8ae1e8ce-114a-48f8-ae6f-fa15cfa9b9fd202605010037081777617440995718783.sst
2026-05-01 06:37:21:031 - Compaction completed: 
2888861:COMPACT_START sstable=1 input_files: "sstable1/6979a3b3-ab06-4940-a98e-40f4c2097d7b202605010037081777617431200953133.sst" input_files: "sstable1/8ae1e8ce-114a-48f8-ae6f-fa15cfa9b9fd202605010037081777617431201807234.sst" compactIntoNextLevel: true destinationLevel: 2
2026-05-01 06:37:21:075 - Compaction started: 
139788074075712:Compacting sstable1/6979a3b3-ab06-4940-a98e-40f4c2097d7b202605010037081777617431200953133.sst sstable1/8ae1e8ce-114a-48f8-ae6f-fa15cfa9b9fd202605010037081777617431201807234.sst into:sstable2/8ae1e8ce-114a-48f8-ae6f-fa15cfa9b9fd202605010037081777617441098137586.sst
2026-05-01 06:37:21:135 - Compaction completed: 
2888861:COMPACT_START sstable=1 input_files: "sstable1/6979a3b3-ab06-4940-a98e-40f4c2097d7b202605010037081777617431408281808.sst" input_files: "sstable1/8ae1e8ce-114a-48f8-ae6f-fa15cfa9b9fd202605010037081777617431412683499.sst" compactIntoNextLevel: true destinationLevel: 2
2026-05-01 06:37:21:176 - Compaction started: 
139788074075712:Compacting sstable1/6979a3b3-ab06-4940-a98e-40f4c2097d7b202605010037081777617431408281808.sst sstable1/8ae1e8ce-114a-48f8-ae6f-fa15cfa9b9fd202605010037081777617431412683499.sst into:sstable2/8ae1e8ce-114a-48f8-ae6f-fa15cfa9b9fd202605010037081777617441199681168.sst
2026-05-01 06:37:21:236 - Compaction completed: 
2888861:COMPACT_START sstable=1 input_files: "sstable1/6979a3b3-ab06-4940-a98e-40f4c2097d7b202605010037081777617431614239253.sst" input_files: "sstable1/8ae1e8ce-114a-48f8-ae6f-fa15cfa9b9fd202605010037081777617431617448920.sst" compactIntoNextLevel: true destinationLevel: 2
2026-05-01 06:37:21:278 - Compaction started: 
139788074075712:Compacting sstable1/6979a3b3-ab06-4940-a98e-40f4c2097d7b202605010037081777617431614239253.sst sstable1/8ae1e8ce-114a-48f8-ae6f-fa15cfa9b9fd202605010037081777617431617448920.sst into:sstable2/8ae1e8ce-114a-48f8-ae6f-fa15cfa9b9fd202605010037081777617441301644286.sst
2026-05-01 06:37:21:342 - Compaction completed: 
2888861:COMPACT_START sstable=1 input_files: "sstable1/13c61dc8-c7c1-4006-be8d-95bf20fa1bde202605010037081777617431826171168.sst" input_files: "sstable1/3c6ece6e-08cb-4102-898f-1d5d10c002d6202605010037081777617431893964823.sst" compactIntoNextLevel: true destinationLevel: 2
2026-05-01 06:37:21:379 - Compaction started: 
139788074075712:Compacting sstable1/13c61dc8-c7c1-4006-be8d-95bf20fa1bde202605010037081777617431826171168.sst sstable1/3c6ece6e-08cb-4102-898f-1d5d10c002d6202605010037081777617431893964823.sst into:sstable2/8ae1e8ce-114a-48f8-ae6f-fa15cfa9b9fd202605010037081777617441402060836.sst
2026-05-01 06:37:21:440 - Compaction completed: 
2888861:COMPACT_START sstable=1 input_files: "sstable1/6979a3b3-ab06-4940-a98e-40f4c2097d7b202605010037081777617432024878091.sst" input_files: "sstable1/8ae1e8ce-114a-48f8-ae6f-fa15cfa9b9fd202605010037081777617432028226367.sst" compactIntoNextLevel: true destinationLevel: 2
2026-05-01 06:37:21:481 - Compaction started: 
139788074075712:Compacting sstable1/6979a3b3-ab06-4940-a98e-40f4c2097d7b202605010037081777617432024878091.sst sstable1/8ae1e8ce-114a-48f8-ae6f-fa15cfa9b9fd202605010037081777617432028226367.sst into:sstable2/8ae1e8ce-114a-48f8-ae6f-fa15cfa9b9fd202605010037081777617441503123647.sst
2026-05-01 06:37:21:569 - Compaction completed: 
2888861:COMPACT_START sstable=1 input_files: "sstable1/6979a3b3-ab06-4940-a98e-40f4c2097d7b202605010037081777617432229639634.sst" input_files: "sstable1/8ae1e8ce-114a-48f8-ae6f-fa15cfa9b9fd202605010037081777617432233134576.sst" compactIntoNextLevel: true destinationLevel: 2
2026-05-01 06:37:21:583 - Compaction started: 
139788074075712:Compacting sstable1/6979a3b3-ab06-4940-a98e-40f4c2097d7b202605010037081777617432229639634.sst sstable1/8ae1e8ce-114a-48f8-ae6f-fa15cfa9b9fd202605010037081777617432233134576.sst into:sstable2/8ae1e8ce-114a-48f8-ae6f-fa15cfa9b9fd202605010037081777617441608299939.sst
2026-05-01 06:37:21:645 - Compaction completed: 
2888861:COMPACT_START sstable=1 input_files: "sstable1/6979a3b3-ab06-4940-a98e-40f4c2097d7b202605010037081777617432434537032.sst" input_files: "sstable1/8ae1e8ce-114a-48f8-ae6f-fa15cfa9b9fd202605010037081777617432437900868.sst" compactIntoNextLevel: true destinationLevel: 2
2026-05-01 06:37:21:686 - Compaction started: 
139788074075712:Compacting sstable1/6979a3b3-ab06-4940-a98e-40f4c2097d7b202605010037081777617432434537032.sst sstable1/8ae1e8ce-114a-48f8-ae6f-fa15cfa9b9fd202605010037081777617432437900868.sst into:sstable2/8ae1e8ce-114a-48f8-ae6f-fa15cfa9b9fd202605010037081777617441709251180.sst
2026-05-01 06:37:21:748 - Compaction completed: 
2888861:COMPACT_START sstable=1 input_files: "sstable1/6979a3b3-ab06-4940-a98e-40f4c2097d7b202605010037081777617432639148434.sst" input_files: "sstable1/8ae1e8ce-114a-48f8-ae6f-fa15cfa9b9fd202605010037081777617432643008630.sst" compactIntoNextLevel: true destinationLevel: 2
2026-05-01 06:37:21:788 - Compaction started: 
139788074075712:Compacting sstable1/6979a3b3-ab06-4940-a98e-40f4c2097d7b202605010037081777617432639148434.sst sstable1/8ae1e8ce-114a-48f8-ae6f-fa15cfa9b9fd202605010037081777617432643008630.sst into:sstable2/8ae1e8ce-114a-48f8-ae6f-fa15cfa9b9fd202605010037081777617441811722812.sst
2026-05-01 06:37:21:848 - Compaction completed: 
2888861:COMPACT_START sstable=1 input_files: "sstable1/6979a3b3-ab06-4940-a98e-40f4c2097d7b202605010037081777617432844483542.sst" input_files: "sstable1/8ae1e8ce-114a-48f8-ae6f-fa15cfa9b9fd202605010037081777617432846664250.sst" compactIntoNextLevel: true destinationLevel: 2
2026-05-01 06:37:21:891 - Compaction started: 
139788074075712:Compacting sstable1/6979a3b3-ab06-4940-a98e-40f4c2097d7b202605010037081777617432844483542.sst sstable1/8ae1e8ce-114a-48f8-ae6f-fa15cfa9b9fd202605010037081777617432846664250.sst into:sstable2/8ae1e8ce-114a-48f8-ae6f-fa15cfa9b9fd202605010037081777617441911881429.sst
2026-05-01 06:37:21:946 - Compaction completed: 
2888861:COMPACT_START sstable=1 input_files: "sstable1/6979a3b3-ab06-4940-a98e-40f4c2097d7b202605010037081777617433048589096.sst" input_files: "sstable1/13c61dc8-c7c1-4006-be8d-95bf20fa1bde202605010037081777617433051088401.sst" compactIntoNextLevel: true destinationLevel: 2
2026-05-01 06:37:21:994 - Compaction started: 
139788074075712:Compacting sstable1/6979a3b3-ab06-4940-a98e-40f4c2097d7b202605010037081777617433048589096.sst sstable1/13c61dc8-c7c1-4006-be8d-95bf20fa1bde202605010037081777617433051088401.sst into:sstable2/8ae1e8ce-114a-48f8-ae6f-fa15cfa9b9fd202605010037081777617442017662805.sst
2026-05-01 06:37:22:051 - Compaction completed: 
2888861:COMPACT_START sstable=1 input_files: "sstable1/6979a3b3-ab06-4940-a98e-40f4c2097d7b202605010037081777617433251492836.sst" input_files: "sstable1/13c61dc8-c7c1-4006-be8d-95bf20fa1bde202605010037081777617433252982739.sst" compactIntoNextLevel: true destinationLevel: 2
2888861:COMPACT_ABORT input_files: "sstable1/6979a3b3-ab06-4940-a98e-40f4c2097d7b202605010037081777617433251492836.sst" input_files: "sstable1/13c61dc8-c7c1-4006-be8d-95bf20fa1bde202605010037081777617433252982739.sst" compactIntoNextLevel: true destinationLevel: 2
2888861:COMPACT_START sstable=1 input_files: "sstable1/6979a3b3-ab06-4940-a98e-40f4c2097d7b202605010037081777617433454081686.sst" input_files: "sstable1/13c61dc8-c7c1-4006-be8d-95bf20fa1bde202605010037081777617433454554813.sst" compactIntoNextLevel: true destinationLevel: 2
2026-05-01 06:37:22:198 - Compaction started: 
139788074075712:Compacting sstable1/6979a3b3-ab06-4940-a98e-40f4c2097d7b202605010037081777617433454081686.sst sstable1/13c61dc8-c7c1-4006-be8d-95bf20fa1bde202605010037081777617433454554813.sst into:sstable2/8ae1e8ce-114a-48f8-ae6f-fa15cfa9b9fd202605010037081777617442218187685.sst
2026-05-01 06:37:22:250 - Compaction completed: 
2888861:COMPACT_START sstable=1 input_files: "sstable1/13c61dc8-c7c1-4006-be8d-95bf20fa1bde202605010037081777617433656592370.sst" input_files: "sstable1/6979a3b3-ab06-4940-a98e-40f4c2097d7b202605010037081777617433657520911.sst" compactIntoNextLevel: true destinationLevel: 2
2026-05-01 06:37:22:301 - Compaction started: 
139788074075712:Compacting sstable1/13c61dc8-c7c1-4006-be8d-95bf20fa1bde202605010037081777617433656592370.sst sstable1/6979a3b3-ab06-4940-a98e-40f4c2097d7b202605010037081777617433657520911.sst into:sstable2/8ae1e8ce-114a-48f8-ae6f-fa15cfa9b9fd202605010037081777617442321881138.sst
2026-05-01 06:37:22:355 - Compaction completed: 
2888861:COMPACT_START sstable=1 input_files: "sstable1/13c61dc8-c7c1-4006-be8d-95bf20fa1bde202605010037081777617433859473548.sst" input_files: "sstable1/6979a3b3-ab06-4940-a98e-40f4c2097d7b202605010037081777617433860448035.sst" compactIntoNextLevel: true destinationLevel: 2
2026-05-01 06:37:22:404 - Compaction started: 
139788074075712:Compacting sstable1/13c61dc8-c7c1-4006-be8d-95bf20fa1bde202605010037081777617433859473548.sst sstable1/6979a3b3-ab06-4940-a98e-40f4c2097d7b202605010037081777617433860448035.sst into:sstable2/8ae1e8ce-114a-48f8-ae6f-fa15cfa9b9fd202605010037081777617442425617561.sst
2026-05-01 06:37:22:460 - Compaction completed: 
2888861:COMPACT_START sstable=1 input_files: "sstable1/13c61dc8-c7c1-4006-be8d-95bf20fa1bde202605010037081777617434061646980.sst" input_files: "sstable1/6979a3b3-ab06-4940-a98e-40f4c2097d7b202605010037081777617434062556334.sst" compactIntoNextLevel: true destinationLevel: 2
2026-05-01 06:37:22:506 - Compaction started: 
139788074075712:Compacting sstable1/13c61dc8-c7c1-4006-be8d-95bf20fa1bde202605010037081777617434061646980.sst sstable1/6979a3b3-ab06-4940-a98e-40f4c2097d7b202605010037081777617434062556334.sst into:sstable2/8ae1e8ce-114a-48f8-ae6f-fa15cfa9b9fd202605010037081777617442525792477.sst
2026-05-01 06:37:22:557 - Compaction completed: 
2888861:COMPACT_START sstable=1 input_files: "sstable1/13c61dc8-c7c1-4006-be8d-95bf20fa1bde202605010037081777617434263775437.sst" input_files: "sstable1/6979a3b3-ab06-4940-a98e-40f4c2097d7b202605010037081777617434264879266.sst" compactIntoNextLevel: true destinationLevel: 2
2026-05-01 06:37:22:609 - Compaction started: 
139788074075712:Compacting sstable1/13c61dc8-c7c1-4006-be8d-95bf20fa1bde202605010037081777617434263775437.sst sstable1/6979a3b3-ab06-4940-a98e-40f4c2097d7b202605010037081777617434264879266.sst into:sstable2/8ae1e8ce-114a-48f8-ae6f-fa15cfa9b9fd202605010037081777617442628308382.sst
2026-05-01 06:37:22:659 - Compaction completed: 
2888861:COMPACT_START sstable=1 input_files: "sstable1/13c61dc8-c7c1-4006-be8d-95bf20fa1bde202605010037081777617434466168701.sst" input_files: "sstable1/6979a3b3-ab06-4940-a98e-40f4c2097d7b202605010037081777617434467404026.sst" compactIntoNextLevel: true destinationLevel: 2
2026-05-01 06:37:22:712 - Compaction started: 
139788074075712:Compacting sstable1/13c61dc8-c7c1-4006-be8d-95bf20fa1bde202605010037081777617434466168701.sst sstable1/6979a3b3-ab06-4940-a98e-40f4c2097d7b202605010037081777617434467404026.sst into:sstable2/8ae1e8ce-114a-48f8-ae6f-fa15cfa9b9fd202605010037081777617442731505834.sst
2026-05-01 06:37:22:763 - Compaction completed: 
2888861:COMPACT_START sstable=1 input_files: "sstable1/13c61dc8-c7c1-4006-be8d-95bf20fa1bde202605010037081777617434668863479.sst" input_files: "sstable1/6979a3b3-ab06-4940-a98e-40f4c2097d7b202605010037081777617434669826975.sst" compactIntoNextLevel: true destinationLevel: 2
2026-05-01 06:37:22:815 - Compaction started: 
139788074075712:Compacting sstable1/13c61dc8-c7c1-4006-be8d-95bf20fa1bde202605010037081777617434668863479.sst sstable1/6979a3b3-ab06-4940-a98e-40f4c2097d7b202605010037081777617434669826975.sst into:sstable2/8ae1e8ce-114a-48f8-ae6f-fa15cfa9b9fd202605010037081777617442835121621.sst
2026-05-01 06:37:22:867 - Compaction completed: 
2888861:COMPACT_START sstable=1 input_files: "sstable1/13c61dc8-c7c1-4006-be8d-95bf20fa1bde202605010037081777617434871046709.sst" input_files: "sstable1/6979a3b3-ab06-4940-a98e-40f4c2097d7b202605010037081777617434872305549.sst" compactIntoNextLevel: true destinationLevel: 2
2026-05-01 06:37:22:917 - Compaction started: 
139788074075712:Compacting sstable1/13c61dc8-c7c1-4006-be8d-95bf20fa1bde202605010037081777617434871046709.sst sstable1/6979a3b3-ab06-4940-a98e-40f4c2097d7b202605010037081777617434872305549.sst into:sstable2/8ae1e8ce-114a-48f8-ae6f-fa15cfa9b9fd202605010037081777617442936023420.sst
2026-05-01 06:37:22:967 - Compaction completed: 
2888861:COMPACT_START sstable=1 input_files: "sstable1/8ae1e8ce-114a-48f8-ae6f-fa15cfa9b9fd202605010037081777617435075151321.sst" input_files: "sstable1/3c6ece6e-08cb-4102-898f-1d5d10c002d6202605010037081777617435150722796.sst" compactIntoNextLevel: true destinationLevel: 2
2026-05-01 06:37:23:021 - Compaction started: 
139788074075712:Compacting sstable1/8ae1e8ce-114a-48f8-ae6f-fa15cfa9b9fd202605010037081777617435075151321.sst sstable1/3c6ece6e-08cb-4102-898f-1d5d10c002d6202605010037081777617435150722796.sst into:sstable2/8ae1e8ce-114a-48f8-ae6f-fa15cfa9b9fd202605010037081777617443041992408.sst
2026-05-01 06:37:23:074 - Compaction completed: 
2888861:COMPACT_START sstable=1 input_files: "sstable1/13c61dc8-c7c1-4006-be8d-95bf20fa1bde202605010037081777617435376889535.sst" input_files: "sstable1/6979a3b3-ab06-4940-a98e-40f4c2097d7b202605010037081777617435377942639.sst" compactIntoNextLevel: true destinationLevel: 2
2026-05-01 06:37:23:126 - Compaction started: 
139788074075712:Compacting sstable1/13c61dc8-c7c1-4006-be8d-95bf20fa1bde202605010037081777617435376889535.sst sstable1/6979a3b3-ab06-4940-a98e-40f4c2097d7b202605010037081777617435377942639.sst into:sstable2/8ae1e8ce-114a-48f8-ae6f-fa15cfa9b9fd202605010037081777617443145191454.sst
2026-05-01 06:37:23:177 - Compaction completed: 
2888861:COMPACT_START sstable=1 input_files: "sstable1/13c61dc8-c7c1-4006-be8d-95bf20fa1bde202605010037081777617435579823422.sst" input_files: "sstable1/6979a3b3-ab06-4940-a98e-40f4c2097d7b202605010037081777617435581261187.sst" compactIntoNextLevel: true destinationLevel: 2
2026-05-01 06:37:23:229 - Compaction started: 
139788074075712:Compacting sstable1/13c61dc8-c7c1-4006-be8d-95bf20fa1bde202605010037081777617435579823422.sst sstable1/6979a3b3-ab06-4940-a98e-40f4c2097d7b202605010037081777617435581261187.sst into:sstable2/8ae1e8ce-114a-48f8-ae6f-fa15cfa9b9fd202605010037081777617443249423886.sst
2026-05-01 06:37:23:282 - Compaction completed: 
2888861:COMPACT_START sstable=1 input_files: "sstable1/13c61dc8-c7c1-4006-be8d-95bf20fa1bde202605010037081777617435782343824.sst" input_files: "sstable1/6979a3b3-ab06-4940-a98e-40f4c2097d7b202605010037081777617435783093920.sst" compactIntoNextLevel: true destinationLevel: 2
2026-05-01 06:37:23:331 - Compaction started: 
139788074075712:Compacting sstable1/13c61dc8-c7c1-4006-be8d-95bf20fa1bde202605010037081777617435782343824.sst sstable1/6979a3b3-ab06-4940-a98e-40f4c2097d7b202605010037081777617435783093920.sst into:sstable2/8ae1e8ce-114a-48f8-ae6f-fa15cfa9b9fd202605010037081777617443351290844.sst
2026-05-01 06:37:23:383 - Compaction completed: 
2888861:COMPACT_START sstable=1 input_files: "sstable1/13c61dc8-c7c1-4006-be8d-95bf20fa1bde202605010037081777617435984263490.sst" input_files: "sstable1/6979a3b3-ab06-4940-a98e-40f4c2097d7b202605010037081777617435985289042.sst" compactIntoNextLevel: true destinationLevel: 2
2026-05-01 06:37:23:433 - Compaction started: 
139788074075712:Compacting sstable1/13c61dc8-c7c1-4006-be8d-95bf20fa1bde202605010037081777617435984263490.sst sstable1/6979a3b3-ab06-4940-a98e-40f4c2097d7b202605010037081777617435985289042.sst into:sstable2/8ae1e8ce-114a-48f8-ae6f-fa15cfa9b9fd202605010037081777617443453450011.sst
2026-05-01 06:37:23:486 - Compaction completed: 
2888861:COMPACT_START sstable=1 input_files: "sstable1/13c61dc8-c7c1-4006-be8d-95bf20fa1bde202605010037081777617436187362726.sst" input_files: "sstable1/8ae1e8ce-114a-48f8-ae6f-fa15cfa9b9fd202605010037081777617436187800888.sst" compactIntoNextLevel: true destinationLevel: 2
2026-05-01 06:37:23:535 - Compaction started: 
139788074075712:Compacting sstable1/13c61dc8-c7c1-4006-be8d-95bf20fa1bde202605010037081777617436187362726.sst sstable1/8ae1e8ce-114a-48f8-ae6f-fa15cfa9b9fd202605010037081777617436187800888.sst into:sstable2/8ae1e8ce-114a-48f8-ae6f-fa15cfa9b9fd202605010037081777617443556115616.sst
2026-05-01 06:37:23:589 - Compaction completed: 
2888861:COMPACT_START sstable=1 input_files: "sstable1/13c61dc8-c7c1-4006-be8d-95bf20fa1bde202605010037081777617436390197788.sst" input_files: "sstable1/8ae1e8ce-114a-48f8-ae6f-fa15cfa9b9fd202605010037081777617436390988460.sst" compactIntoNextLevel: true destinationLevel: 2
2026-05-01 06:37:23:638 - Compaction started: 
139788074075712:Compacting sstable1/13c61dc8-c7c1-4006-be8d-95bf20fa1bde202605010037081777617436390197788.sst sstable1/8ae1e8ce-114a-48f8-ae6f-fa15cfa9b9fd202605010037081777617436390988460.sst into:sstable2/8ae1e8ce-114a-48f8-ae6f-fa15cfa9b9fd202605010037081777617443658094524.sst
2026-05-01 06:37:23:690 - Compaction completed: 
2888861:COMPACT_START sstable=1 input_files: "sstable1/13c61dc8-c7c1-4006-be8d-95bf20fa1bde202605010037081777617436596330642.sst" input_files: "sstable1/6979a3b3-ab06-4940-a98e-40f4c2097d7b202605010037081777617436596757132.sst" compactIntoNextLevel: true destinationLevel: 2
2026-05-01 06:37:23:740 - Compaction started: 
139788074075712:Compacting sstable1/13c61dc8-c7c1-4006-be8d-95bf20fa1bde202605010037081777617436596330642.sst sstable1/6979a3b3-ab06-4940-a98e-40f4c2097d7b202605010037081777617436596757132.sst into:sstable2/8ae1e8ce-114a-48f8-ae6f-fa15cfa9b9fd202605010037081777617443760224706.sst
2026-05-01 06:37:23:792 - Compaction completed: 
2888861:COMPACT_START sstable=1 input_files: "sstable1/13c61dc8-c7c1-4006-be8d-95bf20fa1bde202605010037081777617436800444151.sst" input_files: "sstable1/6979a3b3-ab06-4940-a98e-40f4c2097d7b202605010037081777617436800920964.sst" compactIntoNextLevel: true destinationLevel: 2
2026-05-01 06:37:23:842 - Compaction started: 
139788074075712:Compacting sstable1/13c61dc8-c7c1-4006-be8d-95bf20fa1bde202605010037081777617436800444151.sst sstable1/6979a3b3-ab06-4940-a98e-40f4c2097d7b202605010037081777617436800920964.sst into:sstable2/8ae1e8ce-114a-48f8-ae6f-fa15cfa9b9fd202605010037081777617443861625450.sst
2026-05-01 06:37:23:892 - Compaction completed: 
2888861:COMPACT_START sstable=1 input_files: "sstable1/13c61dc8-c7c1-4006-be8d-95bf20fa1bde202605010037081777617437005201035.sst" input_files: "sstable1/6979a3b3-ab06-4940-a98e-40f4c2097d7b202605010037081777617437004850628.sst" compactIntoNextLevel: true destinationLevel: 2
2026-05-01 06:37:23:945 - Compaction started: 
139788074075712:Compacting sstable1/13c61dc8-c7c1-4006-be8d-95bf20fa1bde202605010037081777617437005201035.sst sstable1/6979a3b3-ab06-4940-a98e-40f4c2097d7b202605010037081777617437004850628.sst into:sstable2/8ae1e8ce-114a-48f8-ae6f-fa15cfa9b9fd202605010037081777617443963870467.sst
2026-05-01 06:37:23:994 - Compaction completed: 
2888861:COMPACT_START sstable=1 input_files: "sstable1/13c61dc8-c7c1-4006-be8d-95bf20fa1bde202605010037081777617437210990415.sst" input_files: "sstable1/6979a3b3-ab06-4940-a98e-40f4c2097d7b202605010037081777617437211890722.sst" compactIntoNextLevel: true destinationLevel: 2
2026-05-01 06:37:24:047 - Compaction started: 
139788074075712:Compacting sstable1/13c61dc8-c7c1-4006-be8d-95bf20fa1bde202605010037081777617437210990415.sst sstable1/6979a3b3-ab06-4940-a98e-40f4c2097d7b202605010037081777617437211890722.sst into:sstable2/8ae1e8ce-114a-48f8-ae6f-fa15cfa9b9fd202605010037081777617444067096644.sst
2026-05-01 06:37:24:098 - Compaction completed: 
2888861:COMPACT_START sstable=1 input_files: "sstable1/13c61dc8-c7c1-4006-be8d-95bf20fa1bde202605010037081777617437419085377.sst" input_files: "sstable1/6979a3b3-ab06-4940-a98e-40f4c2097d7b202605010037081777617437419546972.sst" compactIntoNextLevel: true destinationLevel: 2
2026-05-01 06:37:24:149 - Compaction started: 
139788074075712:Compacting sstable1/13c61dc8-c7c1-4006-be8d-95bf20fa1bde202605010037081777617437419085377.sst sstable1/6979a3b3-ab06-4940-a98e-40f4c2097d7b202605010037081777617437419546972.sst into:sstable2/8ae1e8ce-114a-48f8-ae6f-fa15cfa9b9fd202605010037081777617444168661626.sst
2026-05-01 06:37:24:199 - Compaction completed: 
2888861:COMPACT_START sstable=1 input_files: "sstable1/6979a3b3-ab06-4940-a98e-40f4c2097d7b202605010037081777617437625643568.sst" input_files: "sstable1/8ae1e8ce-114a-48f8-ae6f-fa15cfa9b9fd202605010037081777617437626292534.sst" compactIntoNextLevel: true destinationLevel: 2
2026-05-01 06:37:24:251 - Compaction started: 
139788074075712:Compacting sstable1/6979a3b3-ab06-4940-a98e-40f4c2097d7b202605010037081777617437625643568.sst sstable1/8ae1e8ce-114a-48f8-ae6f-fa15cfa9b9fd202605010037081777617437626292534.sst into:sstable2/8ae1e8ce-114a-48f8-ae6f-fa15cfa9b9fd202605010037081777617444270163269.sst
2026-05-01 06:37:24:300 - Compaction completed: 
2888861:COMPACT_START sstable=1 input_files: "sstable1/6979a3b3-ab06-4940-a98e-40f4c2097d7b202605010037081777617437827291284.sst" input_files: "sstable1/8ae1e8ce-114a-48f8-ae6f-fa15cfa9b9fd202605010037081777617437829020886.sst" compactIntoNextLevel: true destinationLevel: 2
2026-05-01 06:37:24:353 - Compaction started: 
139788074075712:Compacting sstable1/6979a3b3-ab06-4940-a98e-40f4c2097d7b202605010037081777617437827291284.sst sstable1/8ae1e8ce-114a-48f8-ae6f-fa15cfa9b9fd202605010037081777617437829020886.sst into:sstable2/8ae1e8ce-114a-48f8-ae6f-fa15cfa9b9fd202605010037081777617444371740415.sst
2026-05-01 06:37:24:401 - Compaction completed: 
2888861:COMPACT_START sstable=1 input_files: "sstable1/6979a3b3-ab06-4940-a98e-40f4c2097d7b202605010037081777617438030132807.sst" input_files: "sstable1/8ae1e8ce-114a-48f8-ae6f-fa15cfa9b9fd202605010037081777617438031541087.sst" compactIntoNextLevel: true destinationLevel: 2
2026-05-01 06:37:24:455 - Compaction started: 
139788074075712:Compacting sstable1/6979a3b3-ab06-4940-a98e-40f4c2097d7b202605010037081777617438030132807.sst sstable1/8ae1e8ce-114a-48f8-ae6f-fa15cfa9b9fd202605010037081777617438031541087.sst into:sstable2/8ae1e8ce-114a-48f8-ae6f-fa15cfa9b9fd202605010037081777617444473217312.sst
2026-05-01 06:37:24:501 - Compaction completed: 
2888861:COMPACT_START sstable=1 input_files: "sstable1/6979a3b3-ab06-4940-a98e-40f4c2097d7b202605010037081777617438232748969.sst" input_files: "sstable1/8ae1e8ce-114a-48f8-ae6f-fa15cfa9b9fd202605010037081777617438234411255.sst" compactIntoNextLevel: true destinationLevel: 2
2026-05-01 06:37:24:557 - Compaction started: 
139788074075712:Compacting sstable1/6979a3b3-ab06-4940-a98e-40f4c2097d7b202605010037081777617438232748969.sst sstable1/8ae1e8ce-114a-48f8-ae6f-fa15cfa9b9fd202605010037081777617438234411255.sst into:sstable2/8ae1e8ce-114a-48f8-ae6f-fa15cfa9b9fd202605010037081777617444575156626.sst
2026-05-01 06:37:24:603 - Compaction completed: 
2888861:COMPACT_START sstable=1 input_files: "sstable1/6979a3b3-ab06-4940-a98e-40f4c2097d7b202605010037081777617438435493601.sst" input_files: "sstable1/8ae1e8ce-114a-48f8-ae6f-fa15cfa9b9fd202605010037081777617438437491486.sst" compactIntoNextLevel: true destinationLevel: 2
2026-05-01 06:37:24:660 - Compaction started: 
139788074075712:Compacting sstable1/6979a3b3-ab06-4940-a98e-40f4c2097d7b202605010037081777617438435493601.sst sstable1/8ae1e8ce-114a-48f8-ae6f-fa15cfa9b9fd202605010037081777617438437491486.sst into:sstable2/8ae1e8ce-114a-48f8-ae6f-fa15cfa9b9fd202605010037081777617444678008681.sst
2026-05-01 06:37:24:705 - Compaction completed: 
2888861:COMPACT_START sstable=1 input_files: "sstable1/6979a3b3-ab06-4940-a98e-40f4c2097d7b202605010037081777617438638074677.sst" input_files: "sstable1/8ae1e8ce-114a-48f8-ae6f-fa15cfa9b9fd202605010037081777617438640407199.sst" compactIntoNextLevel: true destinationLevel: 2
2026-05-01 06:37:24:762 - Compaction started: 
139788074075712:Compacting sstable1/6979a3b3-ab06-4940-a98e-40f4c2097d7b202605010037081777617438638074677.sst sstable1/8ae1e8ce-114a-48f8-ae6f-fa15cfa9b9fd202605010037081777617438640407199.sst into:sstable2/8ae1e8ce-114a-48f8-ae6f-fa15cfa9b9fd202605010037081777617444779866922.sst
2026-05-01 06:37:24:807 - Compaction completed: 
2888861:COMPACT_START sstable=1 input_files: "sstable1/13c61dc8-c7c1-4006-be8d-95bf20fa1bde202605010037081777617438844933952.sst" input_files: "sstable1/6979a3b3-ab06-4940-a98e-40f4c2097d7b202605010037081777617438847088421.sst" compactIntoNextLevel: true destinationLevel: 2
2026-05-01 06:37:24:865 - Compaction started: 
139788074075712:Compacting sstable1/13c61dc8-c7c1-4006-be8d-95bf20fa1bde202605010037081777617438844933952.sst sstable1/6979a3b3-ab06-4940-a98e-40f4c2097d7b202605010037081777617438847088421.sst into:sstable2/8ae1e8ce-114a-48f8-ae6f-fa15cfa9b9fd202605010037081777617444882760906.sst
2026-05-01 06:37:24:911 - Compaction completed: 
2888861:COMPACT_START sstable=1 input_files: "sstable1/13c61dc8-c7c1-4006-be8d-95bf20fa1bde202605010037081777617439048099844.sst" input_files: "sstable1/6979a3b3-ab06-4940-a98e-40f4c2097d7b202605010037081777617439049112953.sst" compactIntoNextLevel: true destinationLevel: 2
2026-05-01 06:37:24:968 - Compaction started: 
139788074075712:Compacting sstable1/13c61dc8-c7c1-4006-be8d-95bf20fa1bde202605010037081777617439048099844.sst sstable1/6979a3b3-ab06-4940-a98e-40f4c2097d7b202605010037081777617439049112953.sst into:sstable2/8ae1e8ce-114a-48f8-ae6f-fa15cfa9b9fd202605010037081777617444986257079.sst
2026-05-01 06:37:25:015 - Compaction completed: 
2888861:COMPACT_START sstable=1 input_files: "sstable1/6979a3b3-ab06-4940-a98e-40f4c2097d7b202605010037081777617439250853243.sst" input_files: "sstable1/13c61dc8-c7c1-4006-be8d-95bf20fa1bde202605010037081777617439251637082.sst" compactIntoNextLevel: true destinationLevel: 2
2026-05-01 06:37:25:070 - Compaction started: 
139788074075712:Compacting sstable1/6979a3b3-ab06-4940-a98e-40f4c2097d7b202605010037081777617439250853243.sst sstable1/13c61dc8-c7c1-4006-be8d-95bf20fa1bde202605010037081777617439251637082.sst into:sstable2/8ae1e8ce-114a-48f8-ae6f-fa15cfa9b9fd202605010037081777617445087861845.sst
2026-05-01 06:37:25:115 - Compaction completed: 
2888861:COMPACT_START sstable=1 input_files: "sstable1/6979a3b3-ab06-4940-a98e-40f4c2097d7b202605010037081777617439453455097.sst" input_files: "sstable1/13c61dc8-c7c1-4006-be8d-95bf20fa1bde202605010037081777617439455273756.sst" compactIntoNextLevel: true destinationLevel: 2
2026-05-01 06:37:25:172 - Compaction started: 
139788074075712:Compacting sstable1/6979a3b3-ab06-4940-a98e-40f4c2097d7b202605010037081777617439453455097.sst sstable1/13c61dc8-c7c1-4006-be8d-95bf20fa1bde202605010037081777617439455273756.sst into:sstable2/8ae1e8ce-114a-48f8-ae6f-fa15cfa9b9fd202605010037081777617445191353309.sst
2026-05-01 06:37:25:220 - Compaction completed: 
2888861:COMPACT_START sstable=1 input_files: "sstable2/13c61dc8-c7c1-4006-be8d-95bf20fa1bde202605010037081777617439779138939.sst" input_files: "sstable2/3c6ece6e-08cb-4102-898f-1d5d10c002d6202605010037081777617439851332313.sst" compactIntoNextLevel: false destinationLevel: 2
2026-05-01 06:37:25:275 - Compaction started: 
139788074075712:Compacting sstable2/13c61dc8-c7c1-4006-be8d-95bf20fa1bde202605010037081777617439779138939.sst sstable2/3c6ece6e-08cb-4102-898f-1d5d10c002d6202605010037081777617439851332313.sst into:sstable2/0_8ae1e8ce-114a-48f8-ae6f-fa15cfa9b9fd202605010037081777617445325650451.sst
2026-05-01 06:37:25:394 - Compaction completed: 
2888861:COMPACT_START sstable=1 input_files: "sstable2/13c61dc8-c7c1-4006-be8d-95bf20fa1bde202605010037081777617439983059907.sst" input_files: "sstable2/3c6ece6e-08cb-4102-898f-1d5d10c002d6202605010037081777617440053643402.sst" compactIntoNextLevel: false destinationLevel: 2
2026-05-01 06:37:25:480 - Compaction started: 
139788074075712:Compacting sstable2/13c61dc8-c7c1-4006-be8d-95bf20fa1bde202605010037081777617439983059907.sst sstable2/3c6ece6e-08cb-4102-898f-1d5d10c002d6202605010037081777617440053643402.sst into:sstable2/0_8ae1e8ce-114a-48f8-ae6f-fa15cfa9b9fd202605010037081777617445549072344.sst
2026-05-01 06:37:25:630 - Compaction completed: 
2888861:COMPACT_START sstable=1 input_files: "sstable2/13c61dc8-c7c1-4006-be8d-95bf20fa1bde202605010037081777617440084663712.sst" input_files: "sstable2/3c6ece6e-08cb-4102-898f-1d5d10c002d6202605010037081777617440153527924.sst" compactIntoNextLevel: false destinationLevel: 2
2026-05-01 06:37:25:686 - Compaction started: 
139788074075712:Compacting sstable2/13c61dc8-c7c1-4006-be8d-95bf20fa1bde202605010037081777617440084663712.sst sstable2/3c6ece6e-08cb-4102-898f-1d5d10c002d6202605010037081777617440153527924.sst into:sstable2/0_8ae1e8ce-114a-48f8-ae6f-fa15cfa9b9fd202605010037081777617445736085707.sst
2026-05-01 06:37:25:815 - Compaction completed: 
2888861:COMPACT_START sstable=1 input_files: "sstable2/13c61dc8-c7c1-4006-be8d-95bf20fa1bde202605010037081777617440186875767.sst" input_files: "sstable2/3c6ece6e-08cb-4102-898f-1d5d10c002d6202605010037081777617440257000352.sst" compactIntoNextLevel: false destinationLevel: 2
2026-05-01 06:37:25:893 - Compaction started: 
139788074075712:Compacting sstable2/13c61dc8-c7c1-4006-be8d-95bf20fa1bde202605010037081777617440186875767.sst sstable2/3c6ece6e-08cb-4102-898f-1d5d10c002d6202605010037081777617440257000352.sst into:sstable2/0_8ae1e8ce-114a-48f8-ae6f-fa15cfa9b9fd202605010037081777617445945766030.sst
2026-05-01 06:37:26:031 - Compaction completed: 
2888861:COMPACT_START sstable=1 input_files: "sstable2/13c61dc8-c7c1-4006-be8d-95bf20fa1bde202605010037081777617440285941675.sst" input_files: "sstable2/3c6ece6e-08cb-4102-898f-1d5d10c002d6202605010037081777617440356963361.sst" compactIntoNextLevel: false destinationLevel: 2
2026-05-01 06:37:26:098 - Compaction started: 
139788074075712:Compacting sstable2/13c61dc8-c7c1-4006-be8d-95bf20fa1bde202605010037081777617440285941675.sst sstable2/3c6ece6e-08cb-4102-898f-1d5d10c002d6202605010037081777617440356963361.sst into:sstable2/0_8ae1e8ce-114a-48f8-ae6f-fa15cfa9b9fd202605010037081777617446146469686.sst
2026-05-01 06:37:26:223 - Compaction completed: 
2888861:COMPACT_START sstable=1 input_files: "sstable2/6979a3b3-ab06-4940-a98e-40f4c2097d7b202605010037081777617440386235073.sst" input_files: "sstable2/8ae1e8ce-114a-48f8-ae6f-fa15cfa9b9fd202605010037081777617440387759391.sst" compactIntoNextLevel: false destinationLevel: 2
2026-05-01 06:37:26:303 - Compaction started: 
139788074075712:Compacting sstable2/6979a3b3-ab06-4940-a98e-40f4c2097d7b202605010037081777617440386235073.sst sstable2/8ae1e8ce-114a-48f8-ae6f-fa15cfa9b9fd202605010037081777617440387759391.sst into:sstable2/0_8ae1e8ce-114a-48f8-ae6f-fa15cfa9b9fd202605010037081777617446351509551.sst
2026-05-01 06:37:26:428 - Compaction completed: 
2888861:COMPACT_START sstable=1 input_files: "sstable2/0_8ae1e8ce-114a-48f8-ae6f-fa15cfa9b9fd202605010037081777617446146469686.sst" input_files: "sstable2/0_8ae1e8ce-114a-48f8-ae6f-fa15cfa9b9fd202605010037081777617446351509551.sst" compactIntoNextLevel: false destinationLevel: 2
2026-05-01 06:37:26:509 - Compaction started: 
139788074075712:Compacting sstable2/0_8ae1e8ce-114a-48f8-ae6f-fa15cfa9b9fd202605010037081777617446146469686.sst sstable2/0_8ae1e8ce-114a-48f8-ae6f-fa15cfa9b9fd202605010037081777617446351509551.sst into:sstable2/1_8ae1e8ce-114a-48f8-ae6f-fa15cfa9b9fd202605010037081777617446608296501.sst
2026-05-01 06:37:26:763 - Compaction completed: 
2888861:COMPACT_START sstable=1 input_files: "sstable2/13c61dc8-c7c1-4006-be8d-95bf20fa1bde202605010037081777617440591045067.sst" input_files: "sstable2/6979a3b3-ab06-4940-a98e-40f4c2097d7b202605010037081777617440597261320.sst" compactIntoNextLevel: false destinationLevel: 2
2026-05-01 06:37:26:816 - Compaction started: 
139788074075712:Compacting sstable2/13c61dc8-c7c1-4006-be8d-95bf20fa1bde202605010037081777617440591045067.sst sstable2/6979a3b3-ab06-4940-a98e-40f4c2097d7b202605010037081777617440597261320.sst into:sstable2/0_8ae1e8ce-114a-48f8-ae6f-fa15cfa9b9fd202605010037081777617446866983351.sst
2026-05-01 06:37:26:949 - Compaction completed: 
2888861:COMPACT_START sstable=1 input_files: "sstable2/0_13c61dc8-c7c1-4006-be8d-95bf20fa1bde202605010037081777617446653627848.sst" input_files: "sstable2/0_8ae1e8ce-114a-48f8-ae6f-fa15cfa9b9fd202605010037081777617446866983351.sst" compactIntoNextLevel: false destinationLevel: 2
2026-05-01 06:37:27:021 - Compaction started: 
139788074075712:Compacting sstable2/0_13c61dc8-c7c1-4006-be8d-95bf20fa1bde202605010037081777617446653627848.sst sstable2/0_8ae1e8ce-114a-48f8-ae6f-fa15cfa9b9fd202605010037081777617446866983351.sst into:sstable2/1_8ae1e8ce-114a-48f8-ae6f-fa15cfa9b9fd202605010037081777617447113803386.sst
2026-05-01 06:37:27:274 - Compaction completed: 
2888861:COMPACT_START sstable=1 input_files: "sstable2/1_3c6ece6e-08cb-4102-898f-1d5d10c002d6202605010037081777617446885111023.sst" input_files: "sstable2/1_8ae1e8ce-114a-48f8-ae6f-fa15cfa9b9fd202605010037081777617447113803386.sst" compactIntoNextLevel: false destinationLevel: 2
2026-05-01 06:37:27:326 - Compaction started: 
139788074075712:Compacting sstable2/1_3c6ece6e-08cb-4102-898f-1d5d10c002d6202605010037081777617446885111023.sst sstable2/1_8ae1e8ce-114a-48f8-ae6f-fa15cfa9b9fd202605010037081777617447113803386.sst into:sstable2/2_8ae1e8ce-114a-48f8-ae6f-fa15cfa9b9fd202605010037081777617447543775436.sst
2026-05-01 06:37:27:868 - Compaction completed: 
2888861:COMPACT_START sstable=1 input_files: "sstable2/2_13c61dc8-c7c1-4006-be8d-95bf20fa1bde202605010037081777617447023406790.sst" input_files: "sstable2/2_8ae1e8ce-114a-48f8-ae6f-fa15cfa9b9fd202605010037081777617447543775436.sst" compactIntoNextLevel: false destinationLevel: 2
2026-05-01 06:37:27:933 - Compaction started: 
139788074075712:Compacting sstable2/2_13c61dc8-c7c1-4006-be8d-95bf20fa1bde202605010037081777617447023406790.sst sstable2/2_8ae1e8ce-114a-48f8-ae6f-fa15cfa9b9fd202605010037081777617447543775436.sst into:sstable2/3_8ae1e8ce-114a-48f8-ae6f-fa15cfa9b9fd202605010037081777617448403570546.sst
2026-05-01 06:37:29:081 - Compaction completed: 
2888861:COMPACT_START sstable=1 input_files: "sstable2/13c61dc8-c7c1-4006-be8d-95bf20fa1bde202605010037081777617441506733223.sst" input_files: "sstable2/6979a3b3-ab06-4940-a98e-40f4c2097d7b202605010037081777617441505725795.sst" compactIntoNextLevel: false destinationLevel: 2
2026-05-01 06:37:29:159 - Compaction started: 
139788074075712:Compacting sstable2/13c61dc8-c7c1-4006-be8d-95bf20fa1bde202605010037081777617441506733223.sst sstable2/6979a3b3-ab06-4940-a98e-40f4c2097d7b202605010037081777617441505725795.sst into:sstable2/0_8ae1e8ce-114a-48f8-ae6f-fa15cfa9b9fd202605010037081777617449210697684.sst
2026-05-01 06:37:29:285 - Compaction completed: 
2888861:COMPACT_START sstable=1 input_files: "sstable2/3c6ece6e-08cb-4102-898f-1d5d10c002d6202605010037081777617441680565266.sst" input_files: "sstable2/8ae1e8ce-114a-48f8-ae6f-fa15cfa9b9fd202605010037081777617441709251180.sst" compactIntoNextLevel: false destinationLevel: 2
2026-05-01 06:37:29:379 - Compaction started: 
139788074075712:Compacting sstable2/3c6ece6e-08cb-4102-898f-1d5d10c002d6202605010037081777617441680565266.sst sstable2/8ae1e8ce-114a-48f8-ae6f-fa15cfa9b9fd202605010037081777617441709251180.sst into:sstable2/0_8ae1e8ce-114a-48f8-ae6f-fa15cfa9b9fd202605010037081777617449428085897.sst
2026-05-01 06:37:29:503 - Compaction completed: 
2888861:COMPACT_START sstable=1 input_files: "sstable2/13c61dc8-c7c1-4006-be8d-95bf20fa1bde202605010037081777617441811127556.sst" input_files: "sstable2/6979a3b3-ab06-4940-a98e-40f4c2097d7b202605010037081777617441814524334.sst" compactIntoNextLevel: false destinationLevel: 2
2026-05-01 06:37:29:600 - Compaction started: 
139788074075712:Compacting sstable2/13c61dc8-c7c1-4006-be8d-95bf20fa1bde202605010037081777617441811127556.sst sstable2/6979a3b3-ab06-4940-a98e-40f4c2097d7b202605010037081777617441814524334.sst into:sstable2/0_8ae1e8ce-114a-48f8-ae6f-fa15cfa9b9fd202605010037081777617449649209262.sst
2026-05-01 06:37:29:723 - Compaction completed: 
2888861:COMPACT_START sstable=1 input_files: "sstable2/3c6ece6e-08cb-4102-898f-1d5d10c002d6202605010037081777617441989342606.sst" input_files: "sstable2/8ae1e8ce-114a-48f8-ae6f-fa15cfa9b9fd202605010037081777617442017662805.sst" compactIntoNextLevel: false destinationLevel: 2
2026-05-01 06:37:29:826 - Compaction started: 
139788074075712:Compacting sstable2/3c6ece6e-08cb-4102-898f-1d5d10c002d6202605010037081777617441989342606.sst sstable2/8ae1e8ce-114a-48f8-ae6f-fa15cfa9b9fd202605010037081777617442017662805.sst into:sstable2/0_8ae1e8ce-114a-48f8-ae6f-fa15cfa9b9fd202605010037081777617449873690721.sst
2026-05-01 06:37:29:945 - Compaction completed: 
2888861:COMPACT_START sstable=1 input_files: "sstable2/13c61dc8-c7c1-4006-be8d-95bf20fa1bde202605010037081777617442118211211.sst" input_files: "sstable2/6979a3b3-ab06-4940-a98e-40f4c2097d7b202605010037081777617442121083536.sst" compactIntoNextLevel: false destinationLevel: 2
2026-05-01 06:37:30:055 - Compaction started: 
139788074075712:Compacting sstable2/13c61dc8-c7c1-4006-be8d-95bf20fa1bde202605010037081777617442118211211.sst sstable2/6979a3b3-ab06-4940-a98e-40f4c2097d7b202605010037081777617442121083536.sst into:sstable2/0_8ae1e8ce-114a-48f8-ae6f-fa15cfa9b9fd202605010037081777617450103488457.sst
2026-05-01 06:37:30:177 - Compaction completed: 
2888861:COMPACT_START sstable=1 input_files: "sstable2/3c6ece6e-08cb-4102-898f-1d5d10c002d6202605010037081777617442296889078.sst" input_files: "sstable2/8ae1e8ce-114a-48f8-ae6f-fa15cfa9b9fd202605010037081777617442321881138.sst" compactIntoNextLevel: false destinationLevel: 2
2026-05-01 06:37:30:287 - Compaction started: 
139788074075712:Compacting sstable2/3c6ece6e-08cb-4102-898f-1d5d10c002d6202605010037081777617442296889078.sst sstable2/8ae1e8ce-114a-48f8-ae6f-fa15cfa9b9fd202605010037081777617442321881138.sst into:sstable2/0_8ae1e8ce-114a-48f8-ae6f-fa15cfa9b9fd202605010037081777617450334002185.sst
2026-05-01 06:37:30:407 - Compaction completed: 
2888861:COMPACT_START sstable=1 input_files: "sstable2/13c61dc8-c7c1-4006-be8d-95bf20fa1bde202605010037081777617442425596902.sst" input_files: "sstable2/6979a3b3-ab06-4940-a98e-40f4c2097d7b202605010037081777617442428750574.sst" compactIntoNextLevel: false destinationLevel: 2
2026-05-01 06:37:30:520 - Compaction started: 
139788074075712:Compacting sstable2/13c61dc8-c7c1-4006-be8d-95bf20fa1bde202605010037081777617442425596902.sst sstable2/6979a3b3-ab06-4940-a98e-40f4c2097d7b202605010037081777617442428750574.sst into:sstable2/0_8ae1e8ce-114a-48f8-ae6f-fa15cfa9b9fd202605010037081777617450568769015.sst
2026-05-01 06:37:30:643 - Compaction completed: 
2888861:COMPACT_START sstable=1 input_files: "sstable2/3c6ece6e-08cb-4102-898f-1d5d10c002d6202605010037081777617442607391722.sst" input_files: "sstable2/8ae1e8ce-114a-48f8-ae6f-fa15cfa9b9fd202605010037081777617442628308382.sst" compactIntoNextLevel: false destinationLevel: 2
2888861:COMPACT_ABORT input_files: "sstable2/3c6ece6e-08cb-4102-898f-1d5d10c002d6202605010037081777617442607391722.sst" input_files: "sstable2/8ae1e8ce-114a-48f8-ae6f-fa15cfa9b9fd202605010037081777617442628308382.sst" compactIntoNextLevel: false destinationLevel: 2
2888861:COMPACT_START sstable=1 input_files: "sstable2/3c6ece6e-08cb-4102-898f-1d5d10c002d6202605010037081777617442709177468.sst" input_files: "sstable2/8ae1e8ce-114a-48f8-ae6f-fa15cfa9b9fd202605010037081777617442731505834.sst" compactIntoNextLevel: false destinationLevel: 2
2026-05-01 06:37:30:894 - Compaction started: 
139788074075712:Compacting sstable2/3c6ece6e-08cb-4102-898f-1d5d10c002d6202605010037081777617442709177468.sst sstable2/8ae1e8ce-114a-48f8-ae6f-fa15cfa9b9fd202605010037081777617442731505834.sst into:sstable2/0_8ae1e8ce-114a-48f8-ae6f-fa15cfa9b9fd202605010037081777617450938946094.sst
2026-05-01 06:37:31:007 - Compaction completed: 
2888861:COMPACT_START sstable=1 input_files: "sstable2/13c61dc8-c7c1-4006-be8d-95bf20fa1bde202605010037081777617442836466392.sst" input_files: "sstable2/6979a3b3-ab06-4940-a98e-40f4c2097d7b202605010037081777617442836362938.sst" compactIntoNextLevel: false destinationLevel: 2
2026-05-01 06:37:31:137 - Compaction started: 
139788074075712:Compacting sstable2/13c61dc8-c7c1-4006-be8d-95bf20fa1bde202605010037081777617442836466392.sst sstable2/6979a3b3-ab06-4940-a98e-40f4c2097d7b202605010037081777617442836362938.sst into:sstable2/0_8ae1e8ce-114a-48f8-ae6f-fa15cfa9b9fd202605010037081777617451182071513.sst
2026-05-01 06:37:31:251 - Compaction completed: 
2888861:COMPACT_START sstable=1 input_files: "sstable2/8ae1e8ce-114a-48f8-ae6f-fa15cfa9b9fd202605010037081777617443041992408.sst" input_files: "sstable2/6979a3b3-ab06-4940-a98e-40f4c2097d7b202605010037081777617443041365583.sst" compactIntoNextLevel: false destinationLevel: 2
2026-05-01 06:37:31:384 - Compaction started: 
139788074075712:Compacting sstable2/8ae1e8ce-114a-48f8-ae6f-fa15cfa9b9fd202605010037081777617443041992408.sst sstable2/6979a3b3-ab06-4940-a98e-40f4c2097d7b202605010037081777617443041365583.sst into:sstable2/0_8ae1e8ce-114a-48f8-ae6f-fa15cfa9b9fd202605010037081777617451426802011.sst
2026-05-01 06:37:31:494 - Compaction completed: 
2888861:COMPACT_START sstable=1 input_files: "sstable2/3c6ece6e-08cb-4102-898f-1d5d10c002d6202605010037081777617443226190423.sst" input_files: "sstable2/13c61dc8-c7c1-4006-be8d-95bf20fa1bde202605010037081777617443244910075.sst" compactIntoNextLevel: false destinationLevel: 2
2026-05-01 06:37:31:640 - Compaction started: 
139788074075712:Compacting sstable2/3c6ece6e-08cb-4102-898f-1d5d10c002d6202605010037081777617443226190423.sst sstable2/13c61dc8-c7c1-4006-be8d-95bf20fa1bde202605010037081777617443244910075.sst into:sstable2/0_8ae1e8ce-114a-48f8-ae6f-fa15cfa9b9fd202605010037081777617451691444626.sst
2026-05-01 06:37:31:758 - Compaction completed: 
2888861:COMPACT_START sstable=1 input_files: "sstable2/8ae1e8ce-114a-48f8-ae6f-fa15cfa9b9fd202605010037081777617441098137586.sst" input_files: "sstable2/13c61dc8-c7c1-4006-be8d-95bf20fa1bde202605010037081777617441098093363.sst" compactIntoNextLevel: false destinationLevel: 2
2026-05-01 06:37:31:846 - Compaction started: 
139788074075712:Compacting sstable2/8ae1e8ce-114a-48f8-ae6f-fa15cfa9b9fd202605010037081777617441098137586.sst sstable2/13c61dc8-c7c1-4006-be8d-95bf20fa1bde202605010037081777617441098093363.sst into:sstable2/0_8ae1e8ce-114a-48f8-ae6f-fa15cfa9b9fd202605010037081777617451899266336.sst
2026-05-01 06:37:31:989 - Compaction completed: 
2888861:COMPACT_START sstable=1 input_files: "sstable2/6979a3b3-ab06-4940-a98e-40f4c2097d7b202605010037081777617441201871804.sst" input_files: "sstable2/3c6ece6e-08cb-4102-898f-1d5d10c002d6202605010037081777617441269686910.sst" compactIntoNextLevel: false destinationLevel: 2
2026-05-01 06:37:32:058 - Compaction started: 
139788074075712:Compacting sstable2/6979a3b3-ab06-4940-a98e-40f4c2097d7b202605010037081777617441201871804.sst sstable2/3c6ece6e-08cb-4102-898f-1d5d10c002d6202605010037081777617441269686910.sst into:sstable2/0_8ae1e8ce-114a-48f8-ae6f-fa15cfa9b9fd202605010037081777617452116932760.sst
2026-05-01 06:37:32:200 - Compaction completed: 
2888861:COMPACT_START sstable=1 input_files: "sstable2/0_8ae1e8ce-114a-48f8-ae6f-fa15cfa9b9fd202605010037081777617451899266336.sst" input_files: "sstable2/0_13c61dc8-c7c1-4006-be8d-95bf20fa1bde202605010037081777617452043470509.sst" compactIntoNextLevel: false destinationLevel: 2
2026-05-01 06:37:32:355 - Compaction started: 
139788074075712:Compacting sstable2/0_8ae1e8ce-114a-48f8-ae6f-fa15cfa9b9fd202605010037081777617451899266336.sst sstable2/0_13c61dc8-c7c1-4006-be8d-95bf20fa1bde202605010037081777617452043470509.sst into:sstable2/1_8ae1e8ce-114a-48f8-ae6f-fa15cfa9b9fd202605010037081777617452459179852.sst
2026-05-01 06:37:32:623 - Compaction completed: 
2888861:COMPACT_START sstable=1 input_files: "sstable2/1_3c6ece6e-08cb-4102-898f-1d5d10c002d6202605010037081777617448412146181.sst" input_files: "sstable2/1_6979a3b3-ab06-4940-a98e-40f4c2097d7b202605010037081777617452074887814.sst" compactIntoNextLevel: false destinationLevel: 2
2026-05-01 06:37:32:662 - Compaction started: 
139788074075712:Compacting sstable2/1_3c6ece6e-08cb-4102-898f-1d5d10c002d6202605010037081777617448412146181.sst sstable2/1_6979a3b3-ab06-4940-a98e-40f4c2097d7b202605010037081777617452074887814.sst into:sstable2/2_8ae1e8ce-114a-48f8-ae6f-fa15cfa9b9fd202605010037081777617452903372830.sst
2026-05-01 06:37:33:267 - Compaction completed: 
2888861:COMPACT_START sstable=1 input_files: "sstable2/0_6979a3b3-ab06-4940-a98e-40f4c2097d7b202605010037081777617452720225153.sst" input_files: "sstable2/0_13c61dc8-c7c1-4006-be8d-95bf20fa1bde202605010037081777617452731106211.sst" compactIntoNextLevel: false destinationLevel: 2
2026-05-01 06:37:33:280 - Compaction started: 
139788074075712:Compacting sstable2/0_6979a3b3-ab06-4940-a98e-40f4c2097d7b202605010037081777617452720225153.sst sstable2/0_13c61dc8-c7c1-4006-be8d-95bf20fa1bde202605010037081777617452731106211.sst into:sstable2/1_8ae1e8ce-114a-48f8-ae6f-fa15cfa9b9fd202605010037081777617453378868366.sst
2026-05-01 06:37:33:531 - Compaction completed: 
2888861:COMPACT_START sstable=1 input_files: "sstable2/1_3c6ece6e-08cb-4102-898f-1d5d10c002d6202605010037081777617452765632583.sst" input_files: "sstable2/1_3c6ece6e-08cb-4102-898f-1d5d10c002d6202605010037081777617453112930734.sst" compactIntoNextLevel: false destinationLevel: 2
2026-05-01 06:37:33:586 - Compaction started: 
139788074075712:Compacting sstable2/1_3c6ece6e-08cb-4102-898f-1d5d10c002d6202605010037081777617452765632583.sst sstable2/1_3c6ece6e-08cb-4102-898f-1d5d10c002d6202605010037081777617453112930734.sst into:sstable2/2_8ae1e8ce-114a-48f8-ae6f-fa15cfa9b9fd202605010037081777617453784613070.sst
2026-05-01 06:37:34:096 - Compaction completed: 
2888861:COMPACT_START sstable=1 input_files: "sstable2/0_3c6ece6e-08cb-4102-898f-1d5d10c002d6202605010037081777617453383875042.sst" input_files: "sstable2/0_3c6ece6e-08cb-4102-898f-1d5d10c002d6202605010037081777617453652784565.sst" compactIntoNextLevel: false destinationLevel: 2
2026-05-01 06:37:34:108 - Compaction started: 
139788074075712:Compacting sstable2/0_3c6ece6e-08cb-4102-898f-1d5d10c002d6202605010037081777617453383875042.sst sstable2/0_3c6ece6e-08cb-4102-898f-1d5d10c002d6202605010037081777617453652784565.sst into:sstable2/1_8ae1e8ce-114a-48f8-ae6f-fa15cfa9b9fd202605010037081777617454215991996.sst
2026-05-01 06:37:34:371 - Compaction completed: 
2888861:COMPACT_START sstable=1 input_files: "sstable2/1_8ae1e8ce-114a-48f8-ae6f-fa15cfa9b9fd202605010037081777617453378868366.sst" input_files: "sstable2/1_3c6ece6e-08cb-4102-898f-1d5d10c002d6202605010037081777617454052216415.sst" compactIntoNextLevel: false destinationLevel: 2
2026-05-01 06:37:34:477 - Compaction started: 
139788074075712:Compacting sstable2/1_8ae1e8ce-114a-48f8-ae6f-fa15cfa9b9fd202605010037081777617453378868366.sst sstable2/1_3c6ece6e-08cb-4102-898f-1d5d10c002d6202605010037081777617454052216415.sst into:sstable2/2_8ae1e8ce-114a-48f8-ae6f-fa15cfa9b9fd202605010037081777617454666188959.sst
2026-05-01 06:37:34:960 - Compaction completed: 
2888861:COMPACT_START sstable=1 input_files: "sstable2/0_3c6ece6e-08cb-4102-898f-1d5d10c002d6202605010037081777617454307049260.sst" input_files: "sstable2/0_6979a3b3-ab06-4940-a98e-40f4c2097d7b202605010037081777617454774040886.sst" compactIntoNextLevel: false destinationLevel: 2
2026-05-01 06:37:35:139 - Compaction started: 
139788074075712:Compacting sstable2/0_3c6ece6e-08cb-4102-898f-1d5d10c002d6202605010037081777617454307049260.sst sstable2/0_6979a3b3-ab06-4940-a98e-40f4c2097d7b202605010037081777617454774040886.sst into:sstable2/1_8ae1e8ce-114a-48f8-ae6f-fa15cfa9b9fd202605010037081777617455240518588.sst
2026-05-01 06:37:35:389 - Compaction completed: 
2888861:COMPACT_START sstable=1 input_files: "sstable2/3c6ece6e-08cb-4102-898f-1d5d10c002d6202605010037081777617445273130718.sst" input_files: "sstable2/13c61dc8-c7c1-4006-be8d-95bf20fa1bde202605010037081777617442118211211.sst" compactIntoNextLevel: false destinationLevel: 2
2026-05-01 06:37:35:452 - Compaction started: 
139788074075712:Compacting sstable2/3c6ece6e-08cb-4102-898f-1d5d10c002d6202605010037081777617445273130718.sst sstable2/13c61dc8-c7c1-4006-be8d-95bf20fa1bde202605010037081777617442118211211.sst into:sstable2/0_8ae1e8ce-114a-48f8-ae6f-fa15cfa9b9fd202605010037081777617455501910149.sst
2026-05-01 06:37:35:577 - Compaction completed: 
2888861:COMPACT_START sstable=1 input_files: "sstable2/6979a3b3-ab06-4940-a98e-40f4c2097d7b202605010037081777617442221944698.sst" input_files: "sstable2/3c6ece6e-08cb-4102-898f-1d5d10c002d6202605010037081777617442296889078.sst" compactIntoNextLevel: false destinationLevel: 2
2026-05-01 06:37:35:663 - Compaction started: 
139788074075712:Compacting sstable2/6979a3b3-ab06-4940-a98e-40f4c2097d7b202605010037081777617442221944698.sst sstable2/3c6ece6e-08cb-4102-898f-1d5d10c002d6202605010037081777617442296889078.sst into:sstable2/0_8ae1e8ce-114a-48f8-ae6f-fa15cfa9b9fd202605010037081777617455711630298.sst
2026-05-01 06:37:35:782 - Compaction completed: 
2888861:COMPACT_START sstable=1 input_files: "sstable2/0_13c61dc8-c7c1-4006-be8d-95bf20fa1bde202605010037081777617455197301374.sst" input_files: "sstable2/0_13c61dc8-c7c1-4006-be8d-95bf20fa1bde202605010037081777617455453491114.sst" compactIntoNextLevel: false destinationLevel: 2
2026-05-01 06:37:35:926 - Compaction started: 
139788074075712:Compacting sstable2/0_13c61dc8-c7c1-4006-be8d-95bf20fa1bde202605010037081777617455197301374.sst sstable2/0_13c61dc8-c7c1-4006-be8d-95bf20fa1bde202605010037081777617455453491114.sst into:sstable2/1_8ae1e8ce-114a-48f8-ae6f-fa15cfa9b9fd202605010037081777617456012615390.sst
2026-05-01 06:37:36:159 - Compaction completed: 
2888861:COMPACT_START sstable=1 input_files: "sstable2/0_13c61dc8-c7c1-4006-be8d-95bf20fa1bde202605010037081777617455661297554.sst" input_files: "sstable2/0_8ae1e8ce-114a-48f8-ae6f-fa15cfa9b9fd202605010037081777617455711630298.sst" compactIntoNextLevel: false destinationLevel: 2
2026-05-01 06:37:36:237 - Compaction started: 
139788074075712:Compacting sstable2/0_13c61dc8-c7c1-4006-be8d-95bf20fa1bde202605010037081777617455661297554.sst sstable2/0_8ae1e8ce-114a-48f8-ae6f-fa15cfa9b9fd202605010037081777617455711630298.sst into:sstable2/1_8ae1e8ce-114a-48f8-ae6f-fa15cfa9b9fd202605010037081777617456320787815.sst
2026-05-01 06:37:36:463 - Compaction completed: 
2888861:COMPACT_START sstable=1 input_files: "sstable2/1_13c61dc8-c7c1-4006-be8d-95bf20fa1bde202605010037081777617456032899464.sst" input_files: "sstable2/1_8ae1e8ce-114a-48f8-ae6f-fa15cfa9b9fd202605010037081777617456320787815.sst" compactIntoNextLevel: false destinationLevel: 2
2026-05-01 06:37:36:603 - Compaction started: 
139788074075712:Compacting sstable2/1_13c61dc8-c7c1-4006-be8d-95bf20fa1bde202605010037081777617456032899464.sst sstable2/1_8ae1e8ce-114a-48f8-ae6f-fa15cfa9b9fd202605010037081777617456320787815.sst into:sstable2/2_8ae1e8ce-114a-48f8-ae6f-fa15cfa9b9fd202605010037081777617456783593985.sst
2026-05-01 06:37:37:083 - Compaction completed: 
2888861:COMPACT_START sstable=1 input_files: "sstable2/0_13c61dc8-c7c1-4006-be8d-95bf20fa1bde202605010037081777617456308887397.sst" input_files: "sstable2/0_6979a3b3-ab06-4940-a98e-40f4c2097d7b202605010037081777617456948940241.sst" compactIntoNextLevel: false destinationLevel: 2
2026-05-01 06:37:37:165 - Compaction started: 
139788074075712:Compacting sstable2/0_13c61dc8-c7c1-4006-be8d-95bf20fa1bde202605010037081777617456308887397.sst sstable2/0_6979a3b3-ab06-4940-a98e-40f4c2097d7b202605010037081777617456948940241.sst into:sstable2/1_8ae1e8ce-114a-48f8-ae6f-fa15cfa9b9fd202605010037081777617457258052959.sst
2026-05-01 06:37:37:409 - Compaction completed: 
2888861:COMPACT_START sstable=1 input_files: "sstable2/0_13c61dc8-c7c1-4006-be8d-95bf20fa1bde202605010037081777617457038019557.sst" input_files: "sstable2/0_13c61dc8-c7c1-4006-be8d-95bf20fa1bde202605010037081777617457377697884.sst" compactIntoNextLevel: false destinationLevel: 2
2026-05-01 06:37:37:579 - Compaction started: 
139788074075712:Compacting sstable2/0_13c61dc8-c7c1-4006-be8d-95bf20fa1bde202605010037081777617457038019557.sst sstable2/0_13c61dc8-c7c1-4006-be8d-95bf20fa1bde202605010037081777617457377697884.sst into:sstable2/1_8ae1e8ce-114a-48f8-ae6f-fa15cfa9b9fd202605010037081777617457675058501.sst
2026-05-01 06:37:37:830 - Compaction completed: 
2888861:COMPACT_START sstable=1 input_files: "sstable2/1_8ae1e8ce-114a-48f8-ae6f-fa15cfa9b9fd202605010037081777617457258052959.sst" input_files: "sstable2/1_8ae1e8ce-114a-48f8-ae6f-fa15cfa9b9fd202605010037081777617457675058501.sst" compactIntoNextLevel: false destinationLevel: 2
2026-05-01 06:37:37:889 - Compaction started: 
2026-05-01 06:37:38:253 30 sec: 100577 operations; 3352.45 current ops/sec; est completion in 3 days 10 hours [READ: Count=100577, Max=1949695, Min=29, Avg=295.02, 90=361, 99=443, 99.9=4987, 99.99=148863] 
139788074075712:Compacting sstable2/1_8ae1e8ce-114a-48f8-ae6f-fa15cfa9b9fd202605010037081777617457258052959.sst sstable2/1_8ae1e8ce-114a-48f8-ae6f-fa15cfa9b9fd202605010037081777617457675058501.sst into:sstable2/2_8ae1e8ce-114a-48f8-ae6f-fa15cfa9b9fd202605010037081777617458091153607.sst
2026-05-01 06:37:38:388 - Compaction completed: 
2888861:COMPACT_START sstable=1 input_files: "sstable2/6979a3b3-ab06-4940-a98e-40f4c2097d7b202605010037081777617442631554737.sst" input_files: "sstable2/3c6ece6e-08cb-4102-898f-1d5d10c002d6202605010037081777617442709177468.sst" compactIntoNextLevel: false destinationLevel: 2
2026-05-01 06:37:38:401 - Compaction started: 
139788074075712:Compacting sstable2/6979a3b3-ab06-4940-a98e-40f4c2097d7b202605010037081777617442631554737.sst sstable2/3c6ece6e-08cb-4102-898f-1d5d10c002d6202605010037081777617442709177468.sst into:sstable2/0_8ae1e8ce-114a-48f8-ae6f-fa15cfa9b9fd202605010037081777617458451628177.sst
2026-05-01 06:37:38:521 - Compaction completed: 
2888861:COMPACT_START sstable=1 input_files: "sstable2/0_13c61dc8-c7c1-4006-be8d-95bf20fa1bde202605010037081777617458053991814.sst" input_files: "sstable2/0_8ae1e8ce-114a-48f8-ae6f-fa15cfa9b9fd202605010037081777617458451628177.sst" compactIntoNextLevel: false destinationLevel: 2
2026-05-01 06:37:38:655 - Compaction started: 
139788074075712:Compacting sstable2/0_13c61dc8-c7c1-4006-be8d-95bf20fa1bde202605010037081777617458053991814.sst sstable2/0_8ae1e8ce-114a-48f8-ae6f-fa15cfa9b9fd202605010037081777617458451628177.sst into:sstable2/1_8ae1e8ce-114a-48f8-ae6f-fa15cfa9b9fd202605010037081777617458739422662.sst
2026-05-01 06:37:38:876 - Compaction completed: 
2888861:COMPACT_START sstable=1 input_files: "sstable2/1_13c61dc8-c7c1-4006-be8d-95bf20fa1bde202605010037081777617458297174461.sst" input_files: "sstable2/1_8ae1e8ce-114a-48f8-ae6f-fa15cfa9b9fd202605010037081777617458739422662.sst" compactIntoNextLevel: false destinationLevel: 2
2026-05-01 06:37:39:021 - Compaction started: 
139788074075712:Compacting sstable2/1_13c61dc8-c7c1-4006-be8d-95bf20fa1bde202605010037081777617458297174461.sst sstable2/1_8ae1e8ce-114a-48f8-ae6f-fa15cfa9b9fd202605010037081777617458739422662.sst into:sstable2/2_8ae1e8ce-114a-48f8-ae6f-fa15cfa9b9fd202605010037081777617459198685360.sst
2026-05-01 06:37:39:472 - Compaction completed: 
2888861:COMPACT_START sstable=1 input_files: "sstable2/2_8ae1e8ce-114a-48f8-ae6f-fa15cfa9b9fd202605010037081777617458091153607.sst" input_files: "sstable2/2_8ae1e8ce-114a-48f8-ae6f-fa15cfa9b9fd202605010037081777617459198685360.sst" compactIntoNextLevel: false destinationLevel: 2
2026-05-01 06:37:39:533 - Compaction started: 
139788074075712:Compacting sstable2/2_8ae1e8ce-114a-48f8-ae6f-fa15cfa9b9fd202605010037081777617458091153607.sst sstable2/2_8ae1e8ce-114a-48f8-ae6f-fa15cfa9b9fd202605010037081777617459198685360.sst into:sstable2/3_8ae1e8ce-114a-48f8-ae6f-fa15cfa9b9fd202605010037081777617459926798299.sst
2026-05-01 06:37:40:497 - Compaction completed: 
2888861:COMPACT_START sstable=1 input_files: "sstable2/8ae1e8ce-114a-48f8-ae6f-fa15cfa9b9fd202605010037081777617442936023420.sst" input_files: "sstable2/13c61dc8-c7c1-4006-be8d-95bf20fa1bde202605010037081777617442937152928.sst" compactIntoNextLevel: false destinationLevel: 2
2026-05-01 06:37:40:575 - Compaction started: 
139788074075712:Compacting sstable2/8ae1e8ce-114a-48f8-ae6f-fa15cfa9b9fd202605010037081777617442936023420.sst sstable2/13c61dc8-c7c1-4006-be8d-95bf20fa1bde202605010037081777617442937152928.sst into:sstable2/0_8ae1e8ce-114a-48f8-ae6f-fa15cfa9b9fd202605010037081777617460626629002.sst
2026-05-01 06:37:40:696 - Compaction completed: 
2888861:COMPACT_START sstable=1 input_files: "sstable2/13c61dc8-c7c1-4006-be8d-95bf20fa1bde202605010037081777617443039944339.sst" input_files: "sstable2/8ae1e8ce-114a-48f8-ae6f-fa15cfa9b9fd202605010037081777617443041992408.sst" compactIntoNextLevel: false destinationLevel: 2
2026-05-01 06:37:40:900 - Compaction started: 
139788074075712:Compacting sstable2/13c61dc8-c7c1-4006-be8d-95bf20fa1bde202605010037081777617443039944339.sst sstable2/8ae1e8ce-114a-48f8-ae6f-fa15cfa9b9fd202605010037081777617443041992408.sst into:sstable2/0_8ae1e8ce-114a-48f8-ae6f-fa15cfa9b9fd202605010037081777617460946147947.sst
2026-05-01 06:37:41:016 - Compaction completed: 
2888861:COMPACT_START sstable=1 input_files: "sstable2/13c61dc8-c7c1-4006-be8d-95bf20fa1bde202605010037081777617443142087756.sst" input_files: "sstable2/6979a3b3-ab06-4940-a98e-40f4c2097d7b202605010037081777617443144756729.sst" compactIntoNextLevel: false destinationLevel: 2
2026-05-01 06:37:41:259 - Compaction started: 
139788074075712:Compacting sstable2/13c61dc8-c7c1-4006-be8d-95bf20fa1bde202605010037081777617443142087756.sst sstable2/6979a3b3-ab06-4940-a98e-40f4c2097d7b202605010037081777617443144756729.sst into:sstable2/0_8ae1e8ce-114a-48f8-ae6f-fa15cfa9b9fd202605010037081777617461305108199.sst
2026-05-01 06:37:41:380 - Compaction completed: 
2888861:COMPACT_START sstable=1 input_files: "sstable2/1_13c61dc8-c7c1-4006-be8d-95bf20fa1bde202605010037081777617460967960977.sst" input_files: "sstable2/1_13c61dc8-c7c1-4006-be8d-95bf20fa1bde202605010037081777617461274398942.sst" compactIntoNextLevel: false destinationLevel: 2
2026-05-01 06:37:41:631 - Compaction started: 
139788074075712:Compacting sstable2/1_13c61dc8-c7c1-4006-be8d-95bf20fa1bde202605010037081777617460967960977.sst sstable2/1_13c61dc8-c7c1-4006-be8d-95bf20fa1bde202605010037081777617461274398942.sst into:sstable2/2_8ae1e8ce-114a-48f8-ae6f-fa15cfa9b9fd202605010037081777617461806012146.sst
2026-05-01 06:37:42:082 - Compaction completed: 
2888861:COMPACT_START sstable=1 input_files: "sstable2/8ae1e8ce-114a-48f8-ae6f-fa15cfa9b9fd202605010037081777617443351290844.sst" input_files: "sstable2/3c6ece6e-08cb-4102-898f-1d5d10c002d6202605010037081777617443430196330.sst" compactIntoNextLevel: false destinationLevel: 2
2026-05-01 06:37:42:145 - Compaction started: 
139788074075712:Compacting sstable2/8ae1e8ce-114a-48f8-ae6f-fa15cfa9b9fd202605010037081777617443351290844.sst sstable2/3c6ece6e-08cb-4102-898f-1d5d10c002d6202605010037081777617443430196330.sst into:sstable2/0_8ae1e8ce-114a-48f8-ae6f-fa15cfa9b9fd202605010037081777617462196393268.sst
2026-05-01 06:37:42:267 - Compaction completed: 
2888861:COMPACT_START sstable=1 input_files: "sstable2/0_6979a3b3-ab06-4940-a98e-40f4c2097d7b202605010037081777617461700888402.sst" input_files: "sstable2/0_13c61dc8-c7c1-4006-be8d-95bf20fa1bde202605010037081777617461990512738.sst" compactIntoNextLevel: false destinationLevel: 2
2026-05-01 06:37:42:350 - Compaction started: 
139788074075712:Compacting sstable2/0_6979a3b3-ab06-4940-a98e-40f4c2097d7b202605010037081777617461700888402.sst sstable2/0_13c61dc8-c7c1-4006-be8d-95bf20fa1bde202605010037081777617461990512738.sst into:sstable2/1_8ae1e8ce-114a-48f8-ae6f-fa15cfa9b9fd202605010037081777617462437241248.sst
2026-05-01 06:37:42:579 - Compaction completed: 
2888861:COMPACT_START sstable=1 input_files: "sstable2/1_13c61dc8-c7c1-4006-be8d-95bf20fa1bde202605010037081777617461717555105.sst" input_files: "sstable2/1_8ae1e8ce-114a-48f8-ae6f-fa15cfa9b9fd202605010037081777617462437241248.sst" compactIntoNextLevel: false destinationLevel: 2
2026-05-01 06:37:42:797 - Compaction started: 
139788074075712:Compacting sstable2/1_13c61dc8-c7c1-4006-be8d-95bf20fa1bde202605010037081777617461717555105.sst sstable2/1_8ae1e8ce-114a-48f8-ae6f-fa15cfa9b9fd202605010037081777617462437241248.sst into:sstable2/2_8ae1e8ce-114a-48f8-ae6f-fa15cfa9b9fd202605010037081777617462984485464.sst
2026-05-01 06:37:43:258 - Compaction completed: 
2888861:COMPACT_START sstable=1 input_files: "sstable2/13c61dc8-c7c1-4006-be8d-95bf20fa1bde202605010037081777617443651034610.sst" input_files: "sstable2/6979a3b3-ab06-4940-a98e-40f4c2097d7b202605010037081777617443651390517.sst" compactIntoNextLevel: false destinationLevel: 2
2026-05-01 06:37:43:311 - Compaction started: 
139788074075712:Compacting sstable2/13c61dc8-c7c1-4006-be8d-95bf20fa1bde202605010037081777617443651034610.sst sstable2/6979a3b3-ab06-4940-a98e-40f4c2097d7b202605010037081777617443651390517.sst into:sstable2/0_8ae1e8ce-114a-48f8-ae6f-fa15cfa9b9fd202605010037081777617463367135254.sst
2026-05-01 06:37:43:440 - Compaction completed: 
2888861:COMPACT_START sstable=1 input_files: "sstable2/0_3c6ece6e-08cb-4102-898f-1d5d10c002d6202605010037081777617463105625051.sst" input_files: "sstable2/0_6979a3b3-ab06-4940-a98e-40f4c2097d7b202605010037081777617463208759535.sst" compactIntoNextLevel: false destinationLevel: 2
2026-05-01 06:37:43:517 - Compaction started: 
139788074075712:Compacting sstable2/0_3c6ece6e-08cb-4102-898f-1d5d10c002d6202605010037081777617463105625051.sst sstable2/0_6979a3b3-ab06-4940-a98e-40f4c2097d7b202605010037081777617463208759535.sst into:sstable2/1_8ae1e8ce-114a-48f8-ae6f-fa15cfa9b9fd202605010037081777617463613901298.sst
2026-05-01 06:37:43:755 - Compaction completed: 
2888861:COMPACT_START sstable=1 input_files: "sstable2/2_8ae1e8ce-114a-48f8-ae6f-fa15cfa9b9fd202605010037081777617462984485464.sst" input_files: "sstable2/2_13c61dc8-c7c1-4006-be8d-95bf20fa1bde202605010037081777617463447618266.sst" compactIntoNextLevel: false destinationLevel: 2
2026-05-01 06:37:43:997 - Compaction started: 
139788074075712:Compacting sstable2/2_8ae1e8ce-114a-48f8-ae6f-fa15cfa9b9fd202605010037081777617462984485464.sst sstable2/2_13c61dc8-c7c1-4006-be8d-95bf20fa1bde202605010037081777617463447618266.sst into:sstable2/3_8ae1e8ce-114a-48f8-ae6f-fa15cfa9b9fd202605010037081777617464362345380.sst
2026-05-01 06:37:44:976 - Compaction completed: 
2888861:COMPACT_START sstable=1 input_files: "sstable2/6979a3b3-ab06-4940-a98e-40f4c2097d7b202605010037081777617444056577354.sst" input_files: "sstable2/13c61dc8-c7c1-4006-be8d-95bf20fa1bde202605010037081777617444058193364.sst" compactIntoNextLevel: false destinationLevel: 2
2026-05-01 06:37:45:164 - Compaction started: 
139788074075712:Compacting sstable2/6979a3b3-ab06-4940-a98e-40f4c2097d7b202605010037081777617444056577354.sst sstable2/13c61dc8-c7c1-4006-be8d-95bf20fa1bde202605010037081777617444058193364.sst into:sstable2/0_8ae1e8ce-114a-48f8-ae6f-fa15cfa9b9fd202605010037081777617465216115936.sst
2026-05-01 06:37:45:282 - Compaction completed: 
2888861:COMPACT_START sstable=1 input_files: "sstable2/4_6979a3b3-ab06-4940-a98e-40f4c2097d7b202605010037081777617459329312050.sst" input_files: "sstable2/4_3c6ece6e-08cb-4102-898f-1d5d10c002d6202605010037081777617464091629690.sst" compactIntoNextLevel: false destinationLevel: 2
2026-05-01 06:37:45:376 - Compaction started: 
139788074075712:Compacting sstable2/4_6979a3b3-ab06-4940-a98e-40f4c2097d7b202605010037081777617459329312050.sst sstable2/4_3c6ece6e-08cb-4102-898f-1d5d10c002d6202605010037081777617464091629690.sst into:sstable2/5_8ae1e8ce-114a-48f8-ae6f-fa15cfa9b9fd202605010037081777617467305833518.sst
2026-05-01 06:37:49:661 - Compaction completed: 
2888861:COMPACT_START sstable=1 input_files: "sstable2/6979a3b3-ab06-4940-a98e-40f4c2097d7b202605010037081777617444970798440.sst" input_files: "sstable2/13c61dc8-c7c1-4006-be8d-95bf20fa1bde202605010037081777617444973362898.sst" compactIntoNextLevel: false destinationLevel: 2
2026-05-01 06:37:49:791 - Compaction started: 
139788074075712:Compacting sstable2/6979a3b3-ab06-4940-a98e-40f4c2097d7b202605010037081777617444970798440.sst sstable2/13c61dc8-c7c1-4006-be8d-95bf20fa1bde202605010037081777617444973362898.sst into:sstable2/0_8ae1e8ce-114a-48f8-ae6f-fa15cfa9b9fd202605010037081777617469847304942.sst
2026-05-01 06:37:49:909 - Compaction completed: 
2888861:COMPACT_START sstable=1 input_files: "sstable2/0_13c61dc8-c7c1-4006-be8d-95bf20fa1bde202605010037081777617469524559639.sst" input_files: "sstable2/0_6979a3b3-ab06-4940-a98e-40f4c2097d7b202605010037081777617469602457475.sst" compactIntoNextLevel: false destinationLevel: 2
2026-05-01 06:37:50:006 - Compaction started: 
139788074075712:Compacting sstable2/0_13c61dc8-c7c1-4006-be8d-95bf20fa1bde202605010037081777617469524559639.sst sstable2/0_6979a3b3-ab06-4940-a98e-40f4c2097d7b202605010037081777617469602457475.sst into:sstable2/1_8ae1e8ce-114a-48f8-ae6f-fa15cfa9b9fd202605010037081777617470085870093.sst
2026-05-01 06:37:50:216 - Compaction completed: 
2888861:COMPACT_START sstable=1 input_files: "sstable2/6979a3b3-ab06-4940-a98e-40f4c2097d7b202605010037081777617445173758847.sst" input_files: "sstable2/13c61dc8-c7c1-4006-be8d-95bf20fa1bde202605010037081777617445174964587.sst" compactIntoNextLevel: false destinationLevel: 2
2026-05-01 06:37:50:229 - Compaction started: 
139788074075712:Compacting sstable2/6979a3b3-ab06-4940-a98e-40f4c2097d7b202605010037081777617445173758847.sst sstable2/13c61dc8-c7c1-4006-be8d-95bf20fa1bde202605010037081777617445174964587.sst into:sstable2/0_8ae1e8ce-114a-48f8-ae6f-fa15cfa9b9fd202605010037081777617470278715187.sst
2026-05-01 06:37:50:339 - Compaction completed: 
2888861:COMPACT_START sstable=1 input_files: "sstable2/1_3c6ece6e-08cb-4102-898f-1d5d10c002d6202605010037081777617469570831490.sst" input_files: "sstable2/1_8ae1e8ce-114a-48f8-ae6f-fa15cfa9b9fd202605010037081777617470085870093.sst" compactIntoNextLevel: false destinationLevel: 2
2026-05-01 06:37:50:433 - Compaction started: 
139788074075712:Compacting sstable2/1_3c6ece6e-08cb-4102-898f-1d5d10c002d6202605010037081777617469570831490.sst sstable2/1_8ae1e8ce-114a-48f8-ae6f-fa15cfa9b9fd202605010037081777617470085870093.sst into:sstable2/2_8ae1e8ce-114a-48f8-ae6f-fa15cfa9b9fd202605010037081777617470591729169.sst
2026-05-01 06:37:50:844 - Compaction completed: 
2888861:COMPACT_START sstable=1 input_files: "sstable2/13c61dc8-c7c1-4006-be8d-95bf20fa1bde202605010037081777617445073479424.sst" input_files: "sstable2/8ae1e8ce-114a-48f8-ae6f-fa15cfa9b9fd202605010037081777617445087861845.sst" compactIntoNextLevel: false destinationLevel: 2
2026-05-01 06:37:53:202 - Compaction started: 
139788074075712:Compacting sstable2/13c61dc8-c7c1-4006-be8d-95bf20fa1bde202605010037081777617445073479424.sst sstable2/8ae1e8ce-114a-48f8-ae6f-fa15cfa9b9fd202605010037081777617445087861845.sst into:sstable2/0_8ae1e8ce-114a-48f8-ae6f-fa15cfa9b9fd202605010037081777617473260294611.sst
2026-05-01 06:37:53:327 - Compaction completed: 
2888861:COMPACT_START sstable=1 input_files: "sstable2/3c6ece6e-08cb-4102-898f-1d5d10c002d6202605010037081777617445164876646.sst" input_files: "sstable2/6979a3b3-ab06-4940-a98e-40f4c2097d7b202605010037081777617445173758847.sst" compactIntoNextLevel: false destinationLevel: 2
2026-05-01 06:37:53:520 - Compaction started: 
139788074075712:Compacting sstable2/3c6ece6e-08cb-4102-898f-1d5d10c002d6202605010037081777617445164876646.sst sstable2/6979a3b3-ab06-4940-a98e-40f4c2097d7b202605010037081777617445173758847.sst into:sstable2/0_8ae1e8ce-114a-48f8-ae6f-fa15cfa9b9fd202605010037081777617473571172408.sst
2026-05-01 06:37:53:639 - Compaction completed: 
2888861:COMPACT_START sstable=1 input_files: "sstable2/0_8ae1e8ce-114a-48f8-ae6f-fa15cfa9b9fd202605010037081777617473260294611.sst" input_files: "sstable2/0_8ae1e8ce-114a-48f8-ae6f-fa15cfa9b9fd202605010037081777617473571172408.sst" compactIntoNextLevel: false destinationLevel: 2
2026-05-01 06:37:53:784 - Compaction started: 
139788074075712:Compacting sstable2/0_8ae1e8ce-114a-48f8-ae6f-fa15cfa9b9fd202605010037081777617473260294611.sst sstable2/0_8ae1e8ce-114a-48f8-ae6f-fa15cfa9b9fd202605010037081777617473571172408.sst into:sstable2/1_8ae1e8ce-114a-48f8-ae6f-fa15cfa9b9fd202605010037081777617473872344370.sst
2026-05-01 06:37:54:002 - Compaction completed: 
2026-05-01 06:38:08:253 60 sec: 388734 operations; 9605.23 current ops/sec; est completion in 1 day 18 hours [READ: Count=288164, Max=676351, Min=4, Avg=103.25, 90=101, 99=159, 99.9=234, 99.99=117183] 
