# CMD: /usr/lib/jvm/java-8-openjdk-amd64/bin/java -cp /users/Xinying/ozonedb/ycsb/ozonedb/conf:/users/Xinying/ozonedb/ycsb/ozonedb/target/ozonedb-binding-0.18.0-SNAPSHOT.jar:/users/Xinying/.m2/repository/org/apache/htrace/htrace-core4/4.1.0-incubating/htrace-core4-4.1.0-incubating.jar:/users/Xinying/.m2/repository/org/slf4j/slf4j-api/1.7.25/slf4j-api-1.7.25.jar:/users/Xinying/.m2/repository/org/hdrhistogram/HdrHistogram/2.1.12/HdrHistogram-2.1.12.jar:/users/Xinying/.m2/repository/ch/qos/logback/logback-classic/1.2.3/logback-classic-1.2.3.jar:/users/Xinying/.m2/repository/ozonedbjnimaven/demoproc-jni/1.0/demoproc-jni-1.0.jar:/users/Xinying/.m2/repository/ch/qos/logback/logback-core/1.2.3/logback-core-1.2.3.jar:/users/Xinying/.m2/repository/org/codehaus/jackson/jackson-mapper-asl/1.9.4/jackson-mapper-asl-1.9.4.jar:/users/Xinying/.m2/repository/org/slf4j/slf4j-simple/1.7.25/slf4j-simple-1.7.25.jar:/users/Xinying/.m2/repository/org/codehaus/jackson/jackson-core-asl/1.9.4/jackson-core-asl-1.9.4.jar:/users/Xinying/ozonedb/ycsb/core/target/core-0.18.0-SNAPSHOT.jar site.ycsb.Client -db site.ycsb.db.OzoneDBClient -threads 1 -s -P /users/Xinying/ozonedb/ycsb/workloads/generated_workloads/workloadc_1KB_1000000_1000000 -p status.interval=30 -p requestdistribution=uniform -p operationcount=1000000000 -p maxexecutiontime=660 -p shared_config=/tmp/churn_v4_configs/shared_config_varyR_n4_r5pct_rep5.json -t
# env OZONEDB_CHURN_ABORT_RATE=0.05
Command line: -db site.ycsb.db.OzoneDBClient -threads 1 -s -P /users/Xinying/ozonedb/ycsb/workloads/generated_workloads/workloadc_1KB_1000000_1000000 -p status.interval=30 -p requestdistribution=uniform -p operationcount=1000000000 -p maxexecutiontime=660 -p shared_config=/tmp/churn_v4_configs/shared_config_varyR_n4_r5pct_rep5.json -t
YCSB Client 0.18.0-SNAPSHOT

Loading workload...
Starting test.
SLF4J: Class path contains multiple SLF4J bindings.
SLF4J: Found binding in [jar:file:/users/Xinying/.m2/repository/ch/qos/logback/logback-classic/1.2.3/logback-classic-1.2.3.jar!/org/slf4j/impl/StaticLoggerBinder.class]
SLF4J: Found binding in [jar:file:/users/Xinying/.m2/repository/org/slf4j/slf4j-simple/1.7.25/slf4j-simple-1.7.25.jar!/org/slf4j/impl/StaticLoggerBinder.class]
SLF4J: See http://www.slf4j.org/codes.html#multiple_bindings for an explanation.
SLF4J: Actual binding is of type [ch.qos.logback.classic.util.ContextSelectorStaticBinder]
Maximum execution time specified as: 660 secs
2026-05-01 06:57:45:404 0 sec: 0 operations; est completion in 0 second 
Starting compaction watcher
DBWrapper: report latency for each error is false and specific error codes to track for latency are: []
2938660:COMPACT_START sstable=0 input_files: "datalog/1" input_files: "datalog/2" compactIntoNextLevel: true destinationLevel: 1
2026-05-01 06:57:45:480 - Compaction started: 
140053900580416:Compacting datalog/1 datalog/2 into:sstable1/66ee437f-0ac2-4894-896b-1140902003f1202605010057451777618665606912093.sst
2026-05-01 06:57:45:630 - Compaction completed: 
2938660:COMPACT_START sstable=0 input_files: "datalog/11" input_files: "datalog/12" compactIntoNextLevel: true destinationLevel: 1
2026-05-01 06:57:45:711 - Compaction started: 
140053900580416:Compacting datalog/11 datalog/12 into:sstable1/66ee437f-0ac2-4894-896b-1140902003f1202605010057451777618665824021161.sst
2026-05-01 06:57:45:845 - Compaction completed: 
2938660:COMPACT_START sstable=0 input_files: "datalog/25" input_files: "datalog/26" compactIntoNextLevel: true destinationLevel: 1
2026-05-01 06:57:45:949 - Compaction started: 
140053900580416:Compacting datalog/25 datalog/26 into:sstable1/66ee437f-0ac2-4894-896b-1140902003f1202605010057451777618666083532395.sst
2026-05-01 06:57:46:105 - Compaction completed: 
2938660:COMPACT_START sstable=0 input_files: "datalog/35" input_files: "datalog/36" compactIntoNextLevel: true destinationLevel: 1
2026-05-01 06:57:46:153 - Compaction started: 
140053900580416:Compacting datalog/35 datalog/36 into:sstable1/66ee437f-0ac2-4894-896b-1140902003f1202605010057451777618666303890494.sst
2026-05-01 06:57:46:324 - Compaction completed: 
2938660:COMPACT_START sstable=0 input_files: "datalog/45" input_files: "datalog/46" compactIntoNextLevel: true destinationLevel: 1
2026-05-01 06:57:46:356 - Compaction started: 
140053900580416:Compacting datalog/45 datalog/46 into:sstable1/66ee437f-0ac2-4894-896b-1140902003f1202605010057451777618666492090922.sst
2026-05-01 06:57:46:515 - Compaction completed: 
2938660:COMPACT_START sstable=0 input_files: "datalog/53" input_files: "datalog/54" compactIntoNextLevel: true destinationLevel: 1
2026-05-01 06:57:46:559 - Compaction started: 
140053900580416:Compacting datalog/53 datalog/54 into:sstable1/66ee437f-0ac2-4894-896b-1140902003f1202605010057451777618666562328625.sst
2026-05-01 06:57:46:580 - Compaction completed: 
2938660:COMPACT_START sstable=0 input_files: "datalog/61" input_files: "datalog/62" compactIntoNextLevel: true destinationLevel: 1
2026-05-01 06:57:46:661 - Compaction started: 
140053900580416:Compacting datalog/61 datalog/62 into:sstable1/66ee437f-0ac2-4894-896b-1140902003f1202605010057451777618666744909931.sst
2026-05-01 06:57:46:765 - Compaction completed: 
2938660:COMPACT_START sstable=0 input_files: "datalog/75" input_files: "datalog/76" compactIntoNextLevel: true destinationLevel: 1
2026-05-01 06:57:46:863 - Compaction started: 
140053900580416:Compacting datalog/75 datalog/76 into:sstable1/66ee437f-0ac2-4894-896b-1140902003f1202605010057451777618666873962815.sst
2026-05-01 06:57:46:893 - Compaction completed: 
2938660:COMPACT_START sstable=0 input_files: "datalog/83" input_files: "datalog/84" compactIntoNextLevel: true destinationLevel: 1
2026-05-01 06:57:46:965 - Compaction started: 
140053900580416:Compacting datalog/83 datalog/84 into:sstable1/66ee437f-0ac2-4894-896b-1140902003f1202605010057451777618666969062433.sst
2026-05-01 06:57:46:986 - Compaction completed: 
2938660:COMPACT_START sstable=0 input_files: "datalog/91" input_files: "datalog/92" compactIntoNextLevel: true destinationLevel: 1
2026-05-01 06:57:47:067 - Compaction started: 
140053900580416:Compacting datalog/91 datalog/92 into:sstable1/66ee437f-0ac2-4894-896b-1140902003f1202605010057451777618667088432386.sst
2026-05-01 06:57:47:108 - Compaction completed: 
2938660:COMPACT_START sstable=0 input_files: "datalog/99" input_files: "datalog/100" compactIntoNextLevel: true destinationLevel: 1
2026-05-01 06:57:47:169 - Compaction started: 
140053900580416:Compacting datalog/99 datalog/100 into:sstable1/66ee437f-0ac2-4894-896b-1140902003f1202605010057451777618667172314396.sst
2026-05-01 06:57:47:193 - Compaction completed: 
2938660:COMPACT_START sstable=0 input_files: "datalog/107" input_files: "datalog/108" compactIntoNextLevel: true destinationLevel: 1
2026-05-01 06:57:47:270 - Compaction started: 
140053900580416:Compacting datalog/107 datalog/108 into:sstable1/66ee437f-0ac2-4894-896b-1140902003f1202605010057451777618667274835986.sst
2026-05-01 06:57:47:294 - Compaction completed: 
2938660:COMPACT_START sstable=0 input_files: "datalog/115" input_files: "datalog/116" compactIntoNextLevel: true destinationLevel: 1
2026-05-01 06:57:47:372 - Compaction started: 
140053900580416:Compacting datalog/115 datalog/116 into:sstable1/66ee437f-0ac2-4894-896b-1140902003f1202605010057451777618667375437076.sst
2026-05-01 06:57:47:393 - Compaction completed: 
2938660:COMPACT_START sstable=0 input_files: "datalog/123" input_files: "datalog/124" compactIntoNextLevel: true destinationLevel: 1
2026-05-01 06:57:47:473 - Compaction started: 
140053900580416:Compacting datalog/123 datalog/124 into:sstable1/66ee437f-0ac2-4894-896b-1140902003f1202605010057451777618667476846272.sst
2026-05-01 06:57:47:495 - Compaction completed: 
2938660:COMPACT_START sstable=0 input_files: "datalog/131" input_files: "datalog/132" compactIntoNextLevel: true destinationLevel: 1
2026-05-01 06:57:47:574 - Compaction started: 
140053900580416:Compacting datalog/131 datalog/132 into:sstable1/66ee437f-0ac2-4894-896b-1140902003f1202605010057451777618667578049170.sst
2026-05-01 06:57:47:596 - Compaction completed: 
2938660:COMPACT_START sstable=0 input_files: "datalog/139" input_files: "datalog/140" compactIntoNextLevel: true destinationLevel: 1
2026-05-01 06:57:47:676 - Compaction started: 
140053900580416:Compacting datalog/139 datalog/140 into:sstable1/66ee437f-0ac2-4894-896b-1140902003f1202605010057451777618667679695831.sst
2026-05-01 06:57:47:698 - Compaction completed: 
2938660:COMPACT_START sstable=0 input_files: "datalog/147" input_files: "datalog/148" compactIntoNextLevel: true destinationLevel: 1
2026-05-01 06:57:47:778 - Compaction started: 
140053900580416:Compacting datalog/147 datalog/148 into:sstable1/66ee437f-0ac2-4894-896b-1140902003f1202605010057451777618667780952670.sst
2026-05-01 06:57:47:798 - Compaction completed: 
2938660:COMPACT_START sstable=0 input_files: "datalog/155" input_files: "datalog/156" compactIntoNextLevel: true destinationLevel: 1
2026-05-01 06:57:47:880 - Compaction started: 
140053900580416:Compacting datalog/155 datalog/156 into:sstable1/66ee437f-0ac2-4894-896b-1140902003f1202605010057451777618667882978150.sst
2026-05-01 06:57:47:900 - Compaction completed: 
2938660:COMPACT_START sstable=0 input_files: "datalog/163" input_files: "datalog/164" compactIntoNextLevel: true destinationLevel: 1
2026-05-01 06:57:47:981 - Compaction started: 
140053900580416:Compacting datalog/163 datalog/164 into:sstable1/66ee437f-0ac2-4894-896b-1140902003f1202605010057451777618667984536726.sst
2026-05-01 06:57:48:001 - Compaction completed: 
2938660:COMPACT_START sstable=0 input_files: "datalog/171" input_files: "datalog/172" compactIntoNextLevel: true destinationLevel: 1
2026-05-01 06:57:48:082 - Compaction started: 
140053900580416:Compacting datalog/171 datalog/172 into:sstable1/66ee437f-0ac2-4894-896b-1140902003f1202605010057451777618668085888393.sst
2026-05-01 06:57:48:102 - Compaction completed: 
2938660:COMPACT_START sstable=0 input_files: "datalog/181" input_files: "datalog/182" compactIntoNextLevel: true destinationLevel: 1
2026-05-01 06:57:48:184 - Compaction started: 
140053900580416:Compacting datalog/181 datalog/182 into:sstable1/66ee437f-0ac2-4894-896b-1140902003f1202605010057451777618668187126809.sst
2026-05-01 06:57:48:204 - Compaction completed: 
2938660:COMPACT_START sstable=0 input_files: "datalog/189" input_files: "datalog/190" compactIntoNextLevel: true destinationLevel: 1
2026-05-01 06:57:48:286 - Compaction started: 
140053900580416:Compacting datalog/189 datalog/190 into:sstable1/66ee437f-0ac2-4894-896b-1140902003f1202605010057451777618668289090252.sst
2026-05-01 06:57:48:307 - Compaction completed: 
2938660:COMPACT_START sstable=0 input_files: "datalog/197" input_files: "datalog/198" compactIntoNextLevel: true destinationLevel: 1
2026-05-01 06:57:48:387 - Compaction started: 
140053900580416:Compacting datalog/197 datalog/198 into:sstable1/66ee437f-0ac2-4894-896b-1140902003f1202605010057451777618668390628199.sst
2026-05-01 06:57:48:411 - Compaction completed: 
2938660:COMPACT_START sstable=0 input_files: "datalog/205" input_files: "datalog/206" compactIntoNextLevel: true destinationLevel: 1
2026-05-01 06:57:48:489 - Compaction started: 
140053900580416:Compacting datalog/205 datalog/206 into:sstable1/66ee437f-0ac2-4894-896b-1140902003f1202605010057451777618668493096460.sst
2026-05-01 06:57:48:514 - Compaction completed: 
2938660:COMPACT_START sstable=0 input_files: "datalog/213" input_files: "datalog/214" compactIntoNextLevel: true destinationLevel: 1
2026-05-01 06:57:48:590 - Compaction started: 
140053900580416:Compacting datalog/213 datalog/214 into:sstable1/66ee437f-0ac2-4894-896b-1140902003f1202605010057451777618668593385535.sst
2026-05-01 06:57:48:610 - Compaction completed: 
2938660:COMPACT_START sstable=0 input_files: "datalog/221" input_files: "datalog/222" compactIntoNextLevel: true destinationLevel: 1
2026-05-01 06:57:48:691 - Compaction started: 
140053900580416:Compacting datalog/221 datalog/222 into:sstable1/66ee437f-0ac2-4894-896b-1140902003f1202605010057451777618668693915953.sst
2026-05-01 06:57:48:710 - Compaction completed: 
2938660:COMPACT_START sstable=0 input_files: "datalog/229" input_files: "datalog/230" compactIntoNextLevel: true destinationLevel: 1
2026-05-01 06:57:48:798 - Compaction started: 
140053900580416:Compacting datalog/229 datalog/230 into:sstable1/66ee437f-0ac2-4894-896b-1140902003f1202605010057451777618668803620899.sst
2026-05-01 06:57:48:825 - Compaction completed: 
2938660:COMPACT_START sstable=0 input_files: "datalog/237" input_files: "datalog/238" compactIntoNextLevel: true destinationLevel: 1
2026-05-01 06:57:48:902 - Compaction started: 
140053900580416:Compacting datalog/237 datalog/238 into:sstable1/66ee437f-0ac2-4894-896b-1140902003f1202605010057451777618668906058061.sst
2026-05-01 06:57:48:923 - Compaction completed: 
2938660:COMPACT_START sstable=0 input_files: "datalog/245" input_files: "datalog/246" compactIntoNextLevel: true destinationLevel: 1
2026-05-01 06:57:49:005 - Compaction started: 
140053900580416:Compacting datalog/245 datalog/246 into:sstable1/66ee437f-0ac2-4894-896b-1140902003f1202605010057451777618669008856831.sst
2026-05-01 06:57:49:026 - Compaction completed: 
2938660:COMPACT_START sstable=0 input_files: "datalog/253" input_files: "datalog/254" compactIntoNextLevel: true destinationLevel: 1
2026-05-01 06:57:49:107 - Compaction started: 
140053900580416:Compacting datalog/253 datalog/254 into:sstable1/66ee437f-0ac2-4894-896b-1140902003f1202605010057451777618669110765723.sst
2026-05-01 06:57:49:128 - Compaction completed: 
2938660:COMPACT_START sstable=0 input_files: "datalog/261" input_files: "datalog/262" compactIntoNextLevel: true destinationLevel: 1
2026-05-01 06:57:49:210 - Compaction started: 
140053900580416:Compacting datalog/261 datalog/262 into:sstable1/66ee437f-0ac2-4894-896b-1140902003f1202605010057451777618669213721317.sst
2026-05-01 06:57:49:231 - Compaction completed: 
2938660:COMPACT_START sstable=0 input_files: "datalog/269" input_files: "datalog/270" compactIntoNextLevel: true destinationLevel: 1
2026-05-01 06:57:49:312 - Compaction started: 
140053900580416:Compacting datalog/269 datalog/270 into:sstable1/66ee437f-0ac2-4894-896b-1140902003f1202605010057451777618669316058061.sst
2026-05-01 06:57:49:333 - Compaction completed: 
2938660:COMPACT_START sstable=0 input_files: "datalog/277" input_files: "datalog/278" compactIntoNextLevel: true destinationLevel: 1
2938660:COMPACT_ABORT input_files: "datalog/277" input_files: "datalog/278" compactIntoNextLevel: true destinationLevel: 1
2938660:COMPACT_START sstable=0 input_files: "datalog/285" input_files: "datalog/286" compactIntoNextLevel: true destinationLevel: 1
2026-05-01 06:57:49:517 - Compaction started: 
140053900580416:Compacting datalog/285 datalog/286 into:sstable1/66ee437f-0ac2-4894-896b-1140902003f1202605010057451777618669520412110.sst
2026-05-01 06:57:49:537 - Compaction completed: 
2938660:Task input_files: "datalog/51" input_files: "datalog/52" compactIntoNextLevel: true destinationLevel: 1 is dead (hb=30)
2938660:Found dead task input_files: "datalog/51" input_files: "datalog/52" compactIntoNextLevel: true destinationLevel: 1
2938660:COMPACT_START sstable=0 input_files: "datalog/51" input_files: "datalog/52" compactIntoNextLevel: true destinationLevel: 1
2026-05-01 06:57:49:619 - Compaction started: 
140053900580416:Compacting datalog/51 datalog/52 into:sstable1/66ee437f-0ac2-4894-896b-1140902003f1202605010057451777618669622878567.sst
2026-05-01 06:57:49:643 - Compaction completed: 
2938660:COMPACT_START sstable=0 input_files: "datalog/299" input_files: "datalog/300" compactIntoNextLevel: true destinationLevel: 1
2026-05-01 06:57:49:722 - Compaction started: 
140053900580416:Compacting datalog/299 datalog/300 into:sstable1/66ee437f-0ac2-4894-896b-1140902003f1202605010057451777618669726289976.sst
2026-05-01 06:57:49:745 - Compaction completed: 
2938660:COMPACT_START sstable=0 input_files: "datalog/307" input_files: "datalog/308" compactIntoNextLevel: true destinationLevel: 1
2938660:COMPACT_ABORT input_files: "datalog/307" input_files: "datalog/308" compactIntoNextLevel: true destinationLevel: 1
2938660:COMPACT_START sstable=0 input_files: "datalog/315" input_files: "datalog/316" compactIntoNextLevel: true destinationLevel: 1
2026-05-01 06:57:49:926 - Compaction started: 
140053900580416:Compacting datalog/315 datalog/316 into:sstable1/66ee437f-0ac2-4894-896b-1140902003f1202605010057451777618669929947749.sst
2026-05-01 06:57:49:947 - Compaction completed: 
2938660:COMPACT_START sstable=0 input_files: "datalog/321" input_files: "datalog/322" compactIntoNextLevel: true destinationLevel: 1
2026-05-01 06:57:50:029 - Compaction started: 
140053900580416:Compacting datalog/321 datalog/322 into:sstable1/66ee437f-0ac2-4894-896b-1140902003f1202605010057451777618670031878582.sst
2026-05-01 06:57:50:047 - Compaction completed: 
2938660:COMPACT_START sstable=0 input_files: "datalog/329" input_files: "datalog/330" compactIntoNextLevel: true destinationLevel: 1
2026-05-01 06:57:50:131 - Compaction started: 
140053900580416:Compacting datalog/329 datalog/330 into:sstable1/66ee437f-0ac2-4894-896b-1140902003f1202605010057451777618670134221678.sst
2026-05-01 06:57:50:149 - Compaction completed: 
2938660:COMPACT_START sstable=0 input_files: "datalog/337" input_files: "datalog/338" compactIntoNextLevel: true destinationLevel: 1
2026-05-01 06:57:50:234 - Compaction started: 
140053900580416:Compacting datalog/337 datalog/338 into:sstable1/66ee437f-0ac2-4894-896b-1140902003f1202605010057451777618670236933004.sst
2026-05-01 06:57:50:253 - Compaction completed: 
2938660:Task input_files: "datalog/105" input_files: "datalog/106" compactIntoNextLevel: true destinationLevel: 1 is dead (hb=30)
2938660:Found dead task input_files: "datalog/105" input_files: "datalog/106" compactIntoNextLevel: true destinationLevel: 1
2938660:COMPACT_START sstable=0 input_files: "datalog/105" input_files: "datalog/106" compactIntoNextLevel: true destinationLevel: 1
2026-05-01 06:57:50:336 - Compaction started: 
140053900580416:Compacting datalog/105 datalog/106 into:sstable1/66ee437f-0ac2-4894-896b-1140902003f1202605010057451777618670339778972.sst
2026-05-01 06:57:50:357 - Compaction completed: 
2938660:COMPACT_START sstable=0 input_files: "datalog/349" input_files: "datalog/350" compactIntoNextLevel: true destinationLevel: 1
2026-05-01 06:57:50:449 - Compaction started: 
140053900580416:Compacting datalog/349 datalog/350 into:sstable1/66ee437f-0ac2-4894-896b-1140902003f1202605010057451777618670452351324.sst
2026-05-01 06:57:50:468 - Compaction completed: 
2938660:COMPACT_START sstable=0 input_files: "datalog/357" input_files: "datalog/358" compactIntoNextLevel: true destinationLevel: 1
2026-05-01 06:57:50:551 - Compaction started: 
140053900580416:Compacting datalog/357 datalog/358 into:sstable1/66ee437f-0ac2-4894-896b-1140902003f1202605010057451777618670554357958.sst
2026-05-01 06:57:50:571 - Compaction completed: 
2938660:COMPACT_START sstable=0 input_files: "datalog/365" input_files: "datalog/366" compactIntoNextLevel: true destinationLevel: 1
2938660:COMPACT_ABORT input_files: "datalog/365" input_files: "datalog/366" compactIntoNextLevel: true destinationLevel: 1
2938660:COMPACT_START sstable=0 input_files: "datalog/373" input_files: "datalog/374" compactIntoNextLevel: true destinationLevel: 1
2026-05-01 06:57:50:753 - Compaction started: 
140053900580416:Compacting datalog/373 datalog/374 into:sstable1/66ee437f-0ac2-4894-896b-1140902003f1202605010057451777618670756751543.sst
2026-05-01 06:57:50:771 - Compaction completed: 
2938660:COMPACT_START sstable=0 input_files: "datalog/381" input_files: "datalog/382" compactIntoNextLevel: true destinationLevel: 1
2026-05-01 06:57:50:854 - Compaction started: 
140053900580416:Compacting datalog/381 datalog/382 into:sstable1/66ee437f-0ac2-4894-896b-1140902003f1202605010057451777618670857819719.sst
2026-05-01 06:57:50:873 - Compaction completed: 
2938660:COMPACT_START sstable=0 input_files: "datalog/389" input_files: "datalog/390" compactIntoNextLevel: true destinationLevel: 1
2026-05-01 06:57:50:956 - Compaction started: 
140053900580416:Compacting datalog/389 datalog/390 into:sstable1/66ee437f-0ac2-4894-896b-1140902003f1202605010057451777618670959318562.sst
2026-05-01 06:57:50:975 - Compaction completed: 
2938660:COMPACT_START sstable=0 input_files: "datalog/397" input_files: "datalog/398" compactIntoNextLevel: true destinationLevel: 1
2026-05-01 06:57:51:057 - Compaction started: 
140053900580416:Compacting datalog/397 datalog/398 into:sstable1/66ee437f-0ac2-4894-896b-1140902003f1202605010057451777618671061004796.sst
2026-05-01 06:57:51:077 - Compaction completed: 
2938660:Task input_files: "datalog/175" input_files: "datalog/176" compactIntoNextLevel: true destinationLevel: 1 is dead (hb=30)
2938660:Found dead task input_files: "datalog/175" input_files: "datalog/176" compactIntoNextLevel: true destinationLevel: 1
2938660:COMPACT_START sstable=0 input_files: "datalog/175" input_files: "datalog/176" compactIntoNextLevel: true destinationLevel: 1
2026-05-01 06:57:51:159 - Compaction started: 
140053900580416:Compacting datalog/175 datalog/176 into:sstable1/66ee437f-0ac2-4894-896b-1140902003f1202605010057451777618671162597305.sst
2026-05-01 06:57:51:179 - Compaction completed: 
2938660:COMPACT_START sstable=0 input_files: "datalog/411" input_files: "datalog/412" compactIntoNextLevel: true destinationLevel: 1
2026-05-01 06:57:51:267 - Compaction started: 
140053900580416:Compacting datalog/411 datalog/412 into:sstable1/66ee437f-0ac2-4894-896b-1140902003f1202605010057451777618671270713213.sst
2026-05-01 06:57:51:286 - Compaction completed: 
2938660:COMPACT_START sstable=0 input_files: "datalog/419" input_files: "datalog/420" compactIntoNextLevel: true destinationLevel: 1
2026-05-01 06:57:51:368 - Compaction started: 
140053900580416:Compacting datalog/419 datalog/420 into:sstable1/66ee437f-0ac2-4894-896b-1140902003f1202605010057451777618671372148637.sst
2026-05-01 06:57:51:389 - Compaction completed: 
2938660:COMPACT_START sstable=0 input_files: "datalog/427" input_files: "datalog/428" compactIntoNextLevel: true destinationLevel: 1
2938660:COMPACT_ABORT input_files: "datalog/427" input_files: "datalog/428" compactIntoNextLevel: true destinationLevel: 1
2938660:Task input_files: "datalog/201" input_files: "datalog/202" compactIntoNextLevel: true destinationLevel: 1 is dead (hb=30)
2938660:Task input_files: "datalog/209" input_files: "datalog/210" compactIntoNextLevel: true destinationLevel: 1 is dead (hb=30)
2938660:Found dead task input_files: "datalog/209" input_files: "datalog/210" compactIntoNextLevel: true destinationLevel: 1
2938660:COMPACT_START sstable=0 input_files: "datalog/209" input_files: "datalog/210" compactIntoNextLevel: true destinationLevel: 1
2938660:COMPACT_ABORT input_files: "datalog/209" input_files: "datalog/210" compactIntoNextLevel: true destinationLevel: 1
2938660:COMPACT_START sstable=0 input_files: "datalog/439" input_files: "datalog/440" compactIntoNextLevel: true destinationLevel: 1
2026-05-01 06:57:51:682 - Compaction started: 
140053900580416:Compacting datalog/439 datalog/440 into:sstable1/66ee437f-0ac2-4894-896b-1140902003f1202605010057451777618671685837287.sst
2026-05-01 06:57:51:700 - Compaction completed: 
2938660:COMPACT_START sstable=0 input_files: "datalog/447" input_files: "datalog/448" compactIntoNextLevel: true destinationLevel: 1
2026-05-01 06:57:51:784 - Compaction started: 
140053900580416:Compacting datalog/447 datalog/448 into:sstable1/66ee437f-0ac2-4894-896b-1140902003f1202605010057451777618671787167344.sst
2026-05-01 06:57:51:802 - Compaction completed: 
2938660:COMPACT_START sstable=0 input_files: "datalog/455" input_files: "datalog/456" compactIntoNextLevel: true destinationLevel: 1
2026-05-01 06:57:51:885 - Compaction started: 
140053900580416:Compacting datalog/455 datalog/456 into:sstable1/66ee437f-0ac2-4894-896b-1140902003f1202605010057451777618671888528410.sst
2026-05-01 06:57:51:903 - Compaction completed: 
2938660:COMPACT_START sstable=0 input_files: "datalog/463" input_files: "datalog/464" compactIntoNextLevel: true destinationLevel: 1
2026-05-01 06:57:51:986 - Compaction started: 
140053900580416:Compacting datalog/463 datalog/464 into:sstable1/66ee437f-0ac2-4894-896b-1140902003f1202605010057451777618671989686464.sst
2026-05-01 06:57:52:004 - Compaction completed: 
2938660:COMPACT_START sstable=0 input_files: "datalog/471" input_files: "datalog/472" compactIntoNextLevel: true destinationLevel: 1
2026-05-01 06:57:52:088 - Compaction started: 
140053900580416:Compacting datalog/471 datalog/472 into:sstable1/66ee437f-0ac2-4894-896b-1140902003f1202605010057451777618672091373369.sst
2026-05-01 06:57:52:107 - Compaction completed: 
2938660:COMPACT_START sstable=0 input_files: "datalog/477" input_files: "datalog/478" compactIntoNextLevel: true destinationLevel: 1
2026-05-01 06:57:52:189 - Compaction started: 
140053900580416:Compacting datalog/477 datalog/478 into:sstable1/66ee437f-0ac2-4894-896b-1140902003f1202605010057451777618672192777796.sst
2026-05-01 06:57:52:208 - Compaction completed: 
2938660:COMPACT_START sstable=0 input_files: "datalog/485" input_files: "datalog/486" compactIntoNextLevel: true destinationLevel: 1
2026-05-01 06:57:52:291 - Compaction started: 
140053900580416:Compacting datalog/485 datalog/486 into:sstable1/66ee437f-0ac2-4894-896b-1140902003f1202605010057451777618672294438032.sst
2026-05-01 06:57:52:309 - Compaction completed: 
2938660:COMPACT_START sstable=0 input_files: "datalog/493" input_files: "datalog/494" compactIntoNextLevel: true destinationLevel: 1
2026-05-01 06:57:52:392 - Compaction started: 
140053900580416:Compacting datalog/493 datalog/494 into:sstable1/66ee437f-0ac2-4894-896b-1140902003f1202605010057451777618672396026924.sst
2026-05-01 06:57:52:411 - Compaction completed: 
2938660:Task input_files: "datalog/277" input_files: "datalog/278" compactIntoNextLevel: true destinationLevel: 1 is dead (hb=30)
2938660:Found dead task input_files: "datalog/277" input_files: "datalog/278" compactIntoNextLevel: true destinationLevel: 1
2938660:COMPACT_START sstable=0 input_files: "datalog/277" input_files: "datalog/278" compactIntoNextLevel: true destinationLevel: 1
2938660:COMPACT_ABORT input_files: "datalog/277" input_files: "datalog/278" compactIntoNextLevel: true destinationLevel: 1
2938660:COMPACT_START sstable=0 input_files: "datalog/501" input_files: "datalog/502" compactIntoNextLevel: true destinationLevel: 1
2026-05-01 06:57:52:494 - Compaction started: 
140053900580416:Compacting datalog/501 datalog/502 into:sstable1/66ee437f-0ac2-4894-896b-1140902003f1202605010057451777618672497637115.sst
2026-05-01 06:57:52:512 - Compaction completed: 
2938660:COMPACT_START sstable=0 input_files: "datalog/509" input_files: "datalog/510" compactIntoNextLevel: true destinationLevel: 1
2026-05-01 06:57:52:596 - Compaction started: 
140053900580416:Compacting datalog/509 datalog/510 into:sstable1/66ee437f-0ac2-4894-896b-1140902003f1202605010057451777618672599214907.sst
2026-05-01 06:57:52:614 - Compaction completed: 
2938660:COMPACT_START sstable=0 input_files: "datalog/517" input_files: "datalog/518" compactIntoNextLevel: true destinationLevel: 1
2026-05-01 06:57:52:698 - Compaction started: 
140053900580416:Compacting datalog/517 datalog/518 into:sstable1/66ee437f-0ac2-4894-896b-1140902003f1202605010057451777618672700285267.sst
2026-05-01 06:57:52:715 - Compaction completed: 
2938660:COMPACT_START sstable=0 input_files: "datalog/525" input_files: "datalog/526" compactIntoNextLevel: true destinationLevel: 1
2026-05-01 06:57:52:799 - Compaction started: 
140053900580416:Compacting datalog/525 datalog/526 into:sstable1/66ee437f-0ac2-4894-896b-1140902003f1202605010057451777618672802352596.sst
2026-05-01 06:57:52:816 - Compaction completed: 
2938660:COMPACT_START sstable=0 input_files: "datalog/533" input_files: "datalog/534" compactIntoNextLevel: true destinationLevel: 1
2026-05-01 06:57:52:901 - Compaction started: 
140053900580416:Compacting datalog/533 datalog/534 into:sstable1/66ee437f-0ac2-4894-896b-1140902003f1202605010057451777618672904624368.sst
2026-05-01 06:57:52:920 - Compaction completed: 
2938660:COMPACT_START sstable=0 input_files: "datalog/537" input_files: "datalog/538" compactIntoNextLevel: true destinationLevel: 1
2026-05-01 06:57:53:003 - Compaction started: 
140053900580416:Compacting datalog/537 datalog/538 into:sstable1/66ee437f-0ac2-4894-896b-1140902003f1202605010057451777618673006135955.sst
2026-05-01 06:57:53:021 - Compaction completed: 
2938660:COMPACT_START sstable=0 input_files: "datalog/545" input_files: "datalog/546" compactIntoNextLevel: true destinationLevel: 1
2026-05-01 06:57:53:105 - Compaction started: 
140053900580416:Compacting datalog/545 datalog/546 into:sstable1/66ee437f-0ac2-4894-896b-1140902003f1202605010057451777618673109340927.sst
2026-05-01 06:57:53:128 - Compaction completed: 
2938660:COMPACT_START sstable=0 input_files: "datalog/553" input_files: "datalog/554" compactIntoNextLevel: true destinationLevel: 1
2938660:COMPACT_ABORT input_files: "datalog/553" input_files: "datalog/554" compactIntoNextLevel: true destinationLevel: 1
2938660:COMPACT_START sstable=0 input_files: "datalog/561" input_files: "datalog/562" compactIntoNextLevel: true destinationLevel: 1
2026-05-01 06:57:53:308 - Compaction started: 
140053900580416:Compacting datalog/561 datalog/562 into:sstable1/66ee437f-0ac2-4894-896b-1140902003f1202605010057451777618673312043239.sst
2026-05-01 06:57:53:327 - Compaction completed: 
2938660:COMPACT_START sstable=0 input_files: "datalog/569" input_files: "datalog/570" compactIntoNextLevel: true destinationLevel: 1
2026-05-01 06:57:53:410 - Compaction started: 
140053900580416:Compacting datalog/569 datalog/570 into:sstable1/66ee437f-0ac2-4894-896b-1140902003f1202605010057451777618673413281875.sst
2026-05-01 06:57:53:428 - Compaction completed: 
2938660:COMPACT_START sstable=0 input_files: "datalog/577" input_files: "datalog/578" compactIntoNextLevel: true destinationLevel: 1
2026-05-01 06:57:53:511 - Compaction started: 
140053900580416:Compacting datalog/577 datalog/578 into:sstable1/66ee437f-0ac2-4894-896b-1140902003f1202605010057451777618673514602103.sst
2026-05-01 06:57:53:529 - Compaction completed: 
2938660:COMPACT_START sstable=0 input_files: "datalog/583" input_files: "datalog/584" compactIntoNextLevel: true destinationLevel: 1
2026-05-01 06:57:53:613 - Compaction started: 
140053900580416:Compacting datalog/583 datalog/584 into:sstable1/66ee437f-0ac2-4894-896b-1140902003f1202605010057451777618673615983156.sst
2026-05-01 06:57:53:631 - Compaction completed: 
2938660:COMPACT_START sstable=0 input_files: "datalog/591" input_files: "datalog/592" compactIntoNextLevel: true destinationLevel: 1
2026-05-01 06:57:53:715 - Compaction started: 
140053900580416:Compacting datalog/591 datalog/592 into:sstable1/66ee437f-0ac2-4894-896b-1140902003f1202605010057451777618673717818540.sst
2026-05-01 06:57:53:733 - Compaction completed: 
2938660:COMPACT_START sstable=0 input_files: "datalog/597" input_files: "datalog/598" compactIntoNextLevel: true destinationLevel: 1
2026-05-01 06:57:53:816 - Compaction started: 
140053900580416:Compacting datalog/597 datalog/598 into:sstable1/66ee437f-0ac2-4894-896b-1140902003f1202605010057451777618673819417982.sst
2026-05-01 06:57:53:834 - Compaction completed: 
2938660:COMPACT_START sstable=0 input_files: "datalog/605" input_files: "datalog/606" compactIntoNextLevel: true destinationLevel: 1
2026-05-01 06:57:53:921 - Compaction started: 
140053900580416:Compacting datalog/605 datalog/606 into:sstable1/66ee437f-0ac2-4894-896b-1140902003f1202605010057451777618673925261038.sst
2026-05-01 06:57:53:941 - Compaction completed: 
2938660:COMPACT_START sstable=0 input_files: "datalog/613" input_files: "datalog/614" compactIntoNextLevel: true destinationLevel: 1
2026-05-01 06:57:54:023 - Compaction started: 
140053900580416:Compacting datalog/613 datalog/614 into:sstable1/66ee437f-0ac2-4894-896b-1140902003f1202605010057451777618674026853958.sst
2026-05-01 06:57:54:041 - Compaction completed: 
2938660:COMPACT_START sstable=0 input_files: "datalog/621" input_files: "datalog/622" compactIntoNextLevel: true destinationLevel: 1
2026-05-01 06:57:54:126 - Compaction started: 
140053900580416:Compacting datalog/621 datalog/622 into:sstable1/66ee437f-0ac2-4894-896b-1140902003f1202605010057451777618674130140923.sst
2026-05-01 06:57:54:147 - Compaction completed: 
2938660:COMPACT_START sstable=0 input_files: "datalog/629" input_files: "datalog/630" compactIntoNextLevel: true destinationLevel: 1
2026-05-01 06:57:54:229 - Compaction started: 
140053900580416:Compacting datalog/629 datalog/630 into:sstable1/66ee437f-0ac2-4894-896b-1140902003f1202605010057451777618674232720522.sst
2026-05-01 06:57:54:248 - Compaction completed: 
2938660:COMPACT_START sstable=0 input_files: "datalog/639" input_files: "datalog/640" compactIntoNextLevel: true destinationLevel: 1
2026-05-01 06:57:54:332 - Compaction started: 
140053900580416:Compacting datalog/639 datalog/640 into:sstable1/66ee437f-0ac2-4894-896b-1140902003f1202605010057451777618674335555380.sst
2026-05-01 06:57:54:351 - Compaction completed: 
2938660:COMPACT_START sstable=0 input_files: "datalog/647" input_files: "datalog/648" compactIntoNextLevel: true destinationLevel: 1
2026-05-01 06:57:54:435 - Compaction started: 
140053900580416:Compacting datalog/647 datalog/648 into:sstable1/66ee437f-0ac2-4894-896b-1140902003f1202605010057451777618674438928587.sst
2026-05-01 06:57:54:454 - Compaction completed: 
2938660:COMPACT_START sstable=0 input_files: "datalog/653" input_files: "datalog/654" compactIntoNextLevel: true destinationLevel: 1
2026-05-01 06:57:54:537 - Compaction started: 
140053900580416:Compacting datalog/653 datalog/654 into:sstable1/66ee437f-0ac2-4894-896b-1140902003f1202605010057451777618674540973223.sst
2026-05-01 06:57:54:555 - Compaction completed: 
2938660:COMPACT_START sstable=0 input_files: "datalog/659" input_files: "datalog/660" compactIntoNextLevel: true destinationLevel: 1
2026-05-01 06:57:54:639 - Compaction started: 
140053900580416:Compacting datalog/659 datalog/660 into:sstable1/66ee437f-0ac2-4894-896b-1140902003f1202605010057451777618674643010426.sst
2026-05-01 06:57:54:658 - Compaction completed: 
2938660:COMPACT_START sstable=0 input_files: "datalog/665" input_files: "datalog/666" compactIntoNextLevel: true destinationLevel: 1
2026-05-01 06:57:54:742 - Compaction started: 
140053900580416:Compacting datalog/665 datalog/666 into:sstable1/66ee437f-0ac2-4894-896b-1140902003f1202605010057451777618674745340056.sst
2026-05-01 06:57:54:760 - Compaction completed: 
2938660:COMPACT_START sstable=0 input_files: "datalog/673" input_files: "datalog/674" compactIntoNextLevel: true destinationLevel: 1
2026-05-01 06:57:54:845 - Compaction started: 
140053900580416:Compacting datalog/673 datalog/674 into:sstable1/66ee437f-0ac2-4894-896b-1140902003f1202605010057451777618674848689769.sst
2026-05-01 06:57:54:864 - Compaction completed: 
2938660:COMPACT_START sstable=0 input_files: "datalog/681" input_files: "datalog/682" compactIntoNextLevel: true destinationLevel: 1
2026-05-01 06:57:54:947 - Compaction started: 
140053900580416:Compacting datalog/681 datalog/682 into:sstable1/66ee437f-0ac2-4894-896b-1140902003f1202605010057451777618674950754122.sst
2026-05-01 06:57:54:965 - Compaction completed: 
2938660:COMPACT_START sstable=0 input_files: "datalog/689" input_files: "datalog/690" compactIntoNextLevel: true destinationLevel: 1
2026-05-01 06:57:55:049 - Compaction started: 
140053900580416:Compacting datalog/689 datalog/690 into:sstable1/66ee437f-0ac2-4894-896b-1140902003f1202605010057451777618675052993995.sst
2026-05-01 06:57:55:068 - Compaction completed: 
2938660:COMPACT_START sstable=0 input_files: "datalog/697" input_files: "datalog/698" compactIntoNextLevel: true destinationLevel: 1
2026-05-01 06:57:55:151 - Compaction started: 
140053900580416:Compacting datalog/697 datalog/698 into:sstable1/66ee437f-0ac2-4894-896b-1140902003f1202605010057451777618675155134169.sst
2026-05-01 06:57:55:173 - Compaction completed: 
2938660:COMPACT_START sstable=0 input_files: "datalog/705" input_files: "datalog/706" compactIntoNextLevel: true destinationLevel: 1
2026-05-01 06:57:55:252 - Compaction started: 
140053900580416:Compacting datalog/705 datalog/706 into:sstable1/66ee437f-0ac2-4894-896b-1140902003f1202605010057451777618675255740430.sst
2026-05-01 06:57:55:270 - Compaction completed: 
2938660:COMPACT_START sstable=0 input_files: "datalog/713" input_files: "datalog/714" compactIntoNextLevel: true destinationLevel: 1
2026-05-01 06:57:55:354 - Compaction started: 
140053900580416:Compacting datalog/713 datalog/714 into:sstable1/66ee437f-0ac2-4894-896b-1140902003f1202605010057451777618675357363195.sst
2026-05-01 06:57:55:371 - Compaction completed: 
2938660:Task input_files: "datalog/277" input_files: "datalog/278" compactIntoNextLevel: true destinationLevel: 1 is dead (hb=30)
2938660:Found dead task input_files: "datalog/277" input_files: "datalog/278" compactIntoNextLevel: true destinationLevel: 1
2938660:COMPACT_START sstable=0 input_files: "datalog/277" input_files: "datalog/278" compactIntoNextLevel: true destinationLevel: 1
2026-05-01 06:57:55:455 - Compaction started: 
140053900580416:Compacting datalog/277 datalog/278 into:sstable1/66ee437f-0ac2-4894-896b-1140902003f1202605010057451777618675459022550.sst
2026-05-01 06:57:55:475 - Compaction completed: 
2938660:COMPACT_START sstable=0 input_files: "datalog/727" input_files: "datalog/728" compactIntoNextLevel: true destinationLevel: 1
2026-05-01 06:57:55:561 - Compaction started: 
140053900580416:Compacting datalog/727 datalog/728 into:sstable1/66ee437f-0ac2-4894-896b-1140902003f1202605010057451777618675564205208.sst
2026-05-01 06:57:55:577 - Compaction completed: 
2938660:COMPACT_START sstable=0 input_files: "datalog/735" input_files: "datalog/736" compactIntoNextLevel: true destinationLevel: 1
2026-05-01 06:57:55:663 - Compaction started: 
140053900580416:Compacting datalog/735 datalog/736 into:sstable1/66ee437f-0ac2-4894-896b-1140902003f1202605010057451777618675666337358.sst
2026-05-01 06:57:55:679 - Compaction completed: 
2938660:COMPACT_START sstable=0 input_files: "datalog/743" input_files: "datalog/744" compactIntoNextLevel: true destinationLevel: 1
2026-05-01 06:57:55:765 - Compaction started: 
140053900580416:Compacting datalog/743 datalog/744 into:sstable1/66ee437f-0ac2-4894-896b-1140902003f1202605010057451777618675767940046.sst
2026-05-01 06:57:55:780 - Compaction completed: 
2938660:COMPACT_START sstable=0 input_files: "datalog/751" input_files: "datalog/752" compactIntoNextLevel: true destinationLevel: 1
2026-05-01 06:57:55:866 - Compaction started: 
140053900580416:Compacting datalog/751 datalog/752 into:sstable1/66ee437f-0ac2-4894-896b-1140902003f1202605010057451777618675869733492.sst
2026-05-01 06:57:55:882 - Compaction completed: 
2938660:COMPACT_START sstable=0 input_files: "datalog/759" input_files: "datalog/760" compactIntoNextLevel: true destinationLevel: 1
2026-05-01 06:57:55:968 - Compaction started: 
140053900580416:Compacting datalog/759 datalog/760 into:sstable1/66ee437f-0ac2-4894-896b-1140902003f1202605010057451777618675971218840.sst
2026-05-01 06:57:55:983 - Compaction completed: 
2938660:COMPACT_START sstable=0 input_files: "datalog/767" input_files: "datalog/768" compactIntoNextLevel: true destinationLevel: 1
2938660:COMPACT_ABORT input_files: "datalog/767" input_files: "datalog/768" compactIntoNextLevel: true destinationLevel: 1
2938660:COMPACT_START sstable=0 input_files: "datalog/769" input_files: "datalog/770" compactIntoNextLevel: true destinationLevel: 1
2026-05-01 06:57:56:070 - Compaction started: 
140053900580416:Compacting datalog/769 datalog/770 into:sstable1/66ee437f-0ac2-4894-896b-1140902003f1202605010057451777618676073131689.sst
2026-05-01 06:57:56:085 - Compaction completed: 
2938660:COMPACT_START sstable=0 input_files: "datalog/777" input_files: "datalog/778" compactIntoNextLevel: true destinationLevel: 1
2026-05-01 06:57:56:171 - Compaction started: 
140053900580416:Compacting datalog/777 datalog/778 into:sstable1/66ee437f-0ac2-4894-896b-1140902003f1202605010057451777618676174120697.sst
2026-05-01 06:57:56:186 - Compaction completed: 
2938660:Task input_files: "datalog/553" input_files: "datalog/554" compactIntoNextLevel: true destinationLevel: 1 is dead (hb=30)
2938660:Found dead task input_files: "datalog/553" input_files: "datalog/554" compactIntoNextLevel: true destinationLevel: 1
2938660:COMPACT_START sstable=0 input_files: "datalog/553" input_files: "datalog/554" compactIntoNextLevel: true destinationLevel: 1
2938660:COMPACT_ABORT input_files: "datalog/553" input_files: "datalog/554" compactIntoNextLevel: true destinationLevel: 1
2938660:COMPACT_START sstable=0 input_files: "datalog/791" input_files: "datalog/792" compactIntoNextLevel: true destinationLevel: 1
2026-05-01 06:57:56:374 - Compaction started: 
140053900580416:Compacting datalog/791 datalog/792 into:sstable1/66ee437f-0ac2-4894-896b-1140902003f1202605010057451777618676377015981.sst
2026-05-01 06:57:56:390 - Compaction completed: 
2938660:COMPACT_START sstable=0 input_files: "datalog/799" input_files: "datalog/800" compactIntoNextLevel: true destinationLevel: 1
2026-05-01 06:57:56:476 - Compaction started: 
140053900580416:Compacting datalog/799 datalog/800 into:sstable1/66ee437f-0ac2-4894-896b-1140902003f1202605010057451777618676478576250.sst
2026-05-01 06:57:56:491 - Compaction completed: 
2938660:COMPACT_START sstable=0 input_files: "datalog/807" input_files: "datalog/808" compactIntoNextLevel: true destinationLevel: 1
2026-05-01 06:57:56:577 - Compaction started: 
140053900580416:Compacting datalog/807 datalog/808 into:sstable1/66ee437f-0ac2-4894-896b-1140902003f1202605010057451777618676580051178.sst
2026-05-01 06:57:56:592 - Compaction completed: 
2938660:COMPACT_START sstable=0 input_files: "datalog/815" input_files: "datalog/816" compactIntoNextLevel: true destinationLevel: 1
2026-05-01 06:57:56:678 - Compaction started: 
140053900580416:Compacting datalog/815 datalog/816 into:sstable1/66ee437f-0ac2-4894-896b-1140902003f1202605010057451777618676681245711.sst
2026-05-01 06:57:56:694 - Compaction completed: 
2938660:COMPACT_START sstable=0 input_files: "datalog/823" input_files: "datalog/824" compactIntoNextLevel: true destinationLevel: 1
2026-05-01 06:57:56:780 - Compaction started: 
140053900580416:Compacting datalog/823 datalog/824 into:sstable1/66ee437f-0ac2-4894-896b-1140902003f1202605010057451777618676782552724.sst
2026-05-01 06:57:56:795 - Compaction completed: 
2938660:COMPACT_START sstable=0 input_files: "datalog/831" input_files: "datalog/832" compactIntoNextLevel: true destinationLevel: 1
2026-05-01 06:57:56:881 - Compaction started: 
140053900580416:Compacting datalog/831 datalog/832 into:sstable1/66ee437f-0ac2-4894-896b-1140902003f1202605010057451777618676883765792.sst
2026-05-01 06:57:56:896 - Compaction completed: 
2938660:COMPACT_START sstable=0 input_files: "datalog/839" input_files: "datalog/840" compactIntoNextLevel: true destinationLevel: 1
2026-05-01 06:57:56:983 - Compaction started: 
140053900580416:Compacting datalog/839 datalog/840 into:sstable1/66ee437f-0ac2-4894-896b-1140902003f1202605010057451777618676985597750.sst
2026-05-01 06:57:56:997 - Compaction completed: 
2938660:COMPACT_START sstable=0 input_files: "datalog/847" input_files: "datalog/848" compactIntoNextLevel: true destinationLevel: 1
2026-05-01 06:57:57:085 - Compaction started: 
140053900580416:Compacting datalog/847 datalog/848 into:sstable1/66ee437f-0ac2-4894-896b-1140902003f1202605010057451777618677087460666.sst
2026-05-01 06:57:57:100 - Compaction completed: 
2938660:COMPACT_START sstable=0 input_files: "datalog/855" input_files: "datalog/856" compactIntoNextLevel: true destinationLevel: 1
2026-05-01 06:57:57:187 - Compaction started: 
140053900580416:Compacting datalog/855 datalog/856 into:sstable1/66ee437f-0ac2-4894-896b-1140902003f1202605010057451777618677189372873.sst
2026-05-01 06:57:57:202 - Compaction completed: 
2938660:COMPACT_START sstable=0 input_files: "datalog/863" input_files: "datalog/864" compactIntoNextLevel: true destinationLevel: 1
2026-05-01 06:57:57:288 - Compaction started: 
140053900580416:Compacting datalog/863 datalog/864 into:sstable1/66ee437f-0ac2-4894-896b-1140902003f1202605010057451777618677291190975.sst
2026-05-01 06:57:57:304 - Compaction completed: 
2938660:COMPACT_START sstable=1 input_files: "sstable1/66ee437f-0ac2-4894-896b-1140902003f1202605010057451777618665606912093.sst" input_files: "sstable1/66493b95-9fc6-4f95-bb54-677bd0c7d026202605010057451777618665646530769.sst" compactIntoNextLevel: true destinationLevel: 2
2026-05-01 06:57:57:390 - Compaction started: 
140053900580416:Compacting sstable1/66ee437f-0ac2-4894-896b-1140902003f1202605010057451777618665606912093.sst sstable1/66493b95-9fc6-4f95-bb54-677bd0c7d026202605010057451777618665646530769.sst into:sstable2/66ee437f-0ac2-4894-896b-1140902003f1202605010057451777618677411566303.sst
2026-05-01 06:57:57:443 - Compaction completed: 
2938660:COMPACT_START sstable=1 input_files: "sstable1/8bd3b2ec-df07-45b4-a7e1-0e2a5cb39fdf202605010057451777618665804859723.sst" input_files: "sstable1/9facb5d1-867d-4ffc-b491-51cfa65ed9d3202605010057451777618665952874291.sst" compactIntoNextLevel: true destinationLevel: 2
2026-05-01 06:57:57:492 - Compaction started: 
140053900580416:Compacting sstable1/8bd3b2ec-df07-45b4-a7e1-0e2a5cb39fdf202605010057451777618665804859723.sst sstable1/9facb5d1-867d-4ffc-b491-51cfa65ed9d3202605010057451777618665952874291.sst into:sstable2/66ee437f-0ac2-4894-896b-1140902003f1202605010057451777618677513884302.sst
2026-05-01 06:57:57:548 - Compaction completed: 
2938660:COMPACT_START sstable=1 input_files: "sstable1/9facb5d1-867d-4ffc-b491-51cfa65ed9d3202605010057451777618666081234577.sst" input_files: "sstable1/66493b95-9fc6-4f95-bb54-677bd0c7d026202605010057451777618666213645276.sst" compactIntoNextLevel: true destinationLevel: 2
2026-05-01 06:57:57:593 - Compaction started: 
140053900580416:Compacting sstable1/9facb5d1-867d-4ffc-b491-51cfa65ed9d3202605010057451777618666081234577.sst sstable1/66493b95-9fc6-4f95-bb54-677bd0c7d026202605010057451777618666213645276.sst into:sstable2/66ee437f-0ac2-4894-896b-1140902003f1202605010057451777618677616841519.sst
2026-05-01 06:57:57:654 - Compaction completed: 
2938660:COMPACT_START sstable=1 input_files: "sstable1/66ee437f-0ac2-4894-896b-1140902003f1202605010057451777618666492090922.sst" input_files: "sstable1/9facb5d1-867d-4ffc-b491-51cfa65ed9d3202605010057451777618666500506998.sst" compactIntoNextLevel: true destinationLevel: 2
2026-05-01 06:57:57:695 - Compaction started: 
140053900580416:Compacting sstable1/66ee437f-0ac2-4894-896b-1140902003f1202605010057451777618666492090922.sst sstable1/9facb5d1-867d-4ffc-b491-51cfa65ed9d3202605010057451777618666500506998.sst into:sstable2/66ee437f-0ac2-4894-896b-1140902003f1202605010057451777618677720008689.sst
2026-05-01 06:57:57:759 - Compaction completed: 
2938660:COMPACT_START sstable=1 input_files: "sstable1/66ee437f-0ac2-4894-896b-1140902003f1202605010057451777618666744909931.sst" input_files: "sstable1/9facb5d1-867d-4ffc-b491-51cfa65ed9d3202605010057451777618666684925738.sst" compactIntoNextLevel: true destinationLevel: 2
2026-05-01 06:57:57:797 - Compaction started: 
140053900580416:Compacting sstable1/66ee437f-0ac2-4894-896b-1140902003f1202605010057451777618666744909931.sst sstable1/9facb5d1-867d-4ffc-b491-51cfa65ed9d3202605010057451777618666684925738.sst into:sstable2/66ee437f-0ac2-4894-896b-1140902003f1202605010057451777618677821661782.sst
2026-05-01 06:57:57:861 - Compaction completed: 
2938660:COMPACT_START sstable=1 input_files: "sstable1/9facb5d1-867d-4ffc-b491-51cfa65ed9d3202605010057451777618666886329837.sst" input_files: "sstable1/66493b95-9fc6-4f95-bb54-677bd0c7d026202605010057451777618669964466827.sst" compactIntoNextLevel: true destinationLevel: 2
2026-05-01 06:57:57:899 - Compaction started: 
140053900580416:Compacting sstable1/9facb5d1-867d-4ffc-b491-51cfa65ed9d3202605010057451777618666886329837.sst sstable1/66493b95-9fc6-4f95-bb54-677bd0c7d026202605010057451777618669964466827.sst into:sstable2/66ee437f-0ac2-4894-896b-1140902003f1202605010057451777618677921716177.sst
2026-05-01 06:57:57:957 - Compaction completed: 
2938660:COMPACT_START sstable=1 input_files: "sstable1/8bd3b2ec-df07-45b4-a7e1-0e2a5cb39fdf202605010057451777618667051876971.sst" input_files: "sstable1/66ee437f-0ac2-4894-896b-1140902003f1202605010057451777618667088432386.sst" compactIntoNextLevel: true destinationLevel: 2
2026-05-01 06:57:58:001 - Compaction started: 
140053900580416:Compacting sstable1/8bd3b2ec-df07-45b4-a7e1-0e2a5cb39fdf202605010057451777618667051876971.sst sstable1/66ee437f-0ac2-4894-896b-1140902003f1202605010057451777618667088432386.sst into:sstable2/66ee437f-0ac2-4894-896b-1140902003f1202605010057451777618678023488443.sst
2026-05-01 06:57:58:059 - Compaction completed: 
2938660:COMPACT_START sstable=1 input_files: "sstable1/66ee437f-0ac2-4894-896b-1140902003f1202605010057451777618670339778972.sst" input_files: "sstable1/66ee437f-0ac2-4894-896b-1140902003f1202605010057451777618667274835986.sst" compactIntoNextLevel: true destinationLevel: 2
2026-05-01 06:57:58:102 - Compaction started: 
140053900580416:Compacting sstable1/66ee437f-0ac2-4894-896b-1140902003f1202605010057451777618670339778972.sst sstable1/66ee437f-0ac2-4894-896b-1140902003f1202605010057451777618667274835986.sst into:sstable2/66ee437f-0ac2-4894-896b-1140902003f1202605010057451777618678125142527.sst
2026-05-01 06:57:58:160 - Compaction completed: 
2938660:COMPACT_START sstable=1 input_files: "sstable1/8bd3b2ec-df07-45b4-a7e1-0e2a5cb39fdf202605010057451777618667458332367.sst" input_files: "sstable1/66ee437f-0ac2-4894-896b-1140902003f1202605010057451777618667476846272.sst" compactIntoNextLevel: true destinationLevel: 2
2026-05-01 06:57:58:204 - Compaction started: 
140053900580416:Compacting sstable1/8bd3b2ec-df07-45b4-a7e1-0e2a5cb39fdf202605010057451777618667458332367.sst sstable1/66ee437f-0ac2-4894-896b-1140902003f1202605010057451777618667476846272.sst into:sstable2/66ee437f-0ac2-4894-896b-1140902003f1202605010057451777618678228253533.sst
2026-05-01 06:57:58:266 - Compaction completed: 
2938660:COMPACT_START sstable=1 input_files: "sstable1/8bd3b2ec-df07-45b4-a7e1-0e2a5cb39fdf202605010057451777618667659867532.sst" input_files: "sstable1/66ee437f-0ac2-4894-896b-1140902003f1202605010057451777618667679695831.sst" compactIntoNextLevel: true destinationLevel: 2
2026-05-01 06:57:58:306 - Compaction started: 
140053900580416:Compacting sstable1/8bd3b2ec-df07-45b4-a7e1-0e2a5cb39fdf202605010057451777618667659867532.sst sstable1/66ee437f-0ac2-4894-896b-1140902003f1202605010057451777618667679695831.sst into:sstable2/66ee437f-0ac2-4894-896b-1140902003f1202605010057451777618678330006072.sst
2026-05-01 06:57:58:368 - Compaction completed: 
2938660:COMPACT_START sstable=1 input_files: "sstable1/9facb5d1-867d-4ffc-b491-51cfa65ed9d3202605010057451777618667802981364.sst" input_files: "sstable1/66493b95-9fc6-4f95-bb54-677bd0c7d026202605010057451777618667826926570.sst" compactIntoNextLevel: true destinationLevel: 2
2026-05-01 06:57:58:408 - Compaction started: 
140053900580416:Compacting sstable1/9facb5d1-867d-4ffc-b491-51cfa65ed9d3202605010057451777618667802981364.sst sstable1/66493b95-9fc6-4f95-bb54-677bd0c7d026202605010057451777618667826926570.sst into:sstable2/66ee437f-0ac2-4894-896b-1140902003f1202605010057451777618678429461925.sst
2026-05-01 06:57:58:464 - Compaction completed: 
2938660:COMPACT_START sstable=1 input_files: "sstable1/9facb5d1-867d-4ffc-b491-51cfa65ed9d3202605010057451777618668005441172.sst" input_files: "sstable1/66493b95-9fc6-4f95-bb54-677bd0c7d026202605010057451777618668029116382.sst" compactIntoNextLevel: true destinationLevel: 2
2026-05-01 06:57:58:509 - Compaction started: 
140053900580416:Compacting sstable1/9facb5d1-867d-4ffc-b491-51cfa65ed9d3202605010057451777618668005441172.sst sstable1/66493b95-9fc6-4f95-bb54-677bd0c7d026202605010057451777618668029116382.sst into:sstable2/66ee437f-0ac2-4894-896b-1140902003f1202605010057451777618678532055781.sst
2026-05-01 06:57:58:568 - Compaction completed: 
2938660:COMPACT_START sstable=1 input_files: "sstable1/66ee437f-0ac2-4894-896b-1140902003f1202605010057451777618668187126809.sst" input_files: "sstable1/9facb5d1-867d-4ffc-b491-51cfa65ed9d3202605010057451777618668207862738.sst" compactIntoNextLevel: true destinationLevel: 2
2026-05-01 06:57:58:611 - Compaction started: 
140053900580416:Compacting sstable1/66ee437f-0ac2-4894-896b-1140902003f1202605010057451777618668187126809.sst sstable1/9facb5d1-867d-4ffc-b491-51cfa65ed9d3202605010057451777618668207862738.sst into:sstable2/66ee437f-0ac2-4894-896b-1140902003f1202605010057451777618678632447759.sst
2026-05-01 06:57:58:667 - Compaction completed: 
2938660:COMPACT_START sstable=1 input_files: "sstable1/66ee437f-0ac2-4894-896b-1140902003f1202605010057451777618668390628199.sst" input_files: "sstable1/9facb5d1-867d-4ffc-b491-51cfa65ed9d3202605010057451777618668410366409.sst" compactIntoNextLevel: true destinationLevel: 2
2026-05-01 06:57:58:712 - Compaction started: 
140053900580416:Compacting sstable1/66ee437f-0ac2-4894-896b-1140902003f1202605010057451777618668390628199.sst sstable1/9facb5d1-867d-4ffc-b491-51cfa65ed9d3202605010057451777618668410366409.sst into:sstable2/66ee437f-0ac2-4894-896b-1140902003f1202605010057451777618678735372495.sst
2026-05-01 06:57:58:773 - Compaction completed: 
2938660:COMPACT_START sstable=1 input_files: "sstable1/66ee437f-0ac2-4894-896b-1140902003f1202605010057451777618668593385535.sst" input_files: "sstable1/9facb5d1-867d-4ffc-b491-51cfa65ed9d3202605010057451777618668614833921.sst" compactIntoNextLevel: true destinationLevel: 2
2026-05-01 06:57:58:814 - Compaction started: 
140053900580416:Compacting sstable1/66ee437f-0ac2-4894-896b-1140902003f1202605010057451777618668593385535.sst sstable1/9facb5d1-867d-4ffc-b491-51cfa65ed9d3202605010057451777618668614833921.sst into:sstable2/66ee437f-0ac2-4894-896b-1140902003f1202605010057451777618678836579051.sst
2026-05-01 06:57:58:875 - Compaction completed: 
2938660:COMPACT_START sstable=1 input_files: "sstable1/66ee437f-0ac2-4894-896b-1140902003f1202605010057451777618668803620899.sst" input_files: "sstable1/9facb5d1-867d-4ffc-b491-51cfa65ed9d3202605010057451777618668817806440.sst" compactIntoNextLevel: true destinationLevel: 2
2026-05-01 06:57:58:915 - Compaction started: 
140053900580416:Compacting sstable1/66ee437f-0ac2-4894-896b-1140902003f1202605010057451777618668803620899.sst sstable1/9facb5d1-867d-4ffc-b491-51cfa65ed9d3202605010057451777618668817806440.sst into:sstable2/66ee437f-0ac2-4894-896b-1140902003f1202605010057451777618678938732181.sst
2026-05-01 06:57:58:977 - Compaction completed: 
2938660:COMPACT_START sstable=1 input_files: "sstable1/66493b95-9fc6-4f95-bb54-677bd0c7d026202605010057451777618668942770680.sst" input_files: "sstable1/8bd3b2ec-df07-45b4-a7e1-0e2a5cb39fdf202605010057451777618668978756657.sst" compactIntoNextLevel: true destinationLevel: 2
2026-05-01 06:57:59:017 - Compaction started: 
140053900580416:Compacting sstable1/66493b95-9fc6-4f95-bb54-677bd0c7d026202605010057451777618668942770680.sst sstable1/8bd3b2ec-df07-45b4-a7e1-0e2a5cb39fdf202605010057451777618668978756657.sst into:sstable2/66ee437f-0ac2-4894-896b-1140902003f1202605010057451777618679044201827.sst
2026-05-01 06:57:59:081 - Compaction completed: 
2938660:COMPACT_START sstable=1 input_files: "sstable1/66ee437f-0ac2-4894-896b-1140902003f1202605010057451777618669110765723.sst" input_files: "sstable1/9facb5d1-867d-4ffc-b491-51cfa65ed9d3202605010057451777618669126263374.sst" compactIntoNextLevel: true destinationLevel: 2
2026-05-01 06:57:59:119 - Compaction started: 
140053900580416:Compacting sstable1/66ee437f-0ac2-4894-896b-1140902003f1202605010057451777618669110765723.sst sstable1/9facb5d1-867d-4ffc-b491-51cfa65ed9d3202605010057451777618669126263374.sst into:sstable2/66ee437f-0ac2-4894-896b-1140902003f1202605010057451777618679141184454.sst
2026-05-01 06:57:59:176 - Compaction completed: 
2938660:COMPACT_START sstable=1 input_files: "sstable1/66ee437f-0ac2-4894-896b-1140902003f1202605010057451777618669316058061.sst" input_files: "sstable1/9facb5d1-867d-4ffc-b491-51cfa65ed9d3202605010057451777618669331958246.sst" compactIntoNextLevel: true destinationLevel: 2
2026-05-01 06:57:59:222 - Compaction started: 
140053900580416:Compacting sstable1/66ee437f-0ac2-4894-896b-1140902003f1202605010057451777618669316058061.sst sstable1/9facb5d1-867d-4ffc-b491-51cfa65ed9d3202605010057451777618669331958246.sst into:sstable2/66ee437f-0ac2-4894-896b-1140902003f1202605010057451777618679249828952.sst
2026-05-01 06:57:59:286 - Compaction completed: 
2938660:COMPACT_START sstable=1 input_files: "sstable1/66ee437f-0ac2-4894-896b-1140902003f1202605010057451777618669520412110.sst" input_files: "sstable1/9facb5d1-867d-4ffc-b491-51cfa65ed9d3202605010057451777618669536330910.sst" compactIntoNextLevel: true destinationLevel: 2
2026-05-01 06:57:59:326 - Compaction started: 
140053900580416:Compacting sstable1/66ee437f-0ac2-4894-896b-1140902003f1202605010057451777618669520412110.sst sstable1/9facb5d1-867d-4ffc-b491-51cfa65ed9d3202605010057451777618669536330910.sst into:sstable2/66ee437f-0ac2-4894-896b-1140902003f1202605010057451777618679349009831.sst
2026-05-01 06:57:59:385 - Compaction completed: 
2938660:COMPACT_START sstable=1 input_files: "sstable1/8bd3b2ec-df07-45b4-a7e1-0e2a5cb39fdf202605010057451777618669694062514.sst" input_files: "sstable1/66ee437f-0ac2-4894-896b-1140902003f1202605010057451777618669726289976.sst" compactIntoNextLevel: true destinationLevel: 2
2026-05-01 06:57:59:430 - Compaction started: 
140053900580416:Compacting sstable1/8bd3b2ec-df07-45b4-a7e1-0e2a5cb39fdf202605010057451777618669694062514.sst sstable1/66ee437f-0ac2-4894-896b-1140902003f1202605010057451777618669726289976.sst into:sstable2/66ee437f-0ac2-4894-896b-1140902003f1202605010057451777618679452333745.sst
2026-05-01 06:57:59:487 - Compaction completed: 
2938660:COMPACT_START sstable=1 input_files: "sstable1/8bd3b2ec-df07-45b4-a7e1-0e2a5cb39fdf202605010057451777618672959469086.sst" input_files: "sstable1/66ee437f-0ac2-4894-896b-1140902003f1202605010057451777618669929947749.sst" compactIntoNextLevel: true destinationLevel: 2
2938660:COMPACT_ABORT input_files: "sstable1/8bd3b2ec-df07-45b4-a7e1-0e2a5cb39fdf202605010057451777618672959469086.sst" input_files: "sstable1/66ee437f-0ac2-4894-896b-1140902003f1202605010057451777618669929947749.sst" compactIntoNextLevel: true destinationLevel: 2
2938660:COMPACT_START sstable=1 input_files: "sstable1/66ee437f-0ac2-4894-896b-1140902003f1202605010057451777618670134221678.sst" input_files: "sstable1/9facb5d1-867d-4ffc-b491-51cfa65ed9d3202605010057451777618670151425708.sst" compactIntoNextLevel: true destinationLevel: 2
2026-05-01 06:57:59:635 - Compaction started: 
140053900580416:Compacting sstable1/66ee437f-0ac2-4894-896b-1140902003f1202605010057451777618670134221678.sst sstable1/9facb5d1-867d-4ffc-b491-51cfa65ed9d3202605010057451777618670151425708.sst into:sstable2/66ee437f-0ac2-4894-896b-1140902003f1202605010057451777618679656293805.sst
2026-05-01 06:57:59:688 - Compaction completed: 
2938660:COMPACT_START sstable=1 input_files: "sstable1/66493b95-9fc6-4f95-bb54-677bd0c7d026202605010057451777618670372509628.sst" input_files: "sstable1/8bd3b2ec-df07-45b4-a7e1-0e2a5cb39fdf202605010057451777618670412176835.sst" compactIntoNextLevel: true destinationLevel: 2
2026-05-01 06:57:59:739 - Compaction started: 
140053900580416:Compacting sstable1/66493b95-9fc6-4f95-bb54-677bd0c7d026202605010057451777618670372509628.sst sstable1/8bd3b2ec-df07-45b4-a7e1-0e2a5cb39fdf202605010057451777618670412176835.sst into:sstable2/66ee437f-0ac2-4894-896b-1140902003f1202605010057451777618679759482947.sst
2026-05-01 06:57:59:792 - Compaction completed: 
2938660:COMPACT_START sstable=1 input_files: "sstable1/66493b95-9fc6-4f95-bb54-677bd0c7d026202605010057451777618670608261884.sst" input_files: "sstable1/8bd3b2ec-df07-45b4-a7e1-0e2a5cb39fdf202605010057451777618670614836428.sst" compactIntoNextLevel: true destinationLevel: 2
2026-05-01 06:57:59:842 - Compaction started: 
140053900580416:Compacting sstable1/66493b95-9fc6-4f95-bb54-677bd0c7d026202605010057451777618670608261884.sst sstable1/8bd3b2ec-df07-45b4-a7e1-0e2a5cb39fdf202605010057451777618670614836428.sst into:sstable2/66ee437f-0ac2-4894-896b-1140902003f1202605010057451777618679864288118.sst
2026-05-01 06:57:59:899 - Compaction completed: 
2938660:COMPACT_START sstable=1 input_files: "sstable1/66493b95-9fc6-4f95-bb54-677bd0c7d026202605010057451777618670809947661.sst" input_files: "sstable1/8bd3b2ec-df07-45b4-a7e1-0e2a5cb39fdf202605010057451777618670816796499.sst" compactIntoNextLevel: true destinationLevel: 2
2026-05-01 06:57:59:945 - Compaction started: 
140053900580416:Compacting sstable1/66493b95-9fc6-4f95-bb54-677bd0c7d026202605010057451777618670809947661.sst sstable1/8bd3b2ec-df07-45b4-a7e1-0e2a5cb39fdf202605010057451777618670816796499.sst into:sstable2/66ee437f-0ac2-4894-896b-1140902003f1202605010057451777618679964861967.sst
2026-05-01 06:57:59:996 - Compaction completed: 
2938660:COMPACT_START sstable=1 input_files: "sstable1/66493b95-9fc6-4f95-bb54-677bd0c7d026202605010057451777618671011856536.sst" input_files: "sstable1/8bd3b2ec-df07-45b4-a7e1-0e2a5cb39fdf202605010057451777618671019405367.sst" compactIntoNextLevel: true destinationLevel: 2
2026-05-01 06:58:00:049 - Compaction started: 
140053900580416:Compacting sstable1/66493b95-9fc6-4f95-bb54-677bd0c7d026202605010057451777618671011856536.sst sstable1/8bd3b2ec-df07-45b4-a7e1-0e2a5cb39fdf202605010057451777618671019405367.sst into:sstable2/66ee437f-0ac2-4894-896b-1140902003f1202605010057451777618680070789162.sst
2026-05-01 06:58:00:105 - Compaction completed: 
2938660:COMPACT_START sstable=1 input_files: "sstable1/8bd3b2ec-df07-45b4-a7e1-0e2a5cb39fdf202605010057451777618671228184832.sst" input_files: "sstable1/66ee437f-0ac2-4894-896b-1140902003f1202605010057451777618671270713213.sst" compactIntoNextLevel: true destinationLevel: 2
2026-05-01 06:58:00:152 - Compaction started: 
140053900580416:Compacting sstable1/8bd3b2ec-df07-45b4-a7e1-0e2a5cb39fdf202605010057451777618671228184832.sst sstable1/66ee437f-0ac2-4894-896b-1140902003f1202605010057451777618671270713213.sst into:sstable2/66ee437f-0ac2-4894-896b-1140902003f1202605010057451777618680174167268.sst
2026-05-01 06:58:00:208 - Compaction completed: 
2938660:COMPACT_START sstable=1 input_files: "sstable1/9facb5d1-867d-4ffc-b491-51cfa65ed9d3202605010057451777618671383345896.sst" input_files: "sstable1/66493b95-9fc6-4f95-bb54-677bd0c7d026202605010057451777618671416698167.sst" compactIntoNextLevel: true destinationLevel: 2
2026-05-01 06:58:00:256 - Compaction started: 
140053900580416:Compacting sstable1/9facb5d1-867d-4ffc-b491-51cfa65ed9d3202605010057451777618671383345896.sst sstable1/66493b95-9fc6-4f95-bb54-677bd0c7d026202605010057451777618671416698167.sst into:sstable2/66ee437f-0ac2-4894-896b-1140902003f1202605010057451777618680276009054.sst
2026-05-01 06:58:00:306 - Compaction completed: 
2938660:COMPACT_START sstable=1 input_files: "sstable1/8bd3b2ec-df07-45b4-a7e1-0e2a5cb39fdf202605010057451777618671643101107.sst" input_files: "sstable1/66ee437f-0ac2-4894-896b-1140902003f1202605010057451777618671685837287.sst" compactIntoNextLevel: true destinationLevel: 2
2026-05-01 06:58:00:359 - Compaction started: 
140053900580416:Compacting sstable1/8bd3b2ec-df07-45b4-a7e1-0e2a5cb39fdf202605010057451777618671643101107.sst sstable1/66ee437f-0ac2-4894-896b-1140902003f1202605010057451777618671685837287.sst into:sstable2/66ee437f-0ac2-4894-896b-1140902003f1202605010057451777618680378198993.sst
2026-05-01 06:58:00:408 - Compaction completed: 
2938660:COMPACT_START sstable=1 input_files: "sstable1/8bd3b2ec-df07-45b4-a7e1-0e2a5cb39fdf202605010057451777618671844885660.sst" input_files: "sstable1/66ee437f-0ac2-4894-896b-1140902003f1202605010057451777618671888528410.sst" compactIntoNextLevel: true destinationLevel: 2
2026-05-01 06:58:00:461 - Compaction started: 
140053900580416:Compacting sstable1/8bd3b2ec-df07-45b4-a7e1-0e2a5cb39fdf202605010057451777618671844885660.sst sstable1/66ee437f-0ac2-4894-896b-1140902003f1202605010057451777618671888528410.sst into:sstable2/66ee437f-0ac2-4894-896b-1140902003f1202605010057451777618680480273335.sst
2026-05-01 06:58:00:510 - Compaction completed: 
2938660:COMPACT_START sstable=1 input_files: "sstable1/8bd3b2ec-df07-45b4-a7e1-0e2a5cb39fdf202605010057451777618672047266900.sst" input_files: "sstable1/66ee437f-0ac2-4894-896b-1140902003f1202605010057451777618672091373369.sst" compactIntoNextLevel: true destinationLevel: 2
2026-05-01 06:58:00:564 - Compaction started: 
140053900580416:Compacting sstable1/8bd3b2ec-df07-45b4-a7e1-0e2a5cb39fdf202605010057451777618672047266900.sst sstable1/66ee437f-0ac2-4894-896b-1140902003f1202605010057451777618672091373369.sst into:sstable2/66ee437f-0ac2-4894-896b-1140902003f1202605010057451777618680583735919.sst
2026-05-01 06:58:00:615 - Compaction completed: 
2938660:COMPACT_START sstable=1 input_files: "sstable1/66ee437f-0ac2-4894-896b-1140902003f1202605010057451777618672294438032.sst" input_files: "sstable1/9facb5d1-867d-4ffc-b491-51cfa65ed9d3202605010057451777618672304634185.sst" compactIntoNextLevel: true destinationLevel: 2
2026-05-01 06:58:00:665 - Compaction started: 
140053900580416:Compacting sstable1/66ee437f-0ac2-4894-896b-1140902003f1202605010057451777618672294438032.sst sstable1/9facb5d1-867d-4ffc-b491-51cfa65ed9d3202605010057451777618672304634185.sst into:sstable2/66ee437f-0ac2-4894-896b-1140902003f1202605010057451777618680684440924.sst
2026-05-01 06:58:00:714 - Compaction completed: 
2938660:COMPACT_START sstable=1 input_files: "sstable1/66ee437f-0ac2-4894-896b-1140902003f1202605010057451777618672497637115.sst" input_files: "sstable1/9facb5d1-867d-4ffc-b491-51cfa65ed9d3202605010057451777618672507176889.sst" compactIntoNextLevel: true destinationLevel: 2
2026-05-01 06:58:00:767 - Compaction started: 
140053900580416:Compacting sstable1/66ee437f-0ac2-4894-896b-1140902003f1202605010057451777618672497637115.sst sstable1/9facb5d1-867d-4ffc-b491-51cfa65ed9d3202605010057451777618672507176889.sst into:sstable2/66ee437f-0ac2-4894-896b-1140902003f1202605010057451777618680786067858.sst
2026-05-01 06:58:00:815 - Compaction completed: 
2938660:COMPACT_START sstable=1 input_files: "sstable1/66ee437f-0ac2-4894-896b-1140902003f1202605010057451777618672700285267.sst" input_files: "sstable1/9facb5d1-867d-4ffc-b491-51cfa65ed9d3202605010057451777618672710143466.sst" compactIntoNextLevel: true destinationLevel: 2
2026-05-01 06:58:00:869 - Compaction started: 
140053900580416:Compacting sstable1/66ee437f-0ac2-4894-896b-1140902003f1202605010057451777618672700285267.sst sstable1/9facb5d1-867d-4ffc-b491-51cfa65ed9d3202605010057451777618672710143466.sst into:sstable2/66ee437f-0ac2-4894-896b-1140902003f1202605010057451777618680887398645.sst
2026-05-01 06:58:00:915 - Compaction completed: 
2938660:COMPACT_START sstable=1 input_files: "sstable1/66ee437f-0ac2-4894-896b-1140902003f1202605010057451777618672904624368.sst" input_files: "sstable1/9facb5d1-867d-4ffc-b491-51cfa65ed9d3202605010057451777618672913125754.sst" compactIntoNextLevel: true destinationLevel: 2
2026-05-01 06:58:00:971 - Compaction started: 
140053900580416:Compacting sstable1/66ee437f-0ac2-4894-896b-1140902003f1202605010057451777618672904624368.sst sstable1/9facb5d1-867d-4ffc-b491-51cfa65ed9d3202605010057451777618672913125754.sst into:sstable2/66ee437f-0ac2-4894-896b-1140902003f1202605010057451777618680990663189.sst
2026-05-01 06:58:01:021 - Compaction completed: 
2938660:COMPACT_START sstable=1 input_files: "sstable1/66493b95-9fc6-4f95-bb54-677bd0c7d026202605010057451777618673139566235.sst" input_files: "sstable1/8bd3b2ec-df07-45b4-a7e1-0e2a5cb39fdf202605010057451777618673162338071.sst" compactIntoNextLevel: true destinationLevel: 2
2026-05-01 06:58:01:073 - Compaction started: 
140053900580416:Compacting sstable1/66493b95-9fc6-4f95-bb54-677bd0c7d026202605010057451777618673139566235.sst sstable1/8bd3b2ec-df07-45b4-a7e1-0e2a5cb39fdf202605010057451777618673162338071.sst into:sstable2/66ee437f-0ac2-4894-896b-1140902003f1202605010057451777618681092287567.sst
2026-05-01 06:58:01:122 - Compaction completed: 
2938660:COMPACT_START sstable=1 input_files: "sstable1/66493b95-9fc6-4f95-bb54-677bd0c7d026202605010057451777618673342657838.sst" input_files: "sstable1/8bd3b2ec-df07-45b4-a7e1-0e2a5cb39fdf202605010057451777618673365359112.sst" compactIntoNextLevel: true destinationLevel: 2
2938660:COMPACT_ABORT input_files: "sstable1/66493b95-9fc6-4f95-bb54-677bd0c7d026202605010057451777618673342657838.sst" input_files: "sstable1/8bd3b2ec-df07-45b4-a7e1-0e2a5cb39fdf202605010057451777618673365359112.sst" compactIntoNextLevel: true destinationLevel: 2
2938660:COMPACT_START sstable=1 input_files: "sstable1/8bd3b2ec-df07-45b4-a7e1-0e2a5cb39fdf202605010057451777618673567875326.sst" input_files: "sstable1/66ee437f-0ac2-4894-896b-1140902003f1202605010057451777618673615983156.sst" compactIntoNextLevel: true destinationLevel: 2
2938660:COMPACT_ABORT input_files: "sstable1/8bd3b2ec-df07-45b4-a7e1-0e2a5cb39fdf202605010057451777618673567875326.sst" input_files: "sstable1/66ee437f-0ac2-4894-896b-1140902003f1202605010057451777618673615983156.sst" compactIntoNextLevel: true destinationLevel: 2
2938660:COMPACT_START sstable=1 input_files: "sstable1/9facb5d1-867d-4ffc-b491-51cfa65ed9d3202605010057451777618673621839854.sst" input_files: "sstable1/66493b95-9fc6-4f95-bb54-677bd0c7d026202605010057451777618673646331865.sst" compactIntoNextLevel: true destinationLevel: 2
2026-05-01 06:58:01:277 - Compaction started: 
140053900580416:Compacting sstable1/9facb5d1-867d-4ffc-b491-51cfa65ed9d3202605010057451777618673621839854.sst sstable1/66493b95-9fc6-4f95-bb54-677bd0c7d026202605010057451777618673646331865.sst into:sstable2/66ee437f-0ac2-4894-896b-1140902003f1202605010057451777618681296484742.sst
2026-05-01 06:58:01:327 - Compaction completed: 
2938660:COMPACT_START sstable=1 input_files: "sstable1/66493b95-9fc6-4f95-bb54-677bd0c7d026202605010057451777618673849188878.sst" input_files: "sstable1/8bd3b2ec-df07-45b4-a7e1-0e2a5cb39fdf202605010057451777618673872122818.sst" compactIntoNextLevel: true destinationLevel: 2
2026-05-01 06:58:01:378 - Compaction started: 
140053900580416:Compacting sstable1/66493b95-9fc6-4f95-bb54-677bd0c7d026202605010057451777618673849188878.sst sstable1/8bd3b2ec-df07-45b4-a7e1-0e2a5cb39fdf202605010057451777618673872122818.sst into:sstable2/66ee437f-0ac2-4894-896b-1140902003f1202605010057451777618681397504938.sst
2026-05-01 06:58:01:427 - Compaction completed: 
2938660:COMPACT_START sstable=1 input_files: "sstable1/66ee437f-0ac2-4894-896b-1140902003f1202605010057451777618674026853958.sst" input_files: "sstable1/9facb5d1-867d-4ffc-b491-51cfa65ed9d3202605010057451777618674029360597.sst" compactIntoNextLevel: true destinationLevel: 2
2026-05-01 06:58:01:480 - Compaction started: 
140053900580416:Compacting sstable1/66ee437f-0ac2-4894-896b-1140902003f1202605010057451777618674026853958.sst sstable1/9facb5d1-867d-4ffc-b491-51cfa65ed9d3202605010057451777618674029360597.sst into:sstable2/66ee437f-0ac2-4894-896b-1140902003f1202605010057451777618681498046828.sst
2026-05-01 06:58:01:525 - Compaction completed: 
2938660:COMPACT_START sstable=1 input_files: "sstable1/66ee437f-0ac2-4894-896b-1140902003f1202605010057451777618674232720522.sst" input_files: "sstable1/9facb5d1-867d-4ffc-b491-51cfa65ed9d3202605010057451777618674232803698.sst" compactIntoNextLevel: true destinationLevel: 2
2026-05-01 06:58:01:582 - Compaction started: 
140053900580416:Compacting sstable1/66ee437f-0ac2-4894-896b-1140902003f1202605010057451777618674232720522.sst sstable1/9facb5d1-867d-4ffc-b491-51cfa65ed9d3202605010057451777618674232803698.sst into:sstable2/66ee437f-0ac2-4894-896b-1140902003f1202605010057451777618681600176323.sst
2026-05-01 06:58:01:629 - Compaction completed: 
2938660:COMPACT_START sstable=1 input_files: "sstable1/8bd3b2ec-df07-45b4-a7e1-0e2a5cb39fdf202605010057451777618677561727255.sst" input_files: "sstable1/66ee437f-0ac2-4894-896b-1140902003f1202605010057451777618674438928587.sst" compactIntoNextLevel: true destinationLevel: 2
2026-05-01 06:58:01:684 - Compaction started: 
140053900580416:Compacting sstable1/8bd3b2ec-df07-45b4-a7e1-0e2a5cb39fdf202605010057451777618677561727255.sst sstable1/66ee437f-0ac2-4894-896b-1140902003f1202605010057451777618674438928587.sst into:sstable2/66ee437f-0ac2-4894-896b-1140902003f1202605010057451777618681702823479.sst
2026-05-01 06:58:01:733 - Compaction completed: 
2938660:COMPACT_START sstable=1 input_files: "sstable1/66493b95-9fc6-4f95-bb54-677bd0c7d026202605010057451777618674667254332.sst" input_files: "sstable1/8bd3b2ec-df07-45b4-a7e1-0e2a5cb39fdf202605010057451777618674693339940.sst" compactIntoNextLevel: true destinationLevel: 2
2026-05-01 06:58:01:785 - Compaction started: 
140053900580416:Compacting sstable1/66493b95-9fc6-4f95-bb54-677bd0c7d026202605010057451777618674667254332.sst sstable1/8bd3b2ec-df07-45b4-a7e1-0e2a5cb39fdf202605010057451777618674693339940.sst into:sstable2/66ee437f-0ac2-4894-896b-1140902003f1202605010057451777618681802967883.sst
2026-05-01 06:58:01:831 - Compaction completed: 
2938660:COMPACT_START sstable=1 input_files: "sstable1/66493b95-9fc6-4f95-bb54-677bd0c7d026202605010057451777618674872090564.sst" input_files: "sstable1/8bd3b2ec-df07-45b4-a7e1-0e2a5cb39fdf202605010057451777618677969420822.sst" compactIntoNextLevel: true destinationLevel: 2
2026-05-01 06:58:01:887 - Compaction started: 
140053900580416:Compacting sstable1/66493b95-9fc6-4f95-bb54-677bd0c7d026202605010057451777618674872090564.sst sstable1/8bd3b2ec-df07-45b4-a7e1-0e2a5cb39fdf202605010057451777618677969420822.sst into:sstable2/66ee437f-0ac2-4894-896b-1140902003f1202605010057451777618681904341051.sst
2026-05-01 06:58:01:931 - Compaction completed: 
2938660:COMPACT_START sstable=1 input_files: "sstable1/66ee437f-0ac2-4894-896b-1140902003f1202605010057451777618675155134169.sst" input_files: "sstable1/9facb5d1-867d-4ffc-b491-51cfa65ed9d3202605010057451777618675157469888.sst" compactIntoNextLevel: true destinationLevel: 2
2026-05-01 06:58:01:989 - Compaction started: 
140053900580416:Compacting sstable1/66ee437f-0ac2-4894-896b-1140902003f1202605010057451777618675155134169.sst sstable1/9facb5d1-867d-4ffc-b491-51cfa65ed9d3202605010057451777618675157469888.sst into:sstable2/66ee437f-0ac2-4894-896b-1140902003f1202605010057451777618682006936981.sst
2026-05-01 06:58:02:035 - Compaction completed: 
2938660:COMPACT_START sstable=1 input_files: "sstable1/66ee437f-0ac2-4894-896b-1140902003f1202605010057451777618675357363195.sst" input_files: "sstable1/9facb5d1-867d-4ffc-b491-51cfa65ed9d3202605010057451777618675359575853.sst" compactIntoNextLevel: true destinationLevel: 2
2026-05-01 06:58:02:091 - Compaction started: 
140053900580416:Compacting sstable1/66ee437f-0ac2-4894-896b-1140902003f1202605010057451777618675357363195.sst sstable1/9facb5d1-867d-4ffc-b491-51cfa65ed9d3202605010057451777618675359575853.sst into:sstable2/66ee437f-0ac2-4894-896b-1140902003f1202605010057451777618682108636400.sst
2026-05-01 06:58:02:136 - Compaction completed: 
2938660:COMPACT_START sstable=1 input_files: "sstable1/8bd3b2ec-df07-45b4-a7e1-0e2a5cb39fdf202605010057451777618675623494288.sst" input_files: "sstable1/66ee437f-0ac2-4894-896b-1140902003f1202605010057451777618675666337358.sst" compactIntoNextLevel: true destinationLevel: 2
2026-05-01 06:58:02:193 - Compaction started: 
140053900580416:Compacting sstable1/8bd3b2ec-df07-45b4-a7e1-0e2a5cb39fdf202605010057451777618675623494288.sst sstable1/66ee437f-0ac2-4894-896b-1140902003f1202605010057451777618675666337358.sst into:sstable2/66ee437f-0ac2-4894-896b-1140902003f1202605010057451777618682209085856.sst
2026-05-01 06:58:02:235 - Compaction completed: 
2938660:COMPACT_START sstable=1 input_files: "sstable1/8bd3b2ec-df07-45b4-a7e1-0e2a5cb39fdf202605010057451777618675826089169.sst" input_files: "sstable1/66ee437f-0ac2-4894-896b-1140902003f1202605010057451777618675869733492.sst" compactIntoNextLevel: true destinationLevel: 2
2026-05-01 06:58:02:295 - Compaction started: 
140053900580416:Compacting sstable1/8bd3b2ec-df07-45b4-a7e1-0e2a5cb39fdf202605010057451777618675826089169.sst sstable1/66ee437f-0ac2-4894-896b-1140902003f1202605010057451777618675869733492.sst into:sstable2/66ee437f-0ac2-4894-896b-1140902003f1202605010057451777618682311392844.sst
2026-05-01 06:58:02:338 - Compaction completed: 
2938660:COMPACT_START sstable=1 input_files: "sstable1/8bd3b2ec-df07-45b4-a7e1-0e2a5cb39fdf202605010057451777618676028845413.sst" input_files: "sstable1/8bd3b2ec-df07-45b4-a7e1-0e2a5cb39fdf202605010057451777618679091353805.sst" compactIntoNextLevel: true destinationLevel: 2
2026-05-01 06:58:02:397 - Compaction started: 
140053900580416:Compacting sstable1/8bd3b2ec-df07-45b4-a7e1-0e2a5cb39fdf202605010057451777618676028845413.sst sstable1/8bd3b2ec-df07-45b4-a7e1-0e2a5cb39fdf202605010057451777618679091353805.sst into:sstable2/66ee437f-0ac2-4894-896b-1140902003f1202605010057451777618682412555226.sst
2026-05-01 06:58:02:438 - Compaction completed: 
2938660:COMPACT_START sstable=1 input_files: "sstable1/9facb5d1-867d-4ffc-b491-51cfa65ed9d3202605010057451777618676190688734.sst" input_files: "sstable1/8bd3b2ec-df07-45b4-a7e1-0e2a5cb39fdf202605010057451777618676233288730.sst" compactIntoNextLevel: true destinationLevel: 2
2026-05-01 06:58:02:498 - Compaction started: 
140053900580416:Compacting sstable1/9facb5d1-867d-4ffc-b491-51cfa65ed9d3202605010057451777618676190688734.sst sstable1/8bd3b2ec-df07-45b4-a7e1-0e2a5cb39fdf202605010057451777618676233288730.sst into:sstable2/66ee437f-0ac2-4894-896b-1140902003f1202605010057451777618682514907990.sst
2026-05-01 06:58:02:540 - Compaction completed: 
2938660:COMPACT_START sstable=1 input_files: "sstable1/8bd3b2ec-df07-45b4-a7e1-0e2a5cb39fdf202605010057451777618676436835435.sst" input_files: "sstable1/66ee437f-0ac2-4894-896b-1140902003f1202605010057451777618676478576250.sst" compactIntoNextLevel: true destinationLevel: 2
2026-05-01 06:58:02:600 - Compaction started: 
140053900580416:Compacting sstable1/8bd3b2ec-df07-45b4-a7e1-0e2a5cb39fdf202605010057451777618676436835435.sst sstable1/66ee437f-0ac2-4894-896b-1140902003f1202605010057451777618676478576250.sst into:sstable2/66ee437f-0ac2-4894-896b-1140902003f1202605010057451777618682616904507.sst
2026-05-01 06:58:02:643 - Compaction completed: 
2938660:COMPACT_START sstable=1 input_files: "sstable1/66493b95-9fc6-4f95-bb54-677bd0c7d026202605010057451777618676594724253.sst" input_files: "sstable1/9facb5d1-867d-4ffc-b491-51cfa65ed9d3202605010057451777618676595161273.sst" compactIntoNextLevel: true destinationLevel: 2
2026-05-01 06:58:02:702 - Compaction started: 
140053900580416:Compacting sstable1/66493b95-9fc6-4f95-bb54-677bd0c7d026202605010057451777618676594724253.sst sstable1/9facb5d1-867d-4ffc-b491-51cfa65ed9d3202605010057451777618676595161273.sst into:sstable2/66ee437f-0ac2-4894-896b-1140902003f1202605010057451777618682719049040.sst
2026-05-01 06:58:02:748 - Compaction completed: 
2938660:COMPACT_START sstable=1 input_files: "sstable1/66493b95-9fc6-4f95-bb54-677bd0c7d026202605010057451777618676797907277.sst" input_files: "sstable1/9facb5d1-867d-4ffc-b491-51cfa65ed9d3202605010057451777618676798159590.sst" compactIntoNextLevel: true destinationLevel: 2
2026-05-01 06:58:02:803 - Compaction started: 
140053900580416:Compacting sstable1/66493b95-9fc6-4f95-bb54-677bd0c7d026202605010057451777618676797907277.sst sstable1/9facb5d1-867d-4ffc-b491-51cfa65ed9d3202605010057451777618676798159590.sst into:sstable2/66ee437f-0ac2-4894-896b-1140902003f1202605010057451777618682820067493.sst
2026-05-01 06:58:02:847 - Compaction completed: 
2938660:COMPACT_START sstable=1 input_files: "sstable1/66493b95-9fc6-4f95-bb54-677bd0c7d026202605010057451777618677000859859.sst" input_files: "sstable1/9facb5d1-867d-4ffc-b491-51cfa65ed9d3202605010057451777618677001044926.sst" compactIntoNextLevel: true destinationLevel: 2
2026-05-01 06:58:02:905 - Compaction started: 
140053900580416:Compacting sstable1/66493b95-9fc6-4f95-bb54-677bd0c7d026202605010057451777618677000859859.sst sstable1/9facb5d1-867d-4ffc-b491-51cfa65ed9d3202605010057451777618677001044926.sst into:sstable2/66ee437f-0ac2-4894-896b-1140902003f1202605010057451777618682921688686.sst
2026-05-01 06:58:02:948 - Compaction completed: 
2938660:COMPACT_START sstable=1 input_files: "sstable2/66ee437f-0ac2-4894-896b-1140902003f1202605010057451777618677411566303.sst" input_files: "sstable2/66493b95-9fc6-4f95-bb54-677bd0c7d026202605010057451777618677429779955.sst" compactIntoNextLevel: false destinationLevel: 2
2026-05-01 06:58:03:008 - Compaction started: 
140053900580416:Compacting sstable2/66ee437f-0ac2-4894-896b-1140902003f1202605010057451777618677411566303.sst sstable2/66493b95-9fc6-4f95-bb54-677bd0c7d026202605010057451777618677429779955.sst into:sstable2/0_66ee437f-0ac2-4894-896b-1140902003f1202605010057451777618683057682300.sst
2026-05-01 06:58:03:131 - Compaction completed: 
2938660:COMPACT_START sstable=1 input_files: "sstable2/0_66ee437f-0ac2-4894-896b-1140902003f1202605010057451777618683057682300.sst" input_files: "sstable2/0_9facb5d1-867d-4ffc-b491-51cfa65ed9d3202605010057451777618683068574428.sst" compactIntoNextLevel: false destinationLevel: 2
2026-05-01 06:58:03:212 - Compaction started: 
140053900580416:Compacting sstable2/0_66ee437f-0ac2-4894-896b-1140902003f1202605010057451777618683057682300.sst sstable2/0_9facb5d1-867d-4ffc-b491-51cfa65ed9d3202605010057451777618683068574428.sst into:sstable2/1_66ee437f-0ac2-4894-896b-1140902003f1202605010057451777618683318278738.sst
2026-05-01 06:58:03:477 - Compaction completed: 
2938660:COMPACT_START sstable=1 input_files: "sstable2/8bd3b2ec-df07-45b4-a7e1-0e2a5cb39fdf202605010057451777618677786420240.sst" input_files: "sstable2/66ee437f-0ac2-4894-896b-1140902003f1202605010057451777618677821661782.sst" compactIntoNextLevel: false destinationLevel: 2
2026-05-01 06:58:03:520 - Compaction started: 
140053900580416:Compacting sstable2/8bd3b2ec-df07-45b4-a7e1-0e2a5cb39fdf202605010057451777618677786420240.sst sstable2/66ee437f-0ac2-4894-896b-1140902003f1202605010057451777618677821661782.sst into:sstable2/0_66ee437f-0ac2-4894-896b-1140902003f1202605010057451777618683576466550.sst
2026-05-01 06:58:03:661 - Compaction completed: 
2938660:COMPACT_START sstable=1 input_files: "sstable2/0_66493b95-9fc6-4f95-bb54-677bd0c7d026202605010057451777618683485759126.sst" input_files: "sstable2/0_66ee437f-0ac2-4894-896b-1140902003f1202605010057451777618683576466550.sst" compactIntoNextLevel: false destinationLevel: 2
2026-05-01 06:58:03:727 - Compaction started: 
140053900580416:Compacting sstable2/0_66493b95-9fc6-4f95-bb54-677bd0c7d026202605010057451777618683485759126.sst sstable2/0_66ee437f-0ac2-4894-896b-1140902003f1202605010057451777618683576466550.sst into:sstable2/1_66ee437f-0ac2-4894-896b-1140902003f1202605010057451777618683830812871.sst
2026-05-01 06:58:04:005 - Compaction completed: 
2938660:COMPACT_START sstable=1 input_files: "sstable2/9facb5d1-867d-4ffc-b491-51cfa65ed9d3202605010057451777618678037792166.sst" input_files: "sstable2/8bd3b2ec-df07-45b4-a7e1-0e2a5cb39fdf202605010057451777618678092166152.sst" compactIntoNextLevel: false destinationLevel: 2
2026-05-01 06:58:04:035 - Compaction started: 
140053900580416:Compacting sstable2/9facb5d1-867d-4ffc-b491-51cfa65ed9d3202605010057451777618678037792166.sst sstable2/8bd3b2ec-df07-45b4-a7e1-0e2a5cb39fdf202605010057451777618678092166152.sst into:sstable2/0_66ee437f-0ac2-4894-896b-1140902003f1202605010057451777618684090322471.sst
2026-05-01 06:58:04:174 - Compaction completed: 
2938660:COMPACT_START sstable=1 input_files: "sstable2/1_9facb5d1-867d-4ffc-b491-51cfa65ed9d3202605010057451777618683543818280.sst" input_files: "sstable2/1_66ee437f-0ac2-4894-896b-1140902003f1202605010057451777618683830812871.sst" compactIntoNextLevel: false destinationLevel: 2
2026-05-01 06:58:04:242 - Compaction started: 
140053900580416:Compacting sstable2/1_9facb5d1-867d-4ffc-b491-51cfa65ed9d3202605010057451777618683543818280.sst sstable2/1_66ee437f-0ac2-4894-896b-1140902003f1202605010057451777618683830812871.sst into:sstable2/2_66ee437f-0ac2-4894-896b-1140902003f1202605010057451777618684465380271.sst
2026-05-01 06:58:04:793 - Compaction completed: 
2938660:COMPACT_START sstable=1 input_files: "sstable2/2_66493b95-9fc6-4f95-bb54-677bd0c7d026202605010057451777618683854343741.sst" input_files: "sstable2/2_66ee437f-0ac2-4894-896b-1140902003f1202605010057451777618684465380271.sst" compactIntoNextLevel: false destinationLevel: 2
2026-05-01 06:58:04:849 - Compaction started: 
140053900580416:Compacting sstable2/2_66493b95-9fc6-4f95-bb54-677bd0c7d026202605010057451777618683854343741.sst sstable2/2_66ee437f-0ac2-4894-896b-1140902003f1202605010057451777618684465380271.sst into:sstable2/3_66ee437f-0ac2-4894-896b-1140902003f1202605010057451777618685314245669.sst
2026-05-01 06:58:05:967 - Compaction completed: 
2938660:COMPACT_START sstable=1 input_files: "sstable2/2_9facb5d1-867d-4ffc-b491-51cfa65ed9d3202605010057451777618684790351902.sst" input_files: "sstable2/2_66493b95-9fc6-4f95-bb54-677bd0c7d026202605010057451777618685600747347.sst" compactIntoNextLevel: false destinationLevel: 2
2026-05-01 06:58:05:979 - Compaction started: 
140053900580416:Compacting sstable2/2_9facb5d1-867d-4ffc-b491-51cfa65ed9d3202605010057451777618684790351902.sst sstable2/2_66493b95-9fc6-4f95-bb54-677bd0c7d026202605010057451777618685600747347.sst into:sstable2/3_66ee437f-0ac2-4894-896b-1140902003f1202605010057451777618686443853980.sst
2026-05-01 06:58:07:112 - Compaction completed: 
2938660:COMPACT_START sstable=1 input_files: "sstable2/9facb5d1-867d-4ffc-b491-51cfa65ed9d3202605010057451777618679675153609.sst" input_files: "sstable2/8bd3b2ec-df07-45b4-a7e1-0e2a5cb39fdf202605010057451777618679731188889.sst" compactIntoNextLevel: false destinationLevel: 2
2026-05-01 06:58:07:148 - Compaction started: 
140053900580416:Compacting sstable2/9facb5d1-867d-4ffc-b491-51cfa65ed9d3202605010057451777618679675153609.sst sstable2/8bd3b2ec-df07-45b4-a7e1-0e2a5cb39fdf202605010057451777618679731188889.sst into:sstable2/0_66ee437f-0ac2-4894-896b-1140902003f1202605010057451777618687198243110.sst
2026-05-01 06:58:07:269 - Compaction completed: 
2938660:COMPACT_START sstable=1 input_files: "sstable2/66ee437f-0ac2-4894-896b-1140902003f1202605010057451777618679864288118.sst" input_files: "sstable2/9facb5d1-867d-4ffc-b491-51cfa65ed9d3202605010057451777618679880617358.sst" compactIntoNextLevel: false destinationLevel: 2
2026-05-01 06:58:07:373 - Compaction started: 
140053900580416:Compacting sstable2/66ee437f-0ac2-4894-896b-1140902003f1202605010057451777618679864288118.sst sstable2/9facb5d1-867d-4ffc-b491-51cfa65ed9d3202605010057451777618679880617358.sst into:sstable2/0_66ee437f-0ac2-4894-896b-1140902003f1202605010057451777618687422184997.sst
2026-05-01 06:58:07:496 - Compaction completed: 
2938660:COMPACT_START sstable=1 input_files: "sstable2/66493b95-9fc6-4f95-bb54-677bd0c7d026202605010057451777618679984441009.sst" input_files: "sstable2/8bd3b2ec-df07-45b4-a7e1-0e2a5cb39fdf202605010057451777618680041193364.sst" compactIntoNextLevel: false destinationLevel: 2
2026-05-01 06:58:07:601 - Compaction started: 
140053900580416:Compacting sstable2/66493b95-9fc6-4f95-bb54-677bd0c7d026202605010057451777618679984441009.sst sstable2/8bd3b2ec-df07-45b4-a7e1-0e2a5cb39fdf202605010057451777618680041193364.sst into:sstable2/0_66ee437f-0ac2-4894-896b-1140902003f1202605010057451777618687648121142.sst
2026-05-01 06:58:07:719 - Compaction completed: 
2938660:COMPACT_START sstable=1 input_files: "sstable2/66ee437f-0ac2-4894-896b-1140902003f1202605010057451777618680174167268.sst" input_files: "sstable2/66493b95-9fc6-4f95-bb54-677bd0c7d026202605010057451777618680190500736.sst" compactIntoNextLevel: false destinationLevel: 2
2026-05-01 06:58:07:830 - Compaction started: 
140053900580416:Compacting sstable2/66ee437f-0ac2-4894-896b-1140902003f1202605010057451777618680174167268.sst sstable2/66493b95-9fc6-4f95-bb54-677bd0c7d026202605010057451777618680190500736.sst into:sstable2/0_66ee437f-0ac2-4894-896b-1140902003f1202605010057451777618687878605323.sst
2026-05-01 06:58:07:952 - Compaction completed: 
2938660:COMPACT_START sstable=1 input_files: "sstable2/8bd3b2ec-df07-45b4-a7e1-0e2a5cb39fdf202605010057451777618680349260486.sst" input_files: "sstable2/66ee437f-0ac2-4894-896b-1140902003f1202605010057451777618680378198993.sst" compactIntoNextLevel: false destinationLevel: 2
2026-05-01 06:58:08:061 - Compaction started: 
140053900580416:Compacting sstable2/8bd3b2ec-df07-45b4-a7e1-0e2a5cb39fdf202605010057451777618680349260486.sst sstable2/66ee437f-0ac2-4894-896b-1140902003f1202605010057451777618680378198993.sst into:sstable2/0_66ee437f-0ac2-4894-896b-1140902003f1202605010057451777618688105138958.sst
2026-05-01 06:58:08:171 - Compaction completed: 
2938660:COMPACT_START sstable=1 input_files: "sstable2/8bd3b2ec-df07-45b4-a7e1-0e2a5cb39fdf202605010057451777618680451283312.sst" input_files: "sstable2/66ee437f-0ac2-4894-896b-1140902003f1202605010057451777618680480273335.sst" compactIntoNextLevel: false destinationLevel: 2
2026-05-01 06:58:08:292 - Compaction started: 
140053900580416:Compacting sstable2/8bd3b2ec-df07-45b4-a7e1-0e2a5cb39fdf202605010057451777618680451283312.sst sstable2/66ee437f-0ac2-4894-896b-1140902003f1202605010057451777618680480273335.sst into:sstable2/0_66ee437f-0ac2-4894-896b-1140902003f1202605010057451777618688336361814.sst
2026-05-01 06:58:08:404 - Compaction completed: 
2938660:COMPACT_START sstable=1 input_files: "sstable2/66ee437f-0ac2-4894-896b-1140902003f1202605010057451777618678429461925.sst" input_files: "sstable2/66493b95-9fc6-4f95-bb54-677bd0c7d026202605010057451777618678441723089.sst" compactIntoNextLevel: false destinationLevel: 2
2026-05-01 06:58:08:497 - Compaction started: 
140053900580416:Compacting sstable2/66ee437f-0ac2-4894-896b-1140902003f1202605010057451777618678429461925.sst sstable2/66493b95-9fc6-4f95-bb54-677bd0c7d026202605010057451777618678441723089.sst into:sstable2/0_66ee437f-0ac2-4894-896b-1140902003f1202605010057451777618688547416464.sst
2026-05-01 06:58:08:626 - Compaction completed: 
2938660:COMPACT_START sstable=1 input_files: "sstable2/0_8bd3b2ec-df07-45b4-a7e1-0e2a5cb39fdf202605010057451777618684882106339.sst" input_files: "sstable2/0_66493b95-9fc6-4f95-bb54-677bd0c7d026202605010057451777618688448626799.sst" compactIntoNextLevel: false destinationLevel: 2
2026-05-01 06:58:08:700 - Compaction started: 
140053900580416:Compacting sstable2/0_8bd3b2ec-df07-45b4-a7e1-0e2a5cb39fdf202605010057451777618684882106339.sst sstable2/0_66493b95-9fc6-4f95-bb54-677bd0c7d026202605010057451777618688448626799.sst into:sstable2/1_66ee437f-0ac2-4894-896b-1140902003f1202605010057451777618688827621578.sst
2026-05-01 06:58:09:031 - Compaction completed: 
2938660:COMPACT_START sstable=1 input_files: "sstable2/0_66493b95-9fc6-4f95-bb54-677bd0c7d026202605010057451777618688636152443.sst" input_files: "sstable2/0_66493b95-9fc6-4f95-bb54-677bd0c7d026202605010057451777618688839782234.sst" compactIntoNextLevel: false destinationLevel: 2
2026-05-01 06:58:09:107 - Compaction started: 
140053900580416:Compacting sstable2/0_66493b95-9fc6-4f95-bb54-677bd0c7d026202605010057451777618688636152443.sst sstable2/0_66493b95-9fc6-4f95-bb54-677bd0c7d026202605010057451777618688839782234.sst into:sstable2/1_66ee437f-0ac2-4894-896b-1140902003f1202605010057451777618689202896003.sst
2026-05-01 06:58:09:370 - Compaction completed: 
2938660:COMPACT_START sstable=1 input_files: "sstable2/66ee437f-0ac2-4894-896b-1140902003f1202605010057451777618678735372495.sst" input_files: "sstable2/66493b95-9fc6-4f95-bb54-677bd0c7d026202605010057451777618678747136037.sst" compactIntoNextLevel: false destinationLevel: 2
2026-05-01 06:58:09:417 - Compaction started: 
140053900580416:Compacting sstable2/66ee437f-0ac2-4894-896b-1140902003f1202605010057451777618678735372495.sst sstable2/66493b95-9fc6-4f95-bb54-677bd0c7d026202605010057451777618678747136037.sst into:sstable2/0_66ee437f-0ac2-4894-896b-1140902003f1202605010057451777618689471525049.sst
2026-05-01 06:58:09:554 - Compaction completed: 
2938660:COMPACT_START sstable=1 input_files: "sstable2/9facb5d1-867d-4ffc-b491-51cfa65ed9d3202605010057451777618678847045360.sst" input_files: "sstable2/8bd3b2ec-df07-45b4-a7e1-0e2a5cb39fdf202605010057451777618678906338207.sst" compactIntoNextLevel: false destinationLevel: 2
2026-05-01 06:58:09:712 - Compaction started: 
140053900580416:Compacting sstable2/9facb5d1-867d-4ffc-b491-51cfa65ed9d3202605010057451777618678847045360.sst sstable2/8bd3b2ec-df07-45b4-a7e1-0e2a5cb39fdf202605010057451777618678906338207.sst into:sstable2/0_66ee437f-0ac2-4894-896b-1140902003f1202605010057451777618689765369630.sst
2026-05-01 06:58:09:847 - Compaction completed: 
2938660:COMPACT_START sstable=1 input_files: "sstable2/9facb5d1-867d-4ffc-b491-51cfa65ed9d3202605010057451777618679058232949.sst" input_files: "sstable2/66493b95-9fc6-4f95-bb54-677bd0c7d026202605010057451777618679059569825.sst" compactIntoNextLevel: false destinationLevel: 2
2026-05-01 06:58:09:922 - Compaction started: 
140053900580416:Compacting sstable2/9facb5d1-867d-4ffc-b491-51cfa65ed9d3202605010057451777618679058232949.sst sstable2/66493b95-9fc6-4f95-bb54-677bd0c7d026202605010057451777618679059569825.sst into:sstable2/0_66ee437f-0ac2-4894-896b-1140902003f1202605010057451777618689975061596.sst
2026-05-01 06:58:10:056 - Compaction completed: 
2938660:COMPACT_START sstable=1 input_files: "sstable2/66493b95-9fc6-4f95-bb54-677bd0c7d026202605010057451777618679160169212.sst" input_files: "sstable2/8bd3b2ec-df07-45b4-a7e1-0e2a5cb39fdf202605010057451777618679213551018.sst" compactIntoNextLevel: false destinationLevel: 2
2026-05-01 06:58:10:175 - Compaction started: 
140053900580416:Compacting sstable2/66493b95-9fc6-4f95-bb54-677bd0c7d026202605010057451777618679160169212.sst sstable2/8bd3b2ec-df07-45b4-a7e1-0e2a5cb39fdf202605010057451777618679213551018.sst into:sstable2/0_66ee437f-0ac2-4894-896b-1140902003f1202605010057451777618690226288600.sst
2026-05-01 06:58:10:307 - Compaction completed: 
2938660:COMPACT_START sstable=1 input_files: "sstable2/66493b95-9fc6-4f95-bb54-677bd0c7d026202605010057451777618679261801426.sst" input_files: "sstable2/8bd3b2ec-df07-45b4-a7e1-0e2a5cb39fdf202605010057451777618679315833580.sst" compactIntoNextLevel: false destinationLevel: 2
2026-05-01 06:58:10:526 - Compaction started: 
140053900580416:Compacting sstable2/66493b95-9fc6-4f95-bb54-677bd0c7d026202605010057451777618679261801426.sst sstable2/8bd3b2ec-df07-45b4-a7e1-0e2a5cb39fdf202605010057451777618679315833580.sst into:sstable2/0_66ee437f-0ac2-4894-896b-1140902003f1202605010057451777618690576759560.sst
2026-05-01 06:58:10:653 - Compaction completed: 
2938660:COMPACT_START sstable=1 input_files: "sstable2/8bd3b2ec-df07-45b4-a7e1-0e2a5cb39fdf202605010057451777618679421987550.sst" input_files: "sstable2/66ee437f-0ac2-4894-896b-1140902003f1202605010057451777618679452333745.sst" compactIntoNextLevel: false destinationLevel: 2
2026-05-01 06:58:10:754 - Compaction started: 
140053900580416:Compacting sstable2/8bd3b2ec-df07-45b4-a7e1-0e2a5cb39fdf202605010057451777618679421987550.sst sstable2/66ee437f-0ac2-4894-896b-1140902003f1202605010057451777618679452333745.sst into:sstable2/0_66ee437f-0ac2-4894-896b-1140902003f1202605010057451777618690807052512.sst
2026-05-01 06:58:10:886 - Compaction completed: 
2938660:COMPACT_START sstable=1 input_files: "sstable2/66493b95-9fc6-4f95-bb54-677bd0c7d026202605010057451777618679572519918.sst" input_files: "sstable2/9facb5d1-867d-4ffc-b491-51cfa65ed9d3202605010057451777618679571282699.sst" compactIntoNextLevel: false destinationLevel: 2
2026-05-01 06:58:10:968 - Compaction started: 
140053900580416:Compacting sstable2/66493b95-9fc6-4f95-bb54-677bd0c7d026202605010057451777618679572519918.sst sstable2/9facb5d1-867d-4ffc-b491-51cfa65ed9d3202605010057451777618679571282699.sst into:sstable2/0_66ee437f-0ac2-4894-896b-1140902003f1202605010057451777618691018083077.sst
2026-05-01 06:58:11:095 - Compaction completed: 
2938660:COMPACT_START sstable=1 input_files: "sstable2/8bd3b2ec-df07-45b4-a7e1-0e2a5cb39fdf202605010057451777618679731188889.sst" input_files: "sstable2/66ee437f-0ac2-4894-896b-1140902003f1202605010057451777618679759482947.sst" compactIntoNextLevel: false destinationLevel: 2
2026-05-01 06:58:11:185 - Compaction started: 
140053900580416:Compacting sstable2/8bd3b2ec-df07-45b4-a7e1-0e2a5cb39fdf202605010057451777618679731188889.sst sstable2/66ee437f-0ac2-4894-896b-1140902003f1202605010057451777618679759482947.sst into:sstable2/0_66ee437f-0ac2-4894-896b-1140902003f1202605010057451777618691233863214.sst
2026-05-01 06:58:11:306 - Compaction completed: 
2938660:COMPACT_START sstable=1 input_files: "sstable2/8bd3b2ec-df07-45b4-a7e1-0e2a5cb39fdf202605010057451777618679937541965.sst" input_files: "sstable2/66ee437f-0ac2-4894-896b-1140902003f1202605010057451777618679964861967.sst" compactIntoNextLevel: false destinationLevel: 2
2026-05-01 06:58:11:405 - Compaction started: 
140053900580416:Compacting sstable2/8bd3b2ec-df07-45b4-a7e1-0e2a5cb39fdf202605010057451777618679937541965.sst sstable2/66ee437f-0ac2-4894-896b-1140902003f1202605010057451777618679964861967.sst into:sstable2/0_66ee437f-0ac2-4894-896b-1140902003f1202605010057451777618691450029425.sst
2026-05-01 06:58:11:518 - Compaction completed: 
2938660:COMPACT_START sstable=1 input_files: "sstable2/8bd3b2ec-df07-45b4-a7e1-0e2a5cb39fdf202605010057451777618680144491870.sst" input_files: "sstable2/66ee437f-0ac2-4894-896b-1140902003f1202605010057451777618680174167268.sst" compactIntoNextLevel: false destinationLevel: 2
2026-05-01 06:58:11:629 - Compaction started: 
140053900580416:Compacting sstable2/8bd3b2ec-df07-45b4-a7e1-0e2a5cb39fdf202605010057451777618680144491870.sst sstable2/66ee437f-0ac2-4894-896b-1140902003f1202605010057451777618680174167268.sst into:sstable2/0_66ee437f-0ac2-4894-896b-1140902003f1202605010057451777618691678012478.sst
2026-05-01 06:58:11:751 - Compaction completed: 
2938660:COMPACT_START sstable=1 input_files: "sstable2/66493b95-9fc6-4f95-bb54-677bd0c7d026202605010057451777618680393910465.sst" input_files: "sstable2/8bd3b2ec-df07-45b4-a7e1-0e2a5cb39fdf202605010057451777618680451283312.sst" compactIntoNextLevel: false destinationLevel: 2
2026-05-01 06:58:11:858 - Compaction started: 
140053900580416:Compacting sstable2/66493b95-9fc6-4f95-bb54-677bd0c7d026202605010057451777618680393910465.sst sstable2/8bd3b2ec-df07-45b4-a7e1-0e2a5cb39fdf202605010057451777618680451283312.sst into:sstable2/0_66ee437f-0ac2-4894-896b-1140902003f1202605010057451777618691904115536.sst
2026-05-01 06:58:11:972 - Compaction completed: 
2938660:COMPACT_START sstable=1 input_files: "sstable2/66493b95-9fc6-4f95-bb54-677bd0c7d026202605010057451777618680598958394.sst" input_files: "sstable2/8bd3b2ec-df07-45b4-a7e1-0e2a5cb39fdf202605010057451777618680656897193.sst" compactIntoNextLevel: false destinationLevel: 2
2026-05-01 06:58:12:093 - Compaction started: 
140053900580416:Compacting sstable2/66493b95-9fc6-4f95-bb54-677bd0c7d026202605010057451777618680598958394.sst sstable2/8bd3b2ec-df07-45b4-a7e1-0e2a5cb39fdf202605010057451777618680656897193.sst into:sstable2/0_66ee437f-0ac2-4894-896b-1140902003f1202605010057451777618692138377118.sst
2026-05-01 06:58:12:207 - Compaction completed: 
2938660:COMPACT_START sstable=1 input_files: "sstable2/66ee437f-0ac2-4894-896b-1140902003f1202605010057451777618680887398645.sst" input_files: "sstable2/8bd3b2ec-df07-45b4-a7e1-0e2a5cb39fdf202605010057451777618684231784928.sst" compactIntoNextLevel: false destinationLevel: 2
2026-05-01 06:58:12:333 - Compaction started: 
140053900580416:Compacting sstable2/66ee437f-0ac2-4894-896b-1140902003f1202605010057451777618680887398645.sst sstable2/8bd3b2ec-df07-45b4-a7e1-0e2a5cb39fdf202605010057451777618684231784928.sst into:sstable2/0_66ee437f-0ac2-4894-896b-1140902003f1202605010057451777618692377373094.sst
2026-05-01 06:58:12:444 - Compaction completed: 
2938660:COMPACT_START sstable=1 input_files: "sstable2/66493b95-9fc6-4f95-bb54-677bd0c7d026202605010057451777618681005576284.sst" input_files: "sstable2/8bd3b2ec-df07-45b4-a7e1-0e2a5cb39fdf202605010057451777618681063230449.sst" compactIntoNextLevel: false destinationLevel: 2
2026-05-01 06:58:12:576 - Compaction started: 
140053900580416:Compacting sstable2/66493b95-9fc6-4f95-bb54-677bd0c7d026202605010057451777618681005576284.sst sstable2/8bd3b2ec-df07-45b4-a7e1-0e2a5cb39fdf202605010057451777618681063230449.sst into:sstable2/0_66ee437f-0ac2-4894-896b-1140902003f1202605010057451777618692620533277.sst
2026-05-01 06:58:12:690 - Compaction completed: 
2938660:COMPACT_START sstable=1 input_files: "sstable2/66493b95-9fc6-4f95-bb54-677bd0c7d026202605010057451777618684288520531.sst" input_files: "sstable2/9facb5d1-867d-4ffc-b491-51cfa65ed9d3202605010057451777618681207025257.sst" compactIntoNextLevel: false destinationLevel: 2
2938660:COMPACT_ABORT input_files: "sstable2/66493b95-9fc6-4f95-bb54-677bd0c7d026202605010057451777618684288520531.sst" input_files: "sstable2/9facb5d1-867d-4ffc-b491-51cfa65ed9d3202605010057451777618681207025257.sst" compactIntoNextLevel: false destinationLevel: 2
2938660:COMPACT_START sstable=1 input_files: "sstable2/66493b95-9fc6-4f95-bb54-677bd0c7d026202605010057451777618681208409722.sst" input_files: "sstable2/8bd3b2ec-df07-45b4-a7e1-0e2a5cb39fdf202605010057451777618681266956110.sst" compactIntoNextLevel: false destinationLevel: 2
2026-05-01 06:58:12:866 - Compaction started: 
140053900580416:Compacting sstable2/66493b95-9fc6-4f95-bb54-677bd0c7d026202605010057451777618681208409722.sst sstable2/8bd3b2ec-df07-45b4-a7e1-0e2a5cb39fdf202605010057451777618681266956110.sst into:sstable2/0_66ee437f-0ac2-4894-896b-1140902003f1202605010057451777618692910790865.sst
2026-05-01 06:58:12:977 - Compaction completed: 
2938660:COMPACT_START sstable=1 input_files: "sstable2/66493b95-9fc6-4f95-bb54-677bd0c7d026202605010057451777618681411652889.sst" input_files: "sstable2/8bd3b2ec-df07-45b4-a7e1-0e2a5cb39fdf202605010057451777618681469122628.sst" compactIntoNextLevel: false destinationLevel: 2
2026-05-01 06:58:13:135 - Compaction started: 
140053900580416:Compacting sstable2/66493b95-9fc6-4f95-bb54-677bd0c7d026202605010057451777618681411652889.sst sstable2/8bd3b2ec-df07-45b4-a7e1-0e2a5cb39fdf202605010057451777618681469122628.sst into:sstable2/0_66ee437f-0ac2-4894-896b-1140902003f1202605010057451777618693178032098.sst
2026-05-01 06:58:13:241 - Compaction completed: 
2938660:COMPACT_START sstable=1 input_files: "sstable2/66ee437f-0ac2-4894-896b-1140902003f1202605010057451777618681600176323.sst" input_files: "sstable2/9facb5d1-867d-4ffc-b491-51cfa65ed9d3202605010057451777618681612374960.sst" compactIntoNextLevel: false destinationLevel: 2
2026-05-01 06:58:13:313 - Compaction started: 
140053900580416:Compacting sstable2/66ee437f-0ac2-4894-896b-1140902003f1202605010057451777618681600176323.sst sstable2/9facb5d1-867d-4ffc-b491-51cfa65ed9d3202605010057451777618681612374960.sst into:sstable2/0_66ee437f-0ac2-4894-896b-1140902003f1202605010057451777618693355236715.sst
2026-05-01 06:58:13:447 - Compaction completed: 
2938660:COMPACT_START sstable=1 input_files: "sstable2/66493b95-9fc6-4f95-bb54-677bd0c7d026202605010057451777618681714978153.sst" input_files: "sstable2/8bd3b2ec-df07-45b4-a7e1-0e2a5cb39fdf202605010057451777618681774680828.sst" compactIntoNextLevel: false destinationLevel: 2
2026-05-01 06:58:13:593 - Compaction started: 
140053900580416:Compacting sstable2/66493b95-9fc6-4f95-bb54-677bd0c7d026202605010057451777618681714978153.sst sstable2/8bd3b2ec-df07-45b4-a7e1-0e2a5cb39fdf202605010057451777618681774680828.sst into:sstable2/0_66ee437f-0ac2-4894-896b-1140902003f1202605010057451777618693638812507.sst
2026-05-01 06:58:13:701 - Compaction completed: 
2938660:COMPACT_START sstable=1 input_files: "sstable2/66493b95-9fc6-4f95-bb54-677bd0c7d026202605010057451777618688094859329.sst" input_files: "sstable2/66493b95-9fc6-4f95-bb54-677bd0c7d026202605010057451777618681918963331.sst" compactIntoNextLevel: false destinationLevel: 2
2026-05-01 06:58:13:876 - Compaction started: 
140053900580416:Compacting sstable2/66493b95-9fc6-4f95-bb54-677bd0c7d026202605010057451777618688094859329.sst sstable2/66493b95-9fc6-4f95-bb54-677bd0c7d026202605010057451777618681918963331.sst into:sstable2/0_66ee437f-0ac2-4894-896b-1140902003f1202605010057451777618693920436632.sst
2026-05-01 06:58:13:987 - Compaction completed: 
2938660:COMPACT_START sstable=1 input_files: "sstable2/9facb5d1-867d-4ffc-b491-51cfa65ed9d3202605010057451777618685183032405.sst" input_files: "sstable2/8bd3b2ec-df07-45b4-a7e1-0e2a5cb39fdf202605010057451777618682180992003.sst" compactIntoNextLevel: false destinationLevel: 2
2938660:COMPACT_ABORT input_files: "sstable2/9facb5d1-867d-4ffc-b491-51cfa65ed9d3202605010057451777618685183032405.sst" input_files: "sstable2/8bd3b2ec-df07-45b4-a7e1-0e2a5cb39fdf202605010057451777618682180992003.sst" compactIntoNextLevel: false destinationLevel: 2
2938660:COMPACT_START sstable=1 input_files: "sstable2/66493b95-9fc6-4f95-bb54-677bd0c7d026202605010057451777618682323617560.sst" input_files: "sstable2/8bd3b2ec-df07-45b4-a7e1-0e2a5cb39fdf202605010057451777618682384458659.sst" compactIntoNextLevel: false destinationLevel: 2
2026-05-01 06:58:14:365 - Compaction started: 
140053900580416:Compacting sstable2/66493b95-9fc6-4f95-bb54-677bd0c7d026202605010057451777618682323617560.sst sstable2/8bd3b2ec-df07-45b4-a7e1-0e2a5cb39fdf202605010057451777618682384458659.sst into:sstable2/0_66ee437f-0ac2-4894-896b-1140902003f1202605010057451777618694403458353.sst
2026-05-01 06:58:14:463 - Compaction completed: 
2938660:COMPACT_START sstable=1 input_files: "sstable2/66493b95-9fc6-4f95-bb54-677bd0c7d026202605010057451777618682527248403.sst" input_files: "sstable2/8bd3b2ec-df07-45b4-a7e1-0e2a5cb39fdf202605010057451777618682588818719.sst" compactIntoNextLevel: false destinationLevel: 2
2026-05-01 06:58:14:569 - Compaction started: 
140053900580416:Compacting sstable2/66493b95-9fc6-4f95-bb54-677bd0c7d026202605010057451777618682527248403.sst sstable2/8bd3b2ec-df07-45b4-a7e1-0e2a5cb39fdf202605010057451777618682588818719.sst into:sstable2/0_66ee437f-0ac2-4894-896b-1140902003f1202605010057451777618694609470220.sst
2026-05-01 06:58:14:671 - Compaction completed: 
2938660:Task input_files: "sstable2/66493b95-9fc6-4f95-bb54-677bd0c7d026202605010057451777618680190500736.sst" input_files: "sstable2/8bd3b2ec-df07-45b4-a7e1-0e2a5cb39fdf202605010057451777618680247367384.sst" compactIntoNextLevel: false destinationLevel: 2 is dead (hb=30)
2938660:COMPACT_START sstable=1 input_files: "sstable2/9facb5d1-867d-4ffc-b491-51cfa65ed9d3202605010057451777618682730698297.sst" input_files: "sstable2/9facb5d1-867d-4ffc-b491-51cfa65ed9d3202605010057451777618685910681871.sst" compactIntoNextLevel: false destinationLevel: 2
2026-05-01 06:58:14:778 - Compaction started: 
140053900580416:Compacting sstable2/9facb5d1-867d-4ffc-b491-51cfa65ed9d3202605010057451777618682730698297.sst sstable2/9facb5d1-867d-4ffc-b491-51cfa65ed9d3202605010057451777618685910681871.sst into:sstable2/0_66ee437f-0ac2-4894-896b-1140902003f1202605010057451777618694819519495.sst
2026-05-01 06:58:14:882 - Compaction completed: 
2938660:COMPACT_START sstable=1 input_files: "sstable2/8bd3b2ec-df07-45b4-a7e1-0e2a5cb39fdf202605010057451777618682892710195.sst" input_files: "sstable2/66ee437f-0ac2-4894-896b-1140902003f1202605010057451777618682921688686.sst" compactIntoNextLevel: false destinationLevel: 2
2026-05-01 06:58:14:993 - Compaction started: 
140053900580416:Compacting sstable2/8bd3b2ec-df07-45b4-a7e1-0e2a5cb39fdf202605010057451777618682892710195.sst sstable2/66ee437f-0ac2-4894-896b-1140902003f1202605010057451777618682921688686.sst into:sstable2/0_66ee437f-0ac2-4894-896b-1140902003f1202605010057451777618695031988345.sst
2026-05-01 06:58:15:090 - Compaction completed: 
2026-05-01 06:58:15:404 30 sec: 116440 operations; 3881.33 current ops/sec; est completion in 2 days 23 hours [READ: Count=116452, Max=1812479, Min=32, Avg=255.22, 90=345, 99=427, 99.9=3519, 99.99=91455] 
