# CMD: /usr/lib/jvm/java-8-openjdk-amd64/bin/java -cp /users/Xinying/ozonedb/ycsb/ozonedb/conf:/users/Xinying/ozonedb/ycsb/ozonedb/target/ozonedb-binding-0.18.0-SNAPSHOT.jar:/users/Xinying/.m2/repository/org/apache/htrace/htrace-core4/4.1.0-incubating/htrace-core4-4.1.0-incubating.jar:/users/Xinying/.m2/repository/org/slf4j/slf4j-api/1.7.25/slf4j-api-1.7.25.jar:/users/Xinying/.m2/repository/org/hdrhistogram/HdrHistogram/2.1.12/HdrHistogram-2.1.12.jar:/users/Xinying/.m2/repository/ch/qos/logback/logback-classic/1.2.3/logback-classic-1.2.3.jar:/users/Xinying/.m2/repository/ozonedbjnimaven/demoproc-jni/1.0/demoproc-jni-1.0.jar:/users/Xinying/.m2/repository/ch/qos/logback/logback-core/1.2.3/logback-core-1.2.3.jar:/users/Xinying/.m2/repository/org/codehaus/jackson/jackson-mapper-asl/1.9.4/jackson-mapper-asl-1.9.4.jar:/users/Xinying/.m2/repository/org/slf4j/slf4j-simple/1.7.25/slf4j-simple-1.7.25.jar:/users/Xinying/.m2/repository/org/codehaus/jackson/jackson-core-asl/1.9.4/jackson-core-asl-1.9.4.jar:/users/Xinying/ozonedb/ycsb/core/target/core-0.18.0-SNAPSHOT.jar site.ycsb.Client -db site.ycsb.db.OzoneDBClient -threads 1 -s -P /users/Xinying/ozonedb/ycsb/workloads/generated_workloads/workloadc_1KB_1000000_1000000 -p status.interval=30 -p requestdistribution=uniform -p operationcount=1000000000 -p maxexecutiontime=660 -p shared_config=/tmp/churn_v4_configs/shared_config_varyR_n4_r50pct_rep3.json -t
# env OZONEDB_CHURN_ABORT_RATE=0.5
Command line: -db site.ycsb.db.OzoneDBClient -threads 1 -s -P /users/Xinying/ozonedb/ycsb/workloads/generated_workloads/workloadc_1KB_1000000_1000000 -p status.interval=30 -p requestdistribution=uniform -p operationcount=1000000000 -p maxexecutiontime=660 -p shared_config=/tmp/churn_v4_configs/shared_config_varyR_n4_r50pct_rep3.json -t
YCSB Client 0.18.0-SNAPSHOT

Loading workload...
Starting test.
SLF4J: Class path contains multiple SLF4J bindings.
SLF4J: Found binding in [jar:file:/users/Xinying/.m2/repository/ch/qos/logback/logback-classic/1.2.3/logback-classic-1.2.3.jar!/org/slf4j/impl/StaticLoggerBinder.class]
SLF4J: Found binding in [jar:file:/users/Xinying/.m2/repository/org/slf4j/slf4j-simple/1.7.25/slf4j-simple-1.7.25.jar!/org/slf4j/impl/StaticLoggerBinder.class]
SLF4J: See http://www.slf4j.org/codes.html#multiple_bindings for an explanation.
SLF4J: Actual binding is of type [ch.qos.logback.classic.util.ContextSelectorStaticBinder]
Maximum execution time specified as: 660 secs
2026-05-01 07:41:17:669 0 sec: 0 operations; est completion in 0 second 
Starting compaction watcher
DBWrapper: report latency for each error is false and specific error codes to track for latency are: []
3037440:COMPACT_START sstable=0 input_files: "datalog/1" input_files: "datalog/2" compactIntoNextLevel: true destinationLevel: 1
2026-05-01 07:41:17:749 - Compaction started: 
140387129628224:Compacting datalog/1 datalog/2 into:sstable1/84ad5a58-80d8-45c6-8d85-dea5e894d7fd202605010141171777621277863199907.sst
2026-05-01 07:41:17:894 - Compaction completed: 
3037440:COMPACT_START sstable=0 input_files: "datalog/11" input_files: "datalog/12" compactIntoNextLevel: true destinationLevel: 1
2026-05-01 07:41:17:960 - Compaction started: 
140387129628224:Compacting datalog/11 datalog/12 into:sstable1/84ad5a58-80d8-45c6-8d85-dea5e894d7fd202605010141171777621278029680137.sst
2026-05-01 07:41:18:051 - Compaction completed: 
3037440:COMPACT_START sstable=0 input_files: "datalog/19" input_files: "datalog/20" compactIntoNextLevel: true destinationLevel: 1
3037440:COMPACT_ABORT input_files: "datalog/19" input_files: "datalog/20" compactIntoNextLevel: true destinationLevel: 1
3037440:COMPACT_START sstable=0 input_files: "datalog/29" input_files: "datalog/30" compactIntoNextLevel: true destinationLevel: 1
2026-05-01 07:41:18:200 - Compaction started: 
140387129628224:Compacting datalog/29 datalog/30 into:sstable1/84ad5a58-80d8-45c6-8d85-dea5e894d7fd202605010141171777621278291309913.sst
2026-05-01 07:41:18:312 - Compaction completed: 
3037440:COMPACT_START sstable=0 input_files: "datalog/41" input_files: "datalog/42" compactIntoNextLevel: true destinationLevel: 1
2026-05-01 07:41:18:404 - Compaction started: 
140387129628224:Compacting datalog/41 datalog/42 into:sstable1/84ad5a58-80d8-45c6-8d85-dea5e894d7fd202605010141171777621278530877290.sst
2026-05-01 07:41:18:551 - Compaction completed: 
3037440:COMPACT_START sstable=0 input_files: "datalog/51" input_files: "datalog/52" compactIntoNextLevel: true destinationLevel: 1
3037440:COMPACT_ABORT input_files: "datalog/51" input_files: "datalog/52" compactIntoNextLevel: true destinationLevel: 1
3037440:COMPACT_START sstable=0 input_files: "datalog/57" input_files: "datalog/58" compactIntoNextLevel: true destinationLevel: 1
3037440:COMPACT_ABORT input_files: "datalog/57" input_files: "datalog/58" compactIntoNextLevel: true destinationLevel: 1
3037440:COMPACT_START sstable=0 input_files: "datalog/63" input_files: "datalog/64" compactIntoNextLevel: true destinationLevel: 1
2026-05-01 07:41:18:809 - Compaction started: 
140387129628224:Compacting datalog/63 datalog/64 into:sstable1/84ad5a58-80d8-45c6-8d85-dea5e894d7fd202605010141171777621279088969197.sst
2026-05-01 07:41:19:109 - Compaction completed: 
3037440:COMPACT_START sstable=0 input_files: "datalog/85" input_files: "datalog/86" compactIntoNextLevel: true destinationLevel: 1
2026-05-01 07:41:19:111 - Compaction started: 
140387129628224:Compacting datalog/85 datalog/86 into:sstable1/84ad5a58-80d8-45c6-8d85-dea5e894d7fd202605010141171777621279113710076.sst
2026-05-01 07:41:19:131 - Compaction completed: 
3037440:COMPACT_START sstable=0 input_files: "datalog/93" input_files: "datalog/94" compactIntoNextLevel: true destinationLevel: 1
3037440:COMPACT_ABORT input_files: "datalog/93" input_files: "datalog/94" compactIntoNextLevel: true destinationLevel: 1
3037440:COMPACT_START sstable=0 input_files: "datalog/101" input_files: "datalog/102" compactIntoNextLevel: true destinationLevel: 1
2026-05-01 07:41:19:313 - Compaction started: 
140387129628224:Compacting datalog/101 datalog/102 into:sstable1/84ad5a58-80d8-45c6-8d85-dea5e894d7fd202605010141171777621279317552174.sst
2026-05-01 07:41:19:338 - Compaction completed: 
3037440:COMPACT_START sstable=0 input_files: "datalog/109" input_files: "datalog/110" compactIntoNextLevel: true destinationLevel: 1
3037440:COMPACT_ABORT input_files: "datalog/109" input_files: "datalog/110" compactIntoNextLevel: true destinationLevel: 1
3037440:COMPACT_START sstable=0 input_files: "datalog/117" input_files: "datalog/118" compactIntoNextLevel: true destinationLevel: 1
2026-05-01 07:41:19:517 - Compaction started: 
140387129628224:Compacting datalog/117 datalog/118 into:sstable1/84ad5a58-80d8-45c6-8d85-dea5e894d7fd202605010141171777621279521395313.sst
2026-05-01 07:41:19:544 - Compaction completed: 
3037440:COMPACT_START sstable=0 input_files: "datalog/125" input_files: "datalog/126" compactIntoNextLevel: true destinationLevel: 1
3037440:COMPACT_ABORT input_files: "datalog/125" input_files: "datalog/126" compactIntoNextLevel: true destinationLevel: 1
3037440:COMPACT_START sstable=0 input_files: "datalog/133" input_files: "datalog/134" compactIntoNextLevel: true destinationLevel: 1
2026-05-01 07:41:19:720 - Compaction started: 
140387129628224:Compacting datalog/133 datalog/134 into:sstable1/84ad5a58-80d8-45c6-8d85-dea5e894d7fd202605010141171777621279723277848.sst
2026-05-01 07:41:19:742 - Compaction completed: 
3037440:COMPACT_START sstable=0 input_files: "datalog/141" input_files: "datalog/142" compactIntoNextLevel: true destinationLevel: 1
3037440:COMPACT_ABORT input_files: "datalog/141" input_files: "datalog/142" compactIntoNextLevel: true destinationLevel: 1
3037440:COMPACT_START sstable=0 input_files: "datalog/151" input_files: "datalog/152" compactIntoNextLevel: true destinationLevel: 1
3037440:COMPACT_ABORT input_files: "datalog/151" input_files: "datalog/152" compactIntoNextLevel: true destinationLevel: 1
3037440:COMPACT_START sstable=0 input_files: "datalog/159" input_files: "datalog/160" compactIntoNextLevel: true destinationLevel: 1
2026-05-01 07:41:20:023 - Compaction started: 
140387129628224:Compacting datalog/159 datalog/160 into:sstable1/84ad5a58-80d8-45c6-8d85-dea5e894d7fd202605010141171777621280026847072.sst
2026-05-01 07:41:20:044 - Compaction completed: 
3037440:COMPACT_START sstable=0 input_files: "datalog/167" input_files: "datalog/168" compactIntoNextLevel: true destinationLevel: 1
3037440:COMPACT_ABORT input_files: "datalog/167" input_files: "datalog/168" compactIntoNextLevel: true destinationLevel: 1
3037440:COMPACT_START sstable=0 input_files: "datalog/175" input_files: "datalog/176" compactIntoNextLevel: true destinationLevel: 1
3037440:COMPACT_ABORT input_files: "datalog/175" input_files: "datalog/176" compactIntoNextLevel: true destinationLevel: 1
3037440:COMPACT_START sstable=0 input_files: "datalog/187" input_files: "datalog/188" compactIntoNextLevel: true destinationLevel: 1
3037440:COMPACT_ABORT input_files: "datalog/187" input_files: "datalog/188" compactIntoNextLevel: true destinationLevel: 1
3037440:COMPACT_START sstable=0 input_files: "datalog/203" input_files: "datalog/204" compactIntoNextLevel: true destinationLevel: 1
2026-05-01 07:41:20:429 - Compaction started: 
140387129628224:Compacting datalog/203 datalog/204 into:sstable1/84ad5a58-80d8-45c6-8d85-dea5e894d7fd202605010141171777621280432256364.sst
2026-05-01 07:41:20:449 - Compaction completed: 
3037440:COMPACT_START sstable=0 input_files: "datalog/217" input_files: "datalog/218" compactIntoNextLevel: true destinationLevel: 1
3037440:COMPACT_ABORT input_files: "datalog/217" input_files: "datalog/218" compactIntoNextLevel: true destinationLevel: 1
3037440:COMPACT_START sstable=0 input_files: "datalog/225" input_files: "datalog/226" compactIntoNextLevel: true destinationLevel: 1
2026-05-01 07:41:20:633 - Compaction started: 
140387129628224:Compacting datalog/225 datalog/226 into:sstable1/84ad5a58-80d8-45c6-8d85-dea5e894d7fd202605010141171777621280635685487.sst
2026-05-01 07:41:20:653 - Compaction completed: 
3037440:COMPACT_START sstable=0 input_files: "datalog/235" input_files: "datalog/236" compactIntoNextLevel: true destinationLevel: 1
3037440:COMPACT_ABORT input_files: "datalog/235" input_files: "datalog/236" compactIntoNextLevel: true destinationLevel: 1
3037440:COMPACT_START sstable=0 input_files: "datalog/243" input_files: "datalog/244" compactIntoNextLevel: true destinationLevel: 1
3037440:COMPACT_ABORT input_files: "datalog/243" input_files: "datalog/244" compactIntoNextLevel: true destinationLevel: 1
3037440:COMPACT_START sstable=0 input_files: "datalog/251" input_files: "datalog/252" compactIntoNextLevel: true destinationLevel: 1
3037440:COMPACT_ABORT input_files: "datalog/251" input_files: "datalog/252" compactIntoNextLevel: true destinationLevel: 1
3037440:COMPACT_START sstable=0 input_files: "datalog/259" input_files: "datalog/260" compactIntoNextLevel: true destinationLevel: 1
3037440:COMPACT_ABORT input_files: "datalog/259" input_files: "datalog/260" compactIntoNextLevel: true destinationLevel: 1
3037440:COMPACT_START sstable=0 input_files: "datalog/267" input_files: "datalog/268" compactIntoNextLevel: true destinationLevel: 1
3037440:COMPACT_ABORT input_files: "datalog/267" input_files: "datalog/268" compactIntoNextLevel: true destinationLevel: 1
3037440:COMPACT_START sstable=0 input_files: "datalog/275" input_files: "datalog/276" compactIntoNextLevel: true destinationLevel: 1
3037440:COMPACT_ABORT input_files: "datalog/275" input_files: "datalog/276" compactIntoNextLevel: true destinationLevel: 1
3037440:COMPACT_START sstable=0 input_files: "datalog/281" input_files: "datalog/282" compactIntoNextLevel: true destinationLevel: 1
2026-05-01 07:41:21:341 - Compaction started: 
140387129628224:Compacting datalog/281 datalog/282 into:sstable1/84ad5a58-80d8-45c6-8d85-dea5e894d7fd202605010141171777621281344571560.sst
2026-05-01 07:41:21:363 - Compaction completed: 
3037440:COMPACT_START sstable=0 input_files: "datalog/289" input_files: "datalog/290" compactIntoNextLevel: true destinationLevel: 1
2026-05-01 07:41:21:444 - Compaction started: 
140387129628224:Compacting datalog/289 datalog/290 into:sstable1/84ad5a58-80d8-45c6-8d85-dea5e894d7fd202605010141171777621281446383734.sst
2026-05-01 07:41:21:463 - Compaction completed: 
3037440:COMPACT_START sstable=0 input_files: "datalog/295" input_files: "datalog/296" compactIntoNextLevel: true destinationLevel: 1
3037440:COMPACT_ABORT input_files: "datalog/295" input_files: "datalog/296" compactIntoNextLevel: true destinationLevel: 1
3037440:COMPACT_START sstable=0 input_files: "datalog/297" input_files: "datalog/298" compactIntoNextLevel: true destinationLevel: 1
3037440:COMPACT_ABORT input_files: "datalog/297" input_files: "datalog/298" compactIntoNextLevel: true destinationLevel: 1
3037440:COMPACT_START sstable=0 input_files: "datalog/299" input_files: "datalog/300" compactIntoNextLevel: true destinationLevel: 1
3037440:COMPACT_ABORT input_files: "datalog/299" input_files: "datalog/300" compactIntoNextLevel: true destinationLevel: 1
3037440:COMPACT_START sstable=0 input_files: "datalog/301" input_files: "datalog/302" compactIntoNextLevel: true destinationLevel: 1
2026-05-01 07:41:21:546 - Compaction started: 
140387129628224:Compacting datalog/301 datalog/302 into:sstable1/84ad5a58-80d8-45c6-8d85-dea5e894d7fd202605010141171777621281549324775.sst
2026-05-01 07:41:21:566 - Compaction completed: 
3037440:Task input_files: "datalog/45" input_files: "datalog/46" compactIntoNextLevel: true destinationLevel: 1 is dead (hb=30)
3037440:Found dead task input_files: "datalog/45" input_files: "datalog/46" compactIntoNextLevel: true destinationLevel: 1
3037440:COMPACT_START sstable=0 input_files: "datalog/45" input_files: "datalog/46" compactIntoNextLevel: true destinationLevel: 1
2026-05-01 07:41:21:650 - Compaction started: 
140387129628224:Compacting datalog/45 datalog/46 into:sstable1/84ad5a58-80d8-45c6-8d85-dea5e894d7fd202605010141171777621281653597713.sst
2026-05-01 07:41:21:673 - Compaction completed: 
3037440:Task input_files: "datalog/51" input_files: "datalog/52" compactIntoNextLevel: true destinationLevel: 1 is dead (hb=30)
3037440:Found dead task input_files: "datalog/51" input_files: "datalog/52" compactIntoNextLevel: true destinationLevel: 1
3037440:COMPACT_START sstable=0 input_files: "datalog/51" input_files: "datalog/52" compactIntoNextLevel: true destinationLevel: 1
2026-05-01 07:41:21:753 - Compaction started: 
140387129628224:Compacting datalog/51 datalog/52 into:sstable1/84ad5a58-80d8-45c6-8d85-dea5e894d7fd202605010141171777621281756800244.sst
2026-05-01 07:41:21:777 - Compaction completed: 
3037440:Task input_files: "datalog/57" input_files: "datalog/58" compactIntoNextLevel: true destinationLevel: 1 is dead (hb=30)
3037440:Found dead task input_files: "datalog/57" input_files: "datalog/58" compactIntoNextLevel: true destinationLevel: 1
3037440:COMPACT_START sstable=0 input_files: "datalog/57" input_files: "datalog/58" compactIntoNextLevel: true destinationLevel: 1
2026-05-01 07:41:21:856 - Compaction started: 
140387129628224:Compacting datalog/57 datalog/58 into:sstable1/84ad5a58-80d8-45c6-8d85-dea5e894d7fd202605010141171777621281859099272.sst
2026-05-01 07:41:21:877 - Compaction completed: 
3037440:COMPACT_START sstable=0 input_files: "datalog/325" input_files: "datalog/326" compactIntoNextLevel: true destinationLevel: 1
3037440:COMPACT_ABORT input_files: "datalog/325" input_files: "datalog/326" compactIntoNextLevel: true destinationLevel: 1
3037440:COMPACT_START sstable=0 input_files: "datalog/333" input_files: "datalog/334" compactIntoNextLevel: true destinationLevel: 1
2026-05-01 07:41:22:063 - Compaction started: 
140387129628224:Compacting datalog/333 datalog/334 into:sstable1/84ad5a58-80d8-45c6-8d85-dea5e894d7fd202605010141171777621282067808403.sst
2026-05-01 07:41:22:084 - Compaction completed: 
3037440:COMPACT_START sstable=0 input_files: "datalog/337" input_files: "datalog/338" compactIntoNextLevel: true destinationLevel: 1
2026-05-01 07:41:22:166 - Compaction started: 
140387129628224:Compacting datalog/337 datalog/338 into:sstable1/84ad5a58-80d8-45c6-8d85-dea5e894d7fd202605010141171777621282169442474.sst
2026-05-01 07:41:22:185 - Compaction completed: 
3037440:COMPACT_START sstable=0 input_files: "datalog/343" input_files: "datalog/344" compactIntoNextLevel: true destinationLevel: 1
2026-05-01 07:41:22:269 - Compaction started: 
140387129628224:Compacting datalog/343 datalog/344 into:sstable1/84ad5a58-80d8-45c6-8d85-dea5e894d7fd202605010141171777621282271470815.sst
2026-05-01 07:41:22:285 - Compaction completed: 
3037440:Task input_files: "datalog/93" input_files: "datalog/94" compactIntoNextLevel: true destinationLevel: 1 is dead (hb=30)
3037440:Found dead task input_files: "datalog/93" input_files: "datalog/94" compactIntoNextLevel: true destinationLevel: 1
3037440:COMPACT_START sstable=0 input_files: "datalog/93" input_files: "datalog/94" compactIntoNextLevel: true destinationLevel: 1
2026-05-01 07:41:22:371 - Compaction started: 
140387129628224:Compacting datalog/93 datalog/94 into:sstable1/84ad5a58-80d8-45c6-8d85-dea5e894d7fd202605010141171777621282374920910.sst
2026-05-01 07:41:22:398 - Compaction completed: 
3037440:COMPACT_START sstable=0 input_files: "datalog/351" input_files: "datalog/352" compactIntoNextLevel: true destinationLevel: 1
2026-05-01 07:41:22:473 - Compaction started: 
140387129628224:Compacting datalog/351 datalog/352 into:sstable1/84ad5a58-80d8-45c6-8d85-dea5e894d7fd202605010141171777621282476488336.sst
2026-05-01 07:41:22:492 - Compaction completed: 
3037440:Task input_files: "datalog/109" input_files: "datalog/110" compactIntoNextLevel: true destinationLevel: 1 is dead (hb=30)
3037440:Found dead task input_files: "datalog/109" input_files: "datalog/110" compactIntoNextLevel: true destinationLevel: 1
3037440:COMPACT_START sstable=0 input_files: "datalog/109" input_files: "datalog/110" compactIntoNextLevel: true destinationLevel: 1
3037440:COMPACT_ABORT input_files: "datalog/109" input_files: "datalog/110" compactIntoNextLevel: true destinationLevel: 1
3037440:COMPACT_START sstable=0 input_files: "datalog/363" input_files: "datalog/364" compactIntoNextLevel: true destinationLevel: 1
2026-05-01 07:41:22:677 - Compaction started: 
140387129628224:Compacting datalog/363 datalog/364 into:sstable1/84ad5a58-80d8-45c6-8d85-dea5e894d7fd202605010141171777621282681143408.sst
2026-05-01 07:41:22:697 - Compaction completed: 
3037440:Task input_files: "datalog/125" input_files: "datalog/126" compactIntoNextLevel: true destinationLevel: 1 is dead (hb=30)
3037440:Found dead task input_files: "datalog/125" input_files: "datalog/126" compactIntoNextLevel: true destinationLevel: 1
3037440:COMPACT_START sstable=0 input_files: "datalog/125" input_files: "datalog/126" compactIntoNextLevel: true destinationLevel: 1
2026-05-01 07:41:22:779 - Compaction started: 
140387129628224:Compacting datalog/125 datalog/126 into:sstable1/84ad5a58-80d8-45c6-8d85-dea5e894d7fd202605010141171777621282782535896.sst
2026-05-01 07:41:22:800 - Compaction completed: 
3037440:COMPACT_START sstable=0 input_files: "datalog/373" input_files: "datalog/374" compactIntoNextLevel: true destinationLevel: 1
3037440:COMPACT_ABORT input_files: "datalog/373" input_files: "datalog/374" compactIntoNextLevel: true destinationLevel: 1
3037440:Task input_files: "datalog/145" input_files: "datalog/146" compactIntoNextLevel: true destinationLevel: 1 is dead (hb=30)
3037440:Task input_files: "datalog/141" input_files: "datalog/142" compactIntoNextLevel: true destinationLevel: 1 is dead (hb=30)
3037440:Found dead task input_files: "datalog/141" input_files: "datalog/142" compactIntoNextLevel: true destinationLevel: 1
3037440:COMPACT_START sstable=0 input_files: "datalog/141" input_files: "datalog/142" compactIntoNextLevel: true destinationLevel: 1
2026-05-01 07:41:22:983 - Compaction started: 
140387129628224:Compacting datalog/141 datalog/142 into:sstable1/84ad5a58-80d8-45c6-8d85-dea5e894d7fd202605010141171777621282987766797.sst
2026-05-01 07:41:23:010 - Compaction completed: 
3037440:Task input_files: "datalog/155" input_files: "datalog/156" compactIntoNextLevel: true destinationLevel: 1 is dead (hb=30)
3037440:Task input_files: "datalog/151" input_files: "datalog/152" compactIntoNextLevel: true destinationLevel: 1 is dead (hb=31)
3037440:Task input_files: "datalog/153" input_files: "datalog/154" compactIntoNextLevel: true destinationLevel: 1 is dead (hb=30)
3037440:Found dead task input_files: "datalog/151" input_files: "datalog/152" compactIntoNextLevel: true destinationLevel: 1
3037440:COMPACT_START sstable=0 input_files: "datalog/151" input_files: "datalog/152" compactIntoNextLevel: true destinationLevel: 1
3037440:COMPACT_ABORT input_files: "datalog/151" input_files: "datalog/152" compactIntoNextLevel: true destinationLevel: 1
3037440:Task input_files: "datalog/161" input_files: "datalog/162" compactIntoNextLevel: true destinationLevel: 1 is dead (hb=30)
3037440:Task input_files: "datalog/165" input_files: "datalog/166" compactIntoNextLevel: true destinationLevel: 1 is dead (hb=30)
3037440:Task input_files: "datalog/167" input_files: "datalog/168" compactIntoNextLevel: true destinationLevel: 1 is dead (hb=30)
3037440:Found dead task input_files: "datalog/167" input_files: "datalog/168" compactIntoNextLevel: true destinationLevel: 1
3037440:COMPACT_START sstable=0 input_files: "datalog/167" input_files: "datalog/168" compactIntoNextLevel: true destinationLevel: 1
3037440:COMPACT_ABORT input_files: "datalog/167" input_files: "datalog/168" compactIntoNextLevel: true destinationLevel: 1
3037440:Task input_files: "datalog/183" input_files: "datalog/184" compactIntoNextLevel: true destinationLevel: 1 is dead (hb=30)
3037440:Task input_files: "datalog/173" input_files: "datalog/174" compactIntoNextLevel: true destinationLevel: 1 is dead (hb=30)
3037440:Task input_files: "datalog/175" input_files: "datalog/176" compactIntoNextLevel: true destinationLevel: 1 is dead (hb=30)
3037440:Task input_files: "datalog/181" input_files: "datalog/182" compactIntoNextLevel: true destinationLevel: 1 is dead (hb=30)
3037440:Found dead task input_files: "datalog/181" input_files: "datalog/182" compactIntoNextLevel: true destinationLevel: 1
3037440:COMPACT_START sstable=0 input_files: "datalog/181" input_files: "datalog/182" compactIntoNextLevel: true destinationLevel: 1
3037440:COMPACT_ABORT input_files: "datalog/181" input_files: "datalog/182" compactIntoNextLevel: true destinationLevel: 1
3037440:Task input_files: "datalog/187" input_files: "datalog/188" compactIntoNextLevel: true destinationLevel: 1 is dead (hb=30)
3037440:Task input_files: "datalog/191" input_files: "datalog/192" compactIntoNextLevel: true destinationLevel: 1 is dead (hb=30)
3037440:Task input_files: "datalog/197" input_files: "datalog/198" compactIntoNextLevel: true destinationLevel: 1 is dead (hb=30)
3037440:Task input_files: "datalog/193" input_files: "datalog/194" compactIntoNextLevel: true destinationLevel: 1 is dead (hb=30)
3037440:Task input_files: "datalog/195" input_files: "datalog/196" compactIntoNextLevel: true destinationLevel: 1 is dead (hb=30)
3037440:Found dead task input_files: "datalog/195" input_files: "datalog/196" compactIntoNextLevel: true destinationLevel: 1
3037440:COMPACT_START sstable=0 input_files: "datalog/195" input_files: "datalog/196" compactIntoNextLevel: true destinationLevel: 1
3037440:COMPACT_ABORT input_files: "datalog/195" input_files: "datalog/196" compactIntoNextLevel: true destinationLevel: 1
3037440:Found dead task input_files: "datalog/193" input_files: "datalog/194" compactIntoNextLevel: true destinationLevel: 1
3037440:COMPACT_START sstable=0 input_files: "datalog/193" input_files: "datalog/194" compactIntoNextLevel: true destinationLevel: 1
3037440:COMPACT_ABORT input_files: "datalog/193" input_files: "datalog/194" compactIntoNextLevel: true destinationLevel: 1
3037440:Found dead task input_files: "datalog/191" input_files: "datalog/192" compactIntoNextLevel: true destinationLevel: 1
3037440:COMPACT_START sstable=0 input_files: "datalog/191" input_files: "datalog/192" compactIntoNextLevel: true destinationLevel: 1
2026-05-01 07:41:23:391 - Compaction started: 
140387129628224:Compacting datalog/191 datalog/192 into:sstable1/84ad5a58-80d8-45c6-8d85-dea5e894d7fd202605010141171777621283394734730.sst
2026-05-01 07:41:23:412 - Compaction completed: 
3037440:Task input_files: "datalog/201" input_files: "datalog/202" compactIntoNextLevel: true destinationLevel: 1 is dead (hb=30)
3037440:Task input_files: "datalog/211" input_files: "datalog/212" compactIntoNextLevel: true destinationLevel: 1 is dead (hb=30)
3037440:Task input_files: "datalog/207" input_files: "datalog/208" compactIntoNextLevel: true destinationLevel: 1 is dead (hb=30)
3037440:Task input_files: "datalog/209" input_files: "datalog/210" compactIntoNextLevel: true destinationLevel: 1 is dead (hb=30)
3037440:Found dead task input_files: "datalog/209" input_files: "datalog/210" compactIntoNextLevel: true destinationLevel: 1
3037440:COMPACT_START sstable=0 input_files: "datalog/209" input_files: "datalog/210" compactIntoNextLevel: true destinationLevel: 1
3037440:COMPACT_ABORT input_files: "datalog/209" input_files: "datalog/210" compactIntoNextLevel: true destinationLevel: 1
3037440:Found dead task input_files: "datalog/211" input_files: "datalog/212" compactIntoNextLevel: true destinationLevel: 1
3037440:COMPACT_START sstable=0 input_files: "datalog/211" input_files: "datalog/212" compactIntoNextLevel: true destinationLevel: 1
3037440:COMPACT_ABORT input_files: "datalog/211" input_files: "datalog/212" compactIntoNextLevel: true destinationLevel: 1
3037440:Task input_files: "datalog/217" input_files: "datalog/218" compactIntoNextLevel: true destinationLevel: 1 is dead (hb=30)
3037440:Task input_files: "datalog/213" input_files: "datalog/214" compactIntoNextLevel: true destinationLevel: 1 is dead (hb=30)
3037440:Task input_files: "datalog/215" input_files: "datalog/216" compactIntoNextLevel: true destinationLevel: 1 is dead (hb=30)
3037440:Found dead task input_files: "datalog/215" input_files: "datalog/216" compactIntoNextLevel: true destinationLevel: 1
3037440:COMPACT_START sstable=0 input_files: "datalog/215" input_files: "datalog/216" compactIntoNextLevel: true destinationLevel: 1
3037440:COMPACT_ABORT input_files: "datalog/215" input_files: "datalog/216" compactIntoNextLevel: true destinationLevel: 1
3037440:Found dead task input_files: "datalog/217" input_files: "datalog/218" compactIntoNextLevel: true destinationLevel: 1
3037440:COMPACT_START sstable=0 input_files: "datalog/217" input_files: "datalog/218" compactIntoNextLevel: true destinationLevel: 1
3037440:COMPACT_ABORT input_files: "datalog/217" input_files: "datalog/218" compactIntoNextLevel: true destinationLevel: 1
3037440:Task input_files: "datalog/231" input_files: "datalog/232" compactIntoNextLevel: true destinationLevel: 1 is dead (hb=30)
3037440:Found dead task input_files: "datalog/231" input_files: "datalog/232" compactIntoNextLevel: true destinationLevel: 1
3037440:COMPACT_START sstable=0 input_files: "datalog/231" input_files: "datalog/232" compactIntoNextLevel: true destinationLevel: 1
2026-05-01 07:41:23:695 - Compaction started: 
140387129628224:Compacting datalog/231 datalog/232 into:sstable1/84ad5a58-80d8-45c6-8d85-dea5e894d7fd202605010141171777621283698655243.sst
2026-05-01 07:41:23:716 - Compaction completed: 
3037440:Task input_files: "datalog/7" input_files: "datalog/8" compactIntoNextLevel: true destinationLevel: 1 is dead (hb=30)
3037440:Task input_files: "datalog/235" input_files: "datalog/236" compactIntoNextLevel: true destinationLevel: 1 is dead (hb=30)
3037440:Found dead task input_files: "datalog/235" input_files: "datalog/236" compactIntoNextLevel: true destinationLevel: 1
3037440:COMPACT_START sstable=0 input_files: "datalog/235" input_files: "datalog/236" compactIntoNextLevel: true destinationLevel: 1
3037440:COMPACT_ABORT input_files: "datalog/235" input_files: "datalog/236" compactIntoNextLevel: true destinationLevel: 1
3037440:COMPACT_START sstable=0 input_files: "datalog/397" input_files: "datalog/398" compactIntoNextLevel: true destinationLevel: 1
3037440:COMPACT_ABORT input_files: "datalog/397" input_files: "datalog/398" compactIntoNextLevel: true destinationLevel: 1
3037440:COMPACT_START sstable=0 input_files: "datalog/401" input_files: "datalog/402" compactIntoNextLevel: true destinationLevel: 1
2026-05-01 07:41:23:797 - Compaction started: 
140387129628224:Compacting datalog/401 datalog/402 into:sstable1/84ad5a58-80d8-45c6-8d85-dea5e894d7fd202605010141171777621283800458381.sst
2026-05-01 07:41:23:816 - Compaction completed: 
3037440:Task input_files: "datalog/241" input_files: "datalog/242" compactIntoNextLevel: true destinationLevel: 1 is dead (hb=30)
3037440:Task input_files: "datalog/243" input_files: "datalog/244" compactIntoNextLevel: true destinationLevel: 1 is dead (hb=30)
3037440:Found dead task input_files: "datalog/243" input_files: "datalog/244" compactIntoNextLevel: true destinationLevel: 1
3037440:COMPACT_START sstable=0 input_files: "datalog/243" input_files: "datalog/244" compactIntoNextLevel: true destinationLevel: 1
3037440:COMPACT_ABORT input_files: "datalog/243" input_files: "datalog/244" compactIntoNextLevel: true destinationLevel: 1
3037440:Task input_files: "datalog/247" input_files: "datalog/248" compactIntoNextLevel: true destinationLevel: 1 is dead (hb=30)
3037440:Task input_files: "datalog/13" input_files: "datalog/14" compactIntoNextLevel: true destinationLevel: 1 is dead (hb=30)
3037440:Task input_files: "datalog/251" input_files: "datalog/252" compactIntoNextLevel: true destinationLevel: 1 is dead (hb=30)
3037440:Found dead task input_files: "datalog/251" input_files: "datalog/252" compactIntoNextLevel: true destinationLevel: 1
3037440:COMPACT_START sstable=0 input_files: "datalog/251" input_files: "datalog/252" compactIntoNextLevel: true destinationLevel: 1
2026-05-01 07:41:24:000 - Compaction started: 
140387129628224:Compacting datalog/251 datalog/252 into:sstable1/84ad5a58-80d8-45c6-8d85-dea5e894d7fd202605010141171777621284002863445.sst
2026-05-01 07:41:24:020 - Compaction completed: 
3037440:Task input_files: "datalog/257" input_files: "datalog/258" compactIntoNextLevel: true destinationLevel: 1 is dead (hb=30)
3037440:Task input_files: "datalog/259" input_files: "datalog/260" compactIntoNextLevel: true destinationLevel: 1 is dead (hb=30)
3037440:Found dead task input_files: "datalog/259" input_files: "datalog/260" compactIntoNextLevel: true destinationLevel: 1
3037440:COMPACT_START sstable=0 input_files: "datalog/259" input_files: "datalog/260" compactIntoNextLevel: true destinationLevel: 1
2026-05-01 07:41:24:101 - Compaction started: 
140387129628224:Compacting datalog/259 datalog/260 into:sstable1/84ad5a58-80d8-45c6-8d85-dea5e894d7fd202605010141171777621284103884146.sst
2026-05-01 07:41:24:120 - Compaction completed: 
3037440:Task input_files: "datalog/271" input_files: "datalog/272" compactIntoNextLevel: true destinationLevel: 1 is dead (hb=30)
3037440:Task input_files: "datalog/267" input_files: "datalog/268" compactIntoNextLevel: true destinationLevel: 1 is dead (hb=30)
3037440:Task input_files: "datalog/265" input_files: "datalog/266" compactIntoNextLevel: true destinationLevel: 1 is dead (hb=30)
3037440:Found dead task input_files: "datalog/265" input_files: "datalog/266" compactIntoNextLevel: true destinationLevel: 1
3037440:COMPACT_START sstable=0 input_files: "datalog/265" input_files: "datalog/266" compactIntoNextLevel: true destinationLevel: 1
2026-05-01 07:41:24:202 - Compaction started: 
140387129628224:Compacting datalog/265 datalog/266 into:sstable1/84ad5a58-80d8-45c6-8d85-dea5e894d7fd202605010141171777621284205152973.sst
2026-05-01 07:41:24:222 - Compaction completed: 
3037440:Task input_files: "datalog/275" input_files: "datalog/276" compactIntoNextLevel: true destinationLevel: 1 is dead (hb=30)
3037440:Task input_files: "datalog/19" input_files: "datalog/20" compactIntoNextLevel: true destinationLevel: 1 is dead (hb=30)
3037440:Found dead task input_files: "datalog/19" input_files: "datalog/20" compactIntoNextLevel: true destinationLevel: 1
3037440:COMPACT_START sstable=0 input_files: "datalog/19" input_files: "datalog/20" compactIntoNextLevel: true destinationLevel: 1
3037440:COMPACT_ABORT input_files: "datalog/19" input_files: "datalog/20" compactIntoNextLevel: true destinationLevel: 1
3037440:Task input_files: "datalog/285" input_files: "datalog/286" compactIntoNextLevel: true destinationLevel: 1 is dead (hb=30)
3037440:Task input_files: "datalog/283" input_files: "datalog/284" compactIntoNextLevel: true destinationLevel: 1 is dead (hb=30)
3037440:Found dead task input_files: "datalog/283" input_files: "datalog/284" compactIntoNextLevel: true destinationLevel: 1
3037440:COMPACT_START sstable=0 input_files: "datalog/283" input_files: "datalog/284" compactIntoNextLevel: true destinationLevel: 1
3037440:COMPACT_ABORT input_files: "datalog/283" input_files: "datalog/284" compactIntoNextLevel: true destinationLevel: 1
3037440:Task input_files: "datalog/297" input_files: "datalog/298" compactIntoNextLevel: true destinationLevel: 1 is dead (hb=30)
3037440:Task input_files: "datalog/37" input_files: "datalog/38" compactIntoNextLevel: true destinationLevel: 1 is dead (hb=30)
3037440:Task input_files: "datalog/35" input_files: "datalog/36" compactIntoNextLevel: true destinationLevel: 1 is dead (hb=30)
3037440:Task input_files: "datalog/299" input_files: "datalog/300" compactIntoNextLevel: true destinationLevel: 1 is dead (hb=30)
3037440:Task input_files: "datalog/295" input_files: "datalog/296" compactIntoNextLevel: true destinationLevel: 1 is dead (hb=30)
3037440:Found dead task input_files: "datalog/295" input_files: "datalog/296" compactIntoNextLevel: true destinationLevel: 1
3037440:COMPACT_START sstable=0 input_files: "datalog/295" input_files: "datalog/296" compactIntoNextLevel: true destinationLevel: 1
3037440:COMPACT_ABORT input_files: "datalog/295" input_files: "datalog/296" compactIntoNextLevel: true destinationLevel: 1
3037440:Found dead task input_files: "datalog/299" input_files: "datalog/300" compactIntoNextLevel: true destinationLevel: 1
3037440:COMPACT_START sstable=0 input_files: "datalog/299" input_files: "datalog/300" compactIntoNextLevel: true destinationLevel: 1
2026-05-01 07:41:24:606 - Compaction started: 
140387129628224:Compacting datalog/299 datalog/300 into:sstable1/84ad5a58-80d8-45c6-8d85-dea5e894d7fd202605010141171777621284609388724.sst
2026-05-01 07:41:24:625 - Compaction completed: 
3037440:Task input_files: "datalog/311" input_files: "datalog/312" compactIntoNextLevel: true destinationLevel: 1 is dead (hb=30)
3037440:Found dead task input_files: "datalog/311" input_files: "datalog/312" compactIntoNextLevel: true destinationLevel: 1
3037440:COMPACT_START sstable=0 input_files: "datalog/311" input_files: "datalog/312" compactIntoNextLevel: true destinationLevel: 1
2026-05-01 07:41:24:708 - Compaction started: 
140387129628224:Compacting datalog/311 datalog/312 into:sstable1/84ad5a58-80d8-45c6-8d85-dea5e894d7fd202605010141171777621284711027684.sst
2026-05-01 07:41:24:727 - Compaction completed: 
3037440:COMPACT_START sstable=0 input_files: "datalog/441" input_files: "datalog/442" compactIntoNextLevel: true destinationLevel: 1
2026-05-01 07:41:24:809 - Compaction started: 
140387129628224:Compacting datalog/441 datalog/442 into:sstable1/84ad5a58-80d8-45c6-8d85-dea5e894d7fd202605010141171777621284811916268.sst
2026-05-01 07:41:24:826 - Compaction completed: 
3037440:Task input_files: "datalog/319" input_files: "datalog/320" compactIntoNextLevel: true destinationLevel: 1 is dead (hb=30)
3037440:Found dead task input_files: "datalog/319" input_files: "datalog/320" compactIntoNextLevel: true destinationLevel: 1
3037440:COMPACT_START sstable=0 input_files: "datalog/319" input_files: "datalog/320" compactIntoNextLevel: true destinationLevel: 1
2026-05-01 07:41:24:910 - Compaction started: 
140387129628224:Compacting datalog/319 datalog/320 into:sstable1/84ad5a58-80d8-45c6-8d85-dea5e894d7fd202605010141171777621284913558133.sst
2026-05-01 07:41:24:930 - Compaction completed: 
3037440:Task input_files: "datalog/325" input_files: "datalog/326" compactIntoNextLevel: true destinationLevel: 1 is dead (hb=30)
3037440:Found dead task input_files: "datalog/325" input_files: "datalog/326" compactIntoNextLevel: true destinationLevel: 1
3037440:COMPACT_START sstable=0 input_files: "datalog/325" input_files: "datalog/326" compactIntoNextLevel: true destinationLevel: 1
2026-05-01 07:41:25:011 - Compaction started: 
140387129628224:Compacting datalog/325 datalog/326 into:sstable1/84ad5a58-80d8-45c6-8d85-dea5e894d7fd202605010141171777621285014499726.sst
2026-05-01 07:41:25:029 - Compaction completed: 
3037440:COMPACT_START sstable=0 input_files: "datalog/459" input_files: "datalog/460" compactIntoNextLevel: true destinationLevel: 1
3037440:COMPACT_ABORT input_files: "datalog/459" input_files: "datalog/460" compactIntoNextLevel: true destinationLevel: 1
3037440:COMPACT_START sstable=0 input_files: "datalog/461" input_files: "datalog/462" compactIntoNextLevel: true destinationLevel: 1
3037440:COMPACT_ABORT input_files: "datalog/461" input_files: "datalog/462" compactIntoNextLevel: true destinationLevel: 1
3037440:COMPACT_START sstable=0 input_files: "datalog/465" input_files: "datalog/466" compactIntoNextLevel: true destinationLevel: 1
2026-05-01 07:41:25:113 - Compaction started: 
140387129628224:Compacting datalog/465 datalog/466 into:sstable1/84ad5a58-80d8-45c6-8d85-dea5e894d7fd202605010141171777621285116496577.sst
2026-05-01 07:41:25:131 - Compaction completed: 
3037440:COMPACT_START sstable=0 input_files: "datalog/471" input_files: "datalog/472" compactIntoNextLevel: true destinationLevel: 1
3037440:COMPACT_ABORT input_files: "datalog/471" input_files: "datalog/472" compactIntoNextLevel: true destinationLevel: 1
3037440:COMPACT_START sstable=0 input_files: "datalog/473" input_files: "datalog/474" compactIntoNextLevel: true destinationLevel: 1
3037440:COMPACT_ABORT input_files: "datalog/473" input_files: "datalog/474" compactIntoNextLevel: true destinationLevel: 1
3037440:COMPACT_START sstable=0 input_files: "datalog/475" input_files: "datalog/476" compactIntoNextLevel: true destinationLevel: 1
2026-05-01 07:41:25:216 - Compaction started: 
140387129628224:Compacting datalog/475 datalog/476 into:sstable1/84ad5a58-80d8-45c6-8d85-dea5e894d7fd202605010141171777621285219127517.sst
2026-05-01 07:41:25:234 - Compaction completed: 
3037440:COMPACT_START sstable=0 input_files: "datalog/485" input_files: "datalog/486" compactIntoNextLevel: true destinationLevel: 1
2026-05-01 07:41:25:317 - Compaction started: 
140387129628224:Compacting datalog/485 datalog/486 into:sstable1/84ad5a58-80d8-45c6-8d85-dea5e894d7fd202605010141171777621285320255459.sst
2026-05-01 07:41:25:335 - Compaction completed: 
3037440:COMPACT_START sstable=0 input_files: "datalog/489" input_files: "datalog/490" compactIntoNextLevel: true destinationLevel: 1
3037440:COMPACT_ABORT input_files: "datalog/489" input_files: "datalog/490" compactIntoNextLevel: true destinationLevel: 1
3037440:COMPACT_START sstable=0 input_files: "datalog/493" input_files: "datalog/494" compactIntoNextLevel: true destinationLevel: 1
3037440:COMPACT_ABORT input_files: "datalog/493" input_files: "datalog/494" compactIntoNextLevel: true destinationLevel: 1
3037440:COMPACT_START sstable=0 input_files: "datalog/499" input_files: "datalog/500" compactIntoNextLevel: true destinationLevel: 1
2026-05-01 07:41:25:620 - Compaction started: 
140387129628224:Compacting datalog/499 datalog/500 into:sstable1/84ad5a58-80d8-45c6-8d85-dea5e894d7fd202605010141171777621285623421607.sst
2026-05-01 07:41:25:638 - Compaction completed: 
3037440:Task input_files: "datalog/365" input_files: "datalog/366" compactIntoNextLevel: true destinationLevel: 1 is dead (hb=30)
3037440:Found dead task input_files: "datalog/365" input_files: "datalog/366" compactIntoNextLevel: true destinationLevel: 1
3037440:COMPACT_START sstable=0 input_files: "datalog/505" input_files: "datalog/506" compactIntoNextLevel: true destinationLevel: 1
3037440:COMPACT_ABORT input_files: "datalog/505" input_files: "datalog/506" compactIntoNextLevel: true destinationLevel: 1
3037440:COMPACT_START sstable=0 input_files: "datalog/511" input_files: "datalog/512" compactIntoNextLevel: true destinationLevel: 1
2026-05-01 07:41:25:823 - Compaction started: 
140387129628224:Compacting datalog/511 datalog/512 into:sstable1/84ad5a58-80d8-45c6-8d85-dea5e894d7fd202605010141171777621285825749297.sst
2026-05-01 07:41:25:839 - Compaction completed: 
3037440:COMPACT_START sstable=0 input_files: "datalog/515" input_files: "datalog/516" compactIntoNextLevel: true destinationLevel: 1
3037440:COMPACT_ABORT input_files: "datalog/515" input_files: "datalog/516" compactIntoNextLevel: true destinationLevel: 1
3037440:COMPACT_START sstable=0 input_files: "datalog/517" input_files: "datalog/518" compactIntoNextLevel: true destinationLevel: 1
3037440:COMPACT_ABORT input_files: "datalog/517" input_files: "datalog/518" compactIntoNextLevel: true destinationLevel: 1
3037440:COMPACT_START sstable=0 input_files: "datalog/521" input_files: "datalog/522" compactIntoNextLevel: true destinationLevel: 1
3037440:COMPACT_ABORT input_files: "datalog/521" input_files: "datalog/522" compactIntoNextLevel: true destinationLevel: 1
3037440:Task input_files: "datalog/161" input_files: "datalog/162" compactIntoNextLevel: true destinationLevel: 1 is dead (hb=30)
3037440:Task input_files: "datalog/151" input_files: "datalog/152" compactIntoNextLevel: true destinationLevel: 1 is dead (hb=30)
3037440:Found dead task input_files: "datalog/151" input_files: "datalog/152" compactIntoNextLevel: true destinationLevel: 1
3037440:COMPACT_START sstable=0 input_files: "datalog/151" input_files: "datalog/152" compactIntoNextLevel: true destinationLevel: 1
2026-05-01 07:41:26:228 - Compaction started: 
140387129628224:Compacting datalog/151 datalog/152 into:sstable1/84ad5a58-80d8-45c6-8d85-dea5e894d7fd202605010141171777621286230931001.sst
2026-05-01 07:41:26:247 - Compaction completed: 
3037440:COMPACT_START sstable=0 input_files: "datalog/529" input_files: "datalog/530" compactIntoNextLevel: true destinationLevel: 1
3037440:COMPACT_ABORT input_files: "datalog/529" input_files: "datalog/530" compactIntoNextLevel: true destinationLevel: 1
3037440:COMPACT_START sstable=0 input_files: "datalog/533" input_files: "datalog/534" compactIntoNextLevel: true destinationLevel: 1
3037440:COMPACT_ABORT input_files: "datalog/533" input_files: "datalog/534" compactIntoNextLevel: true destinationLevel: 1
3037440:COMPACT_START sstable=0 input_files: "datalog/535" input_files: "datalog/536" compactIntoNextLevel: true destinationLevel: 1
2026-05-01 07:41:26:331 - Compaction started: 
140387129628224:Compacting datalog/535 datalog/536 into:sstable1/84ad5a58-80d8-45c6-8d85-dea5e894d7fd202605010141171777621286333868996.sst
2026-05-01 07:41:26:348 - Compaction completed: 
3037440:Task input_files: "datalog/195" input_files: "datalog/196" compactIntoNextLevel: true destinationLevel: 1 is dead (hb=30)
3037440:Found dead task input_files: "datalog/195" input_files: "datalog/196" compactIntoNextLevel: true destinationLevel: 1
3037440:COMPACT_START sstable=0 input_files: "datalog/537" input_files: "datalog/538" compactIntoNextLevel: true destinationLevel: 1
2026-05-01 07:41:26:433 - Compaction started: 
140387129628224:Compacting datalog/537 datalog/538 into:sstable1/84ad5a58-80d8-45c6-8d85-dea5e894d7fd202605010141171777621286435715606.sst
2026-05-01 07:41:26:450 - Compaction completed: 
3037440:COMPACT_START sstable=0 input_files: "datalog/541" input_files: "datalog/542" compactIntoNextLevel: true destinationLevel: 1
2026-05-01 07:41:26:534 - Compaction started: 
140387129628224:Compacting datalog/541 datalog/542 into:sstable1/84ad5a58-80d8-45c6-8d85-dea5e894d7fd202605010141171777621286537240232.sst
2026-05-01 07:41:26:552 - Compaction completed: 
3037440:Task input_files: "datalog/215" input_files: "datalog/216" compactIntoNextLevel: true destinationLevel: 1 is dead (hb=30)
3037440:Found dead task input_files: "datalog/215" input_files: "datalog/216" compactIntoNextLevel: true destinationLevel: 1
3037440:COMPACT_START sstable=0 input_files: "datalog/215" input_files: "datalog/216" compactIntoNextLevel: true destinationLevel: 1
3037440:COMPACT_ABORT input_files: "datalog/215" input_files: "datalog/216" compactIntoNextLevel: true destinationLevel: 1
3037440:COMPACT_START sstable=0 input_files: "datalog/543" input_files: "datalog/544" compactIntoNextLevel: true destinationLevel: 1
2026-05-01 07:41:26:636 - Compaction started: 
140387129628224:Compacting datalog/543 datalog/544 into:sstable1/84ad5a58-80d8-45c6-8d85-dea5e894d7fd202605010141171777621286639599652.sst
2026-05-01 07:41:26:657 - Compaction completed: 
3037440:COMPACT_START sstable=0 input_files: "datalog/551" input_files: "datalog/552" compactIntoNextLevel: true destinationLevel: 1
3037440:COMPACT_ABORT input_files: "datalog/551" input_files: "datalog/552" compactIntoNextLevel: true destinationLevel: 1
3037440:COMPACT_START sstable=0 input_files: "datalog/553" input_files: "datalog/554" compactIntoNextLevel: true destinationLevel: 1
2026-05-01 07:41:26:840 - Compaction started: 
140387129628224:Compacting datalog/553 datalog/554 into:sstable1/84ad5a58-80d8-45c6-8d85-dea5e894d7fd202605010141171777621286843450316.sst
2026-05-01 07:41:26:858 - Compaction completed: 
3037440:COMPACT_START sstable=0 input_files: "datalog/555" input_files: "datalog/556" compactIntoNextLevel: true destinationLevel: 1
2026-05-01 07:41:26:959 - Compaction started: 
140387129628224:Compacting datalog/555 datalog/556 into:sstable1/84ad5a58-80d8-45c6-8d85-dea5e894d7fd202605010141171777621286962474326.sst
2026-05-01 07:41:26:977 - Compaction completed: 
3037440:COMPACT_START sstable=0 input_files: "datalog/559" input_files: "datalog/560" compactIntoNextLevel: true destinationLevel: 1
3037440:COMPACT_ABORT input_files: "datalog/559" input_files: "datalog/560" compactIntoNextLevel: true destinationLevel: 1
3037440:COMPACT_START sstable=0 input_files: "datalog/561" input_files: "datalog/562" compactIntoNextLevel: true destinationLevel: 1
2026-05-01 07:41:27:062 - Compaction started: 
140387129628224:Compacting datalog/561 datalog/562 into:sstable1/84ad5a58-80d8-45c6-8d85-dea5e894d7fd202605010141171777621287065375612.sst
2026-05-01 07:41:27:079 - Compaction completed: 
3037440:COMPACT_START sstable=0 input_files: "datalog/567" input_files: "datalog/568" compactIntoNextLevel: true destinationLevel: 1
2026-05-01 07:41:27:164 - Compaction started: 
140387129628224:Compacting datalog/567 datalog/568 into:sstable1/84ad5a58-80d8-45c6-8d85-dea5e894d7fd202605010141171777621287167520371.sst
2026-05-01 07:41:27:182 - Compaction completed: 
3037440:COMPACT_START sstable=0 input_files: "datalog/571" input_files: "datalog/572" compactIntoNextLevel: true destinationLevel: 1
2026-05-01 07:41:27:266 - Compaction started: 
140387129628224:Compacting datalog/571 datalog/572 into:sstable1/84ad5a58-80d8-45c6-8d85-dea5e894d7fd202605010141171777621287269873009.sst
2026-05-01 07:41:27:285 - Compaction completed: 
3037440:COMPACT_START sstable=0 input_files: "datalog/577" input_files: "datalog/578" compactIntoNextLevel: true destinationLevel: 1
3037440:COMPACT_ABORT input_files: "datalog/577" input_files: "datalog/578" compactIntoNextLevel: true destinationLevel: 1
3037440:COMPACT_START sstable=0 input_files: "datalog/579" input_files: "datalog/580" compactIntoNextLevel: true destinationLevel: 1
2026-05-01 07:41:27:369 - Compaction started: 
140387129628224:Compacting datalog/579 datalog/580 into:sstable1/84ad5a58-80d8-45c6-8d85-dea5e894d7fd202605010141171777621287372641556.sst
2026-05-01 07:41:27:387 - Compaction completed: 
3037440:COMPACT_START sstable=0 input_files: "datalog/587" input_files: "datalog/588" compactIntoNextLevel: true destinationLevel: 1
2026-05-01 07:41:27:471 - Compaction started: 
140387129628224:Compacting datalog/587 datalog/588 into:sstable1/84ad5a58-80d8-45c6-8d85-dea5e894d7fd202605010141171777621287474454583.sst
2026-05-01 07:41:27:489 - Compaction completed: 
3037440:Task input_files: "datalog/295" input_files: "datalog/296" compactIntoNextLevel: true destinationLevel: 1 is dead (hb=30)
3037440:Task input_files: "datalog/35" input_files: "datalog/36" compactIntoNextLevel: true destinationLevel: 1 is dead (hb=30)
3037440:Found dead task input_files: "datalog/35" input_files: "datalog/36" compactIntoNextLevel: true destinationLevel: 1
3037440:COMPACT_START sstable=0 input_files: "datalog/35" input_files: "datalog/36" compactIntoNextLevel: true destinationLevel: 1
2026-05-01 07:41:27:593 - Compaction started: 
140387129628224:Compacting datalog/35 datalog/36 into:sstable1/84ad5a58-80d8-45c6-8d85-dea5e894d7fd202605010141171777621287596815889.sst
2026-05-01 07:41:27:615 - Compaction completed: 
3037440:COMPACT_START sstable=0 input_files: "datalog/595" input_files: "datalog/596" compactIntoNextLevel: true destinationLevel: 1
3037440:COMPACT_ABORT input_files: "datalog/595" input_files: "datalog/596" compactIntoNextLevel: true destinationLevel: 1
3037440:COMPACT_START sstable=0 input_files: "datalog/597" input_files: "datalog/598" compactIntoNextLevel: true destinationLevel: 1
2026-05-01 07:41:27:743 - Compaction started: 
140387129628224:Compacting datalog/597 datalog/598 into:sstable1/84ad5a58-80d8-45c6-8d85-dea5e894d7fd202605010141171777621287746675021.sst
2026-05-01 07:41:27:760 - Compaction completed: 
3037440:COMPACT_START sstable=0 input_files: "datalog/601" input_files: "datalog/602" compactIntoNextLevel: true destinationLevel: 1
2026-05-01 07:41:27:845 - Compaction started: 
140387129628224:Compacting datalog/601 datalog/602 into:sstable1/84ad5a58-80d8-45c6-8d85-dea5e894d7fd202605010141171777621287847636231.sst
2026-05-01 07:41:27:861 - Compaction completed: 
3037440:COMPACT_START sstable=0 input_files: "datalog/609" input_files: "datalog/610" compactIntoNextLevel: true destinationLevel: 1
2026-05-01 07:41:27:946 - Compaction started: 
140387129628224:Compacting datalog/609 datalog/610 into:sstable1/84ad5a58-80d8-45c6-8d85-dea5e894d7fd202605010141171777621287948975880.sst
2026-05-01 07:41:27:962 - Compaction completed: 
3037440:COMPACT_START sstable=0 input_files: "datalog/613" input_files: "datalog/614" compactIntoNextLevel: true destinationLevel: 1
3037440:COMPACT_ABORT input_files: "datalog/613" input_files: "datalog/614" compactIntoNextLevel: true destinationLevel: 1
3037440:COMPACT_START sstable=0 input_files: "datalog/615" input_files: "datalog/616" compactIntoNextLevel: true destinationLevel: 1
3037440:COMPACT_ABORT input_files: "datalog/615" input_files: "datalog/616" compactIntoNextLevel: true destinationLevel: 1
3037440:COMPACT_START sstable=0 input_files: "datalog/617" input_files: "datalog/618" compactIntoNextLevel: true destinationLevel: 1
2026-05-01 07:41:28:048 - Compaction started: 
140387129628224:Compacting datalog/617 datalog/618 into:sstable1/84ad5a58-80d8-45c6-8d85-dea5e894d7fd202605010141171777621288051286479.sst
2026-05-01 07:41:28:064 - Compaction completed: 
3037440:Task input_files: "datalog/461" input_files: "datalog/462" compactIntoNextLevel: true destinationLevel: 1 is dead (hb=30)
3037440:Task input_files: "datalog/459" input_files: "datalog/460" compactIntoNextLevel: true destinationLevel: 1 is dead (hb=30)
3037440:Found dead task input_files: "datalog/459" input_files: "datalog/460" compactIntoNextLevel: true destinationLevel: 1
3037440:COMPACT_START sstable=0 input_files: "datalog/459" input_files: "datalog/460" compactIntoNextLevel: true destinationLevel: 1
3037440:COMPACT_ABORT input_files: "datalog/459" input_files: "datalog/460" compactIntoNextLevel: true destinationLevel: 1
3037440:Found dead task input_files: "datalog/461" input_files: "datalog/462" compactIntoNextLevel: true destinationLevel: 1
3037440:COMPACT_START sstable=0 input_files: "datalog/461" input_files: "datalog/462" compactIntoNextLevel: true destinationLevel: 1
2026-05-01 07:41:28:150 - Compaction started: 
140387129628224:Compacting datalog/461 datalog/462 into:sstable1/84ad5a58-80d8-45c6-8d85-dea5e894d7fd202605010141171777621288153216966.sst
2026-05-01 07:41:28:167 - Compaction completed: 
3037440:Task input_files: "datalog/471" input_files: "datalog/472" compactIntoNextLevel: true destinationLevel: 1 is dead (hb=30)
3037440:Task input_files: "datalog/473" input_files: "datalog/474" compactIntoNextLevel: true destinationLevel: 1 is dead (hb=30)
3037440:Found dead task input_files: "datalog/473" input_files: "datalog/474" compactIntoNextLevel: true destinationLevel: 1
3037440:COMPACT_START sstable=0 input_files: "datalog/473" input_files: "datalog/474" compactIntoNextLevel: true destinationLevel: 1
3037440:COMPACT_ABORT input_files: "datalog/473" input_files: "datalog/474" compactIntoNextLevel: true destinationLevel: 1
3037440:Found dead task input_files: "datalog/471" input_files: "datalog/472" compactIntoNextLevel: true destinationLevel: 1
3037440:COMPACT_START sstable=0 input_files: "datalog/471" input_files: "datalog/472" compactIntoNextLevel: true destinationLevel: 1
3037440:COMPACT_ABORT input_files: "datalog/471" input_files: "datalog/472" compactIntoNextLevel: true destinationLevel: 1
3037440:COMPACT_START sstable=0 input_files: "datalog/631" input_files: "datalog/632" compactIntoNextLevel: true destinationLevel: 1
3037440:COMPACT_ABORT input_files: "datalog/631" input_files: "datalog/632" compactIntoNextLevel: true destinationLevel: 1
3037440:COMPACT_START sstable=0 input_files: "datalog/633" input_files: "datalog/634" compactIntoNextLevel: true destinationLevel: 1
3037440:COMPACT_ABORT input_files: "datalog/633" input_files: "datalog/634" compactIntoNextLevel: true destinationLevel: 1
3037440:COMPACT_START sstable=0 input_files: "datalog/635" input_files: "datalog/636" compactIntoNextLevel: true destinationLevel: 1
2026-05-01 07:41:28:253 - Compaction started: 
140387129628224:Compacting datalog/635 datalog/636 into:sstable1/84ad5a58-80d8-45c6-8d85-dea5e894d7fd202605010141171777621288256164579.sst
2026-05-01 07:41:28:270 - Compaction completed: 
3037440:Task input_files: "datalog/87" input_files: "datalog/88" compactIntoNextLevel: true destinationLevel: 1 is dead (hb=30)
3037440:Task input_files: "datalog/479" input_files: "datalog/480" compactIntoNextLevel: true destinationLevel: 1 is dead (hb=30)
3037440:Found dead task input_files: "datalog/479" input_files: "datalog/480" compactIntoNextLevel: true destinationLevel: 1
3037440:COMPACT_START sstable=0 input_files: "datalog/479" input_files: "datalog/480" compactIntoNextLevel: true destinationLevel: 1
3037440:COMPACT_ABORT input_files: "datalog/479" input_files: "datalog/480" compactIntoNextLevel: true destinationLevel: 1
3037440:COMPACT_START sstable=0 input_files: "datalog/643" input_files: "datalog/644" compactIntoNextLevel: true destinationLevel: 1
2026-05-01 07:41:28:456 - Compaction started: 
140387129628224:Compacting datalog/643 datalog/644 into:sstable1/84ad5a58-80d8-45c6-8d85-dea5e894d7fd202605010141171777621288458772984.sst
2026-05-01 07:41:28:472 - Compaction completed: 
3037440:Task input_files: "datalog/489" input_files: "datalog/490" compactIntoNextLevel: true destinationLevel: 1 is dead (hb=30)
3037440:Found dead task input_files: "datalog/489" input_files: "datalog/490" compactIntoNextLevel: true destinationLevel: 1
3037440:COMPACT_START sstable=0 input_files: "datalog/489" input_files: "datalog/490" compactIntoNextLevel: true destinationLevel: 1
3037440:COMPACT_ABORT input_files: "datalog/489" input_files: "datalog/490" compactIntoNextLevel: true destinationLevel: 1
3037440:COMPACT_START sstable=0 input_files: "datalog/659" input_files: "datalog/660" compactIntoNextLevel: true destinationLevel: 1
3037440:COMPACT_ABORT input_files: "datalog/659" input_files: "datalog/660" compactIntoNextLevel: true destinationLevel: 1
3037440:COMPACT_START sstable=0 input_files: "datalog/661" input_files: "datalog/662" compactIntoNextLevel: true destinationLevel: 1
3037440:COMPACT_ABORT input_files: "datalog/661" input_files: "datalog/662" compactIntoNextLevel: true destinationLevel: 1
3037440:Task input_files: "datalog/353" input_files: "datalog/354" compactIntoNextLevel: true destinationLevel: 1 is dead (hb=30)
3037440:Task input_files: "datalog/493" input_files: "datalog/494" compactIntoNextLevel: true destinationLevel: 1 is dead (hb=30)
3037440:Found dead task input_files: "datalog/493" input_files: "datalog/494" compactIntoNextLevel: true destinationLevel: 1
3037440:COMPACT_START sstable=0 input_files: "datalog/493" input_files: "datalog/494" compactIntoNextLevel: true destinationLevel: 1
2026-05-01 07:41:28:660 - Compaction started: 
140387129628224:Compacting datalog/493 datalog/494 into:sstable1/84ad5a58-80d8-45c6-8d85-dea5e894d7fd202605010141171777621288663087007.sst
2026-05-01 07:41:28:677 - Compaction completed: 
3037440:COMPACT_START sstable=0 input_files: "datalog/675" input_files: "datalog/676" compactIntoNextLevel: true destinationLevel: 1
3037440:COMPACT_ABORT input_files: "datalog/675" input_files: "datalog/676" compactIntoNextLevel: true destinationLevel: 1
3037440:COMPACT_START sstable=0 input_files: "datalog/677" input_files: "datalog/678" compactIntoNextLevel: true destinationLevel: 1
2026-05-01 07:41:28:763 - Compaction started: 
140387129628224:Compacting datalog/677 datalog/678 into:sstable1/84ad5a58-80d8-45c6-8d85-dea5e894d7fd202605010141171777621288765526417.sst
2026-05-01 07:41:28:778 - Compaction completed: 
3037440:Task input_files: "datalog/505" input_files: "datalog/506" compactIntoNextLevel: true destinationLevel: 1 is dead (hb=30)
3037440:Found dead task input_files: "datalog/505" input_files: "datalog/506" compactIntoNextLevel: true destinationLevel: 1
3037440:COMPACT_START sstable=0 input_files: "datalog/505" input_files: "datalog/506" compactIntoNextLevel: true destinationLevel: 1
3037440:COMPACT_ABORT input_files: "datalog/505" input_files: "datalog/506" compactIntoNextLevel: true destinationLevel: 1
3037440:COMPACT_START sstable=0 input_files: "datalog/687" input_files: "datalog/688" compactIntoNextLevel: true destinationLevel: 1
3037440:COMPACT_ABORT input_files: "datalog/687" input_files: "datalog/688" compactIntoNextLevel: true destinationLevel: 1
3037440:COMPACT_START sstable=0 input_files: "datalog/689" input_files: "datalog/690" compactIntoNextLevel: true destinationLevel: 1
2026-05-01 07:41:28:866 - Compaction started: 
140387129628224:Compacting datalog/689 datalog/690 into:sstable1/84ad5a58-80d8-45c6-8d85-dea5e894d7fd202605010141171777621288868472959.sst
2026-05-01 07:41:28:882 - Compaction completed: 
3037440:Task input_files: "datalog/369" input_files: "datalog/370" compactIntoNextLevel: true destinationLevel: 1 is dead (hb=30)
3037440:Found dead task input_files: "datalog/369" input_files: "datalog/370" compactIntoNextLevel: true destinationLevel: 1
3037440:COMPACT_START sstable=0 input_files: "datalog/369" input_files: "datalog/370" compactIntoNextLevel: true destinationLevel: 1
3037440:COMPACT_ABORT input_files: "datalog/369" input_files: "datalog/370" compactIntoNextLevel: true destinationLevel: 1
3037440:COMPACT_START sstable=0 input_files: "datalog/697" input_files: "datalog/698" compactIntoNextLevel: true destinationLevel: 1
3037440:COMPACT_ABORT input_files: "datalog/697" input_files: "datalog/698" compactIntoNextLevel: true destinationLevel: 1
3037440:COMPACT_START sstable=0 input_files: "datalog/699" input_files: "datalog/700" compactIntoNextLevel: true destinationLevel: 1
2026-05-01 07:41:28:968 - Compaction started: 
140387129628224:Compacting datalog/699 datalog/700 into:sstable1/84ad5a58-80d8-45c6-8d85-dea5e894d7fd202605010141171777621288970568635.sst
2026-05-01 07:41:28:983 - Compaction completed: 
3037440:Task input_files: "datalog/515" input_files: "datalog/516" compactIntoNextLevel: true destinationLevel: 1 is dead (hb=30)
3037440:Found dead task input_files: "datalog/515" input_files: "datalog/516" compactIntoNextLevel: true destinationLevel: 1
3037440:COMPACT_START sstable=0 input_files: "datalog/515" input_files: "datalog/516" compactIntoNextLevel: true destinationLevel: 1
2026-05-01 07:41:29:070 - Compaction started: 
140387129628224:Compacting datalog/515 datalog/516 into:sstable1/84ad5a58-80d8-45c6-8d85-dea5e894d7fd202605010141171777621289072176487.sst
2026-05-01 07:41:29:086 - Compaction completed: 
3037440:Task input_files: "datalog/517" input_files: "datalog/518" compactIntoNextLevel: true destinationLevel: 1 is dead (hb=30)
3037440:Found dead task input_files: "datalog/517" input_files: "datalog/518" compactIntoNextLevel: true destinationLevel: 1
3037440:COMPACT_START sstable=0 input_files: "datalog/517" input_files: "datalog/518" compactIntoNextLevel: true destinationLevel: 1
3037440:COMPACT_ABORT input_files: "datalog/517" input_files: "datalog/518" compactIntoNextLevel: true destinationLevel: 1
3037440:COMPACT_START sstable=0 input_files: "datalog/719" input_files: "datalog/720" compactIntoNextLevel: true destinationLevel: 1
2026-05-01 07:41:29:172 - Compaction started: 
140387129628224:Compacting datalog/719 datalog/720 into:sstable1/84ad5a58-80d8-45c6-8d85-dea5e894d7fd202605010141171777621289174496904.sst
2026-05-01 07:41:29:187 - Compaction completed: 
3037440:Task input_files: "datalog/521" input_files: "datalog/522" compactIntoNextLevel: true destinationLevel: 1 is dead (hb=30)
3037440:Task input_files: "datalog/161" input_files: "datalog/162" compactIntoNextLevel: true destinationLevel: 1 is dead (hb=30)
3037440:Found dead task input_files: "datalog/161" input_files: "datalog/162" compactIntoNextLevel: true destinationLevel: 1
3037440:COMPACT_START sstable=0 input_files: "datalog/161" input_files: "datalog/162" compactIntoNextLevel: true destinationLevel: 1
2026-05-01 07:41:29:273 - Compaction started: 
140387129628224:Compacting datalog/161 datalog/162 into:sstable1/84ad5a58-80d8-45c6-8d85-dea5e894d7fd202605010141171777621289276201628.sst
2026-05-01 07:41:29:293 - Compaction completed: 
3037440:Task input_files: "datalog/529" input_files: "datalog/530" compactIntoNextLevel: true destinationLevel: 1 is dead (hb=30)
3037440:Task input_files: "datalog/525" input_files: "datalog/526" compactIntoNextLevel: true destinationLevel: 1 is dead (hb=30)
3037440:Task input_files: "datalog/527" input_files: "datalog/528" compactIntoNextLevel: true destinationLevel: 1 is dead (hb=30)
3037440:Task input_files: "datalog/533" input_files: "datalog/534" compactIntoNextLevel: true destinationLevel: 1 is dead (hb=30)
3037440:Found dead task input_files: "datalog/533" input_files: "datalog/534" compactIntoNextLevel: true destinationLevel: 1
3037440:COMPACT_START sstable=0 input_files: "datalog/533" input_files: "datalog/534" compactIntoNextLevel: true destinationLevel: 1
3037440:COMPACT_ABORT input_files: "datalog/533" input_files: "datalog/534" compactIntoNextLevel: true destinationLevel: 1
3037440:Found dead task input_files: "datalog/525" input_files: "datalog/526" compactIntoNextLevel: true destinationLevel: 1
3037440:COMPACT_START sstable=0 input_files: "datalog/525" input_files: "datalog/526" compactIntoNextLevel: true destinationLevel: 1
3037440:COMPACT_ABORT input_files: "datalog/525" input_files: "datalog/526" compactIntoNextLevel: true destinationLevel: 1
3037440:Task input_files: "datalog/181" input_files: "datalog/182" compactIntoNextLevel: true destinationLevel: 1 is dead (hb=30)
3037440:Task input_files: "datalog/531" input_files: "datalog/532" compactIntoNextLevel: true destinationLevel: 1 is dead (hb=30)
3037440:Task input_files: "datalog/193" input_files: "datalog/194" compactIntoNextLevel: true destinationLevel: 1 is dead (hb=30)
3037440:Found dead task input_files: "datalog/193" input_files: "datalog/194" compactIntoNextLevel: true destinationLevel: 1
3037440:COMPACT_START sstable=0 input_files: "datalog/193" input_files: "datalog/194" compactIntoNextLevel: true destinationLevel: 1
2026-05-01 07:41:29:476 - Compaction started: 
140387129628224:Compacting datalog/193 datalog/194 into:sstable1/84ad5a58-80d8-45c6-8d85-dea5e894d7fd202605010141171777621289480078190.sst
2026-05-01 07:41:29:498 - Compaction completed: 
3037440:COMPACT_START sstable=0 input_files: "datalog/745" input_files: "datalog/746" compactIntoNextLevel: true destinationLevel: 1
3037440:COMPACT_ABORT input_files: "datalog/745" input_files: "datalog/746" compactIntoNextLevel: true destinationLevel: 1
3037440:Task input_files: "datalog/215" input_files: "datalog/216" compactIntoNextLevel: true destinationLevel: 1 is dead (hb=30)
3037440:Found dead task input_files: "datalog/215" input_files: "datalog/216" compactIntoNextLevel: true destinationLevel: 1
3037440:COMPACT_START sstable=0 input_files: "datalog/215" input_files: "datalog/216" compactIntoNextLevel: true destinationLevel: 1
3037440:COMPACT_ABORT input_files: "datalog/215" input_files: "datalog/216" compactIntoNextLevel: true destinationLevel: 1
3037440:COMPACT_START sstable=0 input_files: "datalog/751" input_files: "datalog/752" compactIntoNextLevel: true destinationLevel: 1
2026-05-01 07:41:29:680 - Compaction started: 
140387129628224:Compacting datalog/751 datalog/752 into:sstable1/84ad5a58-80d8-45c6-8d85-dea5e894d7fd202605010141171777621289682842528.sst
2026-05-01 07:41:29:695 - Compaction completed: 
3037440:COMPACT_START sstable=0 input_files: "datalog/763" input_files: "datalog/764" compactIntoNextLevel: true destinationLevel: 1
2026-05-01 07:41:29:782 - Compaction started: 
140387129628224:Compacting datalog/763 datalog/764 into:sstable1/84ad5a58-80d8-45c6-8d85-dea5e894d7fd202605010141171777621289784588058.sst
2026-05-01 07:41:29:796 - Compaction completed: 
3037440:Task input_files: "datalog/551" input_files: "datalog/552" compactIntoNextLevel: true destinationLevel: 1 is dead (hb=30)
3037440:Task input_files: "datalog/549" input_files: "datalog/550" compactIntoNextLevel: true destinationLevel: 1 is dead (hb=30)
3037440:Found dead task input_files: "datalog/549" input_files: "datalog/550" compactIntoNextLevel: true destinationLevel: 1
3037440:COMPACT_START sstable=0 input_files: "datalog/549" input_files: "datalog/550" compactIntoNextLevel: true destinationLevel: 1
3037440:COMPACT_ABORT input_files: "datalog/549" input_files: "datalog/550" compactIntoNextLevel: true destinationLevel: 1
3037440:Found dead task input_files: "datalog/551" input_files: "datalog/552" compactIntoNextLevel: true destinationLevel: 1
3037440:COMPACT_START sstable=0 input_files: "datalog/551" input_files: "datalog/552" compactIntoNextLevel: true destinationLevel: 1
2026-05-01 07:41:29:884 - Compaction started: 
140387129628224:Compacting datalog/551 datalog/552 into:sstable1/84ad5a58-80d8-45c6-8d85-dea5e894d7fd202605010141171777621289886837773.sst
2026-05-01 07:41:29:901 - Compaction completed: 
3037440:COMPACT_START sstable=0 input_files: "datalog/777" input_files: "datalog/778" compactIntoNextLevel: true destinationLevel: 1
3037440:COMPACT_ABORT input_files: "datalog/777" input_files: "datalog/778" compactIntoNextLevel: true destinationLevel: 1
3037440:COMPACT_START sstable=0 input_files: "datalog/779" input_files: "datalog/780" compactIntoNextLevel: true destinationLevel: 1
3037440:COMPACT_ABORT input_files: "datalog/779" input_files: "datalog/780" compactIntoNextLevel: true destinationLevel: 1
3037440:COMPACT_START sstable=0 input_files: "datalog/781" input_files: "datalog/782" compactIntoNextLevel: true destinationLevel: 1
2026-05-01 07:41:29:987 - Compaction started: 
140387129628224:Compacting datalog/781 datalog/782 into:sstable1/84ad5a58-80d8-45c6-8d85-dea5e894d7fd202605010141171777621289989147941.sst
2026-05-01 07:41:30:001 - Compaction completed: 
3037440:Task input_files: "datalog/559" input_files: "datalog/560" compactIntoNextLevel: true destinationLevel: 1 is dead (hb=30)
3037440:Found dead task input_files: "datalog/559" input_files: "datalog/560" compactIntoNextLevel: true destinationLevel: 1
3037440:COMPACT_START sstable=0 input_files: "datalog/559" input_files: "datalog/560" compactIntoNextLevel: true destinationLevel: 1
2026-05-01 07:41:30:088 - Compaction started: 
140387129628224:Compacting datalog/559 datalog/560 into:sstable1/84ad5a58-80d8-45c6-8d85-dea5e894d7fd202605010141171777621290091108474.sst
2026-05-01 07:41:30:105 - Compaction completed: 
3037440:COMPACT_START sstable=0 input_files: "datalog/793" input_files: "datalog/794" compactIntoNextLevel: true destinationLevel: 1
2026-05-01 07:41:30:190 - Compaction started: 
140387129628224:Compacting datalog/793 datalog/794 into:sstable1/84ad5a58-80d8-45c6-8d85-dea5e894d7fd202605010141171777621290193090147.sst
2026-05-01 07:41:30:206 - Compaction completed: 
3037440:COMPACT_START sstable=0 input_files: "datalog/803" input_files: "datalog/804" compactIntoNextLevel: true destinationLevel: 1
2026-05-01 07:41:30:292 - Compaction started: 
140387129628224:Compacting datalog/803 datalog/804 into:sstable1/84ad5a58-80d8-45c6-8d85-dea5e894d7fd202605010141171777621290294340869.sst
2026-05-01 07:41:30:306 - Compaction completed: 
3037440:Task input_files: "datalog/577" input_files: "datalog/578" compactIntoNextLevel: true destinationLevel: 1 is dead (hb=30)
3037440:Found dead task input_files: "datalog/577" input_files: "datalog/578" compactIntoNextLevel: true destinationLevel: 1
3037440:COMPACT_START sstable=0 input_files: "datalog/577" input_files: "datalog/578" compactIntoNextLevel: true destinationLevel: 1
3037440:COMPACT_ABORT input_files: "datalog/577" input_files: "datalog/578" compactIntoNextLevel: true destinationLevel: 1
3037440:Task input_files: "datalog/583" input_files: "datalog/584" compactIntoNextLevel: true destinationLevel: 1 is dead (hb=30)
3037440:Task input_files: "datalog/575" input_files: "datalog/576" compactIntoNextLevel: true destinationLevel: 1 is dead (hb=30)
3037440:Task input_files: "datalog/581" input_files: "datalog/582" compactIntoNextLevel: true destinationLevel: 1 is dead (hb=30)
3037440:Task input_files: "datalog/573" input_files: "datalog/574" compactIntoNextLevel: true destinationLevel: 1 is dead (hb=30)
3037440:Found dead task input_files: "datalog/573" input_files: "datalog/574" compactIntoNextLevel: true destinationLevel: 1
3037440:COMPACT_START sstable=0 input_files: "datalog/573" input_files: "datalog/574" compactIntoNextLevel: true destinationLevel: 1
3037440:COMPACT_ABORT input_files: "datalog/573" input_files: "datalog/574" compactIntoNextLevel: true destinationLevel: 1
3037440:Found dead task input_files: "datalog/581" input_files: "datalog/582" compactIntoNextLevel: true destinationLevel: 1
3037440:COMPACT_START sstable=0 input_files: "datalog/581" input_files: "datalog/582" compactIntoNextLevel: true destinationLevel: 1
2026-05-01 07:41:30:394 - Compaction started: 
140387129628224:Compacting datalog/581 datalog/582 into:sstable1/84ad5a58-80d8-45c6-8d85-dea5e894d7fd202605010141171777621290396838088.sst
2026-05-01 07:41:30:411 - Compaction completed: 
3037440:COMPACT_START sstable=0 input_files: "datalog/817" input_files: "datalog/818" compactIntoNextLevel: true destinationLevel: 1
2026-05-01 07:41:30:496 - Compaction started: 
140387129628224:Compacting datalog/817 datalog/818 into:sstable1/84ad5a58-80d8-45c6-8d85-dea5e894d7fd202605010141171777621290498525970.sst
2026-05-01 07:41:30:511 - Compaction completed: 
3037440:COMPACT_START sstable=0 input_files: "datalog/825" input_files: "datalog/826" compactIntoNextLevel: true destinationLevel: 1
3037440:COMPACT_ABORT input_files: "datalog/825" input_files: "datalog/826" compactIntoNextLevel: true destinationLevel: 1
3037440:COMPACT_START sstable=0 input_files: "datalog/827" input_files: "datalog/828" compactIntoNextLevel: true destinationLevel: 1
2026-05-01 07:41:30:598 - Compaction started: 
140387129628224:Compacting datalog/827 datalog/828 into:sstable1/84ad5a58-80d8-45c6-8d85-dea5e894d7fd202605010141171777621290600774463.sst
2026-05-01 07:41:30:613 - Compaction completed: 
3037440:Task input_files: "datalog/595" input_files: "datalog/596" compactIntoNextLevel: true destinationLevel: 1 is dead (hb=30)
3037440:Found dead task input_files: "datalog/595" input_files: "datalog/596" compactIntoNextLevel: true destinationLevel: 1
3037440:COMPACT_START sstable=0 input_files: "datalog/595" input_files: "datalog/596" compactIntoNextLevel: true destinationLevel: 1
3037440:COMPACT_ABORT input_files: "datalog/595" input_files: "datalog/596" compactIntoNextLevel: true destinationLevel: 1
3037440:COMPACT_START sstable=0 input_files: "datalog/833" input_files: "datalog/834" compactIntoNextLevel: true destinationLevel: 1
2026-05-01 07:41:30:700 - Compaction started: 
140387129628224:Compacting datalog/833 datalog/834 into:sstable1/84ad5a58-80d8-45c6-8d85-dea5e894d7fd202605010141171777621290702716611.sst
2026-05-01 07:41:30:715 - Compaction completed: 
3037440:COMPACT_START sstable=0 input_files: "datalog/841" input_files: "datalog/842" compactIntoNextLevel: true destinationLevel: 1
3037440:COMPACT_ABORT input_files: "datalog/841" input_files: "datalog/842" compactIntoNextLevel: true destinationLevel: 1
3037440:COMPACT_START sstable=0 input_files: "datalog/843" input_files: "datalog/844" compactIntoNextLevel: true destinationLevel: 1
3037440:COMPACT_ABORT input_files: "datalog/843" input_files: "datalog/844" compactIntoNextLevel: true destinationLevel: 1
3037440:COMPACT_START sstable=0 input_files: "datalog/845" input_files: "datalog/846" compactIntoNextLevel: true destinationLevel: 1
3037440:COMPACT_ABORT input_files: "datalog/845" input_files: "datalog/846" compactIntoNextLevel: true destinationLevel: 1
3037440:COMPACT_START sstable=0 input_files: "datalog/853" input_files: "datalog/854" compactIntoNextLevel: true destinationLevel: 1
3037440:COMPACT_ABORT input_files: "datalog/853" input_files: "datalog/854" compactIntoNextLevel: true destinationLevel: 1
3037440:COMPACT_START sstable=0 input_files: "datalog/855" input_files: "datalog/856" compactIntoNextLevel: true destinationLevel: 1
3037440:COMPACT_ABORT input_files: "datalog/855" input_files: "datalog/856" compactIntoNextLevel: true destinationLevel: 1
3037440:COMPACT_START sstable=0 input_files: "datalog/857" input_files: "datalog/858" compactIntoNextLevel: true destinationLevel: 1
3037440:COMPACT_ABORT input_files: "datalog/857" input_files: "datalog/858" compactIntoNextLevel: true destinationLevel: 1
3037440:COMPACT_START sstable=0 input_files: "datalog/859" input_files: "datalog/860" compactIntoNextLevel: true destinationLevel: 1
2026-05-01 07:41:30:906 - Compaction started: 
140387129628224:Compacting datalog/859 datalog/860 into:sstable1/84ad5a58-80d8-45c6-8d85-dea5e894d7fd202605010141171777621290908453120.sst
2026-05-01 07:41:30:921 - Compaction completed: 
3037440:Task input_files: "datalog/615" input_files: "datalog/616" compactIntoNextLevel: true destinationLevel: 1 is dead (hb=30)
3037440:Task input_files: "datalog/607" input_files: "datalog/608" compactIntoNextLevel: true destinationLevel: 1 is dead (hb=30)
3037440:Task input_files: "datalog/613" input_files: "datalog/614" compactIntoNextLevel: true destinationLevel: 1 is dead (hb=30)
3037440:Found dead task input_files: "datalog/607" input_files: "datalog/608" compactIntoNextLevel: true destinationLevel: 1
3037440:COMPACT_START sstable=0 input_files: "datalog/607" input_files: "datalog/608" compactIntoNextLevel: true destinationLevel: 1
2026-05-01 07:41:31:008 - Compaction started: 
140387129628224:Compacting datalog/607 datalog/608 into:sstable1/84ad5a58-80d8-45c6-8d85-dea5e894d7fd202605010141171777621291010625430.sst
2026-05-01 07:41:31:025 - Compaction completed: 
3037440:Task input_files: "datalog/619" input_files: "datalog/620" compactIntoNextLevel: true destinationLevel: 1 is dead (hb=30)
3037440:Task input_files: "datalog/611" input_files: "datalog/612" compactIntoNextLevel: true destinationLevel: 1 is dead (hb=30)
3037440:Task input_files: "datalog/459" input_files: "datalog/460" compactIntoNextLevel: true destinationLevel: 1 is dead (hb=30)
3037440:Found dead task input_files: "datalog/459" input_files: "datalog/460" compactIntoNextLevel: true destinationLevel: 1
3037440:COMPACT_START sstable=0 input_files: "datalog/459" input_files: "datalog/460" compactIntoNextLevel: true destinationLevel: 1
3037440:COMPACT_ABORT input_files: "datalog/459" input_files: "datalog/460" compactIntoNextLevel: true destinationLevel: 1
3037440:Found dead task input_files: "datalog/611" input_files: "datalog/612" compactIntoNextLevel: true destinationLevel: 1
3037440:COMPACT_START sstable=0 input_files: "datalog/611" input_files: "datalog/612" compactIntoNextLevel: true destinationLevel: 1
3037440:COMPACT_ABORT input_files: "datalog/611" input_files: "datalog/612" compactIntoNextLevel: true destinationLevel: 1
3037440:Task input_files: "datalog/631" input_files: "datalog/632" compactIntoNextLevel: true destinationLevel: 1 is dead (hb=30)
3037440:Task input_files: "datalog/471" input_files: "datalog/472" compactIntoNextLevel: true destinationLevel: 1 is dead (hb=30)
3037440:Task input_files: "datalog/633" input_files: "datalog/634" compactIntoNextLevel: true destinationLevel: 1 is dead (hb=30)
3037440:Task input_files: "datalog/473" input_files: "datalog/474" compactIntoNextLevel: true destinationLevel: 1 is dead (hb=30)
3037440:Found dead task input_files: "datalog/473" input_files: "datalog/474" compactIntoNextLevel: true destinationLevel: 1
3037440:COMPACT_START sstable=0 input_files: "datalog/473" input_files: "datalog/474" compactIntoNextLevel: true destinationLevel: 1
2026-05-01 07:41:31:211 - Compaction started: 
140387129628224:Compacting datalog/473 datalog/474 into:sstable1/84ad5a58-80d8-45c6-8d85-dea5e894d7fd202605010141171777621291213845261.sst
2026-05-01 07:41:31:229 - Compaction completed: 
3037440:Found dead task input_files: "datalog/471" input_files: "datalog/472" compactIntoNextLevel: true destinationLevel: 1
3037440:COMPACT_START sstable=0 input_files: "datalog/471" input_files: "datalog/472" compactIntoNextLevel: true destinationLevel: 1
3037440:COMPACT_ABORT input_files: "datalog/471" input_files: "datalog/472" compactIntoNextLevel: true destinationLevel: 1
3037440:Found dead task input_files: "datalog/631" input_files: "datalog/632" compactIntoNextLevel: true destinationLevel: 1
3037440:COMPACT_START sstable=0 input_files: "datalog/631" input_files: "datalog/632" compactIntoNextLevel: true destinationLevel: 1
2026-05-01 07:41:31:313 - Compaction started: 
140387129628224:Compacting datalog/631 datalog/632 into:sstable1/84ad5a58-80d8-45c6-8d85-dea5e894d7fd202605010141171777621291316312925.sst
2026-05-01 07:41:31:329 - Compaction completed: 
3037440:Task input_files: "datalog/479" input_files: "datalog/480" compactIntoNextLevel: true destinationLevel: 1 is dead (hb=30)
3037440:Found dead task input_files: "datalog/479" input_files: "datalog/480" compactIntoNextLevel: true destinationLevel: 1
3037440:COMPACT_START sstable=0 input_files: "datalog/479" input_files: "datalog/480" compactIntoNextLevel: true destinationLevel: 1
3037440:COMPACT_ABORT input_files: "datalog/479" input_files: "datalog/480" compactIntoNextLevel: true destinationLevel: 1
3037440:COMPACT_START sstable=1 input_files: "sstable1/84ad5a58-80d8-45c6-8d85-dea5e894d7fd202605010141171777621278530877290.sst" input_files: "sstable1/5d44a28f-0275-4961-9fdc-6585c46e1870202605010141171777621278507407494.sst" compactIntoNextLevel: true destinationLevel: 2
3037440:COMPACT_ABORT input_files: "sstable1/84ad5a58-80d8-45c6-8d85-dea5e894d7fd202605010141171777621278530877290.sst" input_files: "sstable1/5d44a28f-0275-4961-9fdc-6585c46e1870202605010141171777621278507407494.sst" compactIntoNextLevel: true destinationLevel: 2
3037440:Task input_files: "datalog/659" input_files: "datalog/660" compactIntoNextLevel: true destinationLevel: 1 is dead (hb=30)
3037440:Task input_files: "datalog/651" input_files: "datalog/652" compactIntoNextLevel: true destinationLevel: 1 is dead (hb=30)
3037440:Task input_files: "datalog/649" input_files: "datalog/650" compactIntoNextLevel: true destinationLevel: 1 is dead (hb=30)
3037440:Task input_files: "datalog/655" input_files: "datalog/656" compactIntoNextLevel: true destinationLevel: 1 is dead (hb=30)
3037440:Task input_files: "datalog/489" input_files: "datalog/490" compactIntoNextLevel: true destinationLevel: 1 is dead (hb=30)
3037440:Task input_files: "datalog/97" input_files: "datalog/98" compactIntoNextLevel: true destinationLevel: 1 is dead (hb=30)
3037440:Found dead task input_files: "datalog/97" input_files: "datalog/98" compactIntoNextLevel: true destinationLevel: 1
3037440:COMPACT_START sstable=0 input_files: "datalog/97" input_files: "datalog/98" compactIntoNextLevel: true destinationLevel: 1
3037440:COMPACT_ABORT input_files: "datalog/97" input_files: "datalog/98" compactIntoNextLevel: true destinationLevel: 1
3037440:Found dead task input_files: "datalog/489" input_files: "datalog/490" compactIntoNextLevel: true destinationLevel: 1
3037440:COMPACT_START sstable=0 input_files: "datalog/489" input_files: "datalog/490" compactIntoNextLevel: true destinationLevel: 1
3037440:COMPACT_ABORT input_files: "datalog/489" input_files: "datalog/490" compactIntoNextLevel: true destinationLevel: 1
3037440:Found dead task input_files: "datalog/655" input_files: "datalog/656" compactIntoNextLevel: true destinationLevel: 1
3037440:COMPACT_START sstable=0 input_files: "datalog/655" input_files: "datalog/656" compactIntoNextLevel: true destinationLevel: 1
3037440:COMPACT_ABORT input_files: "datalog/655" input_files: "datalog/656" compactIntoNextLevel: true destinationLevel: 1
3037440:Task input_files: "datalog/667" input_files: "datalog/668" compactIntoNextLevel: true destinationLevel: 1 is dead (hb=30)
3037440:Task input_files: "datalog/661" input_files: "datalog/662" compactIntoNextLevel: true destinationLevel: 1 is dead (hb=30)
3037440:Task input_files: "datalog/355" input_files: "datalog/356" compactIntoNextLevel: true destinationLevel: 1 is dead (hb=30)
3037440:Task input_files: "datalog/491" input_files: "datalog/492" compactIntoNextLevel: true destinationLevel: 1 is dead (hb=30)
3037440:Found dead task input_files: "datalog/491" input_files: "datalog/492" compactIntoNextLevel: true destinationLevel: 1
3037440:COMPACT_START sstable=0 input_files: "datalog/491" input_files: "datalog/492" compactIntoNextLevel: true destinationLevel: 1
3037440:COMPACT_ABORT input_files: "datalog/491" input_files: "datalog/492" compactIntoNextLevel: true destinationLevel: 1
3037440:Task input_files: "datalog/675" input_files: "datalog/676" compactIntoNextLevel: true destinationLevel: 1 is dead (hb=30)
3037440:Task input_files: "datalog/353" input_files: "datalog/354" compactIntoNextLevel: true destinationLevel: 1 is dead (hb=30)
3037440:Found dead task input_files: "datalog/353" input_files: "datalog/354" compactIntoNextLevel: true destinationLevel: 1
3037440:COMPACT_START sstable=0 input_files: "datalog/353" input_files: "datalog/354" compactIntoNextLevel: true destinationLevel: 1
3037440:COMPACT_ABORT input_files: "datalog/353" input_files: "datalog/354" compactIntoNextLevel: true destinationLevel: 1
3037440:Found dead task input_files: "datalog/675" input_files: "datalog/676" compactIntoNextLevel: true destinationLevel: 1
3037440:COMPACT_START sstable=0 input_files: "datalog/675" input_files: "datalog/676" compactIntoNextLevel: true destinationLevel: 1
2026-05-01 07:41:31:720 - Compaction started: 
140387129628224:Compacting datalog/675 datalog/676 into:sstable1/84ad5a58-80d8-45c6-8d85-dea5e894d7fd202605010141171777621291722992738.sst
2026-05-01 07:41:31:735 - Compaction completed: 
3037440:Task input_files: "datalog/687" input_files: "datalog/688" compactIntoNextLevel: true destinationLevel: 1 is dead (hb=30)
3037440:Task input_files: "datalog/683" input_files: "datalog/684" compactIntoNextLevel: true destinationLevel: 1 is dead (hb=30)
3037440:Task input_files: "datalog/681" input_files: "datalog/682" compactIntoNextLevel: true destinationLevel: 1 is dead (hb=30)
3037440:Task input_files: "datalog/123" input_files: "datalog/124" compactIntoNextLevel: true destinationLevel: 1 is dead (hb=30)
3037440:Task input_files: "datalog/505" input_files: "datalog/506" compactIntoNextLevel: true destinationLevel: 1 is dead (hb=30)
3037440:Found dead task input_files: "datalog/505" input_files: "datalog/506" compactIntoNextLevel: true destinationLevel: 1
3037440:COMPACT_START sstable=0 input_files: "datalog/505" input_files: "datalog/506" compactIntoNextLevel: true destinationLevel: 1
3037440:COMPACT_ABORT input_files: "datalog/505" input_files: "datalog/506" compactIntoNextLevel: true destinationLevel: 1
3037440:Found dead task input_files: "datalog/123" input_files: "datalog/124" compactIntoNextLevel: true destinationLevel: 1
3037440:COMPACT_START sstable=0 input_files: "datalog/123" input_files: "datalog/124" compactIntoNextLevel: true destinationLevel: 1
2026-05-01 07:41:31:824 - Compaction started: 
140387129628224:Compacting datalog/123 datalog/124 into:sstable1/84ad5a58-80d8-45c6-8d85-dea5e894d7fd202605010141171777621291827989002.sst
2026-05-01 07:41:31:890 - Compaction completed: 
3037440:Task input_files: "datalog/685" input_files: "datalog/686" compactIntoNextLevel: true destinationLevel: 1 is dead (hb=30)
3037440:Task input_files: "datalog/679" input_files: "datalog/680" compactIntoNextLevel: true destinationLevel: 1 is dead (hb=30)
3037440:Task input_files: "datalog/131" input_files: "datalog/132" compactIntoNextLevel: true destinationLevel: 1 is dead (hb=30)
3037440:Task input_files: "datalog/697" input_files: "datalog/698" compactIntoNextLevel: true destinationLevel: 1 is dead (hb=30)
3037440:Task input_files: "datalog/369" input_files: "datalog/370" compactIntoNextLevel: true destinationLevel: 1 is dead (hb=30)
3037440:Found dead task input_files: "datalog/369" input_files: "datalog/370" compactIntoNextLevel: true destinationLevel: 1
3037440:COMPACT_START sstable=0 input_files: "datalog/369" input_files: "datalog/370" compactIntoNextLevel: true destinationLevel: 1
2026-05-01 07:41:31:926 - Compaction started: 
140387129628224:Compacting datalog/369 datalog/370 into:sstable1/84ad5a58-80d8-45c6-8d85-dea5e894d7fd202605010141171777621291929955546.sst
2026-05-01 07:41:31:946 - Compaction completed: 
3037440:Task input_files: "datalog/705" input_files: "datalog/706" compactIntoNextLevel: true destinationLevel: 1 is dead (hb=30)
3037440:Task input_files: "datalog/701" input_files: "datalog/702" compactIntoNextLevel: true destinationLevel: 1 is dead (hb=30)
3037440:Task input_files: "datalog/693" input_files: "datalog/694" compactIntoNextLevel: true destinationLevel: 1 is dead (hb=30)
3037440:Task input_files: "datalog/707" input_files: "datalog/708" compactIntoNextLevel: true destinationLevel: 1 is dead (hb=30)
3037440:Task input_files: "datalog/513" input_files: "datalog/514" compactIntoNextLevel: true destinationLevel: 1 is dead (hb=30)
3037440:Found dead task input_files: "datalog/707" input_files: "datalog/708" compactIntoNextLevel: true destinationLevel: 1
3037440:COMPACT_START sstable=0 input_files: "datalog/707" input_files: "datalog/708" compactIntoNextLevel: true destinationLevel: 1
3037440:COMPACT_ABORT input_files: "datalog/707" input_files: "datalog/708" compactIntoNextLevel: true destinationLevel: 1
3037440:Task input_files: "datalog/703" input_files: "datalog/704" compactIntoNextLevel: true destinationLevel: 1 is dead (hb=30)
3037440:Task input_files: "datalog/517" input_files: "datalog/518" compactIntoNextLevel: true destinationLevel: 1 is dead (hb=30)
3037440:Found dead task input_files: "datalog/517" input_files: "datalog/518" compactIntoNextLevel: true destinationLevel: 1
3037440:COMPACT_START sstable=0 input_files: "datalog/517" input_files: "datalog/518" compactIntoNextLevel: true destinationLevel: 1
2026-05-01 07:41:32:129 - Compaction started: 
140387129628224:Compacting datalog/517 datalog/518 into:sstable1/84ad5a58-80d8-45c6-8d85-dea5e894d7fd202605010141171777621292132625897.sst
2026-05-01 07:41:32:147 - Compaction completed: 
3037440:Task input_files: "datalog/717" input_files: "datalog/718" compactIntoNextLevel: true destinationLevel: 1 is dead (hb=30)
3037440:Task input_files: "datalog/715" input_files: "datalog/716" compactIntoNextLevel: true destinationLevel: 1 is dead (hb=30)
3037440:Found dead task input_files: "datalog/715" input_files: "datalog/716" compactIntoNextLevel: true destinationLevel: 1
3037440:COMPACT_START sstable=0 input_files: "datalog/715" input_files: "datalog/716" compactIntoNextLevel: true destinationLevel: 1
2026-05-01 07:41:32:231 - Compaction started: 
140387129628224:Compacting datalog/715 datalog/716 into:sstable1/84ad5a58-80d8-45c6-8d85-dea5e894d7fd202605010141171777621292233796289.sst
2026-05-01 07:41:32:246 - Compaction completed: 
3037440:Task input_files: "datalog/155" input_files: "datalog/156" compactIntoNextLevel: true destinationLevel: 1 is dead (hb=30)
3037440:Task input_files: "datalog/533" input_files: "datalog/534" compactIntoNextLevel: true destinationLevel: 1 is dead (hb=30)
3037440:Found dead task input_files: "datalog/533" input_files: "datalog/534" compactIntoNextLevel: true destinationLevel: 1
3037440:COMPACT_START sstable=0 input_files: "datalog/533" input_files: "datalog/534" compactIntoNextLevel: true destinationLevel: 1
2026-05-01 07:41:32:334 - Compaction started: 
140387129628224:Compacting datalog/533 datalog/534 into:sstable1/84ad5a58-80d8-45c6-8d85-dea5e894d7fd202605010141171777621292336957954.sst
2026-05-01 07:41:32:351 - Compaction completed: 
3037440:Task input_files: "datalog/737" input_files: "datalog/738" compactIntoNextLevel: true destinationLevel: 1 is dead (hb=30)
3037440:Task input_files: "datalog/735" input_files: "datalog/736" compactIntoNextLevel: true destinationLevel: 1 is dead (hb=30)
3037440:Task input_files: "datalog/733" input_files: "datalog/734" compactIntoNextLevel: true destinationLevel: 1 is dead (hb=30)
3037440:Task input_files: "datalog/525" input_files: "datalog/526" compactIntoNextLevel: true destinationLevel: 1 is dead (hb=30)
3037440:Found dead task input_files: "datalog/525" input_files: "datalog/526" compactIntoNextLevel: true destinationLevel: 1
3037440:COMPACT_START sstable=0 input_files: "datalog/525" input_files: "datalog/526" compactIntoNextLevel: true destinationLevel: 1
2026-05-01 07:41:32:435 - Compaction started: 
140387129628224:Compacting datalog/525 datalog/526 into:sstable1/84ad5a58-80d8-45c6-8d85-dea5e894d7fd202605010141171777621292438307050.sst
2026-05-01 07:41:32:452 - Compaction completed: 
3037440:Task input_files: "datalog/181" input_files: "datalog/182" compactIntoNextLevel: true destinationLevel: 1 is dead (hb=30)
3037440:Task input_files: "datalog/173" input_files: "datalog/174" compactIntoNextLevel: true destinationLevel: 1 is dead (hb=30)
3037440:Task input_files: "datalog/183" input_files: "datalog/184" compactIntoNextLevel: true destinationLevel: 1 is dead (hb=30)
3037440:Task input_files: "datalog/739" input_files: "datalog/740" compactIntoNextLevel: true destinationLevel: 1 is dead (hb=30)
3037440:Task input_files: "datalog/209" input_files: "datalog/210" compactIntoNextLevel: true destinationLevel: 1 is dead (hb=30)
3037440:Found dead task input_files: "datalog/739" input_files: "datalog/740" compactIntoNextLevel: true destinationLevel: 1
3037440:COMPACT_START sstable=0 input_files: "datalog/739" input_files: "datalog/740" compactIntoNextLevel: true destinationLevel: 1
2026-05-01 07:41:32:538 - Compaction started: 
140387129628224:Compacting datalog/739 datalog/740 into:sstable1/84ad5a58-80d8-45c6-8d85-dea5e894d7fd202605010141171777621292541119410.sst
2026-05-01 07:41:32:554 - Compaction completed: 
3037440:Task input_files: "datalog/745" input_files: "datalog/746" compactIntoNextLevel: true destinationLevel: 1 is dead (hb=30)
3037440:Task input_files: "datalog/215" input_files: "datalog/216" compactIntoNextLevel: true destinationLevel: 1 is dead (hb=30)
3037440:Found dead task input_files: "datalog/215" input_files: "datalog/216" compactIntoNextLevel: true destinationLevel: 1
3037440:COMPACT_START sstable=0 input_files: "datalog/215" input_files: "datalog/216" compactIntoNextLevel: true destinationLevel: 1
2026-05-01 07:41:32:641 - Compaction started: 
140387129628224:Compacting datalog/215 datalog/216 into:sstable1/84ad5a58-80d8-45c6-8d85-dea5e894d7fd202605010141171777621292644559677.sst
2026-05-01 07:41:32:662 - Compaction completed: 
3037440:Task input_files: "datalog/759" input_files: "datalog/760" compactIntoNextLevel: true destinationLevel: 1 is dead (hb=30)
3037440:Found dead task input_files: "datalog/759" input_files: "datalog/760" compactIntoNextLevel: true destinationLevel: 1
3037440:COMPACT_START sstable=0 input_files: "datalog/759" input_files: "datalog/760" compactIntoNextLevel: true destinationLevel: 1
3037440:COMPACT_ABORT input_files: "datalog/759" input_files: "datalog/760" compactIntoNextLevel: true destinationLevel: 1
3037440:Task input_files: "datalog/757" input_files: "datalog/758" compactIntoNextLevel: true destinationLevel: 1 is dead (hb=30)
3037440:Task input_files: "datalog/767" input_files: "datalog/768" compactIntoNextLevel: true destinationLevel: 1 is dead (hb=30)
3037440:Task input_files: "datalog/549" input_files: "datalog/550" compactIntoNextLevel: true destinationLevel: 1 is dead (hb=30)
3037440:Found dead task input_files: "datalog/549" input_files: "datalog/550" compactIntoNextLevel: true destinationLevel: 1
3037440:COMPACT_START sstable=0 input_files: "datalog/549" input_files: "datalog/550" compactIntoNextLevel: true destinationLevel: 1
3037440:COMPACT_ABORT input_files: "datalog/549" input_files: "datalog/550" compactIntoNextLevel: true destinationLevel: 1
3037440:Task input_files: "datalog/779" input_files: "datalog/780" compactIntoNextLevel: true destinationLevel: 1 is dead (hb=30)
3037440:Task input_files: "datalog/777" input_files: "datalog/778" compactIntoNextLevel: true destinationLevel: 1 is dead (hb=30)
3037440:Found dead task input_files: "datalog/777" input_files: "datalog/778" compactIntoNextLevel: true destinationLevel: 1
3037440:COMPACT_START sstable=0 input_files: "datalog/777" input_files: "datalog/778" compactIntoNextLevel: true destinationLevel: 1
2026-05-01 07:41:32:944 - Compaction started: 
140387129628224:Compacting datalog/777 datalog/778 into:sstable1/84ad5a58-80d8-45c6-8d85-dea5e894d7fd202605010141171777621292946935564.sst
2026-05-01 07:41:32:959 - Compaction completed: 
3037440:Task input_files: "datalog/773" input_files: "datalog/774" compactIntoNextLevel: true destinationLevel: 1 is dead (hb=30)
3037440:Task input_files: "datalog/787" input_files: "datalog/788" compactIntoNextLevel: true destinationLevel: 1 is dead (hb=30)
3037440:Found dead task input_files: "datalog/773" input_files: "datalog/774" compactIntoNextLevel: true destinationLevel: 1
3037440:COMPACT_START sstable=0 input_files: "datalog/773" input_files: "datalog/774" compactIntoNextLevel: true destinationLevel: 1
3037440:COMPACT_ABORT input_files: "datalog/773" input_files: "datalog/774" compactIntoNextLevel: true destinationLevel: 1
3037440:Task input_files: "datalog/407" input_files: "datalog/408" compactIntoNextLevel: true destinationLevel: 1 is dead (hb=30)
3037440:Found dead task input_files: "datalog/407" input_files: "datalog/408" compactIntoNextLevel: true destinationLevel: 1
3037440:COMPACT_START sstable=0 input_files: "datalog/407" input_files: "datalog/408" compactIntoNextLevel: true destinationLevel: 1
3037440:COMPACT_ABORT input_files: "datalog/407" input_files: "datalog/408" compactIntoNextLevel: true destinationLevel: 1
3037440:Task input_files: "datalog/799" input_files: "datalog/800" compactIntoNextLevel: true destinationLevel: 1 is dead (hb=30)
3037440:Task input_files: "datalog/243" input_files: "datalog/244" compactIntoNextLevel: true destinationLevel: 1 is dead (hb=30)
3037440:Found dead task input_files: "datalog/243" input_files: "datalog/244" compactIntoNextLevel: true destinationLevel: 1
3037440:COMPACT_START sstable=0 input_files: "datalog/243" input_files: "datalog/244" compactIntoNextLevel: true destinationLevel: 1
2026-05-01 07:41:33:248 - Compaction started: 
140387129628224:Compacting datalog/243 datalog/244 into:sstable1/84ad5a58-80d8-45c6-8d85-dea5e894d7fd202605010141171777621293251703205.sst
2026-05-01 07:41:33:268 - Compaction completed: 
3037440:Task input_files: "datalog/577" input_files: "datalog/578" compactIntoNextLevel: true destinationLevel: 1 is dead (hb=30)
3037440:Found dead task input_files: "datalog/577" input_files: "datalog/578" compactIntoNextLevel: true destinationLevel: 1
3037440:COMPACT_START sstable=0 input_files: "datalog/577" input_files: "datalog/578" compactIntoNextLevel: true destinationLevel: 1
3037440:COMPACT_ABORT input_files: "datalog/577" input_files: "datalog/578" compactIntoNextLevel: true destinationLevel: 1
3037440:Task input_files: "datalog/573" input_files: "datalog/574" compactIntoNextLevel: true destinationLevel: 1 is dead (hb=30)
3037440:Found dead task input_files: "datalog/573" input_files: "datalog/574" compactIntoNextLevel: true destinationLevel: 1
3037440:COMPACT_START sstable=0 input_files: "datalog/573" input_files: "datalog/574" compactIntoNextLevel: true destinationLevel: 1
3037440:COMPACT_ABORT input_files: "datalog/573" input_files: "datalog/574" compactIntoNextLevel: true destinationLevel: 1
3037440:Task input_files: "datalog/809" input_files: "datalog/810" compactIntoNextLevel: true destinationLevel: 1 is dead (hb=30)
3037440:Found dead task input_files: "datalog/809" input_files: "datalog/810" compactIntoNextLevel: true destinationLevel: 1
3037440:COMPACT_START sstable=0 input_files: "datalog/809" input_files: "datalog/810" compactIntoNextLevel: true destinationLevel: 1
2026-05-01 07:41:33:551 - Compaction started: 
140387129628224:Compacting datalog/809 datalog/810 into:sstable1/84ad5a58-80d8-45c6-8d85-dea5e894d7fd202605010141171777621293554485353.sst
2026-05-01 07:41:33:567 - Compaction completed: 
3037440:Task input_files: "datalog/825" input_files: "datalog/826" compactIntoNextLevel: true destinationLevel: 1 is dead (hb=30)
3037440:Task input_files: "datalog/821" input_files: "datalog/822" compactIntoNextLevel: true destinationLevel: 1 is dead (hb=30)
3037440:Found dead task input_files: "datalog/821" input_files: "datalog/822" compactIntoNextLevel: true destinationLevel: 1
3037440:COMPACT_START sstable=0 input_files: "datalog/821" input_files: "datalog/822" compactIntoNextLevel: true destinationLevel: 1
2026-05-01 07:41:33:653 - Compaction started: 
140387129628224:Compacting datalog/821 datalog/822 into:sstable1/84ad5a58-80d8-45c6-8d85-dea5e894d7fd202605010141171777621293655891447.sst
2026-05-01 07:41:33:669 - Compaction completed: 
3037440:Task input_files: "datalog/591" input_files: "datalog/592" compactIntoNextLevel: true destinationLevel: 1 is dead (hb=30)
3037440:Found dead task input_files: "datalog/591" input_files: "datalog/592" compactIntoNextLevel: true destinationLevel: 1
3037440:COMPACT_START sstable=0 input_files: "datalog/591" input_files: "datalog/592" compactIntoNextLevel: true destinationLevel: 1
2026-05-01 07:41:33:754 - Compaction started: 
140387129628224:Compacting datalog/591 datalog/592 into:sstable1/84ad5a58-80d8-45c6-8d85-dea5e894d7fd202605010141171777621293757039948.sst
2026-05-01 07:41:33:771 - Compaction completed: 
3037440:Task input_files: "datalog/855" input_files: "datalog/856" compactIntoNextLevel: true destinationLevel: 1 is dead (hb=30)
3037440:Task input_files: "datalog/849" input_files: "datalog/850" compactIntoNextLevel: true destinationLevel: 1 is dead (hb=30)
3037440:Task input_files: "datalog/845" input_files: "datalog/846" compactIntoNextLevel: true destinationLevel: 1 is dead (hb=30)
3037440:Found dead task input_files: "datalog/845" input_files: "datalog/846" compactIntoNextLevel: true destinationLevel: 1
3037440:COMPACT_START sstable=0 input_files: "datalog/845" input_files: "datalog/846" compactIntoNextLevel: true destinationLevel: 1
3037440:COMPACT_ABORT input_files: "datalog/845" input_files: "datalog/846" compactIntoNextLevel: true destinationLevel: 1
3037440:Found dead task input_files: "datalog/849" input_files: "datalog/850" compactIntoNextLevel: true destinationLevel: 1
3037440:COMPACT_START sstable=0 input_files: "datalog/849" input_files: "datalog/850" compactIntoNextLevel: true destinationLevel: 1
2026-05-01 07:41:33:956 - Compaction started: 
140387129628224:Compacting datalog/849 datalog/850 into:sstable1/84ad5a58-80d8-45c6-8d85-dea5e894d7fd202605010141171777621293959354041.sst
2026-05-01 07:41:33:972 - Compaction completed: 
3037440:Task input_files: "sstable1/5d44a28f-0275-4961-9fdc-6585c46e1870202605010141171777621284003032933.sst" input_files: "sstable1/15d7661f-4370-4235-9a49-e8579187b05b202605010141171777621278010848506.sst" compactIntoNextLevel: true destinationLevel: 2 is dead (hb=30)
3037440:Task input_files: "sstable1/48b3460b-5ce3-4ff8-97cf-e43d3fc410b2202605010141171777621278051130377.sst" input_files: "sstable1/5d44a28f-0275-4961-9fdc-6585c46e1870202605010141171777621287456160249.sst" compactIntoNextLevel: true destinationLevel: 2 is dead (hb=30)
3037440:Task input_files: "datalog/471" input_files: "datalog/472" compactIntoNextLevel: true destinationLevel: 1 is dead (hb=30)
3037440:Task input_files: "sstable1/48b3460b-5ce3-4ff8-97cf-e43d3fc410b2202605010141171777621277897483885.sst" input_files: "sstable1/84ad5a58-80d8-45c6-8d85-dea5e894d7fd202605010141171777621278029680137.sst" compactIntoNextLevel: true destinationLevel: 2 is dead (hb=30)
3037440:Found dead task input_files: "datalog/471" input_files: "datalog/472" compactIntoNextLevel: true destinationLevel: 1
3037440:COMPACT_START sstable=0 input_files: "datalog/471" input_files: "datalog/472" compactIntoNextLevel: true destinationLevel: 1
3037440:COMPACT_ABORT input_files: "datalog/471" input_files: "datalog/472" compactIntoNextLevel: true destinationLevel: 1
3037440:Task input_files: "sstable1/5d44a28f-0275-4961-9fdc-6585c46e1870202605010141171777621278163258811.sst" input_files: "sstable1/15d7661f-4370-4235-9a49-e8579187b05b202605010141171777621278077949081.sst" compactIntoNextLevel: true destinationLevel: 2 is dead (hb=30)
3037440:Task input_files: "sstable1/15d7661f-4370-4235-9a49-e8579187b05b202605010141171777621277862013493.sst" input_files: "sstable1/15d7661f-4370-4235-9a49-e8579187b05b202605010141171777621286828187004.sst" compactIntoNextLevel: true destinationLevel: 2 is dead (hb=30)
3037440:Found dead task input_files: "sstable1/5d44a28f-0275-4961-9fdc-6585c46e1870202605010141171777621278163258811.sst" input_files: "sstable1/15d7661f-4370-4235-9a49-e8579187b05b202605010141171777621278077949081.sst" compactIntoNextLevel: true destinationLevel: 2
3037440:COMPACT_START sstable=1 input_files: "sstable1/5d44a28f-0275-4961-9fdc-6585c46e1870202605010141171777621278163258811.sst" input_files: "sstable1/15d7661f-4370-4235-9a49-e8579187b05b202605010141171777621278077949081.sst" compactIntoNextLevel: true destinationLevel: 2
3037440:COMPACT_ABORT input_files: "sstable1/5d44a28f-0275-4961-9fdc-6585c46e1870202605010141171777621278163258811.sst" input_files: "sstable1/15d7661f-4370-4235-9a49-e8579187b05b202605010141171777621278077949081.sst" compactIntoNextLevel: true destinationLevel: 2
3037440:Found dead task input_files: "sstable1/15d7661f-4370-4235-9a49-e8579187b05b202605010141171777621277862013493.sst" input_files: "sstable1/15d7661f-4370-4235-9a49-e8579187b05b202605010141171777621286828187004.sst" compactIntoNextLevel: true destinationLevel: 2
3037440:COMPACT_START sstable=1 input_files: "sstable1/15d7661f-4370-4235-9a49-e8579187b05b202605010141171777621277862013493.sst" input_files: "sstable1/15d7661f-4370-4235-9a49-e8579187b05b202605010141171777621286828187004.sst" compactIntoNextLevel: true destinationLevel: 2
2026-05-01 07:41:34:461 - Compaction started: 
140387129628224:Compacting sstable1/15d7661f-4370-4235-9a49-e8579187b05b202605010141171777621277862013493.sst sstable1/15d7661f-4370-4235-9a49-e8579187b05b202605010141171777621286828187004.sst into:sstable2/84ad5a58-80d8-45c6-8d85-dea5e894d7fd202605010141171777621294485520781.sst
2026-05-01 07:41:34:521 - Compaction completed: 
3037440:Task input_files: "datalog/549" input_files: "datalog/550" compactIntoNextLevel: true destinationLevel: 1 is dead (hb=30)
3037440:Found dead task input_files: "datalog/549" input_files: "datalog/550" compactIntoNextLevel: true destinationLevel: 1
3037440:COMPACT_START sstable=0 input_files: "datalog/549" input_files: "datalog/550" compactIntoNextLevel: true destinationLevel: 1
3037440:COMPACT_ABORT input_files: "datalog/549" input_files: "datalog/550" compactIntoNextLevel: true destinationLevel: 1
3037440:Task input_files: "datalog/845" input_files: "datalog/846" compactIntoNextLevel: true destinationLevel: 1 is dead (hb=30)
3037440:Found dead task input_files: "datalog/845" input_files: "datalog/846" compactIntoNextLevel: true destinationLevel: 1
3037440:COMPACT_START sstable=0 input_files: "datalog/845" input_files: "datalog/846" compactIntoNextLevel: true destinationLevel: 1
2026-05-01 07:41:36:992 - Compaction started: 
140387129628224:Compacting datalog/845 datalog/846 into:sstable1/84ad5a58-80d8-45c6-8d85-dea5e894d7fd202605010141171777621296995207574.sst
2026-05-01 07:41:37:009 - Compaction completed: 
3037440:Task input_files: "datalog/459" input_files: "datalog/460" compactIntoNextLevel: true destinationLevel: 1 is dead (hb=30)
3037440:Found dead task input_files: "datalog/459" input_files: "datalog/460" compactIntoNextLevel: true destinationLevel: 1
3037440:COMPACT_START sstable=0 input_files: "datalog/459" input_files: "datalog/460" compactIntoNextLevel: true destinationLevel: 1
3037440:COMPACT_ABORT input_files: "datalog/459" input_files: "datalog/460" compactIntoNextLevel: true destinationLevel: 1
3037440:Task input_files: "datalog/869" input_files: "datalog/870" compactIntoNextLevel: true destinationLevel: 1 is dead (hb=30)
3037440:Found dead task input_files: "datalog/869" input_files: "datalog/870" compactIntoNextLevel: true destinationLevel: 1
3037440:COMPACT_START sstable=0 input_files: "datalog/869" input_files: "datalog/870" compactIntoNextLevel: true destinationLevel: 1
3037440:COMPACT_ABORT input_files: "datalog/869" input_files: "datalog/870" compactIntoNextLevel: true destinationLevel: 1
3037440:COMPACT_START sstable=1 input_files: "sstable1/84ad5a58-80d8-45c6-8d85-dea5e894d7fd202605010141171777621279113710076.sst" input_files: "sstable1/5d44a28f-0275-4961-9fdc-6585c46e1870202605010141171777621288370729620.sst" compactIntoNextLevel: true destinationLevel: 2
3037440:COMPACT_ABORT input_files: "sstable1/84ad5a58-80d8-45c6-8d85-dea5e894d7fd202605010141171777621279113710076.sst" input_files: "sstable1/5d44a28f-0275-4961-9fdc-6585c46e1870202605010141171777621288370729620.sst" compactIntoNextLevel: true destinationLevel: 2
3037440:Task input_files: "sstable1/5d44a28f-0275-4961-9fdc-6585c46e1870202605010141171777621278163258811.sst" input_files: "sstable1/15d7661f-4370-4235-9a49-e8579187b05b202605010141171777621278077949081.sst" compactIntoNextLevel: true destinationLevel: 2 is dead (hb=30)
3037440:Task input_files: "datalog/471" input_files: "datalog/472" compactIntoNextLevel: true destinationLevel: 1 is dead (hb=30)
3037440:Task input_files: "sstable1/48b3460b-5ce3-4ff8-97cf-e43d3fc410b2202605010141171777621278164068679.sst" input_files: "sstable1/48b3460b-5ce3-4ff8-97cf-e43d3fc410b2202605010141171777621281322846785.sst" compactIntoNextLevel: true destinationLevel: 2 is dead (hb=30)
3037440:Task input_files: "sstable1/48b3460b-5ce3-4ff8-97cf-e43d3fc410b2202605010141171777621281628790821.sst" input_files: "sstable1/84ad5a58-80d8-45c6-8d85-dea5e894d7fd202605010141171777621281756800244.sst" compactIntoNextLevel: true destinationLevel: 2 is dead (hb=30)
3037440:Found dead task input_files: "sstable1/48b3460b-5ce3-4ff8-97cf-e43d3fc410b2202605010141171777621281628790821.sst" input_files: "sstable1/84ad5a58-80d8-45c6-8d85-dea5e894d7fd202605010141171777621281756800244.sst" compactIntoNextLevel: true destinationLevel: 2
3037440:COMPACT_START sstable=1 input_files: "sstable1/48b3460b-5ce3-4ff8-97cf-e43d3fc410b2202605010141171777621281628790821.sst" input_files: "sstable1/84ad5a58-80d8-45c6-8d85-dea5e894d7fd202605010141171777621281756800244.sst" compactIntoNextLevel: true destinationLevel: 2
3037440:COMPACT_ABORT input_files: "sstable1/48b3460b-5ce3-4ff8-97cf-e43d3fc410b2202605010141171777621281628790821.sst" input_files: "sstable1/84ad5a58-80d8-45c6-8d85-dea5e894d7fd202605010141171777621281756800244.sst" compactIntoNextLevel: true destinationLevel: 2
3037440:Found dead task input_files: "sstable1/48b3460b-5ce3-4ff8-97cf-e43d3fc410b2202605010141171777621278164068679.sst" input_files: "sstable1/48b3460b-5ce3-4ff8-97cf-e43d3fc410b2202605010141171777621281322846785.sst" compactIntoNextLevel: true destinationLevel: 2
3037440:COMPACT_START sstable=1 input_files: "sstable1/48b3460b-5ce3-4ff8-97cf-e43d3fc410b2202605010141171777621278164068679.sst" input_files: "sstable1/48b3460b-5ce3-4ff8-97cf-e43d3fc410b2202605010141171777621281322846785.sst" compactIntoNextLevel: true destinationLevel: 2
3037440:COMPACT_ABORT input_files: "sstable1/48b3460b-5ce3-4ff8-97cf-e43d3fc410b2202605010141171777621278164068679.sst" input_files: "sstable1/48b3460b-5ce3-4ff8-97cf-e43d3fc410b2202605010141171777621281322846785.sst" compactIntoNextLevel: true destinationLevel: 2
3037440:Task input_files: "sstable1/84ad5a58-80d8-45c6-8d85-dea5e894d7fd202605010141171777621278291309913.sst" input_files: "sstable1/15d7661f-4370-4235-9a49-e8579187b05b202605010141171777621281425783297.sst" compactIntoNextLevel: true destinationLevel: 2 is dead (hb=30)
3037440:Task input_files: "datalog/489" input_files: "datalog/490" compactIntoNextLevel: true destinationLevel: 1 is dead (hb=30)
3037440:Task input_files: "datalog/97" input_files: "datalog/98" compactIntoNextLevel: true destinationLevel: 1 is dead (hb=30)
3037440:Task input_files: "datalog/479" input_files: "datalog/480" compactIntoNextLevel: true destinationLevel: 1 is dead (hb=30)
3037440:Found dead task input_files: "datalog/97" input_files: "datalog/98" compactIntoNextLevel: true destinationLevel: 1
3037440:COMPACT_START sstable=0 input_files: "datalog/97" input_files: "datalog/98" compactIntoNextLevel: true destinationLevel: 1
3037440:COMPACT_ABORT input_files: "datalog/97" input_files: "datalog/98" compactIntoNextLevel: true destinationLevel: 1
3037440:Task input_files: "datalog/667" input_files: "datalog/668" compactIntoNextLevel: true destinationLevel: 1 is dead (hb=30)
3037440:Task input_files: "sstable2/15d7661f-4370-4235-9a49-e8579187b05b202605010141171777621291196532107.sst" input_files: "sstable2/84ad5a58-80d8-45c6-8d85-dea5e894d7fd202605010141171777621294485520781.sst" compactIntoNextLevel: false destinationLevel: 2 is dead (hb=30)
3037440:Found dead task input_files: "sstable2/15d7661f-4370-4235-9a49-e8579187b05b202605010141171777621291196532107.sst" input_files: "sstable2/84ad5a58-80d8-45c6-8d85-dea5e894d7fd202605010141171777621294485520781.sst" compactIntoNextLevel: false destinationLevel: 2
3037440:COMPACT_START sstable=1 input_files: "sstable2/15d7661f-4370-4235-9a49-e8579187b05b202605010141171777621291196532107.sst" input_files: "sstable2/84ad5a58-80d8-45c6-8d85-dea5e894d7fd202605010141171777621294485520781.sst" compactIntoNextLevel: false destinationLevel: 2
2026-05-01 07:41:37:649 - Compaction started: 
140387129628224:Compacting sstable2/15d7661f-4370-4235-9a49-e8579187b05b202605010141171777621291196532107.sst sstable2/84ad5a58-80d8-45c6-8d85-dea5e894d7fd202605010141171777621294485520781.sst into:sstable2/84ad5a58-80d8-45c6-8d85-dea5e894d7fd202605010141171777621297695984655.sst
2026-05-01 07:41:37:762 - Compaction completed: 
3037440:Task input_files: "datalog/697" input_files: "datalog/698" compactIntoNextLevel: true destinationLevel: 1 is dead (hb=30)
3037440:Found dead task input_files: "datalog/697" input_files: "datalog/698" compactIntoNextLevel: true destinationLevel: 1
3037440:COMPACT_START sstable=0 input_files: "datalog/697" input_files: "datalog/698" compactIntoNextLevel: true destinationLevel: 1
3037440:COMPACT_ABORT input_files: "datalog/697" input_files: "datalog/698" compactIntoNextLevel: true destinationLevel: 1
3037440:Task input_files: "datalog/721" input_files: "datalog/722" compactIntoNextLevel: true destinationLevel: 1 is dead (hb=30)
3037440:Task input_files: "datalog/701" input_files: "datalog/702" compactIntoNextLevel: true destinationLevel: 1 is dead (hb=30)
3037440:Found dead task input_files: "datalog/701" input_files: "datalog/702" compactIntoNextLevel: true destinationLevel: 1
3037440:COMPACT_START sstable=0 input_files: "datalog/701" input_files: "datalog/702" compactIntoNextLevel: true destinationLevel: 1
3037440:COMPACT_ABORT input_files: "datalog/701" input_files: "datalog/702" compactIntoNextLevel: true destinationLevel: 1
3037440:Found dead task input_files: "datalog/721" input_files: "datalog/722" compactIntoNextLevel: true destinationLevel: 1
3037440:COMPACT_START sstable=0 input_files: "datalog/721" input_files: "datalog/722" compactIntoNextLevel: true destinationLevel: 1
3037440:COMPACT_ABORT input_files: "datalog/721" input_files: "datalog/722" compactIntoNextLevel: true destinationLevel: 1
3037440:Task input_files: "datalog/687" input_files: "datalog/688" compactIntoNextLevel: true destinationLevel: 1 is dead (hb=30)
3037440:Found dead task input_files: "datalog/687" input_files: "datalog/688" compactIntoNextLevel: true destinationLevel: 1
3037440:COMPACT_START sstable=0 input_files: "datalog/687" input_files: "datalog/688" compactIntoNextLevel: true destinationLevel: 1
2026-05-01 07:41:38:358 - Compaction started: 
140387129628224:Compacting datalog/687 datalog/688 into:sstable1/84ad5a58-80d8-45c6-8d85-dea5e894d7fd202605010141171777621298361503341.sst
2026-05-01 07:41:38:375 - Compaction completed: 
3037440:Task input_files: "datalog/759" input_files: "datalog/760" compactIntoNextLevel: true destinationLevel: 1 is dead (hb=30)
3037440:Found dead task input_files: "datalog/759" input_files: "datalog/760" compactIntoNextLevel: true destinationLevel: 1
3037440:COMPACT_START sstable=0 input_files: "datalog/759" input_files: "datalog/760" compactIntoNextLevel: true destinationLevel: 1
2026-05-01 07:41:38:864 - Compaction started: 
140387129628224:Compacting datalog/759 datalog/760 into:sstable1/84ad5a58-80d8-45c6-8d85-dea5e894d7fd202605010141171777621298867718370.sst
2026-05-01 07:41:38:880 - Compaction completed: 
3037440:Task input_files: "datalog/549" input_files: "datalog/550" compactIntoNextLevel: true destinationLevel: 1 is dead (hb=30)
3037440:Found dead task input_files: "datalog/549" input_files: "datalog/550" compactIntoNextLevel: true destinationLevel: 1
3037440:COMPACT_START sstable=0 input_files: "datalog/549" input_files: "datalog/550" compactIntoNextLevel: true destinationLevel: 1
2026-05-01 07:41:38:966 - Compaction started: 
140387129628224:Compacting datalog/549 datalog/550 into:sstable1/84ad5a58-80d8-45c6-8d85-dea5e894d7fd202605010141171777621298969401363.sst
2026-05-01 07:41:38:983 - Compaction completed: 
3037440:Task input_files: "datalog/791" input_files: "datalog/792" compactIntoNextLevel: true destinationLevel: 1 is dead (hb=30)
3037440:Found dead task input_files: "datalog/791" input_files: "datalog/792" compactIntoNextLevel: true destinationLevel: 1
3037440:COMPACT_START sstable=0 input_files: "datalog/791" input_files: "datalog/792" compactIntoNextLevel: true destinationLevel: 1
3037440:COMPACT_ABORT input_files: "datalog/791" input_files: "datalog/792" compactIntoNextLevel: true destinationLevel: 1
3037440:Task input_files: "datalog/573" input_files: "datalog/574" compactIntoNextLevel: true destinationLevel: 1 is dead (hb=30)
3037440:Found dead task input_files: "datalog/573" input_files: "datalog/574" compactIntoNextLevel: true destinationLevel: 1
3037440:COMPACT_START sstable=0 input_files: "datalog/573" input_files: "datalog/574" compactIntoNextLevel: true destinationLevel: 1
3037440:COMPACT_ABORT input_files: "datalog/573" input_files: "datalog/574" compactIntoNextLevel: true destinationLevel: 1
3037440:COMPACT_START sstable=1 input_files: "sstable1/48b3460b-5ce3-4ff8-97cf-e43d3fc410b2202605010141171777621279191841610.sst" input_files: "sstable1/15d7661f-4370-4235-9a49-e8579187b05b202605010141171777621279200730302.sst" compactIntoNextLevel: true destinationLevel: 2
3037440:COMPACT_ABORT input_files: "sstable1/48b3460b-5ce3-4ff8-97cf-e43d3fc410b2202605010141171777621279191841610.sst" input_files: "sstable1/15d7661f-4370-4235-9a49-e8579187b05b202605010141171777621279200730302.sst" compactIntoNextLevel: true destinationLevel: 2
3037440:COMPACT_START sstable=1 input_files: "sstable1/84ad5a58-80d8-45c6-8d85-dea5e894d7fd202605010141171777621282374920910.sst" input_files: "sstable1/5d44a28f-0275-4961-9fdc-6585c46e1870202605010141171777621279230531387.sst" compactIntoNextLevel: true destinationLevel: 2
2026-05-01 07:41:40:699 - Compaction started: 
140387129628224:Compacting sstable1/84ad5a58-80d8-45c6-8d85-dea5e894d7fd202605010141171777621282374920910.sst sstable1/5d44a28f-0275-4961-9fdc-6585c46e1870202605010141171777621279230531387.sst into:sstable2/84ad5a58-80d8-45c6-8d85-dea5e894d7fd202605010141171777621300722701430.sst
2026-05-01 07:41:40:759 - Compaction completed: 
3037440:COMPACT_START sstable=1 input_files: "sstable1/84ad5a58-80d8-45c6-8d85-dea5e894d7fd202605010141171777621279317552174.sst" input_files: "sstable1/5d44a28f-0275-4961-9fdc-6585c46e1870202605010141171777621279327919768.sst" compactIntoNextLevel: true destinationLevel: 2
3037440:COMPACT_ABORT input_files: "sstable1/84ad5a58-80d8-45c6-8d85-dea5e894d7fd202605010141171777621279317552174.sst" input_files: "sstable1/5d44a28f-0275-4961-9fdc-6585c46e1870202605010141171777621279327919768.sst" compactIntoNextLevel: true destinationLevel: 2
3037440:COMPACT_START sstable=1 input_files: "sstable1/48b3460b-5ce3-4ff8-97cf-e43d3fc410b2202605010141171777621279495910080.sst" input_files: "sstable1/15d7661f-4370-4235-9a49-e8579187b05b202605010141171777621279505102461.sst" compactIntoNextLevel: true destinationLevel: 2
3037440:COMPACT_ABORT input_files: "sstable1/48b3460b-5ce3-4ff8-97cf-e43d3fc410b2202605010141171777621279495910080.sst" input_files: "sstable1/15d7661f-4370-4235-9a49-e8579187b05b202605010141171777621279505102461.sst" compactIntoNextLevel: true destinationLevel: 2
3037440:COMPACT_START sstable=1 input_files: "sstable1/48b3460b-5ce3-4ff8-97cf-e43d3fc410b2202605010141171777621279698775927.sst" input_files: "sstable1/48b3460b-5ce3-4ff8-97cf-e43d3fc410b2202605010141171777621291974823424.sst" compactIntoNextLevel: true destinationLevel: 2
2026-05-01 07:41:41:003 - Compaction started: 
140387129628224:Compacting sstable1/48b3460b-5ce3-4ff8-97cf-e43d3fc410b2202605010141171777621279698775927.sst sstable1/48b3460b-5ce3-4ff8-97cf-e43d3fc410b2202605010141171777621291974823424.sst into:sstable2/84ad5a58-80d8-45c6-8d85-dea5e894d7fd202605010141171777621301027433674.sst
2026-05-01 07:41:41:064 - Compaction completed: 
3037440:COMPACT_START sstable=1 input_files: "sstable1/84ad5a58-80d8-45c6-8d85-dea5e894d7fd202605010141171777621282987766797.sst" input_files: "sstable1/5d44a28f-0275-4961-9fdc-6585c46e1870202605010141171777621282988178409.sst" compactIntoNextLevel: true destinationLevel: 2
3037440:COMPACT_ABORT input_files: "sstable1/84ad5a58-80d8-45c6-8d85-dea5e894d7fd202605010141171777621282987766797.sst" input_files: "sstable1/5d44a28f-0275-4961-9fdc-6585c46e1870202605010141171777621282988178409.sst" compactIntoNextLevel: true destinationLevel: 2
3037440:COMPACT_START sstable=1 input_files: "sstable1/5d44a28f-0275-4961-9fdc-6585c46e1870202605010141171777621286129900912.sst" input_files: "sstable1/15d7661f-4370-4235-9a49-e8579187b05b202605010141171777621286112709696.sst" compactIntoNextLevel: true destinationLevel: 2
3037440:COMPACT_ABORT input_files: "sstable1/5d44a28f-0275-4961-9fdc-6585c46e1870202605010141171777621286129900912.sst" input_files: "sstable1/15d7661f-4370-4235-9a49-e8579187b05b202605010141171777621286112709696.sst" compactIntoNextLevel: true destinationLevel: 2
3037440:COMPACT_START sstable=1 input_files: "sstable1/84ad5a58-80d8-45c6-8d85-dea5e894d7fd202605010141171777621289276201628.sst" input_files: "sstable1/48b3460b-5ce3-4ff8-97cf-e43d3fc410b2202605010141171777621280102807837.sst" compactIntoNextLevel: true destinationLevel: 2
2026-05-01 07:41:41:207 - Compaction started: 
140387129628224:Compacting sstable1/84ad5a58-80d8-45c6-8d85-dea5e894d7fd202605010141171777621289276201628.sst sstable1/48b3460b-5ce3-4ff8-97cf-e43d3fc410b2202605010141171777621280102807837.sst into:sstable2/84ad5a58-80d8-45c6-8d85-dea5e894d7fd202605010141171777621301229497609.sst
2026-05-01 07:41:41:264 - Compaction completed: 
3037440:COMPACT_START sstable=1 input_files: "sstable1/5d44a28f-0275-4961-9fdc-6585c46e1870202605010141171777621280138568192.sst" input_files: "sstable1/48b3460b-5ce3-4ff8-97cf-e43d3fc410b2202605010141171777621280204519403.sst" compactIntoNextLevel: true destinationLevel: 2
3037440:COMPACT_ABORT input_files: "sstable1/5d44a28f-0275-4961-9fdc-6585c46e1870202605010141171777621280138568192.sst" input_files: "sstable1/48b3460b-5ce3-4ff8-97cf-e43d3fc410b2202605010141171777621280204519403.sst" compactIntoNextLevel: true destinationLevel: 2
3037440:COMPACT_START sstable=1 input_files: "sstable1/15d7661f-4370-4235-9a49-e8579187b05b202605010141171777621280312226949.sst" input_files: "sstable1/15d7661f-4370-4235-9a49-e8579187b05b202605010141171777621292605906589.sst" compactIntoNextLevel: true destinationLevel: 2
3037440:COMPACT_ABORT input_files: "sstable1/15d7661f-4370-4235-9a49-e8579187b05b202605010141171777621280312226949.sst" input_files: "sstable1/15d7661f-4370-4235-9a49-e8579187b05b202605010141171777621292605906589.sst" compactIntoNextLevel: true destinationLevel: 2
3037440:COMPACT_START sstable=1 input_files: "sstable1/5d44a28f-0275-4961-9fdc-6585c46e1870202605010141171777621283394400614.sst" input_files: "sstable1/84ad5a58-80d8-45c6-8d85-dea5e894d7fd202605010141171777621283394734730.sst" compactIntoNextLevel: true destinationLevel: 2
3037440:COMPACT_ABORT input_files: "sstable1/5d44a28f-0275-4961-9fdc-6585c46e1870202605010141171777621283394400614.sst" input_files: "sstable1/84ad5a58-80d8-45c6-8d85-dea5e894d7fd202605010141171777621283394734730.sst" compactIntoNextLevel: true destinationLevel: 2
3037440:COMPACT_START sstable=1 input_files: "sstable1/48b3460b-5ce3-4ff8-97cf-e43d3fc410b2202605010141171777621292790059447.sst" input_files: "sstable1/48b3460b-5ce3-4ff8-97cf-e43d3fc410b2202605010141171777621286622694382.sst" compactIntoNextLevel: true destinationLevel: 2
3037440:COMPACT_ABORT input_files: "sstable1/48b3460b-5ce3-4ff8-97cf-e43d3fc410b2202605010141171777621292790059447.sst" input_files: "sstable1/48b3460b-5ce3-4ff8-97cf-e43d3fc410b2202605010141171777621286622694382.sst" compactIntoNextLevel: true destinationLevel: 2
3037440:COMPACT_START sstable=1 input_files: "sstable1/84ad5a58-80d8-45c6-8d85-dea5e894d7fd202605010141171777621280635685487.sst" input_files: "sstable1/5d44a28f-0275-4961-9fdc-6585c46e1870202605010141171777621280645102590.sst" compactIntoNextLevel: true destinationLevel: 2
2026-05-01 07:41:41:613 - Compaction started: 
140387129628224:Compacting sstable1/84ad5a58-80d8-45c6-8d85-dea5e894d7fd202605010141171777621280635685487.sst sstable1/5d44a28f-0275-4961-9fdc-6585c46e1870202605010141171777621280645102590.sst into:sstable2/84ad5a58-80d8-45c6-8d85-dea5e894d7fd202605010141171777621301636202298.sst
2026-05-01 07:41:41:671 - Compaction completed: 
3037440:COMPACT_START sstable=1 input_files: "sstable1/5d44a28f-0275-4961-9fdc-6585c46e1870202605010141171777621283901312189.sst" input_files: "sstable1/48b3460b-5ce3-4ff8-97cf-e43d3fc410b2202605010141171777621284075993303.sst" compactIntoNextLevel: true destinationLevel: 2
3037440:COMPACT_ABORT input_files: "sstable1/5d44a28f-0275-4961-9fdc-6585c46e1870202605010141171777621283901312189.sst" input_files: "sstable1/48b3460b-5ce3-4ff8-97cf-e43d3fc410b2202605010141171777621284075993303.sst" compactIntoNextLevel: true destinationLevel: 2
3037440:COMPACT_START sstable=1 input_files: "sstable1/15d7661f-4370-4235-9a49-e8579187b05b202605010141171777621280919222239.sst" input_files: "sstable1/84ad5a58-80d8-45c6-8d85-dea5e894d7fd202605010141171777621284002863445.sst" compactIntoNextLevel: true destinationLevel: 2
2026-05-01 07:41:41:715 - Compaction started: 
140387129628224:Compacting sstable1/15d7661f-4370-4235-9a49-e8579187b05b202605010141171777621280919222239.sst sstable1/84ad5a58-80d8-45c6-8d85-dea5e894d7fd202605010141171777621284002863445.sst into:sstable2/84ad5a58-80d8-45c6-8d85-dea5e894d7fd202605010141171777621301737037862.sst
2026-05-01 07:41:41:769 - Compaction completed: 
3037440:COMPACT_START sstable=1 input_files: "sstable1/84ad5a58-80d8-45c6-8d85-dea5e894d7fd202605010141171777621284205152973.sst" input_files: "sstable1/5d44a28f-0275-4961-9fdc-6585c46e1870202605010141171777621284205411327.sst" compactIntoNextLevel: true destinationLevel: 2
3037440:COMPACT_ABORT input_files: "sstable1/84ad5a58-80d8-45c6-8d85-dea5e894d7fd202605010141171777621284205152973.sst" input_files: "sstable1/5d44a28f-0275-4961-9fdc-6585c46e1870202605010141171777621284205411327.sst" compactIntoNextLevel: true destinationLevel: 2
3037440:COMPACT_START sstable=1 input_files: "sstable1/84ad5a58-80d8-45c6-8d85-dea5e894d7fd202605010141171777621281344571560.sst" input_files: "sstable1/5d44a28f-0275-4961-9fdc-6585c46e1870202605010141171777621290614465518.sst" compactIntoNextLevel: true destinationLevel: 2
3037440:COMPACT_ABORT input_files: "sstable1/84ad5a58-80d8-45c6-8d85-dea5e894d7fd202605010141171777621281344571560.sst" input_files: "sstable1/5d44a28f-0275-4961-9fdc-6585c46e1870202605010141171777621290614465518.sst" compactIntoNextLevel: true destinationLevel: 2
3037440:COMPACT_START sstable=1 input_files: "sstable1/5d44a28f-0275-4961-9fdc-6585c46e1870202605010141171777621290512231111.sst" input_files: "sstable1/5d44a28f-0275-4961-9fdc-6585c46e1870202605010141171777621281356048143.sst" compactIntoNextLevel: true destinationLevel: 2
3037440:COMPACT_ABORT input_files: "sstable1/5d44a28f-0275-4961-9fdc-6585c46e1870202605010141171777621290512231111.sst" input_files: "sstable1/5d44a28f-0275-4961-9fdc-6585c46e1870202605010141171777621281356048143.sst" compactIntoNextLevel: true destinationLevel: 2
3037440:COMPACT_START sstable=1 input_files: "sstable1/84ad5a58-80d8-45c6-8d85-dea5e894d7fd202605010141171777621281549324775.sst" input_files: "sstable1/5d44a28f-0275-4961-9fdc-6585c46e1870202605010141171777621281558941032.sst" compactIntoNextLevel: true destinationLevel: 2
2026-05-01 07:41:42:021 - Compaction started: 
140387129628224:Compacting sstable1/84ad5a58-80d8-45c6-8d85-dea5e894d7fd202605010141171777621281549324775.sst sstable1/5d44a28f-0275-4961-9fdc-6585c46e1870202605010141171777621281558941032.sst into:sstable2/84ad5a58-80d8-45c6-8d85-dea5e894d7fd202605010141171777621302043294644.sst
2026-05-01 07:41:42:075 - Compaction completed: 
3037440:Task input_files: "datalog/773" input_files: "datalog/774" compactIntoNextLevel: true destinationLevel: 1 is dead (hb=30)
3037440:Task input_files: "datalog/787" input_files: "datalog/788" compactIntoNextLevel: true destinationLevel: 1 is dead (hb=30)
3037440:Found dead task input_files: "datalog/787" input_files: "datalog/788" compactIntoNextLevel: true destinationLevel: 1
3037440:COMPACT_START sstable=0 input_files: "datalog/787" input_files: "datalog/788" compactIntoNextLevel: true destinationLevel: 1
2026-05-01 07:41:42:124 - Compaction started: 
140387129628224:Compacting datalog/787 datalog/788 into:sstable1/84ad5a58-80d8-45c6-8d85-dea5e894d7fd202605010141171777621302126427002.sst
2026-05-01 07:41:42:139 - Compaction completed: 
3037440:Task input_files: "datalog/791" input_files: "datalog/792" compactIntoNextLevel: true destinationLevel: 1 is dead (hb=30)
3037440:Found dead task input_files: "datalog/791" input_files: "datalog/792" compactIntoNextLevel: true destinationLevel: 1
3037440:COMPACT_START sstable=0 input_files: "datalog/791" input_files: "datalog/792" compactIntoNextLevel: true destinationLevel: 1
2026-05-01 07:41:42:227 - Compaction started: 
140387129628224:Compacting datalog/791 datalog/792 into:sstable1/84ad5a58-80d8-45c6-8d85-dea5e894d7fd202605010141171777621302229319041.sst
2026-05-01 07:41:42:243 - Compaction completed: 
3037440:COMPACT_START sstable=1 input_files: "sstable1/48b3460b-5ce3-4ff8-97cf-e43d3fc410b2202605010141171777621285398196997.sst" input_files: "sstable1/15d7661f-4370-4235-9a49-e8579187b05b202605010141171777621285399357873.sst" compactIntoNextLevel: true destinationLevel: 2
3037440:COMPACT_ABORT input_files: "sstable1/48b3460b-5ce3-4ff8-97cf-e43d3fc410b2202605010141171777621285398196997.sst" input_files: "sstable1/15d7661f-4370-4235-9a49-e8579187b05b202605010141171777621285399357873.sst" compactIntoNextLevel: true destinationLevel: 2
3037440:COMPACT_START sstable=1 input_files: "sstable1/5d44a28f-0275-4961-9fdc-6585c46e1870202605010141171777621285724743994.sst" input_files: "sstable1/48b3460b-5ce3-4ff8-97cf-e43d3fc410b2202605010141171777621282753170438.sst" compactIntoNextLevel: true destinationLevel: 2
2026-05-01 07:41:42:432 - Compaction started: 
140387129628224:Compacting sstable1/5d44a28f-0275-4961-9fdc-6585c46e1870202605010141171777621285724743994.sst sstable1/48b3460b-5ce3-4ff8-97cf-e43d3fc410b2202605010141171777621282753170438.sst into:sstable2/84ad5a58-80d8-45c6-8d85-dea5e894d7fd202605010141171777621302452674248.sst
2026-05-01 07:41:42:485 - Compaction completed: 
3037440:COMPACT_START sstable=1 input_files: "sstable1/48b3460b-5ce3-4ff8-97cf-e43d3fc410b2202605010141171777621286316208400.sst" input_files: "sstable1/15d7661f-4370-4235-9a49-e8579187b05b202605010141171777621289338132472.sst" compactIntoNextLevel: true destinationLevel: 2
2026-05-01 07:41:42:533 - Compaction started: 
140387129628224:Compacting sstable1/48b3460b-5ce3-4ff8-97cf-e43d3fc410b2202605010141171777621286316208400.sst sstable1/15d7661f-4370-4235-9a49-e8579187b05b202605010141171777621289338132472.sst into:sstable2/84ad5a58-80d8-45c6-8d85-dea5e894d7fd202605010141171777621302553087069.sst
2026-05-01 07:41:42:583 - Compaction completed: 
3037440:Task input_files: "datalog/573" input_files: "datalog/574" compactIntoNextLevel: true destinationLevel: 1 is dead (hb=30)
3037440:Found dead task input_files: "datalog/573" input_files: "datalog/574" compactIntoNextLevel: true destinationLevel: 1
3037440:COMPACT_START sstable=0 input_files: "datalog/573" input_files: "datalog/574" compactIntoNextLevel: true destinationLevel: 1
3037440:COMPACT_ABORT input_files: "datalog/573" input_files: "datalog/574" compactIntoNextLevel: true destinationLevel: 1
3037440:COMPACT_START sstable=1 input_files: "sstable1/15d7661f-4370-4235-9a49-e8579187b05b202605010141171777621283975332917.sst" input_files: "sstable1/48b3460b-5ce3-4ff8-97cf-e43d3fc410b2202605010141171777621296234747332.sst" compactIntoNextLevel: true destinationLevel: 2
2026-05-01 07:41:42:737 - Compaction started: 
140387129628224:Compacting sstable1/15d7661f-4370-4235-9a49-e8579187b05b202605010141171777621283975332917.sst sstable1/48b3460b-5ce3-4ff8-97cf-e43d3fc410b2202605010141171777621296234747332.sst into:sstable2/84ad5a58-80d8-45c6-8d85-dea5e894d7fd202605010141171777621302757460744.sst
2026-05-01 07:41:42:788 - Compaction completed: 
3037440:COMPACT_START sstable=1 input_files: "sstable1/15d7661f-4370-4235-9a49-e8579187b05b202605010141171777621293619275948.sst" input_files: "sstable1/48b3460b-5ce3-4ff8-97cf-e43d3fc410b2202605010141171777621284584037461.sst" compactIntoNextLevel: true destinationLevel: 2
2026-05-01 07:41:42:838 - Compaction started: 
140387129628224:Compacting sstable1/15d7661f-4370-4235-9a49-e8579187b05b202605010141171777621293619275948.sst sstable1/48b3460b-5ce3-4ff8-97cf-e43d3fc410b2202605010141171777621284584037461.sst into:sstable2/84ad5a58-80d8-45c6-8d85-dea5e894d7fd202605010141171777621302857072373.sst
2026-05-01 07:41:42:885 - Compaction completed: 
3037440:COMPACT_START sstable=1 input_files: "sstable1/48b3460b-5ce3-4ff8-97cf-e43d3fc410b2202605010141171777621284889505615.sst" input_files: "sstable1/5d44a28f-0275-4961-9fdc-6585c46e1870202605010141171777621287963044483.sst" compactIntoNextLevel: true destinationLevel: 2
3037440:COMPACT_ABORT input_files: "sstable1/48b3460b-5ce3-4ff8-97cf-e43d3fc410b2202605010141171777621284889505615.sst" input_files: "sstable1/5d44a28f-0275-4961-9fdc-6585c46e1870202605010141171777621287963044483.sst" compactIntoNextLevel: true destinationLevel: 2
3037440:COMPACT_START sstable=1 input_files: "sstable1/5d44a28f-0275-4961-9fdc-6585c46e1870202605010141171777621284913917246.sst" input_files: "sstable1/48b3460b-5ce3-4ff8-97cf-e43d3fc410b2202605010141171777621284991068302.sst" compactIntoNextLevel: true destinationLevel: 2
2026-05-01 07:41:42:941 - Compaction started: 
140387129628224:Compacting sstable1/5d44a28f-0275-4961-9fdc-6585c46e1870202605010141171777621284913917246.sst sstable1/48b3460b-5ce3-4ff8-97cf-e43d3fc410b2202605010141171777621284991068302.sst into:sstable2/84ad5a58-80d8-45c6-8d85-dea5e894d7fd202605010141171777621302960147496.sst
2026-05-01 07:41:42:989 - Compaction completed: 
3037440:Task input_files: "sstable1/48b3460b-5ce3-4ff8-97cf-e43d3fc410b2202605010141171777621278852977823.sst" input_files: "sstable1/84ad5a58-80d8-45c6-8d85-dea5e894d7fd202605010141171777621279088969197.sst" compactIntoNextLevel: true destinationLevel: 2 is dead (hb=30)
3037440:Task input_files: "sstable1/5d44a28f-0275-4961-9fdc-6585c46e1870202605010141171777621278894637948.sst" input_files: "sstable1/48b3460b-5ce3-4ff8-97cf-e43d3fc410b2202605010141171777621297048705159.sst" compactIntoNextLevel: true destinationLevel: 2 is dead (hb=30)
3037440:Found dead task input_files: "sstable1/5d44a28f-0275-4961-9fdc-6585c46e1870202605010141171777621278894637948.sst" input_files: "sstable1/48b3460b-5ce3-4ff8-97cf-e43d3fc410b2202605010141171777621297048705159.sst" compactIntoNextLevel: true destinationLevel: 2
3037440:COMPACT_START sstable=1 input_files: "sstable1/5d44a28f-0275-4961-9fdc-6585c46e1870202605010141171777621278894637948.sst" input_files: "sstable1/48b3460b-5ce3-4ff8-97cf-e43d3fc410b2202605010141171777621297048705159.sst" compactIntoNextLevel: true destinationLevel: 2
2026-05-01 07:41:43:244 - Compaction started: 
140387129628224:Compacting sstable1/5d44a28f-0275-4961-9fdc-6585c46e1870202605010141171777621278894637948.sst sstable1/48b3460b-5ce3-4ff8-97cf-e43d3fc410b2202605010141171777621297048705159.sst into:sstable2/84ad5a58-80d8-45c6-8d85-dea5e894d7fd202605010141171777621303269218333.sst
2026-05-01 07:41:43:307 - Compaction completed: 
3037440:Task input_files: "datalog/869" input_files: "datalog/870" compactIntoNextLevel: true destinationLevel: 1 is dead (hb=30)
3037440:Task input_files: "sstable1/84ad5a58-80d8-45c6-8d85-dea5e894d7fd202605010141171777621279113710076.sst" input_files: "sstable1/5d44a28f-0275-4961-9fdc-6585c46e1870202605010141171777621288370729620.sst" compactIntoNextLevel: true destinationLevel: 2 is dead (hb=30)
3037440:Found dead task input_files: "sstable1/84ad5a58-80d8-45c6-8d85-dea5e894d7fd202605010141171777621279113710076.sst" input_files: "sstable1/5d44a28f-0275-4961-9fdc-6585c46e1870202605010141171777621288370729620.sst" compactIntoNextLevel: true destinationLevel: 2
3037440:COMPACT_START sstable=1 input_files: "sstable1/84ad5a58-80d8-45c6-8d85-dea5e894d7fd202605010141171777621279113710076.sst" input_files: "sstable1/5d44a28f-0275-4961-9fdc-6585c46e1870202605010141171777621288370729620.sst" compactIntoNextLevel: true destinationLevel: 2
3037440:COMPACT_ABORT input_files: "sstable1/84ad5a58-80d8-45c6-8d85-dea5e894d7fd202605010141171777621279113710076.sst" input_files: "sstable1/5d44a28f-0275-4961-9fdc-6585c46e1870202605010141171777621288370729620.sst" compactIntoNextLevel: true destinationLevel: 2
3037440:Found dead task input_files: "datalog/869" input_files: "datalog/870" compactIntoNextLevel: true destinationLevel: 1
3037440:COMPACT_START sstable=0 input_files: "datalog/869" input_files: "datalog/870" compactIntoNextLevel: true destinationLevel: 1
3037440:COMPACT_ABORT input_files: "datalog/869" input_files: "datalog/870" compactIntoNextLevel: true destinationLevel: 1
3037440:Task input_files: "sstable1/48b3460b-5ce3-4ff8-97cf-e43d3fc410b2202605010141171777621278164068679.sst" input_files: "sstable1/48b3460b-5ce3-4ff8-97cf-e43d3fc410b2202605010141171777621281322846785.sst" compactIntoNextLevel: true destinationLevel: 2 is dead (hb=30)
3037440:Task input_files: "datalog/479" input_files: "datalog/480" compactIntoNextLevel: true destinationLevel: 1 is dead (hb=30)
3037440:Found dead task input_files: "datalog/479" input_files: "datalog/480" compactIntoNextLevel: true destinationLevel: 1
3037440:COMPACT_START sstable=0 input_files: "datalog/479" input_files: "datalog/480" compactIntoNextLevel: true destinationLevel: 1
3037440:COMPACT_ABORT input_files: "datalog/479" input_files: "datalog/480" compactIntoNextLevel: true destinationLevel: 1
3037440:Found dead task input_files: "sstable1/48b3460b-5ce3-4ff8-97cf-e43d3fc410b2202605010141171777621278164068679.sst" input_files: "sstable1/48b3460b-5ce3-4ff8-97cf-e43d3fc410b2202605010141171777621281322846785.sst" compactIntoNextLevel: true destinationLevel: 2
3037440:COMPACT_START sstable=1 input_files: "sstable1/48b3460b-5ce3-4ff8-97cf-e43d3fc410b2202605010141171777621278164068679.sst" input_files: "sstable1/48b3460b-5ce3-4ff8-97cf-e43d3fc410b2202605010141171777621281322846785.sst" compactIntoNextLevel: true destinationLevel: 2
2026-05-01 07:41:43:548 - Compaction started: 
140387129628224:Compacting sstable1/48b3460b-5ce3-4ff8-97cf-e43d3fc410b2202605010141171777621278164068679.sst sstable1/48b3460b-5ce3-4ff8-97cf-e43d3fc410b2202605010141171777621281322846785.sst into:sstable2/84ad5a58-80d8-45c6-8d85-dea5e894d7fd202605010141171777621303571791350.sst
2026-05-01 07:41:43:607 - Compaction completed: 
3037440:Task input_files: "sstable1/48b3460b-5ce3-4ff8-97cf-e43d3fc410b2202605010141171777621279191841610.sst" input_files: "sstable1/15d7661f-4370-4235-9a49-e8579187b05b202605010141171777621279200730302.sst" compactIntoNextLevel: true destinationLevel: 2 is dead (hb=30)
3037440:Found dead task input_files: "sstable1/48b3460b-5ce3-4ff8-97cf-e43d3fc410b2202605010141171777621279191841610.sst" input_files: "sstable1/15d7661f-4370-4235-9a49-e8579187b05b202605010141171777621279200730302.sst" compactIntoNextLevel: true destinationLevel: 2
3037440:COMPACT_START sstable=1 input_files: "sstable1/48b3460b-5ce3-4ff8-97cf-e43d3fc410b2202605010141171777621279191841610.sst" input_files: "sstable1/15d7661f-4370-4235-9a49-e8579187b05b202605010141171777621279200730302.sst" compactIntoNextLevel: true destinationLevel: 2
3037440:COMPACT_ABORT input_files: "sstable1/48b3460b-5ce3-4ff8-97cf-e43d3fc410b2202605010141171777621279191841610.sst" input_files: "sstable1/15d7661f-4370-4235-9a49-e8579187b05b202605010141171777621279200730302.sst" compactIntoNextLevel: true destinationLevel: 2
3037440:COMPACT_START sstable=1 input_files: "sstable2/48b3460b-5ce3-4ff8-97cf-e43d3fc410b2202605010141171777621300806049222.sst" input_files: "sstable2/5d44a28f-0275-4961-9fdc-6585c46e1870202605010141171777621294492670544.sst" compactIntoNextLevel: false destinationLevel: 2
3037440:COMPACT_ABORT input_files: "sstable2/48b3460b-5ce3-4ff8-97cf-e43d3fc410b2202605010141171777621300806049222.sst" input_files: "sstable2/5d44a28f-0275-4961-9fdc-6585c46e1870202605010141171777621294492670544.sst" compactIntoNextLevel: false destinationLevel: 2
3037440:COMPACT_START sstable=1 input_files: "sstable2/48b3460b-5ce3-4ff8-97cf-e43d3fc410b2202605010141171777621294424375420.sst" input_files: "sstable2/15d7661f-4370-4235-9a49-e8579187b05b202605010141171777621297620521082.sst" compactIntoNextLevel: false destinationLevel: 2
3037440:COMPACT_ABORT input_files: "sstable2/48b3460b-5ce3-4ff8-97cf-e43d3fc410b2202605010141171777621294424375420.sst" input_files: "sstable2/15d7661f-4370-4235-9a49-e8579187b05b202605010141171777621297620521082.sst" compactIntoNextLevel: false destinationLevel: 2
3037440:Task input_files: "datalog/489" input_files: "datalog/490" compactIntoNextLevel: true destinationLevel: 1 is dead (hb=30)
3037440:Found dead task input_files: "datalog/489" input_files: "datalog/490" compactIntoNextLevel: true destinationLevel: 1
3037440:COMPACT_START sstable=0 input_files: "datalog/489" input_files: "datalog/490" compactIntoNextLevel: true destinationLevel: 1
3037440:COMPACT_ABORT input_files: "datalog/489" input_files: "datalog/490" compactIntoNextLevel: true destinationLevel: 1
3037440:Task input_files: "sstable1/84ad5a58-80d8-45c6-8d85-dea5e894d7fd202605010141171777621279317552174.sst" input_files: "sstable1/5d44a28f-0275-4961-9fdc-6585c46e1870202605010141171777621279327919768.sst" compactIntoNextLevel: true destinationLevel: 2 is dead (hb=30)
3037440:Found dead task input_files: "sstable1/84ad5a58-80d8-45c6-8d85-dea5e894d7fd202605010141171777621279317552174.sst" input_files: "sstable1/5d44a28f-0275-4961-9fdc-6585c46e1870202605010141171777621279327919768.sst" compactIntoNextLevel: true destinationLevel: 2
3037440:COMPACT_START sstable=1 input_files: "sstable1/84ad5a58-80d8-45c6-8d85-dea5e894d7fd202605010141171777621279317552174.sst" input_files: "sstable1/5d44a28f-0275-4961-9fdc-6585c46e1870202605010141171777621279327919768.sst" compactIntoNextLevel: true destinationLevel: 2
3037440:COMPACT_ABORT input_files: "sstable1/84ad5a58-80d8-45c6-8d85-dea5e894d7fd202605010141171777621279317552174.sst" input_files: "sstable1/5d44a28f-0275-4961-9fdc-6585c46e1870202605010141171777621279327919768.sst" compactIntoNextLevel: true destinationLevel: 2
3037440:Task input_files: "sstable1/48b3460b-5ce3-4ff8-97cf-e43d3fc410b2202605010141171777621279495910080.sst" input_files: "sstable1/15d7661f-4370-4235-9a49-e8579187b05b202605010141171777621279505102461.sst" compactIntoNextLevel: true destinationLevel: 2 is dead (hb=30)
3037440:Found dead task input_files: "sstable1/48b3460b-5ce3-4ff8-97cf-e43d3fc410b2202605010141171777621279495910080.sst" input_files: "sstable1/15d7661f-4370-4235-9a49-e8579187b05b202605010141171777621279505102461.sst" compactIntoNextLevel: true destinationLevel: 2
3037440:COMPACT_START sstable=1 input_files: "sstable1/48b3460b-5ce3-4ff8-97cf-e43d3fc410b2202605010141171777621279495910080.sst" input_files: "sstable1/15d7661f-4370-4235-9a49-e8579187b05b202605010141171777621279505102461.sst" compactIntoNextLevel: true destinationLevel: 2
3037440:COMPACT_ABORT input_files: "sstable1/48b3460b-5ce3-4ff8-97cf-e43d3fc410b2202605010141171777621279495910080.sst" input_files: "sstable1/15d7661f-4370-4235-9a49-e8579187b05b202605010141171777621279505102461.sst" compactIntoNextLevel: true destinationLevel: 2
3037440:Task input_files: "sstable1/48b3460b-5ce3-4ff8-97cf-e43d3fc410b2202605010141171777621279597993072.sst" input_files: "sstable1/84ad5a58-80d8-45c6-8d85-dea5e894d7fd202605010141171777621291827989002.sst" compactIntoNextLevel: true destinationLevel: 2 is dead (hb=30)
3037440:Task input_files: "sstable1/84ad5a58-80d8-45c6-8d85-dea5e894d7fd202605010141171777621282987766797.sst" input_files: "sstable1/5d44a28f-0275-4961-9fdc-6585c46e1870202605010141171777621282988178409.sst" compactIntoNextLevel: true destinationLevel: 2 is dead (hb=30)
3037440:Found dead task input_files: "sstable1/84ad5a58-80d8-45c6-8d85-dea5e894d7fd202605010141171777621282987766797.sst" input_files: "sstable1/5d44a28f-0275-4961-9fdc-6585c46e1870202605010141171777621282988178409.sst" compactIntoNextLevel: true destinationLevel: 2
3037440:COMPACT_START sstable=1 input_files: "sstable1/84ad5a58-80d8-45c6-8d85-dea5e894d7fd202605010141171777621282987766797.sst" input_files: "sstable1/5d44a28f-0275-4961-9fdc-6585c46e1870202605010141171777621282988178409.sst" compactIntoNextLevel: true destinationLevel: 2
2026-05-01 07:41:44:060 - Compaction started: 
140387129628224:Compacting sstable1/84ad5a58-80d8-45c6-8d85-dea5e894d7fd202605010141171777621282987766797.sst sstable1/5d44a28f-0275-4961-9fdc-6585c46e1870202605010141171777621282988178409.sst into:sstable2/84ad5a58-80d8-45c6-8d85-dea5e894d7fd202605010141171777621304080922395.sst
2026-05-01 07:41:44:113 - Compaction completed: 
3037440:Task input_files: "sstable1/5d44a28f-0275-4961-9fdc-6585c46e1870202605010141171777621286129900912.sst" input_files: "sstable1/15d7661f-4370-4235-9a49-e8579187b05b202605010141171777621286112709696.sst" compactIntoNextLevel: true destinationLevel: 2 is dead (hb=30)
3037440:Found dead task input_files: "sstable1/5d44a28f-0275-4961-9fdc-6585c46e1870202605010141171777621286129900912.sst" input_files: "sstable1/15d7661f-4370-4235-9a49-e8579187b05b202605010141171777621286112709696.sst" compactIntoNextLevel: true destinationLevel: 2
3037440:COMPACT_START sstable=1 input_files: "sstable1/5d44a28f-0275-4961-9fdc-6585c46e1870202605010141171777621286129900912.sst" input_files: "sstable1/15d7661f-4370-4235-9a49-e8579187b05b202605010141171777621286112709696.sst" compactIntoNextLevel: true destinationLevel: 2
3037440:COMPACT_ABORT input_files: "sstable1/5d44a28f-0275-4961-9fdc-6585c46e1870202605010141171777621286129900912.sst" input_files: "sstable1/15d7661f-4370-4235-9a49-e8579187b05b202605010141171777621286112709696.sst" compactIntoNextLevel: true destinationLevel: 2
3037440:Task input_files: "sstable1/5d44a28f-0275-4961-9fdc-6585c46e1870202605010141171777621286027831235.sst" input_files: "sstable1/5d44a28f-0275-4961-9fdc-6585c46e1870202605010141171777621292350238379.sst" compactIntoNextLevel: true destinationLevel: 2 is dead (hb=30)
3037440:Task input_files: "sstable1/15d7661f-4370-4235-9a49-e8579187b05b202605010141171777621280009300169.sst" input_files: "sstable1/84ad5a58-80d8-45c6-8d85-dea5e894d7fd202605010141171777621280026847072.sst" compactIntoNextLevel: true destinationLevel: 2 is dead (hb=30)
3037440:Found dead task input_files: "sstable1/15d7661f-4370-4235-9a49-e8579187b05b202605010141171777621280009300169.sst" input_files: "sstable1/84ad5a58-80d8-45c6-8d85-dea5e894d7fd202605010141171777621280026847072.sst" compactIntoNextLevel: true destinationLevel: 2
3037440:COMPACT_START sstable=1 input_files: "sstable1/15d7661f-4370-4235-9a49-e8579187b05b202605010141171777621280009300169.sst" input_files: "sstable1/84ad5a58-80d8-45c6-8d85-dea5e894d7fd202605010141171777621280026847072.sst" compactIntoNextLevel: true destinationLevel: 2
2026-05-01 07:41:44:265 - Compaction started: 
140387129628224:Compacting sstable1/15d7661f-4370-4235-9a49-e8579187b05b202605010141171777621280009300169.sst sstable1/84ad5a58-80d8-45c6-8d85-dea5e894d7fd202605010141171777621280026847072.sst into:sstable2/84ad5a58-80d8-45c6-8d85-dea5e894d7fd202605010141171777621304288004245.sst
2026-05-01 07:41:44:322 - Compaction completed: 
3037440:Task input_files: "sstable1/5d44a28f-0275-4961-9fdc-6585c46e1870202605010141171777621280138568192.sst" input_files: "sstable1/48b3460b-5ce3-4ff8-97cf-e43d3fc410b2202605010141171777621280204519403.sst" compactIntoNextLevel: true destinationLevel: 2 is dead (hb=30)
3037440:Task input_files: "sstable1/15d7661f-4370-4235-9a49-e8579187b05b202605010141171777621280312226949.sst" input_files: "sstable1/15d7661f-4370-4235-9a49-e8579187b05b202605010141171777621292605906589.sst" compactIntoNextLevel: true destinationLevel: 2 is dead (hb=30)
3037440:Found dead task input_files: "sstable1/15d7661f-4370-4235-9a49-e8579187b05b202605010141171777621280312226949.sst" input_files: "sstable1/15d7661f-4370-4235-9a49-e8579187b05b202605010141171777621292605906589.sst" compactIntoNextLevel: true destinationLevel: 2
3037440:COMPACT_START sstable=1 input_files: "sstable1/15d7661f-4370-4235-9a49-e8579187b05b202605010141171777621280312226949.sst" input_files: "sstable1/15d7661f-4370-4235-9a49-e8579187b05b202605010141171777621292605906589.sst" compactIntoNextLevel: true destinationLevel: 2
2026-05-01 07:41:44:367 - Compaction started: 
140387129628224:Compacting sstable1/15d7661f-4370-4235-9a49-e8579187b05b202605010141171777621280312226949.sst sstable1/15d7661f-4370-4235-9a49-e8579187b05b202605010141171777621292605906589.sst into:sstable2/84ad5a58-80d8-45c6-8d85-dea5e894d7fd202605010141171777621304390659491.sst
2026-05-01 07:41:44:426 - Compaction completed: 
3037440:Task input_files: "sstable1/5d44a28f-0275-4961-9fdc-6585c46e1870202605010141171777621283394400614.sst" input_files: "sstable1/84ad5a58-80d8-45c6-8d85-dea5e894d7fd202605010141171777621283394734730.sst" compactIntoNextLevel: true destinationLevel: 2 is dead (hb=30)
3037440:Task input_files: "sstable1/15d7661f-4370-4235-9a49-e8579187b05b202605010141171777621298715484015.sst" input_files: "sstable1/5d44a28f-0275-4961-9fdc-6585c46e1870202605010141171777621292553257664.sst" compactIntoNextLevel: true destinationLevel: 2 is dead (hb=30)
3037440:Found dead task input_files: "sstable1/15d7661f-4370-4235-9a49-e8579187b05b202605010141171777621298715484015.sst" input_files: "sstable1/5d44a28f-0275-4961-9fdc-6585c46e1870202605010141171777621292553257664.sst" compactIntoNextLevel: true destinationLevel: 2
3037440:COMPACT_START sstable=1 input_files: "sstable1/15d7661f-4370-4235-9a49-e8579187b05b202605010141171777621298715484015.sst" input_files: "sstable1/5d44a28f-0275-4961-9fdc-6585c46e1870202605010141171777621292553257664.sst" compactIntoNextLevel: true destinationLevel: 2
2026-05-01 07:41:44:469 - Compaction started: 
140387129628224:Compacting sstable1/15d7661f-4370-4235-9a49-e8579187b05b202605010141171777621298715484015.sst sstable1/5d44a28f-0275-4961-9fdc-6585c46e1870202605010141171777621292553257664.sst into:sstable2/84ad5a58-80d8-45c6-8d85-dea5e894d7fd202605010141171777621304491019413.sst
2026-05-01 07:41:44:525 - Compaction completed: 
3037440:Task input_files: "sstable1/84ad5a58-80d8-45c6-8d85-dea5e894d7fd202605010141171777621284205152973.sst" input_files: "sstable1/5d44a28f-0275-4961-9fdc-6585c46e1870202605010141171777621284205411327.sst" compactIntoNextLevel: true destinationLevel: 2 is dead (hb=30)
3037440:Task input_files: "sstable1/84ad5a58-80d8-45c6-8d85-dea5e894d7fd202605010141171777621281344571560.sst" input_files: "sstable1/5d44a28f-0275-4961-9fdc-6585c46e1870202605010141171777621290614465518.sst" compactIntoNextLevel: true destinationLevel: 2 is dead (hb=30)
3037440:Found dead task input_files: "sstable1/84ad5a58-80d8-45c6-8d85-dea5e894d7fd202605010141171777621281344571560.sst" input_files: "sstable1/5d44a28f-0275-4961-9fdc-6585c46e1870202605010141171777621290614465518.sst" compactIntoNextLevel: true destinationLevel: 2
3037440:COMPACT_START sstable=1 input_files: "sstable1/84ad5a58-80d8-45c6-8d85-dea5e894d7fd202605010141171777621281344571560.sst" input_files: "sstable1/5d44a28f-0275-4961-9fdc-6585c46e1870202605010141171777621290614465518.sst" compactIntoNextLevel: true destinationLevel: 2
2026-05-01 07:41:44:984 - Compaction started: 
140387129628224:Compacting sstable1/84ad5a58-80d8-45c6-8d85-dea5e894d7fd202605010141171777621281344571560.sst sstable1/5d44a28f-0275-4961-9fdc-6585c46e1870202605010141171777621290614465518.sst into:sstable2/84ad5a58-80d8-45c6-8d85-dea5e894d7fd202605010141171777621305005665798.sst
2026-05-01 07:41:45:039 - Compaction completed: 
3037440:Task input_files: "sstable1/5d44a28f-0275-4961-9fdc-6585c46e1870202605010141171777621290512231111.sst" input_files: "sstable1/5d44a28f-0275-4961-9fdc-6585c46e1870202605010141171777621281356048143.sst" compactIntoNextLevel: true destinationLevel: 2 is dead (hb=30)
3037440:Found dead task input_files: "sstable1/5d44a28f-0275-4961-9fdc-6585c46e1870202605010141171777621290512231111.sst" input_files: "sstable1/5d44a28f-0275-4961-9fdc-6585c46e1870202605010141171777621281356048143.sst" compactIntoNextLevel: true destinationLevel: 2
3037440:COMPACT_START sstable=1 input_files: "sstable1/5d44a28f-0275-4961-9fdc-6585c46e1870202605010141171777621290512231111.sst" input_files: "sstable1/5d44a28f-0275-4961-9fdc-6585c46e1870202605010141171777621281356048143.sst" compactIntoNextLevel: true destinationLevel: 2
3037440:COMPACT_ABORT input_files: "sstable1/5d44a28f-0275-4961-9fdc-6585c46e1870202605010141171777621290512231111.sst" input_files: "sstable1/5d44a28f-0275-4961-9fdc-6585c46e1870202605010141171777621281356048143.sst" compactIntoNextLevel: true destinationLevel: 2
3037440:Task input_files: "sstable1/48b3460b-5ce3-4ff8-97cf-e43d3fc410b2202605010141171777621285398196997.sst" input_files: "sstable1/15d7661f-4370-4235-9a49-e8579187b05b202605010141171777621285399357873.sst" compactIntoNextLevel: true destinationLevel: 2 is dead (hb=30)
3037440:Found dead task input_files: "sstable1/48b3460b-5ce3-4ff8-97cf-e43d3fc410b2202605010141171777621285398196997.sst" input_files: "sstable1/15d7661f-4370-4235-9a49-e8579187b05b202605010141171777621285399357873.sst" compactIntoNextLevel: true destinationLevel: 2
3037440:COMPACT_START sstable=1 input_files: "sstable1/48b3460b-5ce3-4ff8-97cf-e43d3fc410b2202605010141171777621285398196997.sst" input_files: "sstable1/15d7661f-4370-4235-9a49-e8579187b05b202605010141171777621285399357873.sst" compactIntoNextLevel: true destinationLevel: 2
3037440:COMPACT_ABORT input_files: "sstable1/48b3460b-5ce3-4ff8-97cf-e43d3fc410b2202605010141171777621285398196997.sst" input_files: "sstable1/15d7661f-4370-4235-9a49-e8579187b05b202605010141171777621285399357873.sst" compactIntoNextLevel: true destinationLevel: 2
3037440:Task input_files: "sstable1/48b3460b-5ce3-4ff8-97cf-e43d3fc410b2202605010141171777621284380735045.sst" input_files: "sstable1/15d7661f-4370-4235-9a49-e8579187b05b202605010141171777621284381886002.sst" compactIntoNextLevel: true destinationLevel: 2 is dead (hb=30)
3037440:Found dead task input_files: "sstable1/48b3460b-5ce3-4ff8-97cf-e43d3fc410b2202605010141171777621284380735045.sst" input_files: "sstable1/15d7661f-4370-4235-9a49-e8579187b05b202605010141171777621284381886002.sst" compactIntoNextLevel: true destinationLevel: 2
3037440:COMPACT_START sstable=1 input_files: "sstable1/48b3460b-5ce3-4ff8-97cf-e43d3fc410b2202605010141171777621284380735045.sst" input_files: "sstable1/15d7661f-4370-4235-9a49-e8579187b05b202605010141171777621284381886002.sst" compactIntoNextLevel: true destinationLevel: 2
2026-05-01 07:41:45:913 - Compaction started: 
140387129628224:Compacting sstable1/48b3460b-5ce3-4ff8-97cf-e43d3fc410b2202605010141171777621284380735045.sst sstable1/15d7661f-4370-4235-9a49-e8579187b05b202605010141171777621284381886002.sst into:sstable2/84ad5a58-80d8-45c6-8d85-dea5e894d7fd202605010141171777621305932989878.sst
2026-05-01 07:41:45:962 - Compaction completed: 
3037440:Task input_files: "sstable1/48b3460b-5ce3-4ff8-97cf-e43d3fc410b2202605010141171777621284889505615.sst" input_files: "sstable1/5d44a28f-0275-4961-9fdc-6585c46e1870202605010141171777621287963044483.sst" compactIntoNextLevel: true destinationLevel: 2 is dead (hb=30)
3037440:Found dead task input_files: "sstable1/48b3460b-5ce3-4ff8-97cf-e43d3fc410b2202605010141171777621284889505615.sst" input_files: "sstable1/5d44a28f-0275-4961-9fdc-6585c46e1870202605010141171777621287963044483.sst" compactIntoNextLevel: true destinationLevel: 2
3037440:COMPACT_START sstable=1 input_files: "sstable1/48b3460b-5ce3-4ff8-97cf-e43d3fc410b2202605010141171777621284889505615.sst" input_files: "sstable1/5d44a28f-0275-4961-9fdc-6585c46e1870202605010141171777621287963044483.sst" compactIntoNextLevel: true destinationLevel: 2
3037440:COMPACT_ABORT input_files: "sstable1/48b3460b-5ce3-4ff8-97cf-e43d3fc410b2202605010141171777621284889505615.sst" input_files: "sstable1/5d44a28f-0275-4961-9fdc-6585c46e1870202605010141171777621287963044483.sst" compactIntoNextLevel: true destinationLevel: 2
3037440:Task input_files: "datalog/869" input_files: "datalog/870" compactIntoNextLevel: true destinationLevel: 1 is dead (hb=30)
3037440:Task input_files: "sstable1/84ad5a58-80d8-45c6-8d85-dea5e894d7fd202605010141171777621279113710076.sst" input_files: "sstable1/5d44a28f-0275-4961-9fdc-6585c46e1870202605010141171777621288370729620.sst" compactIntoNextLevel: true destinationLevel: 2 is dead (hb=30)
3037440:Found dead task input_files: "sstable1/84ad5a58-80d8-45c6-8d85-dea5e894d7fd202605010141171777621279113710076.sst" input_files: "sstable1/5d44a28f-0275-4961-9fdc-6585c46e1870202605010141171777621288370729620.sst" compactIntoNextLevel: true destinationLevel: 2
3037440:COMPACT_START sstable=1 input_files: "sstable1/84ad5a58-80d8-45c6-8d85-dea5e894d7fd202605010141171777621279113710076.sst" input_files: "sstable1/5d44a28f-0275-4961-9fdc-6585c46e1870202605010141171777621288370729620.sst" compactIntoNextLevel: true destinationLevel: 2
3037440:COMPACT_ABORT input_files: "sstable1/84ad5a58-80d8-45c6-8d85-dea5e894d7fd202605010141171777621279113710076.sst" input_files: "sstable1/5d44a28f-0275-4961-9fdc-6585c46e1870202605010141171777621288370729620.sst" compactIntoNextLevel: true destinationLevel: 2
3037440:Found dead task input_files: "datalog/869" input_files: "datalog/870" compactIntoNextLevel: true destinationLevel: 1
3037440:COMPACT_START sstable=0 input_files: "datalog/869" input_files: "datalog/870" compactIntoNextLevel: true destinationLevel: 1
3037440:COMPACT_ABORT input_files: "datalog/869" input_files: "datalog/870" compactIntoNextLevel: true destinationLevel: 1
3037440:Task input_files: "datalog/479" input_files: "datalog/480" compactIntoNextLevel: true destinationLevel: 1 is dead (hb=30)
3037440:Found dead task input_files: "datalog/479" input_files: "datalog/480" compactIntoNextLevel: true destinationLevel: 1
3037440:COMPACT_START sstable=0 input_files: "datalog/479" input_files: "datalog/480" compactIntoNextLevel: true destinationLevel: 1
3037440:COMPACT_ABORT input_files: "datalog/479" input_files: "datalog/480" compactIntoNextLevel: true destinationLevel: 1
3037440:Task input_files: "sstable2/48b3460b-5ce3-4ff8-97cf-e43d3fc410b2202605010141171777621300806049222.sst" input_files: "sstable2/5d44a28f-0275-4961-9fdc-6585c46e1870202605010141171777621294492670544.sst" compactIntoNextLevel: false destinationLevel: 2 is dead (hb=30)
3037440:Task input_files: "sstable1/48b3460b-5ce3-4ff8-97cf-e43d3fc410b2202605010141171777621279191841610.sst" input_files: "sstable1/15d7661f-4370-4235-9a49-e8579187b05b202605010141171777621279200730302.sst" compactIntoNextLevel: true destinationLevel: 2 is dead (hb=30)
3037440:Found dead task input_files: "sstable1/48b3460b-5ce3-4ff8-97cf-e43d3fc410b2202605010141171777621279191841610.sst" input_files: "sstable1/15d7661f-4370-4235-9a49-e8579187b05b202605010141171777621279200730302.sst" compactIntoNextLevel: true destinationLevel: 2
3037440:COMPACT_START sstable=1 input_files: "sstable1/48b3460b-5ce3-4ff8-97cf-e43d3fc410b2202605010141171777621279191841610.sst" input_files: "sstable1/15d7661f-4370-4235-9a49-e8579187b05b202605010141171777621279200730302.sst" compactIntoNextLevel: true destinationLevel: 2
2026-05-01 07:41:46:636 - Compaction started: 
140387129628224:Compacting sstable1/48b3460b-5ce3-4ff8-97cf-e43d3fc410b2202605010141171777621279191841610.sst sstable1/15d7661f-4370-4235-9a49-e8579187b05b202605010141171777621279200730302.sst into:sstable2/84ad5a58-80d8-45c6-8d85-dea5e894d7fd202605010141171777621306659264316.sst
2026-05-01 07:41:46:694 - Compaction completed: 
3037440:Task input_files: "sstable2/48b3460b-5ce3-4ff8-97cf-e43d3fc410b2202605010141171777621294424375420.sst" input_files: "sstable2/15d7661f-4370-4235-9a49-e8579187b05b202605010141171777621297620521082.sst" compactIntoNextLevel: false destinationLevel: 2 is dead (hb=30)
3037440:Task input_files: "datalog/489" input_files: "datalog/490" compactIntoNextLevel: true destinationLevel: 1 is dead (hb=30)
3037440:Found dead task input_files: "datalog/489" input_files: "datalog/490" compactIntoNextLevel: true destinationLevel: 1
3037440:COMPACT_START sstable=0 input_files: "datalog/489" input_files: "datalog/490" compactIntoNextLevel: true destinationLevel: 1
3037440:COMPACT_ABORT input_files: "datalog/489" input_files: "datalog/490" compactIntoNextLevel: true destinationLevel: 1
3037440:Found dead task input_files: "sstable2/48b3460b-5ce3-4ff8-97cf-e43d3fc410b2202605010141171777621294424375420.sst" input_files: "sstable2/15d7661f-4370-4235-9a49-e8579187b05b202605010141171777621297620521082.sst" compactIntoNextLevel: false destinationLevel: 2
3037440:COMPACT_START sstable=1 input_files: "sstable2/48b3460b-5ce3-4ff8-97cf-e43d3fc410b2202605010141171777621294424375420.sst" input_files: "sstable2/15d7661f-4370-4235-9a49-e8579187b05b202605010141171777621297620521082.sst" compactIntoNextLevel: false destinationLevel: 2
2026-05-01 07:41:46:738 - Compaction started: 
140387129628224:Compacting sstable2/48b3460b-5ce3-4ff8-97cf-e43d3fc410b2202605010141171777621294424375420.sst sstable2/15d7661f-4370-4235-9a49-e8579187b05b202605010141171777621297620521082.sst into:sstable2/84ad5a58-80d8-45c6-8d85-dea5e894d7fd202605010141171777621306783927507.sst
2026-05-01 07:41:46:855 - Compaction completed: 
3037440:Task input_files: "sstable1/84ad5a58-80d8-45c6-8d85-dea5e894d7fd202605010141171777621279317552174.sst" input_files: "sstable1/5d44a28f-0275-4961-9fdc-6585c46e1870202605010141171777621279327919768.sst" compactIntoNextLevel: true destinationLevel: 2 is dead (hb=30)
3037440:Found dead task input_files: "sstable1/84ad5a58-80d8-45c6-8d85-dea5e894d7fd202605010141171777621279317552174.sst" input_files: "sstable1/5d44a28f-0275-4961-9fdc-6585c46e1870202605010141171777621279327919768.sst" compactIntoNextLevel: true destinationLevel: 2
3037440:COMPACT_START sstable=1 input_files: "sstable1/84ad5a58-80d8-45c6-8d85-dea5e894d7fd202605010141171777621279317552174.sst" input_files: "sstable1/5d44a28f-0275-4961-9fdc-6585c46e1870202605010141171777621279327919768.sst" compactIntoNextLevel: true destinationLevel: 2
2026-05-01 07:41:46:940 - Compaction started: 
140387129628224:Compacting sstable1/84ad5a58-80d8-45c6-8d85-dea5e894d7fd202605010141171777621279317552174.sst sstable1/5d44a28f-0275-4961-9fdc-6585c46e1870202605010141171777621279327919768.sst into:sstable2/84ad5a58-80d8-45c6-8d85-dea5e894d7fd202605010141171777621306963376588.sst
2026-05-01 07:41:46:998 - Compaction completed: 
3037440:Task input_files: "sstable1/48b3460b-5ce3-4ff8-97cf-e43d3fc410b2202605010141171777621279495910080.sst" input_files: "sstable1/15d7661f-4370-4235-9a49-e8579187b05b202605010141171777621279505102461.sst" compactIntoNextLevel: true destinationLevel: 2 is dead (hb=30)
3037440:Found dead task input_files: "sstable1/48b3460b-5ce3-4ff8-97cf-e43d3fc410b2202605010141171777621279495910080.sst" input_files: "sstable1/15d7661f-4370-4235-9a49-e8579187b05b202605010141171777621279505102461.sst" compactIntoNextLevel: true destinationLevel: 2
3037440:COMPACT_START sstable=1 input_files: "sstable1/48b3460b-5ce3-4ff8-97cf-e43d3fc410b2202605010141171777621279495910080.sst" input_files: "sstable1/15d7661f-4370-4235-9a49-e8579187b05b202605010141171777621279505102461.sst" compactIntoNextLevel: true destinationLevel: 2
2026-05-01 07:41:47:042 - Compaction started: 
140387129628224:Compacting sstable1/48b3460b-5ce3-4ff8-97cf-e43d3fc410b2202605010141171777621279495910080.sst sstable1/15d7661f-4370-4235-9a49-e8579187b05b202605010141171777621279505102461.sst into:sstable2/84ad5a58-80d8-45c6-8d85-dea5e894d7fd202605010141171777621307065344294.sst
2026-05-01 07:41:47:101 - Compaction completed: 
3037440:Task input_files: "sstable1/5d44a28f-0275-4961-9fdc-6585c46e1870202605010141171777621286129900912.sst" input_files: "sstable1/15d7661f-4370-4235-9a49-e8579187b05b202605010141171777621286112709696.sst" compactIntoNextLevel: true destinationLevel: 2 is dead (hb=30)
3037440:Found dead task input_files: "sstable1/5d44a28f-0275-4961-9fdc-6585c46e1870202605010141171777621286129900912.sst" input_files: "sstable1/15d7661f-4370-4235-9a49-e8579187b05b202605010141171777621286112709696.sst" compactIntoNextLevel: true destinationLevel: 2
3037440:COMPACT_START sstable=1 input_files: "sstable1/5d44a28f-0275-4961-9fdc-6585c46e1870202605010141171777621286129900912.sst" input_files: "sstable1/15d7661f-4370-4235-9a49-e8579187b05b202605010141171777621286112709696.sst" compactIntoNextLevel: true destinationLevel: 2
3037440:COMPACT_ABORT input_files: "sstable1/5d44a28f-0275-4961-9fdc-6585c46e1870202605010141171777621286129900912.sst" input_files: "sstable1/15d7661f-4370-4235-9a49-e8579187b05b202605010141171777621286112709696.sst" compactIntoNextLevel: true destinationLevel: 2
3037440:Task input_files: "sstable1/5d44a28f-0275-4961-9fdc-6585c46e1870202605010141171777621283394400614.sst" input_files: "sstable1/84ad5a58-80d8-45c6-8d85-dea5e894d7fd202605010141171777621283394734730.sst" compactIntoNextLevel: true destinationLevel: 2 is dead (hb=30)
3037440:Found dead task input_files: "sstable1/5d44a28f-0275-4961-9fdc-6585c46e1870202605010141171777621283394400614.sst" input_files: "sstable1/84ad5a58-80d8-45c6-8d85-dea5e894d7fd202605010141171777621283394734730.sst" compactIntoNextLevel: true destinationLevel: 2
3037440:COMPACT_START sstable=1 input_files: "sstable1/5d44a28f-0275-4961-9fdc-6585c46e1870202605010141171777621283394400614.sst" input_files: "sstable1/84ad5a58-80d8-45c6-8d85-dea5e894d7fd202605010141171777621283394734730.sst" compactIntoNextLevel: true destinationLevel: 2
2026-05-01 07:41:47:557 - Compaction started: 
140387129628224:Compacting sstable1/5d44a28f-0275-4961-9fdc-6585c46e1870202605010141171777621283394400614.sst sstable1/84ad5a58-80d8-45c6-8d85-dea5e894d7fd202605010141171777621283394734730.sst into:sstable2/84ad5a58-80d8-45c6-8d85-dea5e894d7fd202605010141171777621307580953003.sst
2026-05-01 07:41:47:616 - Compaction completed: 
3037440:Task input_files: "sstable1/48b3460b-5ce3-4ff8-97cf-e43d3fc410b2202605010141171777621292790059447.sst" input_files: "sstable1/48b3460b-5ce3-4ff8-97cf-e43d3fc410b2202605010141171777621286622694382.sst" compactIntoNextLevel: true destinationLevel: 2 is dead (hb=30)
3037440:Found dead task input_files: "sstable1/48b3460b-5ce3-4ff8-97cf-e43d3fc410b2202605010141171777621292790059447.sst" input_files: "sstable1/48b3460b-5ce3-4ff8-97cf-e43d3fc410b2202605010141171777621286622694382.sst" compactIntoNextLevel: true destinationLevel: 2
3037440:COMPACT_START sstable=1 input_files: "sstable1/48b3460b-5ce3-4ff8-97cf-e43d3fc410b2202605010141171777621292790059447.sst" input_files: "sstable1/48b3460b-5ce3-4ff8-97cf-e43d3fc410b2202605010141171777621286622694382.sst" compactIntoNextLevel: true destinationLevel: 2
2026-05-01 07:41:47:660 - Compaction started: 
2026-05-01 07:41:47:669 30 sec: 130263 operations; 4342.1 current ops/sec; est completion in 2 days 15 hours [READ: Count=130274, Max=1929215, Min=31, Avg=228.09, 90=343, 99=404, 99.9=480, 99.99=5827] 
140387129628224:Compacting sstable1/48b3460b-5ce3-4ff8-97cf-e43d3fc410b2202605010141171777621292790059447.sst sstable1/48b3460b-5ce3-4ff8-97cf-e43d3fc410b2202605010141171777621286622694382.sst into:sstable2/84ad5a58-80d8-45c6-8d85-dea5e894d7fd202605010141171777621307686231826.sst
2026-05-01 07:41:47:723 - Compaction completed: 
3037440:Task input_files: "sstable1/5d44a28f-0275-4961-9fdc-6585c46e1870202605010141171777621283901312189.sst" input_files: "sstable1/48b3460b-5ce3-4ff8-97cf-e43d3fc410b2202605010141171777621284075993303.sst" compactIntoNextLevel: true destinationLevel: 2 is dead (hb=30)
3037440:Found dead task input_files: "sstable1/5d44a28f-0275-4961-9fdc-6585c46e1870202605010141171777621283901312189.sst" input_files: "sstable1/48b3460b-5ce3-4ff8-97cf-e43d3fc410b2202605010141171777621284075993303.sst" compactIntoNextLevel: true destinationLevel: 2
3037440:COMPACT_START sstable=1 input_files: "sstable1/5d44a28f-0275-4961-9fdc-6585c46e1870202605010141171777621283901312189.sst" input_files: "sstable1/48b3460b-5ce3-4ff8-97cf-e43d3fc410b2202605010141171777621284075993303.sst" compactIntoNextLevel: true destinationLevel: 2
2026-05-01 07:41:47:763 - Compaction started: 
140387129628224:Compacting sstable1/5d44a28f-0275-4961-9fdc-6585c46e1870202605010141171777621283901312189.sst sstable1/48b3460b-5ce3-4ff8-97cf-e43d3fc410b2202605010141171777621284075993303.sst into:sstable2/84ad5a58-80d8-45c6-8d85-dea5e894d7fd202605010141171777621307784758171.sst
2026-05-01 07:41:47:819 - Compaction completed: 
3037440:Task input_files: "sstable1/5d44a28f-0275-4961-9fdc-6585c46e1870202605010141171777621290512231111.sst" input_files: "sstable1/5d44a28f-0275-4961-9fdc-6585c46e1870202605010141171777621281356048143.sst" compactIntoNextLevel: true destinationLevel: 2 is dead (hb=30)
3037440:Found dead task input_files: "sstable1/5d44a28f-0275-4961-9fdc-6585c46e1870202605010141171777621290512231111.sst" input_files: "sstable1/5d44a28f-0275-4961-9fdc-6585c46e1870202605010141171777621281356048143.sst" compactIntoNextLevel: true destinationLevel: 2
3037440:COMPACT_START sstable=1 input_files: "sstable1/5d44a28f-0275-4961-9fdc-6585c46e1870202605010141171777621290512231111.sst" input_files: "sstable1/5d44a28f-0275-4961-9fdc-6585c46e1870202605010141171777621281356048143.sst" compactIntoNextLevel: true destinationLevel: 2
2026-05-01 07:41:48:072 - Compaction started: 
140387129628224:Compacting sstable1/5d44a28f-0275-4961-9fdc-6585c46e1870202605010141171777621290512231111.sst sstable1/5d44a28f-0275-4961-9fdc-6585c46e1870202605010141171777621281356048143.sst into:sstable2/84ad5a58-80d8-45c6-8d85-dea5e894d7fd202605010141171777621308094433541.sst
2026-05-01 07:41:48:127 - Compaction completed: 
3037440:Task input_files: "sstable1/15d7661f-4370-4235-9a49-e8579187b05b202605010141171777621281733389730.sst" input_files: "sstable1/5d44a28f-0275-4961-9fdc-6585c46e1870202605010141171777621281764725321.sst" compactIntoNextLevel: true destinationLevel: 2 is dead (hb=30)
3037440:Task input_files: "datalog/773" input_files: "datalog/774" compactIntoNextLevel: true destinationLevel: 1 is dead (hb=30)
3037440:Found dead task input_files: "datalog/773" input_files: "datalog/774" compactIntoNextLevel: true destinationLevel: 1
3037440:COMPACT_START sstable=0 input_files: "datalog/773" input_files: "datalog/774" compactIntoNextLevel: true destinationLevel: 1
3037440:COMPACT_ABORT input_files: "datalog/773" input_files: "datalog/774" compactIntoNextLevel: true destinationLevel: 1
3037440:Found dead task input_files: "sstable1/15d7661f-4370-4235-9a49-e8579187b05b202605010141171777621281733389730.sst" input_files: "sstable1/5d44a28f-0275-4961-9fdc-6585c46e1870202605010141171777621281764725321.sst" compactIntoNextLevel: true destinationLevel: 2
3037440:COMPACT_START sstable=1 input_files: "sstable1/15d7661f-4370-4235-9a49-e8579187b05b202605010141171777621281733389730.sst" input_files: "sstable1/5d44a28f-0275-4961-9fdc-6585c46e1870202605010141171777621281764725321.sst" compactIntoNextLevel: true destinationLevel: 2
3037440:COMPACT_ABORT input_files: "sstable1/15d7661f-4370-4235-9a49-e8579187b05b202605010141171777621281733389730.sst" input_files: "sstable1/5d44a28f-0275-4961-9fdc-6585c46e1870202605010141171777621281764725321.sst" compactIntoNextLevel: true destinationLevel: 2
3037440:Task input_files: "sstable1/48b3460b-5ce3-4ff8-97cf-e43d3fc410b2202605010141171777621285398196997.sst" input_files: "sstable1/15d7661f-4370-4235-9a49-e8579187b05b202605010141171777621285399357873.sst" compactIntoNextLevel: true destinationLevel: 2 is dead (hb=30)
3037440:Found dead task input_files: "sstable1/48b3460b-5ce3-4ff8-97cf-e43d3fc410b2202605010141171777621285398196997.sst" input_files: "sstable1/15d7661f-4370-4235-9a49-e8579187b05b202605010141171777621285399357873.sst" compactIntoNextLevel: true destinationLevel: 2
3037440:COMPACT_START sstable=1 input_files: "sstable1/48b3460b-5ce3-4ff8-97cf-e43d3fc410b2202605010141171777621285398196997.sst" input_files: "sstable1/15d7661f-4370-4235-9a49-e8579187b05b202605010141171777621285399357873.sst" compactIntoNextLevel: true destinationLevel: 2
3037440:COMPACT_ABORT input_files: "sstable1/48b3460b-5ce3-4ff8-97cf-e43d3fc410b2202605010141171777621285398196997.sst" input_files: "sstable1/15d7661f-4370-4235-9a49-e8579187b05b202605010141171777621285399357873.sst" compactIntoNextLevel: true destinationLevel: 2
3037440:Task input_files: "sstable1/15d7661f-4370-4235-9a49-e8579187b05b202605010141171777621283161113449.sst" input_files: "sstable1/15d7661f-4370-4235-9a49-e8579187b05b202605010141171777621286214400073.sst" compactIntoNextLevel: true destinationLevel: 2 is dead (hb=30)
3037440:Task input_files: "sstable1/5d44a28f-0275-4961-9fdc-6585c46e1870202605010141171777621285926871388.sst" input_files: "sstable1/5d44a28f-0275-4961-9fdc-6585c46e1870202605010141171777621282886153024.sst" compactIntoNextLevel: true destinationLevel: 2 is dead (hb=30)
3037440:Found dead task input_files: "sstable1/5d44a28f-0275-4961-9fdc-6585c46e1870202605010141171777621285926871388.sst" input_files: "sstable1/5d44a28f-0275-4961-9fdc-6585c46e1870202605010141171777621282886153024.sst" compactIntoNextLevel: true destinationLevel: 2
3037440:COMPACT_START sstable=1 input_files: "sstable1/5d44a28f-0275-4961-9fdc-6585c46e1870202605010141171777621285926871388.sst" input_files: "sstable1/5d44a28f-0275-4961-9fdc-6585c46e1870202605010141171777621282886153024.sst" compactIntoNextLevel: true destinationLevel: 2
3037440:COMPACT_ABORT input_files: "sstable1/5d44a28f-0275-4961-9fdc-6585c46e1870202605010141171777621285926871388.sst" input_files: "sstable1/5d44a28f-0275-4961-9fdc-6585c46e1870202605010141171777621282886153024.sst" compactIntoNextLevel: true destinationLevel: 2
3037440:Found dead task input_files: "sstable1/15d7661f-4370-4235-9a49-e8579187b05b202605010141171777621283161113449.sst" input_files: "sstable1/15d7661f-4370-4235-9a49-e8579187b05b202605010141171777621286214400073.sst" compactIntoNextLevel: true destinationLevel: 2
3037440:COMPACT_START sstable=1 input_files: "sstable1/15d7661f-4370-4235-9a49-e8579187b05b202605010141171777621283161113449.sst" input_files: "sstable1/15d7661f-4370-4235-9a49-e8579187b05b202605010141171777621286214400073.sst" compactIntoNextLevel: true destinationLevel: 2
2026-05-01 07:41:48:589 - Compaction started: 
140387129628224:Compacting sstable1/15d7661f-4370-4235-9a49-e8579187b05b202605010141171777621283161113449.sst sstable1/15d7661f-4370-4235-9a49-e8579187b05b202605010141171777621286214400073.sst into:sstable2/84ad5a58-80d8-45c6-8d85-dea5e894d7fd202605010141171777621308609208347.sst
2026-05-01 07:41:48:638 - Compaction completed: 
3037440:Task input_files: "sstable1/48b3460b-5ce3-4ff8-97cf-e43d3fc410b2202605010141171777621284889505615.sst" input_files: "sstable1/5d44a28f-0275-4961-9fdc-6585c46e1870202605010141171777621287963044483.sst" compactIntoNextLevel: true destinationLevel: 2 is dead (hb=30)
3037440:Found dead task input_files: "sstable1/48b3460b-5ce3-4ff8-97cf-e43d3fc410b2202605010141171777621284889505615.sst" input_files: "sstable1/5d44a28f-0275-4961-9fdc-6585c46e1870202605010141171777621287963044483.sst" compactIntoNextLevel: true destinationLevel: 2
3037440:COMPACT_START sstable=1 input_files: "sstable1/48b3460b-5ce3-4ff8-97cf-e43d3fc410b2202605010141171777621284889505615.sst" input_files: "sstable1/5d44a28f-0275-4961-9fdc-6585c46e1870202605010141171777621287963044483.sst" compactIntoNextLevel: true destinationLevel: 2
3037440:COMPACT_ABORT input_files: "sstable1/48b3460b-5ce3-4ff8-97cf-e43d3fc410b2202605010141171777621284889505615.sst" input_files: "sstable1/5d44a28f-0275-4961-9fdc-6585c46e1870202605010141171777621287963044483.sst" compactIntoNextLevel: true destinationLevel: 2
3037440:Task input_files: "sstable1/5d44a28f-0275-4961-9fdc-6585c46e1870202605010141171777621286129900912.sst" input_files: "sstable1/15d7661f-4370-4235-9a49-e8579187b05b202605010141171777621286112709696.sst" compactIntoNextLevel: true destinationLevel: 2 is dead (hb=30)
3037440:Found dead task input_files: "sstable1/5d44a28f-0275-4961-9fdc-6585c46e1870202605010141171777621286129900912.sst" input_files: "sstable1/15d7661f-4370-4235-9a49-e8579187b05b202605010141171777621286112709696.sst" compactIntoNextLevel: true destinationLevel: 2
3037440:COMPACT_START sstable=1 input_files: "sstable1/5d44a28f-0275-4961-9fdc-6585c46e1870202605010141171777621286129900912.sst" input_files: "sstable1/15d7661f-4370-4235-9a49-e8579187b05b202605010141171777621286112709696.sst" compactIntoNextLevel: true destinationLevel: 2
2026-05-01 07:41:50:242 - Compaction started: 
140387129628224:Compacting sstable1/5d44a28f-0275-4961-9fdc-6585c46e1870202605010141171777621286129900912.sst sstable1/15d7661f-4370-4235-9a49-e8579187b05b202605010141171777621286112709696.sst into:sstable2/84ad5a58-80d8-45c6-8d85-dea5e894d7fd202605010141171777621310264937158.sst
2026-05-01 07:41:50:299 - Compaction completed: 
3037440:Task input_files: "sstable1/15d7661f-4370-4235-9a49-e8579187b05b202605010141171777621281733389730.sst" input_files: "sstable1/5d44a28f-0275-4961-9fdc-6585c46e1870202605010141171777621281764725321.sst" compactIntoNextLevel: true destinationLevel: 2 is dead (hb=30)
3037440:Task input_files: "datalog/773" input_files: "datalog/774" compactIntoNextLevel: true destinationLevel: 1 is dead (hb=30)
3037440:Found dead task input_files: "datalog/773" input_files: "datalog/774" compactIntoNextLevel: true destinationLevel: 1
3037440:COMPACT_START sstable=0 input_files: "datalog/773" input_files: "datalog/774" compactIntoNextLevel: true destinationLevel: 1
3037440:COMPACT_ABORT input_files: "datalog/773" input_files: "datalog/774" compactIntoNextLevel: true destinationLevel: 1
3037440:Found dead task input_files: "sstable1/15d7661f-4370-4235-9a49-e8579187b05b202605010141171777621281733389730.sst" input_files: "sstable1/5d44a28f-0275-4961-9fdc-6585c46e1870202605010141171777621281764725321.sst" compactIntoNextLevel: true destinationLevel: 2
3037440:COMPACT_START sstable=1 input_files: "sstable1/15d7661f-4370-4235-9a49-e8579187b05b202605010141171777621281733389730.sst" input_files: "sstable1/5d44a28f-0275-4961-9fdc-6585c46e1870202605010141171777621281764725321.sst" compactIntoNextLevel: true destinationLevel: 2
3037440:COMPACT_ABORT input_files: "sstable1/15d7661f-4370-4235-9a49-e8579187b05b202605010141171777621281733389730.sst" input_files: "sstable1/5d44a28f-0275-4961-9fdc-6585c46e1870202605010141171777621281764725321.sst" compactIntoNextLevel: true destinationLevel: 2
3037440:Task input_files: "sstable1/84ad5a58-80d8-45c6-8d85-dea5e894d7fd202605010141171777621282067808403.sst" input_files: "sstable1/15d7661f-4370-4235-9a49-e8579187b05b202605010141171777621282142614573.sst" compactIntoNextLevel: true destinationLevel: 2 is dead (hb=30)
3037440:Found dead task input_files: "sstable1/84ad5a58-80d8-45c6-8d85-dea5e894d7fd202605010141171777621282067808403.sst" input_files: "sstable1/15d7661f-4370-4235-9a49-e8579187b05b202605010141171777621282142614573.sst" compactIntoNextLevel: true destinationLevel: 2
3037440:COMPACT_START sstable=1 input_files: "sstable1/84ad5a58-80d8-45c6-8d85-dea5e894d7fd202605010141171777621282067808403.sst" input_files: "sstable1/15d7661f-4370-4235-9a49-e8579187b05b202605010141171777621282142614573.sst" compactIntoNextLevel: true destinationLevel: 2
3037440:COMPACT_ABORT input_files: "sstable1/84ad5a58-80d8-45c6-8d85-dea5e894d7fd202605010141171777621282067808403.sst" input_files: "sstable1/15d7661f-4370-4235-9a49-e8579187b05b202605010141171777621282142614573.sst" compactIntoNextLevel: true destinationLevel: 2
3037440:Task input_files: "sstable1/5d44a28f-0275-4961-9fdc-6585c46e1870202605010141171777621281867428105.sst" input_files: "sstable1/15d7661f-4370-4235-9a49-e8579187b05b202605010141171777621281937290317.sst" compactIntoNextLevel: true destinationLevel: 2 is dead (hb=30)
3037440:Found dead task input_files: "sstable1/5d44a28f-0275-4961-9fdc-6585c46e1870202605010141171777621281867428105.sst" input_files: "sstable1/15d7661f-4370-4235-9a49-e8579187b05b202605010141171777621281937290317.sst" compactIntoNextLevel: true destinationLevel: 2
3037440:COMPACT_START sstable=1 input_files: "sstable1/5d44a28f-0275-4961-9fdc-6585c46e1870202605010141171777621281867428105.sst" input_files: "sstable1/15d7661f-4370-4235-9a49-e8579187b05b202605010141171777621281937290317.sst" compactIntoNextLevel: true destinationLevel: 2
2026-05-01 07:41:51:376 - Compaction started: 
140387129628224:Compacting sstable1/5d44a28f-0275-4961-9fdc-6585c46e1870202605010141171777621281867428105.sst sstable1/15d7661f-4370-4235-9a49-e8579187b05b202605010141171777621281937290317.sst into:sstable2/84ad5a58-80d8-45c6-8d85-dea5e894d7fd202605010141171777621311396159702.sst
2026-05-01 07:41:51:426 - Compaction completed: 
3037440:Task input_files: "sstable1/48b3460b-5ce3-4ff8-97cf-e43d3fc410b2202605010141171777621285398196997.sst" input_files: "sstable1/15d7661f-4370-4235-9a49-e8579187b05b202605010141171777621285399357873.sst" compactIntoNextLevel: true destinationLevel: 2 is dead (hb=30)
3037440:Found dead task input_files: "sstable1/48b3460b-5ce3-4ff8-97cf-e43d3fc410b2202605010141171777621285398196997.sst" input_files: "sstable1/15d7661f-4370-4235-9a49-e8579187b05b202605010141171777621285399357873.sst" compactIntoNextLevel: true destinationLevel: 2
3037440:COMPACT_START sstable=1 input_files: "sstable1/48b3460b-5ce3-4ff8-97cf-e43d3fc410b2202605010141171777621285398196997.sst" input_files: "sstable1/15d7661f-4370-4235-9a49-e8579187b05b202605010141171777621285399357873.sst" compactIntoNextLevel: true destinationLevel: 2
2026-05-01 07:41:51:478 - Compaction started: 
140387129628224:Compacting sstable1/48b3460b-5ce3-4ff8-97cf-e43d3fc410b2202605010141171777621285398196997.sst sstable1/15d7661f-4370-4235-9a49-e8579187b05b202605010141171777621285399357873.sst into:sstable2/84ad5a58-80d8-45c6-8d85-dea5e894d7fd202605010141171777621311498241783.sst
2026-05-01 07:41:51:528 - Compaction completed: 
3037440:Task input_files: "sstable1/5d44a28f-0275-4961-9fdc-6585c46e1870202605010141171777621285926871388.sst" input_files: "sstable1/5d44a28f-0275-4961-9fdc-6585c46e1870202605010141171777621282886153024.sst" compactIntoNextLevel: true destinationLevel: 2 is dead (hb=30)
3037440:Found dead task input_files: "sstable1/5d44a28f-0275-4961-9fdc-6585c46e1870202605010141171777621285926871388.sst" input_files: "sstable1/5d44a28f-0275-4961-9fdc-6585c46e1870202605010141171777621282886153024.sst" compactIntoNextLevel: true destinationLevel: 2
3037440:COMPACT_START sstable=1 input_files: "sstable1/5d44a28f-0275-4961-9fdc-6585c46e1870202605010141171777621285926871388.sst" input_files: "sstable1/5d44a28f-0275-4961-9fdc-6585c46e1870202605010141171777621282886153024.sst" compactIntoNextLevel: true destinationLevel: 2
2026-05-01 07:41:51:580 - Compaction started: 
140387129628224:Compacting sstable1/5d44a28f-0275-4961-9fdc-6585c46e1870202605010141171777621285926871388.sst sstable1/5d44a28f-0275-4961-9fdc-6585c46e1870202605010141171777621282886153024.sst into:sstable2/84ad5a58-80d8-45c6-8d85-dea5e894d7fd202605010141171777621311598979063.sst
2026-05-01 07:41:51:628 - Compaction completed: 
3037440:Task input_files: "sstable1/48b3460b-5ce3-4ff8-97cf-e43d3fc410b2202605010141171777621284889505615.sst" input_files: "sstable1/5d44a28f-0275-4961-9fdc-6585c46e1870202605010141171777621287963044483.sst" compactIntoNextLevel: true destinationLevel: 2 is dead (hb=30)
3037440:Found dead task input_files: "sstable1/48b3460b-5ce3-4ff8-97cf-e43d3fc410b2202605010141171777621284889505615.sst" input_files: "sstable1/5d44a28f-0275-4961-9fdc-6585c46e1870202605010141171777621287963044483.sst" compactIntoNextLevel: true destinationLevel: 2
3037440:COMPACT_START sstable=1 input_files: "sstable1/48b3460b-5ce3-4ff8-97cf-e43d3fc410b2202605010141171777621284889505615.sst" input_files: "sstable1/5d44a28f-0275-4961-9fdc-6585c46e1870202605010141171777621287963044483.sst" compactIntoNextLevel: true destinationLevel: 2
3037440:COMPACT_ABORT input_files: "sstable1/48b3460b-5ce3-4ff8-97cf-e43d3fc410b2202605010141171777621284889505615.sst" input_files: "sstable1/5d44a28f-0275-4961-9fdc-6585c46e1870202605010141171777621287963044483.sst" compactIntoNextLevel: true destinationLevel: 2
3037440:COMPACT_START sstable=1 input_files: "sstable1/5d44a28f-0275-4961-9fdc-6585c46e1870202605010141171777621309741600773.sst" input_files: "sstable1/48b3460b-5ce3-4ff8-97cf-e43d3fc410b2202605010141171777621294709868078.sst" compactIntoNextLevel: true destinationLevel: 2
2026-05-01 07:41:52:816 - Compaction started: 
140387129628224:Compacting sstable1/5d44a28f-0275-4961-9fdc-6585c46e1870202605010141171777621309741600773.sst sstable1/48b3460b-5ce3-4ff8-97cf-e43d3fc410b2202605010141171777621294709868078.sst into:sstable2/84ad5a58-80d8-45c6-8d85-dea5e894d7fd202605010141171777621312836367452.sst
2026-05-01 07:41:52:865 - Compaction completed: 
3037440:COMPACT_START sstable=1 input_files: "sstable1/48b3460b-5ce3-4ff8-97cf-e43d3fc410b2202605010141171777621294811472343.sst" input_files: "sstable1/48b3460b-5ce3-4ff8-97cf-e43d3fc410b2202605010141171777621285806622181.sst" compactIntoNextLevel: true destinationLevel: 2
2026-05-01 07:41:52:918 - Compaction started: 
140387129628224:Compacting sstable1/48b3460b-5ce3-4ff8-97cf-e43d3fc410b2202605010141171777621294811472343.sst sstable1/48b3460b-5ce3-4ff8-97cf-e43d3fc410b2202605010141171777621285806622181.sst into:sstable2/84ad5a58-80d8-45c6-8d85-dea5e894d7fd202605010141171777621312937915973.sst
2026-05-01 07:41:52:967 - Compaction completed: 
3037440:COMPACT_START sstable=1 input_files: "sstable1/84ad5a58-80d8-45c6-8d85-dea5e894d7fd202605010141171777621292438307050.sst" input_files: "sstable1/5d44a28f-0275-4961-9fdc-6585c46e1870202605010141171777621289389012942.sst" compactIntoNextLevel: true destinationLevel: 2
3037440:COMPACT_ABORT input_files: "sstable1/84ad5a58-80d8-45c6-8d85-dea5e894d7fd202605010141171777621292438307050.sst" input_files: "sstable1/5d44a28f-0275-4961-9fdc-6585c46e1870202605010141171777621289389012942.sst" compactIntoNextLevel: true destinationLevel: 2
3037440:COMPACT_START sstable=1 input_files: "sstable1/84ad5a58-80d8-45c6-8d85-dea5e894d7fd202605010141171777621286537240232.sst" input_files: "sstable1/84ad5a58-80d8-45c6-8d85-dea5e894d7fd202605010141171777621286639599652.sst" compactIntoNextLevel: true destinationLevel: 2
2026-05-01 07:41:53:122 - Compaction started: 
140387129628224:Compacting sstable1/84ad5a58-80d8-45c6-8d85-dea5e894d7fd202605010141171777621286537240232.sst sstable1/84ad5a58-80d8-45c6-8d85-dea5e894d7fd202605010141171777621286639599652.sst into:sstable2/84ad5a58-80d8-45c6-8d85-dea5e894d7fd202605010141171777621313141609573.sst
2026-05-01 07:41:53:171 - Compaction completed: 
3037440:COMPACT_START sstable=1 input_files: "sstable1/15d7661f-4370-4235-9a49-e8579187b05b202605010141171777621290157024940.sst" input_files: "sstable1/84ad5a58-80d8-45c6-8d85-dea5e894d7fd202605010141171777621290091108474.sst" compactIntoNextLevel: true destinationLevel: 2
2026-05-01 07:41:53:224 - Compaction started: 
140387129628224:Compacting sstable1/15d7661f-4370-4235-9a49-e8579187b05b202605010141171777621290157024940.sst sstable1/84ad5a58-80d8-45c6-8d85-dea5e894d7fd202605010141171777621290091108474.sst into:sstable2/84ad5a58-80d8-45c6-8d85-dea5e894d7fd202605010141171777621313242834767.sst
2026-05-01 07:41:53:272 - Compaction completed: 
3037440:COMPACT_START sstable=1 input_files: "sstable1/15d7661f-4370-4235-9a49-e8579187b05b202605010141171777621287459769896.sst" input_files: "sstable1/84ad5a58-80d8-45c6-8d85-dea5e894d7fd202605010141171777621287474454583.sst" compactIntoNextLevel: true destinationLevel: 2
3037440:COMPACT_ABORT input_files: "sstable1/15d7661f-4370-4235-9a49-e8579187b05b202605010141171777621287459769896.sst" input_files: "sstable1/84ad5a58-80d8-45c6-8d85-dea5e894d7fd202605010141171777621287474454583.sst" compactIntoNextLevel: true destinationLevel: 2
3037440:COMPACT_START sstable=1 input_files: "sstable1/84ad5a58-80d8-45c6-8d85-dea5e894d7fd202605010141171777621287948975880.sst" input_files: "sstable1/15d7661f-4370-4235-9a49-e8579187b05b202605010141171777621294229869243.sst" compactIntoNextLevel: true destinationLevel: 2
3037440:COMPACT_ABORT input_files: "sstable1/84ad5a58-80d8-45c6-8d85-dea5e894d7fd202605010141171777621287948975880.sst" input_files: "sstable1/15d7661f-4370-4235-9a49-e8579187b05b202605010141171777621294229869243.sst" compactIntoNextLevel: true destinationLevel: 2
3037440:COMPACT_START sstable=1 input_files: "sstable1/15d7661f-4370-4235-9a49-e8579187b05b202605010141171777621288114288201.sst" input_files: "sstable1/5d44a28f-0275-4961-9fdc-6585c46e1870202605010141171777621288166742470.sst" compactIntoNextLevel: true destinationLevel: 2
2026-05-01 07:41:53:528 - Compaction started: 
140387129628224:Compacting sstable1/15d7661f-4370-4235-9a49-e8579187b05b202605010141171777621288114288201.sst sstable1/5d44a28f-0275-4961-9fdc-6585c46e1870202605010141171777621288166742470.sst into:sstable2/84ad5a58-80d8-45c6-8d85-dea5e894d7fd202605010141171777621313546498518.sst
2026-05-01 07:41:53:574 - Compaction completed: 
3037440:COMPACT_START sstable=1 input_files: "sstable1/15d7661f-4370-4235-9a49-e8579187b05b202605010141171777621288420813456.sst" input_files: "sstable1/84ad5a58-80d8-45c6-8d85-dea5e894d7fd202605010141171777621288458772984.sst" compactIntoNextLevel: true destinationLevel: 2
2026-05-01 07:41:53:630 - Compaction started: 
140387129628224:Compacting sstable1/15d7661f-4370-4235-9a49-e8579187b05b202605010141171777621288420813456.sst sstable1/84ad5a58-80d8-45c6-8d85-dea5e894d7fd202605010141171777621288458772984.sst into:sstable2/84ad5a58-80d8-45c6-8d85-dea5e894d7fd202605010141171777621313647766062.sst
2026-05-01 07:41:53:675 - Compaction completed: 
3037440:COMPACT_START sstable=1 input_files: "sstable1/15d7661f-4370-4235-9a49-e8579187b05b202605010141171777621300750506653.sst" input_files: "sstable1/5d44a28f-0275-4961-9fdc-6585c46e1870202605010141171777621288573733176.sst" compactIntoNextLevel: true destinationLevel: 2
2026-05-01 07:41:53:732 - Compaction started: 
140387129628224:Compacting sstable1/15d7661f-4370-4235-9a49-e8579187b05b202605010141171777621300750506653.sst sstable1/5d44a28f-0275-4961-9fdc-6585c46e1870202605010141171777621288573733176.sst into:sstable2/84ad5a58-80d8-45c6-8d85-dea5e894d7fd202605010141171777621313749364215.sst
2026-05-01 07:41:53:776 - Compaction completed: 
3037440:COMPACT_START sstable=1 input_files: "sstable1/84ad5a58-80d8-45c6-8d85-dea5e894d7fd202605010141171777621288765526417.sst" input_files: "sstable1/15d7661f-4370-4235-9a49-e8579187b05b202605010141171777621295043579345.sst" compactIntoNextLevel: true destinationLevel: 2
3037440:COMPACT_ABORT input_files: "sstable1/84ad5a58-80d8-45c6-8d85-dea5e894d7fd202605010141171777621288765526417.sst" input_files: "sstable1/15d7661f-4370-4235-9a49-e8579187b05b202605010141171777621295043579345.sst" compactIntoNextLevel: true destinationLevel: 2
3037440:COMPACT_START sstable=1 input_files: "sstable1/15d7661f-4370-4235-9a49-e8579187b05b202605010141171777621292196928517.sst" input_files: "sstable1/15d7661f-4370-4235-9a49-e8579187b05b202605010141171777621288931362601.sst" compactIntoNextLevel: true destinationLevel: 2
3037440:COMPACT_ABORT input_files: "sstable1/15d7661f-4370-4235-9a49-e8579187b05b202605010141171777621292196928517.sst" input_files: "sstable1/15d7661f-4370-4235-9a49-e8579187b05b202605010141171777621288931362601.sst" compactIntoNextLevel: true destinationLevel: 2
3037440:COMPACT_START sstable=1 input_files: "sstable1/48b3460b-5ce3-4ff8-97cf-e43d3fc410b2202605010141171777621301036433375.sst" input_files: "sstable1/84ad5a58-80d8-45c6-8d85-dea5e894d7fd202605010141171777621288970568635.sst" compactIntoNextLevel: true destinationLevel: 2
2026-05-01 07:41:53:935 - Compaction started: 
140387129628224:Compacting sstable1/48b3460b-5ce3-4ff8-97cf-e43d3fc410b2202605010141171777621301036433375.sst sstable1/84ad5a58-80d8-45c6-8d85-dea5e894d7fd202605010141171777621288970568635.sst into:sstable2/84ad5a58-80d8-45c6-8d85-dea5e894d7fd202605010141171777621313953524139.sst
2026-05-01 07:41:53:981 - Compaction completed: 
3037440:COMPACT_START sstable=1 input_files: "sstable1/5d44a28f-0275-4961-9fdc-6585c46e1870202605010141171777621289083069777.sst" input_files: "sstable1/84ad5a58-80d8-45c6-8d85-dea5e894d7fd202605010141171777621292233796289.sst" compactIntoNextLevel: true destinationLevel: 2
3037440:COMPACT_ABORT input_files: "sstable1/5d44a28f-0275-4961-9fdc-6585c46e1870202605010141171777621289083069777.sst" input_files: "sstable1/84ad5a58-80d8-45c6-8d85-dea5e894d7fd202605010141171777621292233796289.sst" compactIntoNextLevel: true destinationLevel: 2
3037440:Task input_files: "datalog/773" input_files: "datalog/774" compactIntoNextLevel: true destinationLevel: 1 is dead (hb=30)
3037440:Found dead task input_files: "datalog/773" input_files: "datalog/774" compactIntoNextLevel: true destinationLevel: 1
3037440:COMPACT_START sstable=0 input_files: "datalog/773" input_files: "datalog/774" compactIntoNextLevel: true destinationLevel: 1
3037440:COMPACT_ABORT input_files: "datalog/773" input_files: "datalog/774" compactIntoNextLevel: true destinationLevel: 1
3037440:COMPACT_START sstable=1 input_files: "sstable1/48b3460b-5ce3-4ff8-97cf-e43d3fc410b2202605010141171777621295521825705.sst" input_files: "sstable1/15d7661f-4370-4235-9a49-e8579187b05b202605010141171777621298612742739.sst" compactIntoNextLevel: true destinationLevel: 2
2026-05-01 07:41:54:139 - Compaction started: 
140387129628224:Compacting sstable1/48b3460b-5ce3-4ff8-97cf-e43d3fc410b2202605010141171777621295521825705.sst sstable1/15d7661f-4370-4235-9a49-e8579187b05b202605010141171777621298612742739.sst into:sstable2/84ad5a58-80d8-45c6-8d85-dea5e894d7fd202605010141171777621314155590668.sst
2026-05-01 07:41:54:181 - Compaction completed: 
3037440:Task input_files: "sstable1/15d7661f-4370-4235-9a49-e8579187b05b202605010141171777621281733389730.sst" input_files: "sstable1/5d44a28f-0275-4961-9fdc-6585c46e1870202605010141171777621281764725321.sst" compactIntoNextLevel: true destinationLevel: 2 is dead (hb=30)
3037440:Task input_files: "sstable1/84ad5a58-80d8-45c6-8d85-dea5e894d7fd202605010141171777621282067808403.sst" input_files: "sstable1/15d7661f-4370-4235-9a49-e8579187b05b202605010141171777621282142614573.sst" compactIntoNextLevel: true destinationLevel: 2 is dead (hb=30)
3037440:Found dead task input_files: "sstable1/84ad5a58-80d8-45c6-8d85-dea5e894d7fd202605010141171777621282067808403.sst" input_files: "sstable1/15d7661f-4370-4235-9a49-e8579187b05b202605010141171777621282142614573.sst" compactIntoNextLevel: true destinationLevel: 2
3037440:COMPACT_START sstable=1 input_files: "sstable1/84ad5a58-80d8-45c6-8d85-dea5e894d7fd202605010141171777621282067808403.sst" input_files: "sstable1/15d7661f-4370-4235-9a49-e8579187b05b202605010141171777621282142614573.sst" compactIntoNextLevel: true destinationLevel: 2
2026-05-01 07:41:54:240 - Compaction started: 
140387129628224:Compacting sstable1/84ad5a58-80d8-45c6-8d85-dea5e894d7fd202605010141171777621282067808403.sst sstable1/15d7661f-4370-4235-9a49-e8579187b05b202605010141171777621282142614573.sst into:sstable2/84ad5a58-80d8-45c6-8d85-dea5e894d7fd202605010141171777621314261055971.sst
2026-05-01 07:41:54:292 - Compaction completed: 
3037440:Task input_files: "sstable1/48b3460b-5ce3-4ff8-97cf-e43d3fc410b2202605010141171777621284889505615.sst" input_files: "sstable1/5d44a28f-0275-4961-9fdc-6585c46e1870202605010141171777621287963044483.sst" compactIntoNextLevel: true destinationLevel: 2 is dead (hb=30)
3037440:Task input_files: "sstable1/48b3460b-5ce3-4ff8-97cf-e43d3fc410b2202605010141171777621285092709586.sst" input_files: "sstable1/48b3460b-5ce3-4ff8-97cf-e43d3fc410b2202605010141171777621300214006412.sst" compactIntoNextLevel: true destinationLevel: 2 is dead (hb=30)
3037440:Task input_files: "sstable1/15d7661f-4370-4235-9a49-e8579187b05b202605010141171777621287810714859.sst" input_files: "sstable1/48b3460b-5ce3-4ff8-97cf-e43d3fc410b2202605010141171777621284787673573.sst" compactIntoNextLevel: true destinationLevel: 2 is dead (hb=30)
3037440:Found dead task input_files: "sstable1/15d7661f-4370-4235-9a49-e8579187b05b202605010141171777621287810714859.sst" input_files: "sstable1/48b3460b-5ce3-4ff8-97cf-e43d3fc410b2202605010141171777621284787673573.sst" compactIntoNextLevel: true destinationLevel: 2
3037440:COMPACT_START sstable=1 input_files: "sstable1/15d7661f-4370-4235-9a49-e8579187b05b202605010141171777621287810714859.sst" input_files: "sstable1/48b3460b-5ce3-4ff8-97cf-e43d3fc410b2202605010141171777621284787673573.sst" compactIntoNextLevel: true destinationLevel: 2
3037440:COMPACT_ABORT input_files: "sstable1/15d7661f-4370-4235-9a49-e8579187b05b202605010141171777621287810714859.sst" input_files: "sstable1/48b3460b-5ce3-4ff8-97cf-e43d3fc410b2202605010141171777621284787673573.sst" compactIntoNextLevel: true destinationLevel: 2
3037440:Found dead task input_files: "sstable1/48b3460b-5ce3-4ff8-97cf-e43d3fc410b2202605010141171777621285092709586.sst" input_files: "sstable1/48b3460b-5ce3-4ff8-97cf-e43d3fc410b2202605010141171777621300214006412.sst" compactIntoNextLevel: true destinationLevel: 2
3037440:COMPACT_START sstable=1 input_files: "sstable1/48b3460b-5ce3-4ff8-97cf-e43d3fc410b2202605010141171777621285092709586.sst" input_files: "sstable1/48b3460b-5ce3-4ff8-97cf-e43d3fc410b2202605010141171777621300214006412.sst" compactIntoNextLevel: true destinationLevel: 2
2026-05-01 07:41:55:065 - Compaction started: 
140387129628224:Compacting sstable1/48b3460b-5ce3-4ff8-97cf-e43d3fc410b2202605010141171777621285092709586.sst sstable1/48b3460b-5ce3-4ff8-97cf-e43d3fc410b2202605010141171777621300214006412.sst into:sstable2/84ad5a58-80d8-45c6-8d85-dea5e894d7fd202605010141171777621315084893317.sst
2026-05-01 07:41:55:113 - Compaction completed: 
3037440:Task input_files: "sstable1/84ad5a58-80d8-45c6-8d85-dea5e894d7fd202605010141171777621285116496577.sst" input_files: "sstable1/48b3460b-5ce3-4ff8-97cf-e43d3fc410b2202605010141171777621285194312128.sst" compactIntoNextLevel: true destinationLevel: 2 is dead (hb=30)
3037440:Found dead task input_files: "sstable1/84ad5a58-80d8-45c6-8d85-dea5e894d7fd202605010141171777621285116496577.sst" input_files: "sstable1/48b3460b-5ce3-4ff8-97cf-e43d3fc410b2202605010141171777621285194312128.sst" compactIntoNextLevel: true destinationLevel: 2
3037440:COMPACT_START sstable=1 input_files: "sstable1/84ad5a58-80d8-45c6-8d85-dea5e894d7fd202605010141171777621285116496577.sst" input_files: "sstable1/48b3460b-5ce3-4ff8-97cf-e43d3fc410b2202605010141171777621285194312128.sst" compactIntoNextLevel: true destinationLevel: 2
2026-05-01 07:41:55:167 - Compaction started: 
140387129628224:Compacting sstable1/84ad5a58-80d8-45c6-8d85-dea5e894d7fd202605010141171777621285116496577.sst sstable1/48b3460b-5ce3-4ff8-97cf-e43d3fc410b2202605010141171777621285194312128.sst into:sstable2/84ad5a58-80d8-45c6-8d85-dea5e894d7fd202605010141171777621315185805135.sst
2026-05-01 07:41:55:214 - Compaction completed: 
3037440:COMPACT_START sstable=1 input_files: "sstable2/5d44a28f-0275-4961-9fdc-6585c46e1870202605010141171777621300733572008.sst" input_files: "sstable2/84ad5a58-80d8-45c6-8d85-dea5e894d7fd202605010141171777621306963376588.sst" compactIntoNextLevel: false destinationLevel: 2
2026-05-01 07:41:55:585 - Compaction started: 
140387129628224:Compacting sstable2/5d44a28f-0275-4961-9fdc-6585c46e1870202605010141171777621300733572008.sst sstable2/84ad5a58-80d8-45c6-8d85-dea5e894d7fd202605010141171777621306963376588.sst into:sstable2/0_84ad5a58-80d8-45c6-8d85-dea5e894d7fd202605010141171777621315636779621.sst
2026-05-01 07:41:55:711 - Compaction completed: 
3037440:Task input_files: "sstable1/15d7661f-4370-4235-9a49-e8579187b05b202605010141171777621288318677184.sst" input_files: "sstable1/48b3460b-5ce3-4ff8-97cf-e43d3fc410b2202605010141171777621312646737316.sst" compactIntoNextLevel: true destinationLevel: 2 is dead (hb=30)
3037440:Task input_files: "sstable1/84ad5a58-80d8-45c6-8d85-dea5e894d7fd202605010141171777621291213845261.sst" input_files: "sstable1/84ad5a58-80d8-45c6-8d85-dea5e894d7fd202605010141171777621285219127517.sst" compactIntoNextLevel: true destinationLevel: 2 is dead (hb=30)
3037440:Found dead task input_files: "sstable1/84ad5a58-80d8-45c6-8d85-dea5e894d7fd202605010141171777621291213845261.sst" input_files: "sstable1/84ad5a58-80d8-45c6-8d85-dea5e894d7fd202605010141171777621285219127517.sst" compactIntoNextLevel: true destinationLevel: 2
3037440:COMPACT_START sstable=1 input_files: "sstable1/84ad5a58-80d8-45c6-8d85-dea5e894d7fd202605010141171777621291213845261.sst" input_files: "sstable1/84ad5a58-80d8-45c6-8d85-dea5e894d7fd202605010141171777621285219127517.sst" compactIntoNextLevel: true destinationLevel: 2
2026-05-01 07:41:55:788 - Compaction started: 
140387129628224:Compacting sstable1/84ad5a58-80d8-45c6-8d85-dea5e894d7fd202605010141171777621291213845261.sst sstable1/84ad5a58-80d8-45c6-8d85-dea5e894d7fd202605010141171777621285219127517.sst into:sstable2/84ad5a58-80d8-45c6-8d85-dea5e894d7fd202605010141171777621315809481243.sst
2026-05-01 07:41:55:842 - Compaction completed: 
3037440:COMPACT_START sstable=1 input_files: "sstable2/84ad5a58-80d8-45c6-8d85-dea5e894d7fd202605010141171777621307065344294.sst" input_files: "sstable2/5d44a28f-0275-4961-9fdc-6585c46e1870202605010141171777621303986426786.sst" compactIntoNextLevel: false destinationLevel: 2
3037440:COMPACT_ABORT input_files: "sstable2/84ad5a58-80d8-45c6-8d85-dea5e894d7fd202605010141171777621307065344294.sst" input_files: "sstable2/5d44a28f-0275-4961-9fdc-6585c46e1870202605010141171777621303986426786.sst" compactIntoNextLevel: false destinationLevel: 2
3037440:COMPACT_START sstable=1 input_files: "sstable2/15d7661f-4370-4235-9a49-e8579187b05b202605010141171777621297620521082.sst" input_files: "sstable2/84ad5a58-80d8-45c6-8d85-dea5e894d7fd202605010141171777621303571791350.sst" compactIntoNextLevel: false destinationLevel: 2
3037440:COMPACT_ABORT input_files: "sstable2/15d7661f-4370-4235-9a49-e8579187b05b202605010141171777621297620521082.sst" input_files: "sstable2/84ad5a58-80d8-45c6-8d85-dea5e894d7fd202605010141171777621303571791350.sst" compactIntoNextLevel: false destinationLevel: 2
3037440:Task input_files: "sstable1/84ad5a58-80d8-45c6-8d85-dea5e894d7fd202605010141171777621292438307050.sst" input_files: "sstable1/5d44a28f-0275-4961-9fdc-6585c46e1870202605010141171777621289389012942.sst" compactIntoNextLevel: true destinationLevel: 2 is dead (hb=30)
3037440:Found dead task input_files: "sstable1/84ad5a58-80d8-45c6-8d85-dea5e894d7fd202605010141171777621292438307050.sst" input_files: "sstable1/5d44a28f-0275-4961-9fdc-6585c46e1870202605010141171777621289389012942.sst" compactIntoNextLevel: true destinationLevel: 2
3037440:COMPACT_START sstable=1 input_files: "sstable1/84ad5a58-80d8-45c6-8d85-dea5e894d7fd202605010141171777621292438307050.sst" input_files: "sstable1/5d44a28f-0275-4961-9fdc-6585c46e1870202605010141171777621289389012942.sst" compactIntoNextLevel: true destinationLevel: 2
2026-05-01 07:41:56:107 - Compaction started: 
140387129628224:Compacting sstable1/84ad5a58-80d8-45c6-8d85-dea5e894d7fd202605010141171777621292438307050.sst sstable1/5d44a28f-0275-4961-9fdc-6585c46e1870202605010141171777621289389012942.sst into:sstable2/84ad5a58-80d8-45c6-8d85-dea5e894d7fd202605010141171777621316130819747.sst
2026-05-01 07:41:56:161 - Compaction completed: 
3037440:Task input_files: "sstable1/84ad5a58-80d8-45c6-8d85-dea5e894d7fd202605010141171777621292336957954.sst" input_files: "sstable1/84ad5a58-80d8-45c6-8d85-dea5e894d7fd202605010141171777621286333868996.sst" compactIntoNextLevel: true destinationLevel: 2 is dead (hb=30)
3037440:Found dead task input_files: "sstable1/84ad5a58-80d8-45c6-8d85-dea5e894d7fd202605010141171777621292336957954.sst" input_files: "sstable1/84ad5a58-80d8-45c6-8d85-dea5e894d7fd202605010141171777621286333868996.sst" compactIntoNextLevel: true destinationLevel: 2
3037440:COMPACT_START sstable=1 input_files: "sstable1/84ad5a58-80d8-45c6-8d85-dea5e894d7fd202605010141171777621292336957954.sst" input_files: "sstable1/84ad5a58-80d8-45c6-8d85-dea5e894d7fd202605010141171777621286333868996.sst" compactIntoNextLevel: true destinationLevel: 2
3037440:COMPACT_ABORT input_files: "sstable1/84ad5a58-80d8-45c6-8d85-dea5e894d7fd202605010141171777621292336957954.sst" input_files: "sstable1/84ad5a58-80d8-45c6-8d85-dea5e894d7fd202605010141171777621286333868996.sst" compactIntoNextLevel: true destinationLevel: 2
3037440:COMPACT_START sstable=1 input_files: "sstable2/15d7661f-4370-4235-9a49-e8579187b05b202605010141171777621291504137787.sst" input_files: "sstable2/48b3460b-5ce3-4ff8-97cf-e43d3fc410b2202605010141171777621291587779390.sst" compactIntoNextLevel: false destinationLevel: 2
3037440:COMPACT_ABORT input_files: "sstable2/15d7661f-4370-4235-9a49-e8579187b05b202605010141171777621291504137787.sst" input_files: "sstable2/48b3460b-5ce3-4ff8-97cf-e43d3fc410b2202605010141171777621291587779390.sst" compactIntoNextLevel: false destinationLevel: 2
3037440:COMPACT_START sstable=1 input_files: "sstable2/15d7661f-4370-4235-9a49-e8579187b05b202605010141171777621315357372671.sst" input_files: "sstable2/84ad5a58-80d8-45c6-8d85-dea5e894d7fd202605010141171777621303269218333.sst" compactIntoNextLevel: false destinationLevel: 2
3037440:COMPACT_ABORT input_files: "sstable2/15d7661f-4370-4235-9a49-e8579187b05b202605010141171777621315357372671.sst" input_files: "sstable2/84ad5a58-80d8-45c6-8d85-dea5e894d7fd202605010141171777621303269218333.sst" compactIntoNextLevel: false destinationLevel: 2
3037440:COMPACT_START sstable=1 input_files: "sstable2/15d7661f-4370-4235-9a49-e8579187b05b202605010141171777621297216857804.sst" input_files: "sstable2/48b3460b-5ce3-4ff8-97cf-e43d3fc410b2202605010141171777621300336186097.sst" compactIntoNextLevel: false destinationLevel: 2
3037440:COMPACT_ABORT input_files: "sstable2/15d7661f-4370-4235-9a49-e8579187b05b202605010141171777621297216857804.sst" input_files: "sstable2/48b3460b-5ce3-4ff8-97cf-e43d3fc410b2202605010141171777621300336186097.sst" compactIntoNextLevel: false destinationLevel: 2
3037440:COMPACT_START sstable=1 input_files: "sstable2/48b3460b-5ce3-4ff8-97cf-e43d3fc410b2202605010141171777621297298590158.sst" input_files: "sstable2/15d7661f-4370-4235-9a49-e8579187b05b202605010141171777621297316906844.sst" compactIntoNextLevel: false destinationLevel: 2
2026-05-01 07:41:56:228 - Compaction started: 
140387129628224:Compacting sstable2/48b3460b-5ce3-4ff8-97cf-e43d3fc410b2202605010141171777621297298590158.sst sstable2/15d7661f-4370-4235-9a49-e8579187b05b202605010141171777621297316906844.sst into:sstable2/0_84ad5a58-80d8-45c6-8d85-dea5e894d7fd202605010141171777621316278725147.sst
2026-05-01 07:41:56:355 - Compaction completed: 
3037440:Task input_files: "sstable1/15d7661f-4370-4235-9a49-e8579187b05b202605010141171777621287459769896.sst" input_files: "sstable1/84ad5a58-80d8-45c6-8d85-dea5e894d7fd202605010141171777621287474454583.sst" compactIntoNextLevel: true destinationLevel: 2 is dead (hb=30)
3037440:Task input_files: "sstable1/15d7661f-4370-4235-9a49-e8579187b05b202605010141171777621293315066343.sst" input_files: "sstable1/84ad5a58-80d8-45c6-8d85-dea5e894d7fd202605010141171777621287269873009.sst" compactIntoNextLevel: true destinationLevel: 2 is dead (hb=31)
3037440:Task input_files: "sstable1/84ad5a58-80d8-45c6-8d85-dea5e894d7fd202605010141171777621287065375612.sst" input_files: "sstable1/5d44a28f-0275-4961-9fdc-6585c46e1870202605010141171777621290206544398.sst" compactIntoNextLevel: true destinationLevel: 2 is dead (hb=31)
3037440:Found dead task input_files: "sstable1/84ad5a58-80d8-45c6-8d85-dea5e894d7fd202605010141171777621287065375612.sst" input_files: "sstable1/5d44a28f-0275-4961-9fdc-6585c46e1870202605010141171777621290206544398.sst" compactIntoNextLevel: true destinationLevel: 2
3037440:COMPACT_START sstable=1 input_files: "sstable1/84ad5a58-80d8-45c6-8d85-dea5e894d7fd202605010141171777621287065375612.sst" input_files: "sstable1/5d44a28f-0275-4961-9fdc-6585c46e1870202605010141171777621290206544398.sst" compactIntoNextLevel: true destinationLevel: 2
2026-05-01 07:41:56:430 - Compaction started: 
140387129628224:Compacting sstable1/84ad5a58-80d8-45c6-8d85-dea5e894d7fd202605010141171777621287065375612.sst sstable1/5d44a28f-0275-4961-9fdc-6585c46e1870202605010141171777621290206544398.sst into:sstable2/84ad5a58-80d8-45c6-8d85-dea5e894d7fd202605010141171777621316450523887.sst
2026-05-01 07:41:56:486 - Compaction completed: 
3037440:Task input_files: "sstable1/84ad5a58-80d8-45c6-8d85-dea5e894d7fd202605010141171777621287948975880.sst" input_files: "sstable1/15d7661f-4370-4235-9a49-e8579187b05b202605010141171777621294229869243.sst" compactIntoNextLevel: true destinationLevel: 2 is dead (hb=30)
3037440:Found dead task input_files: "sstable1/84ad5a58-80d8-45c6-8d85-dea5e894d7fd202605010141171777621287948975880.sst" input_files: "sstable1/15d7661f-4370-4235-9a49-e8579187b05b202605010141171777621294229869243.sst" compactIntoNextLevel: true destinationLevel: 2
3037440:COMPACT_START sstable=1 input_files: "sstable1/84ad5a58-80d8-45c6-8d85-dea5e894d7fd202605010141171777621287948975880.sst" input_files: "sstable1/15d7661f-4370-4235-9a49-e8579187b05b202605010141171777621294229869243.sst" compactIntoNextLevel: true destinationLevel: 2
3037440:COMPACT_ABORT input_files: "sstable1/84ad5a58-80d8-45c6-8d85-dea5e894d7fd202605010141171777621287948975880.sst" input_files: "sstable1/15d7661f-4370-4235-9a49-e8579187b05b202605010141171777621294229869243.sst" compactIntoNextLevel: true destinationLevel: 2
3037440:Task input_files: "sstable1/5d44a28f-0275-4961-9fdc-6585c46e1870202605010141171777621288065097188.sst" input_files: "sstable1/48b3460b-5ce3-4ff8-97cf-e43d3fc410b2202605010141171777621288091739491.sst" compactIntoNextLevel: true destinationLevel: 2 is dead (hb=30)
3037440:COMPACT_START sstable=1 input_files: "sstable2/15d7661f-4370-4235-9a49-e8579187b05b202605010141171777621300872940515.sst" input_files: "sstable2/84ad5a58-80d8-45c6-8d85-dea5e894d7fd202605010141171777621307065344294.sst" compactIntoNextLevel: false destinationLevel: 2
2026-05-01 07:41:56:543 - Compaction started: 
140387129628224:Compacting sstable2/15d7661f-4370-4235-9a49-e8579187b05b202605010141171777621300872940515.sst sstable2/84ad5a58-80d8-45c6-8d85-dea5e894d7fd202605010141171777621307065344294.sst into:sstable2/0_84ad5a58-80d8-45c6-8d85-dea5e894d7fd202605010141171777621316594602915.sst
2026-05-01 07:41:56:672 - Compaction completed: 
3037440:COMPACT_START sstable=1 input_files: "sstable2/84ad5a58-80d8-45c6-8d85-dea5e894d7fd202605010141171777621304080922395.sst" input_files: "sstable2/84ad5a58-80d8-45c6-8d85-dea5e894d7fd202605010141171777621310264937158.sst" compactIntoNextLevel: false destinationLevel: 2
2026-05-01 07:41:56:756 - Compaction started: 
140387129628224:Compacting sstable2/84ad5a58-80d8-45c6-8d85-dea5e894d7fd202605010141171777621304080922395.sst sstable2/84ad5a58-80d8-45c6-8d85-dea5e894d7fd202605010141171777621310264937158.sst into:sstable2/0_84ad5a58-80d8-45c6-8d85-dea5e894d7fd202605010141171777621316799461618.sst
2026-05-01 07:41:56:872 - Compaction completed: 
3037440:Task input_files: "sstable1/15d7661f-4370-4235-9a49-e8579187b05b202605010141171777621292196928517.sst" input_files: "sstable1/15d7661f-4370-4235-9a49-e8579187b05b202605010141171777621288931362601.sst" compactIntoNextLevel: true destinationLevel: 2 is dead (hb=30)
3037440:Task input_files: "sstable1/84ad5a58-80d8-45c6-8d85-dea5e894d7fd202605010141171777621288765526417.sst" input_files: "sstable1/15d7661f-4370-4235-9a49-e8579187b05b202605010141171777621295043579345.sst" compactIntoNextLevel: true destinationLevel: 2 is dead (hb=30)
3037440:Found dead task input_files: "sstable1/84ad5a58-80d8-45c6-8d85-dea5e894d7fd202605010141171777621288765526417.sst" input_files: "sstable1/15d7661f-4370-4235-9a49-e8579187b05b202605010141171777621295043579345.sst" compactIntoNextLevel: true destinationLevel: 2
3037440:COMPACT_START sstable=1 input_files: "sstable1/84ad5a58-80d8-45c6-8d85-dea5e894d7fd202605010141171777621288765526417.sst" input_files: "sstable1/15d7661f-4370-4235-9a49-e8579187b05b202605010141171777621295043579345.sst" compactIntoNextLevel: true destinationLevel: 2
2026-05-01 07:41:56:959 - Compaction started: 
140387129628224:Compacting sstable1/84ad5a58-80d8-45c6-8d85-dea5e894d7fd202605010141171777621288765526417.sst sstable1/15d7661f-4370-4235-9a49-e8579187b05b202605010141171777621295043579345.sst into:sstable2/84ad5a58-80d8-45c6-8d85-dea5e894d7fd202605010141171777621316977232032.sst
2026-05-01 07:41:57:005 - Compaction completed: 
3037440:Task input_files: "sstable1/84ad5a58-80d8-45c6-8d85-dea5e894d7fd202605010141171777621288868472959.sst" input_files: "sstable1/5d44a28f-0275-4961-9fdc-6585c46e1870202605010141171777621288879528323.sst" compactIntoNextLevel: true destinationLevel: 2 is dead (hb=30)
3037440:Found dead task input_files: "sstable1/84ad5a58-80d8-45c6-8d85-dea5e894d7fd202605010141171777621288868472959.sst" input_files: "sstable1/5d44a28f-0275-4961-9fdc-6585c46e1870202605010141171777621288879528323.sst" compactIntoNextLevel: true destinationLevel: 2
3037440:COMPACT_START sstable=1 input_files: "sstable1/84ad5a58-80d8-45c6-8d85-dea5e894d7fd202605010141171777621288868472959.sst" input_files: "sstable1/5d44a28f-0275-4961-9fdc-6585c46e1870202605010141171777621288879528323.sst" compactIntoNextLevel: true destinationLevel: 2
2026-05-01 07:41:57:061 - Compaction started: 
140387129628224:Compacting sstable1/84ad5a58-80d8-45c6-8d85-dea5e894d7fd202605010141171777621288868472959.sst sstable1/5d44a28f-0275-4961-9fdc-6585c46e1870202605010141171777621288879528323.sst into:sstable2/84ad5a58-80d8-45c6-8d85-dea5e894d7fd202605010141171777621317079566646.sst
2026-05-01 07:41:57:110 - Compaction completed: 
3037440:Task input_files: "sstable1/5d44a28f-0275-4961-9fdc-6585c46e1870202605010141171777621289083069777.sst" input_files: "sstable1/84ad5a58-80d8-45c6-8d85-dea5e894d7fd202605010141171777621292233796289.sst" compactIntoNextLevel: true destinationLevel: 2 is dead (hb=30)
3037440:Task input_files: "datalog/773" input_files: "datalog/774" compactIntoNextLevel: true destinationLevel: 1 is dead (hb=30)
3037440:Found dead task input_files: "datalog/773" input_files: "datalog/774" compactIntoNextLevel: true destinationLevel: 1
3037440:COMPACT_START sstable=0 input_files: "datalog/773" input_files: "datalog/774" compactIntoNextLevel: true destinationLevel: 1
3037440:COMPACT_ABORT input_files: "datalog/773" input_files: "datalog/774" compactIntoNextLevel: true destinationLevel: 1
3037440:Found dead task input_files: "sstable1/5d44a28f-0275-4961-9fdc-6585c46e1870202605010141171777621289083069777.sst" input_files: "sstable1/84ad5a58-80d8-45c6-8d85-dea5e894d7fd202605010141171777621292233796289.sst" compactIntoNextLevel: true destinationLevel: 2
3037440:COMPACT_START sstable=1 input_files: "sstable1/5d44a28f-0275-4961-9fdc-6585c46e1870202605010141171777621289083069777.sst" input_files: "sstable1/84ad5a58-80d8-45c6-8d85-dea5e894d7fd202605010141171777621292233796289.sst" compactIntoNextLevel: true destinationLevel: 2
3037440:COMPACT_ABORT input_files: "sstable1/5d44a28f-0275-4961-9fdc-6585c46e1870202605010141171777621289083069777.sst" input_files: "sstable1/84ad5a58-80d8-45c6-8d85-dea5e894d7fd202605010141171777621292233796289.sst" compactIntoNextLevel: true destinationLevel: 2
3037440:Task input_files: "sstable1/48b3460b-5ce3-4ff8-97cf-e43d3fc410b2202605010141171777621289524760030.sst" input_files: "sstable1/15d7661f-4370-4235-9a49-e8579187b05b202605010141171777621289543349988.sst" compactIntoNextLevel: true destinationLevel: 2 is dead (hb=30)
3037440:Found dead task input_files: "sstable1/48b3460b-5ce3-4ff8-97cf-e43d3fc410b2202605010141171777621289524760030.sst" input_files: "sstable1/15d7661f-4370-4235-9a49-e8579187b05b202605010141171777621289543349988.sst" compactIntoNextLevel: true destinationLevel: 2
3037440:COMPACT_START sstable=1 input_files: "sstable1/48b3460b-5ce3-4ff8-97cf-e43d3fc410b2202605010141171777621289524760030.sst" input_files: "sstable1/15d7661f-4370-4235-9a49-e8579187b05b202605010141171777621289543349988.sst" compactIntoNextLevel: true destinationLevel: 2
3037440:COMPACT_ABORT input_files: "sstable1/48b3460b-5ce3-4ff8-97cf-e43d3fc410b2202605010141171777621289524760030.sst" input_files: "sstable1/15d7661f-4370-4235-9a49-e8579187b05b202605010141171777621289543349988.sst" compactIntoNextLevel: true destinationLevel: 2
3037440:COMPACT_START sstable=1 input_files: "sstable2/48b3460b-5ce3-4ff8-97cf-e43d3fc410b2202605010141171777621301462978376.sst" input_files: "sstable2/15d7661f-4370-4235-9a49-e8579187b05b202605010141171777621304439509494.sst" compactIntoNextLevel: false destinationLevel: 2
2026-05-01 07:41:57:281 - Compaction started: 
140387129628224:Compacting sstable2/48b3460b-5ce3-4ff8-97cf-e43d3fc410b2202605010141171777621301462978376.sst sstable2/15d7661f-4370-4235-9a49-e8579187b05b202605010141171777621304439509494.sst into:sstable2/0_84ad5a58-80d8-45c6-8d85-dea5e894d7fd202605010141171777621317327797133.sst
2026-05-01 07:41:57:409 - Compaction completed: 
3037440:COMPACT_START sstable=1 input_files: "sstable2/84ad5a58-80d8-45c6-8d85-dea5e894d7fd202605010141171777621307784758171.sst" input_files: "sstable2/84ad5a58-80d8-45c6-8d85-dea5e894d7fd202605010141171777621301737037862.sst" compactIntoNextLevel: false destinationLevel: 2
3037440:COMPACT_ABORT input_files: "sstable2/84ad5a58-80d8-45c6-8d85-dea5e894d7fd202605010141171777621307784758171.sst" input_files: "sstable2/84ad5a58-80d8-45c6-8d85-dea5e894d7fd202605010141171777621301737037862.sst" compactIntoNextLevel: false destinationLevel: 2
3037440:COMPACT_START sstable=1 input_files: "sstable2/15d7661f-4370-4235-9a49-e8579187b05b202605010141171777621304951449365.sst" input_files: "sstable2/84ad5a58-80d8-45c6-8d85-dea5e894d7fd202605010141171777621305005665798.sst" compactIntoNextLevel: false destinationLevel: 2
2026-05-01 07:41:57:631 - Compaction started: 
140387129628224:Compacting sstable2/15d7661f-4370-4235-9a49-e8579187b05b202605010141171777621304951449365.sst sstable2/84ad5a58-80d8-45c6-8d85-dea5e894d7fd202605010141171777621305005665798.sst into:sstable2/0_84ad5a58-80d8-45c6-8d85-dea5e894d7fd202605010141171777621317673523985.sst
2026-05-01 07:41:57:740 - Compaction completed: 
3037440:COMPACT_START sstable=1 input_files: "sstable2/15d7661f-4370-4235-9a49-e8579187b05b202605010141171777621305156880822.sst" input_files: "sstable2/5d44a28f-0275-4961-9fdc-6585c46e1870202605010141171777621314287534547.sst" compactIntoNextLevel: false destinationLevel: 2
2026-05-01 07:41:57:861 - Compaction started: 
140387129628224:Compacting sstable2/15d7661f-4370-4235-9a49-e8579187b05b202605010141171777621305156880822.sst sstable2/5d44a28f-0275-4961-9fdc-6585c46e1870202605010141171777621314287534547.sst into:sstable2/0_84ad5a58-80d8-45c6-8d85-dea5e894d7fd202605010141171777621317904319198.sst
2026-05-01 07:41:57:973 - Compaction completed: 
3037440:Task input_files: "sstable1/15d7661f-4370-4235-9a49-e8579187b05b202605010141171777621287810714859.sst" input_files: "sstable1/48b3460b-5ce3-4ff8-97cf-e43d3fc410b2202605010141171777621284787673573.sst" compactIntoNextLevel: true destinationLevel: 2 is dead (hb=30)
3037440:Found dead task input_files: "sstable1/15d7661f-4370-4235-9a49-e8579187b05b202605010141171777621287810714859.sst" input_files: "sstable1/48b3460b-5ce3-4ff8-97cf-e43d3fc410b2202605010141171777621284787673573.sst" compactIntoNextLevel: true destinationLevel: 2
3037440:COMPACT_START sstable=1 input_files: "sstable1/15d7661f-4370-4235-9a49-e8579187b05b202605010141171777621287810714859.sst" input_files: "sstable1/48b3460b-5ce3-4ff8-97cf-e43d3fc410b2202605010141171777621284787673573.sst" compactIntoNextLevel: true destinationLevel: 2
3037440:COMPACT_ABORT input_files: "sstable1/15d7661f-4370-4235-9a49-e8579187b05b202605010141171777621287810714859.sst" input_files: "sstable1/48b3460b-5ce3-4ff8-97cf-e43d3fc410b2202605010141171777621284787673573.sst" compactIntoNextLevel: true destinationLevel: 2
3037440:COMPACT_START sstable=1 input_files: "sstable2/48b3460b-5ce3-4ff8-97cf-e43d3fc410b2202605010141171777621302379289813.sst" input_files: "sstable2/15d7661f-4370-4235-9a49-e8579187b05b202605010141171777621305462754456.sst" compactIntoNextLevel: false destinationLevel: 2
2026-05-01 07:41:58:196 - Compaction started: 
140387129628224:Compacting sstable2/48b3460b-5ce3-4ff8-97cf-e43d3fc410b2202605010141171777621302379289813.sst sstable2/15d7661f-4370-4235-9a49-e8579187b05b202605010141171777621305462754456.sst into:sstable2/0_84ad5a58-80d8-45c6-8d85-dea5e894d7fd202605010141171777621318240414004.sst
2026-05-01 07:41:58:309 - Compaction completed: 
3037440:COMPACT_START sstable=1 input_files: "sstable2/48b3460b-5ce3-4ff8-97cf-e43d3fc410b2202605010141171777621305856731286.sst" input_files: "sstable2/48b3460b-5ce3-4ff8-97cf-e43d3fc410b2202605010141171777621302786499199.sst" compactIntoNextLevel: false destinationLevel: 2
3037440:COMPACT_ABORT input_files: "sstable2/48b3460b-5ce3-4ff8-97cf-e43d3fc410b2202605010141171777621305856731286.sst" input_files: "sstable2/48b3460b-5ce3-4ff8-97cf-e43d3fc410b2202605010141171777621302786499199.sst" compactIntoNextLevel: false destinationLevel: 2
3037440:Task input_files: "sstable2/15d7661f-4370-4235-9a49-e8579187b05b202605010141171777621297316906844.sst" input_files: "sstable2/48b3460b-5ce3-4ff8-97cf-e43d3fc410b2202605010141171777621309359671938.sst" compactIntoNextLevel: false destinationLevel: 2 is dead (hb=30)
3037440:COMPACT_START sstable=1 input_files: "sstable2/84ad5a58-80d8-45c6-8d85-dea5e894d7fd202605010141171777621305932989878.sst" input_files: "sstable2/15d7661f-4370-4235-9a49-e8579187b05b202605010141171777621302806723701.sst" compactIntoNextLevel: false destinationLevel: 2
2026-05-01 07:41:58:574 - Compaction started: 
140387129628224:Compacting sstable2/84ad5a58-80d8-45c6-8d85-dea5e894d7fd202605010141171777621305932989878.sst sstable2/15d7661f-4370-4235-9a49-e8579187b05b202605010141171777621302806723701.sst into:sstable2/0_84ad5a58-80d8-45c6-8d85-dea5e894d7fd202605010141171777621318613026294.sst
2026-05-01 07:41:58:673 - Compaction completed: 
3037440:Task input_files: "sstable2/84ad5a58-80d8-45c6-8d85-dea5e894d7fd202605010141171777621307065344294.sst" input_files: "sstable2/5d44a28f-0275-4961-9fdc-6585c46e1870202605010141171777621303986426786.sst" compactIntoNextLevel: false destinationLevel: 2 is dead (hb=30)
3037440:Task input_files: "sstable1/15d7661f-4370-4235-9a49-e8579187b05b202605010141171777621288318677184.sst" input_files: "sstable1/48b3460b-5ce3-4ff8-97cf-e43d3fc410b2202605010141171777621312646737316.sst" compactIntoNextLevel: true destinationLevel: 2 is dead (hb=30)
3037440:Found dead task input_files: "sstable1/15d7661f-4370-4235-9a49-e8579187b05b202605010141171777621288318677184.sst" input_files: "sstable1/48b3460b-5ce3-4ff8-97cf-e43d3fc410b2202605010141171777621312646737316.sst" compactIntoNextLevel: true destinationLevel: 2
3037440:COMPACT_START sstable=1 input_files: "sstable1/15d7661f-4370-4235-9a49-e8579187b05b202605010141171777621288318677184.sst" input_files: "sstable1/48b3460b-5ce3-4ff8-97cf-e43d3fc410b2202605010141171777621312646737316.sst" compactIntoNextLevel: true destinationLevel: 2
2026-05-01 07:41:58:950 - Compaction started: 
140387129628224:Compacting sstable1/15d7661f-4370-4235-9a49-e8579187b05b202605010141171777621288318677184.sst sstable1/48b3460b-5ce3-4ff8-97cf-e43d3fc410b2202605010141171777621312646737316.sst into:sstable2/84ad5a58-80d8-45c6-8d85-dea5e894d7fd202605010141171777621318970315781.sst
2026-05-01 07:41:59:001 - Compaction completed: 
3037440:Task input_files: "sstable2/15d7661f-4370-4235-9a49-e8579187b05b202605010141171777621291403414103.sst" input_files: "sstable2/48b3460b-5ce3-4ff8-97cf-e43d3fc410b2202605010141171777621294529123668.sst" compactIntoNextLevel: false destinationLevel: 2 is dead (hb=30)
3037440:Task input_files: "sstable1/84ad5a58-80d8-45c6-8d85-dea5e894d7fd202605010141171777621292132625897.sst" input_files: "sstable1/48b3460b-5ce3-4ff8-97cf-e43d3fc410b2202605010141171777621286112583219.sst" compactIntoNextLevel: true destinationLevel: 2 is dead (hb=30)
3037440:Task input_files: "sstable1/48b3460b-5ce3-4ff8-97cf-e43d3fc410b2202605010141171777621288705843217.sst" input_files: "sstable1/84ad5a58-80d8-45c6-8d85-dea5e894d7fd202605010141171777621285623421607.sst" compactIntoNextLevel: true destinationLevel: 2 is dead (hb=30)
3037440:Task input_files: "sstable2/15d7661f-4370-4235-9a49-e8579187b05b202605010141171777621297620521082.sst" input_files: "sstable2/84ad5a58-80d8-45c6-8d85-dea5e894d7fd202605010141171777621303571791350.sst" compactIntoNextLevel: false destinationLevel: 2 is dead (hb=30)
3037440:Task input_files: "sstable2/48b3460b-5ce3-4ff8-97cf-e43d3fc410b2202605010141171777621297602397869.sst" input_files: "sstable2/48b3460b-5ce3-4ff8-97cf-e43d3fc410b2202605010141171777621291383455218.sst" compactIntoNextLevel: false destinationLevel: 2 is dead (hb=30)
3037440:Found dead task input_files: "sstable2/48b3460b-5ce3-4ff8-97cf-e43d3fc410b2202605010141171777621297602397869.sst" input_files: "sstable2/48b3460b-5ce3-4ff8-97cf-e43d3fc410b2202605010141171777621291383455218.sst" compactIntoNextLevel: false destinationLevel: 2
3037440:COMPACT_START sstable=1 input_files: "sstable2/48b3460b-5ce3-4ff8-97cf-e43d3fc410b2202605010141171777621297602397869.sst" input_files: "sstable2/48b3460b-5ce3-4ff8-97cf-e43d3fc410b2202605010141171777621291383455218.sst" compactIntoNextLevel: false destinationLevel: 2
3037440:COMPACT_ABORT input_files: "sstable2/48b3460b-5ce3-4ff8-97cf-e43d3fc410b2202605010141171777621297602397869.sst" input_files: "sstable2/48b3460b-5ce3-4ff8-97cf-e43d3fc410b2202605010141171777621291383455218.sst" compactIntoNextLevel: false destinationLevel: 2
3037440:Found dead task input_files: "sstable2/15d7661f-4370-4235-9a49-e8579187b05b202605010141171777621297620521082.sst" input_files: "sstable2/84ad5a58-80d8-45c6-8d85-dea5e894d7fd202605010141171777621303571791350.sst" compactIntoNextLevel: false destinationLevel: 2
3037440:COMPACT_START sstable=1 input_files: "sstable2/15d7661f-4370-4235-9a49-e8579187b05b202605010141171777621297620521082.sst" input_files: "sstable2/84ad5a58-80d8-45c6-8d85-dea5e894d7fd202605010141171777621303571791350.sst" compactIntoNextLevel: false destinationLevel: 2
2026-05-01 07:41:59:052 - Compaction started: 
140387129628224:Compacting sstable2/15d7661f-4370-4235-9a49-e8579187b05b202605010141171777621297620521082.sst sstable2/84ad5a58-80d8-45c6-8d85-dea5e894d7fd202605010141171777621303571791350.sst into:sstable2/84ad5a58-80d8-45c6-8d85-dea5e894d7fd202605010141171777621319100801767.sst
2026-05-01 07:41:59:175 - Compaction completed: 
3037440:Task input_files: "sstable2/15d7661f-4370-4235-9a49-e8579187b05b202605010141171777621297216857804.sst" input_files: "sstable2/48b3460b-5ce3-4ff8-97cf-e43d3fc410b2202605010141171777621300336186097.sst" compactIntoNextLevel: false destinationLevel: 2 is dead (hb=31)
3037440:Task input_files: "sstable2/15d7661f-4370-4235-9a49-e8579187b05b202605010141171777621291504137787.sst" input_files: "sstable2/48b3460b-5ce3-4ff8-97cf-e43d3fc410b2202605010141171777621291587779390.sst" compactIntoNextLevel: false destinationLevel: 2 is dead (hb=31)
3037440:Task input_files: "sstable2/15d7661f-4370-4235-9a49-e8579187b05b202605010141171777621315357372671.sst" input_files: "sstable2/84ad5a58-80d8-45c6-8d85-dea5e894d7fd202605010141171777621303269218333.sst" compactIntoNextLevel: false destinationLevel: 2 is dead (hb=31)
3037440:Found dead task input_files: "sstable2/15d7661f-4370-4235-9a49-e8579187b05b202605010141171777621315357372671.sst" input_files: "sstable2/84ad5a58-80d8-45c6-8d85-dea5e894d7fd202605010141171777621303269218333.sst" compactIntoNextLevel: false destinationLevel: 2
3037440:COMPACT_START sstable=1 input_files: "sstable2/15d7661f-4370-4235-9a49-e8579187b05b202605010141171777621315357372671.sst" input_files: "sstable2/84ad5a58-80d8-45c6-8d85-dea5e894d7fd202605010141171777621303269218333.sst" compactIntoNextLevel: false destinationLevel: 2
3037440:COMPACT_ABORT input_files: "sstable2/15d7661f-4370-4235-9a49-e8579187b05b202605010141171777621315357372671.sst" input_files: "sstable2/84ad5a58-80d8-45c6-8d85-dea5e894d7fd202605010141171777621303269218333.sst" compactIntoNextLevel: false destinationLevel: 2
3037440:Found dead task input_files: "sstable2/15d7661f-4370-4235-9a49-e8579187b05b202605010141171777621291504137787.sst" input_files: "sstable2/48b3460b-5ce3-4ff8-97cf-e43d3fc410b2202605010141171777621291587779390.sst" compactIntoNextLevel: false destinationLevel: 2
3037440:COMPACT_START sstable=1 input_files: "sstable2/15d7661f-4370-4235-9a49-e8579187b05b202605010141171777621291504137787.sst" input_files: "sstable2/48b3460b-5ce3-4ff8-97cf-e43d3fc410b2202605010141171777621291587779390.sst" compactIntoNextLevel: false destinationLevel: 2
3037440:COMPACT_ABORT input_files: "sstable2/15d7661f-4370-4235-9a49-e8579187b05b202605010141171777621291504137787.sst" input_files: "sstable2/48b3460b-5ce3-4ff8-97cf-e43d3fc410b2202605010141171777621291587779390.sst" compactIntoNextLevel: false destinationLevel: 2
3037440:Task input_files: "sstable1/84ad5a58-80d8-45c6-8d85-dea5e894d7fd202605010141171777621287746675021.sst" input_files: "sstable1/5d44a28f-0275-4961-9fdc-6585c46e1870202605010141171777621290818432269.sst" compactIntoNextLevel: true destinationLevel: 2 is dead (hb=30)
3037440:Found dead task input_files: "sstable1/84ad5a58-80d8-45c6-8d85-dea5e894d7fd202605010141171777621287746675021.sst" input_files: "sstable1/5d44a28f-0275-4961-9fdc-6585c46e1870202605010141171777621290818432269.sst" compactIntoNextLevel: true destinationLevel: 2
3037440:COMPACT_START sstable=1 input_files: "sstable1/84ad5a58-80d8-45c6-8d85-dea5e894d7fd202605010141171777621287746675021.sst" input_files: "sstable1/5d44a28f-0275-4961-9fdc-6585c46e1870202605010141171777621290818432269.sst" compactIntoNextLevel: true destinationLevel: 2
3037440:COMPACT_ABORT input_files: "sstable1/84ad5a58-80d8-45c6-8d85-dea5e894d7fd202605010141171777621287746675021.sst" input_files: "sstable1/5d44a28f-0275-4961-9fdc-6585c46e1870202605010141171777621290818432269.sst" compactIntoNextLevel: true destinationLevel: 2
3037440:COMPACT_START sstable=1 input_files: "sstable2/48b3460b-5ce3-4ff8-97cf-e43d3fc410b2202605010141171777621307295592132.sst" input_files: "sstable2/84ad5a58-80d8-45c6-8d85-dea5e894d7fd202605010141171777621304288004245.sst" compactIntoNextLevel: false destinationLevel: 2
2026-05-01 07:41:59:370 - Compaction started: 
140387129628224:Compacting sstable2/48b3460b-5ce3-4ff8-97cf-e43d3fc410b2202605010141171777621307295592132.sst sstable2/84ad5a58-80d8-45c6-8d85-dea5e894d7fd202605010141171777621304288004245.sst into:sstable2/0_84ad5a58-80d8-45c6-8d85-dea5e894d7fd202605010141171777621319415857433.sst
2026-05-01 07:41:59:487 - Compaction completed: 
3037440:Task input_files: "sstable1/84ad5a58-80d8-45c6-8d85-dea5e894d7fd202605010141171777621287948975880.sst" input_files: "sstable1/15d7661f-4370-4235-9a49-e8579187b05b202605010141171777621294229869243.sst" compactIntoNextLevel: true destinationLevel: 2 is dead (hb=31)
3037440:Found dead task input_files: "sstable1/84ad5a58-80d8-45c6-8d85-dea5e894d7fd202605010141171777621287948975880.sst" input_files: "sstable1/15d7661f-4370-4235-9a49-e8579187b05b202605010141171777621294229869243.sst" compactIntoNextLevel: true destinationLevel: 2
3037440:COMPACT_START sstable=1 input_files: "sstable1/84ad5a58-80d8-45c6-8d85-dea5e894d7fd202605010141171777621287948975880.sst" input_files: "sstable1/15d7661f-4370-4235-9a49-e8579187b05b202605010141171777621294229869243.sst" compactIntoNextLevel: true destinationLevel: 2
3037440:COMPACT_ABORT input_files: "sstable1/84ad5a58-80d8-45c6-8d85-dea5e894d7fd202605010141171777621287948975880.sst" input_files: "sstable1/15d7661f-4370-4235-9a49-e8579187b05b202605010141171777621294229869243.sst" compactIntoNextLevel: true destinationLevel: 2
3037440:COMPACT_START sstable=1 input_files: "sstable2/84ad5a58-80d8-45c6-8d85-dea5e894d7fd202605010141171777621304390659491.sst" input_files: "sstable2/84ad5a58-80d8-45c6-8d85-dea5e894d7fd202605010141171777621307580953003.sst" compactIntoNextLevel: false destinationLevel: 2
2026-05-01 07:41:59:589 - Compaction started: 
140387129628224:Compacting sstable2/84ad5a58-80d8-45c6-8d85-dea5e894d7fd202605010141171777621304390659491.sst sstable2/84ad5a58-80d8-45c6-8d85-dea5e894d7fd202605010141171777621307580953003.sst into:sstable2/0_84ad5a58-80d8-45c6-8d85-dea5e894d7fd202605010141171777621319636649705.sst
2026-05-01 07:41:59:712 - Compaction completed: 
3037440:COMPACT_START sstable=1 input_files: "sstable2/84ad5a58-80d8-45c6-8d85-dea5e894d7fd202605010141171777621301636202298.sst" input_files: "sstable2/5d44a28f-0275-4961-9fdc-6585c46e1870202605010141171777621301648362944.sst" compactIntoNextLevel: false destinationLevel: 2
3037440:COMPACT_ABORT input_files: "sstable2/84ad5a58-80d8-45c6-8d85-dea5e894d7fd202605010141171777621301636202298.sst" input_files: "sstable2/5d44a28f-0275-4961-9fdc-6585c46e1870202605010141171777621301648362944.sst" compactIntoNextLevel: false destinationLevel: 2
3037440:COMPACT_START sstable=1 input_files: "sstable2/15d7661f-4370-4235-9a49-e8579187b05b202605010141171777621301688756214.sst" input_files: "sstable2/84ad5a58-80d8-45c6-8d85-dea5e894d7fd202605010141171777621307784758171.sst" compactIntoNextLevel: false destinationLevel: 2
2026-05-01 07:41:59:931 - Compaction started: 
140387129628224:Compacting sstable2/15d7661f-4370-4235-9a49-e8579187b05b202605010141171777621301688756214.sst sstable2/84ad5a58-80d8-45c6-8d85-dea5e894d7fd202605010141171777621307784758171.sst into:sstable2/0_84ad5a58-80d8-45c6-8d85-dea5e894d7fd202605010141171777621319976352895.sst
2026-05-01 07:42:00:046 - Compaction completed: 
3037440:Task input_files: "datalog/773" input_files: "datalog/774" compactIntoNextLevel: true destinationLevel: 1 is dead (hb=30)
3037440:COMPACT_START sstable=1 input_files: "sstable2/84ad5a58-80d8-45c6-8d85-dea5e894d7fd202605010141171777621305005665798.sst" input_files: "sstable2/84ad5a58-80d8-45c6-8d85-dea5e894d7fd202605010141171777621308094433541.sst" compactIntoNextLevel: false destinationLevel: 2
2026-05-01 07:42:00:157 - Compaction started: 
140387129628224:Compacting sstable2/84ad5a58-80d8-45c6-8d85-dea5e894d7fd202605010141171777621305005665798.sst sstable2/84ad5a58-80d8-45c6-8d85-dea5e894d7fd202605010141171777621308094433541.sst into:sstable2/0_84ad5a58-80d8-45c6-8d85-dea5e894d7fd202605010141171777621320200445203.sst
2026-05-01 07:42:00:268 - Compaction completed: 
3037440:COMPACT_START sstable=1 input_files: "sstable1/5d44a28f-0275-4961-9fdc-6585c46e1870202605010141171777621292756263855.sst" input_files: "sstable1/15d7661f-4370-4235-9a49-e8579187b05b202605010141171777621298816009549.sst" compactIntoNextLevel: true destinationLevel: 2
3037440:COMPACT_ABORT input_files: "sstable1/5d44a28f-0275-4961-9fdc-6585c46e1870202605010141171777621292756263855.sst" input_files: "sstable1/15d7661f-4370-4235-9a49-e8579187b05b202605010141171777621298816009549.sst" compactIntoNextLevel: true destinationLevel: 2
3037440:COMPACT_START sstable=1 input_files: "sstable1/5d44a28f-0275-4961-9fdc-6585c46e1870202605010141171777621289798733064.sst" input_files: "sstable1/5d44a28f-0275-4961-9fdc-6585c46e1870202605010141171777621289900758678.sst" compactIntoNextLevel: true destinationLevel: 2
2026-05-01 07:42:00:360 - Compaction started: 
140387129628224:Compacting sstable1/5d44a28f-0275-4961-9fdc-6585c46e1870202605010141171777621289798733064.sst sstable1/5d44a28f-0275-4961-9fdc-6585c46e1870202605010141171777621289900758678.sst into:sstable2/84ad5a58-80d8-45c6-8d85-dea5e894d7fd202605010141171777621320378330974.sst
2026-05-01 07:42:00:405 - Compaction completed: 
3037440:COMPACT_START sstable=1 input_files: "sstable1/84ad5a58-80d8-45c6-8d85-dea5e894d7fd202605010141171777621292946935564.sst" input_files: "sstable1/5d44a28f-0275-4961-9fdc-6585c46e1870202605010141171777621293060240774.sst" compactIntoNextLevel: true destinationLevel: 2
2026-05-01 07:42:00:462 - Compaction started: 
140387129628224:Compacting sstable1/84ad5a58-80d8-45c6-8d85-dea5e894d7fd202605010141171777621292946935564.sst sstable1/5d44a28f-0275-4961-9fdc-6585c46e1870202605010141171777621293060240774.sst into:sstable2/84ad5a58-80d8-45c6-8d85-dea5e894d7fd202605010141171777621320479238542.sst
2026-05-01 07:42:00:505 - Compaction completed: 
3037440:Task input_files: "sstable2/84ad5a58-80d8-45c6-8d85-dea5e894d7fd202605010141171777621307784758171.sst" input_files: "sstable2/84ad5a58-80d8-45c6-8d85-dea5e894d7fd202605010141171777621301737037862.sst" compactIntoNextLevel: false destinationLevel: 2 is dead (hb=30)
3037440:Task input_files: "sstable2/5d44a28f-0275-4961-9fdc-6585c46e1870202605010141171777621301648362944.sst" input_files: "sstable2/48b3460b-5ce3-4ff8-97cf-e43d3fc410b2202605010141171777621304729469166.sst" compactIntoNextLevel: false destinationLevel: 2 is dead (hb=30)
3037440:Task input_files: "sstable2/48b3460b-5ce3-4ff8-97cf-e43d3fc410b2202605010141171777621301665380304.sst" input_files: "sstable2/15d7661f-4370-4235-9a49-e8579187b05b202605010141171777621301688756214.sst" compactIntoNextLevel: false destinationLevel: 2 is dead (hb=30)
3037440:Found dead task input_files: "sstable2/48b3460b-5ce3-4ff8-97cf-e43d3fc410b2202605010141171777621301665380304.sst" input_files: "sstable2/15d7661f-4370-4235-9a49-e8579187b05b202605010141171777621301688756214.sst" compactIntoNextLevel: false destinationLevel: 2
3037440:COMPACT_START sstable=1 input_files: "sstable2/48b3460b-5ce3-4ff8-97cf-e43d3fc410b2202605010141171777621301665380304.sst" input_files: "sstable2/15d7661f-4370-4235-9a49-e8579187b05b202605010141171777621301688756214.sst" compactIntoNextLevel: false destinationLevel: 2
3037440:COMPACT_ABORT input_files: "sstable2/48b3460b-5ce3-4ff8-97cf-e43d3fc410b2202605010141171777621301665380304.sst" input_files: "sstable2/15d7661f-4370-4235-9a49-e8579187b05b202605010141171777621301688756214.sst" compactIntoNextLevel: false destinationLevel: 2
3037440:Found dead task input_files: "sstable2/5d44a28f-0275-4961-9fdc-6585c46e1870202605010141171777621301648362944.sst" input_files: "sstable2/48b3460b-5ce3-4ff8-97cf-e43d3fc410b2202605010141171777621304729469166.sst" compactIntoNextLevel: false destinationLevel: 2
3037440:COMPACT_START sstable=1 input_files: "sstable2/5d44a28f-0275-4961-9fdc-6585c46e1870202605010141171777621301648362944.sst" input_files: "sstable2/48b3460b-5ce3-4ff8-97cf-e43d3fc410b2202605010141171777621304729469166.sst" compactIntoNextLevel: false destinationLevel: 2
3037440:COMPACT_ABORT input_files: "sstable2/5d44a28f-0275-4961-9fdc-6585c46e1870202605010141171777621301648362944.sst" input_files: "sstable2/48b3460b-5ce3-4ff8-97cf-e43d3fc410b2202605010141171777621304729469166.sst" compactIntoNextLevel: false destinationLevel: 2
3037440:Found dead task input_files: "sstable2/84ad5a58-80d8-45c6-8d85-dea5e894d7fd202605010141171777621307784758171.sst" input_files: "sstable2/84ad5a58-80d8-45c6-8d85-dea5e894d7fd202605010141171777621301737037862.sst" compactIntoNextLevel: false destinationLevel: 2
3037440:COMPACT_START sstable=1 input_files: "sstable2/84ad5a58-80d8-45c6-8d85-dea5e894d7fd202605010141171777621307784758171.sst" input_files: "sstable2/84ad5a58-80d8-45c6-8d85-dea5e894d7fd202605010141171777621301737037862.sst" compactIntoNextLevel: false destinationLevel: 2
3037440:COMPACT_ABORT input_files: "sstable2/84ad5a58-80d8-45c6-8d85-dea5e894d7fd202605010141171777621307784758171.sst" input_files: "sstable2/84ad5a58-80d8-45c6-8d85-dea5e894d7fd202605010141171777621301737037862.sst" compactIntoNextLevel: false destinationLevel: 2
3037440:COMPACT_START sstable=1 input_files: "sstable1/15d7661f-4370-4235-9a49-e8579187b05b202605010141171777621293112080371.sst" input_files: "sstable1/84ad5a58-80d8-45c6-8d85-dea5e894d7fd202605010141171777621302126427002.sst" compactIntoNextLevel: true destinationLevel: 2
3037440:COMPACT_ABORT input_files: "sstable1/15d7661f-4370-4235-9a49-e8579187b05b202605010141171777621293112080371.sst" input_files: "sstable1/84ad5a58-80d8-45c6-8d85-dea5e894d7fd202605010141171777621302126427002.sst" compactIntoNextLevel: true destinationLevel: 2
3037440:COMPACT_START sstable=1 input_files: "sstable1/15d7661f-4370-4235-9a49-e8579187b05b202605010141171777621290055092560.sst" input_files: "sstable1/84ad5a58-80d8-45c6-8d85-dea5e894d7fd202605010141171777621302229319041.sst" compactIntoNextLevel: true destinationLevel: 2
3037440:COMPACT_ABORT input_files: "sstable1/15d7661f-4370-4235-9a49-e8579187b05b202605010141171777621290055092560.sst" input_files: "sstable1/84ad5a58-80d8-45c6-8d85-dea5e894d7fd202605010141171777621302229319041.sst" compactIntoNextLevel: true destinationLevel: 2
3037440:COMPACT_START sstable=1 input_files: "sstable1/84ad5a58-80d8-45c6-8d85-dea5e894d7fd202605010141171777621290193090147.sst" input_files: "sstable1/48b3460b-5ce3-4ff8-97cf-e43d3fc410b2202605010141171777621296336031137.sst" compactIntoNextLevel: true destinationLevel: 2
3037440:COMPACT_ABORT input_files: "sstable1/84ad5a58-80d8-45c6-8d85-dea5e894d7fd202605010141171777621290193090147.sst" input_files: "sstable1/48b3460b-5ce3-4ff8-97cf-e43d3fc410b2202605010141171777621296336031137.sst" compactIntoNextLevel: true destinationLevel: 2
3037440:COMPACT_START sstable=1 input_files: "sstable1/48b3460b-5ce3-4ff8-97cf-e43d3fc410b2202605010141171777621290237727092.sst" input_files: "sstable1/5d44a28f-0275-4961-9fdc-6585c46e1870202605010141171777621296397804045.sst" compactIntoNextLevel: true destinationLevel: 2
3037440:COMPACT_ABORT input_files: "sstable1/48b3460b-5ce3-4ff8-97cf-e43d3fc410b2202605010141171777621290237727092.sst" input_files: "sstable1/5d44a28f-0275-4961-9fdc-6585c46e1870202605010141171777621296397804045.sst" compactIntoNextLevel: true destinationLevel: 2
3037440:COMPACT_START sstable=1 input_files: "sstable1/48b3460b-5ce3-4ff8-97cf-e43d3fc410b2202605010141171777621293495400524.sst" input_files: "sstable1/48b3460b-5ce3-4ff8-97cf-e43d3fc410b2202605010141171777621290443095882.sst" compactIntoNextLevel: true destinationLevel: 2
2026-05-01 07:42:00:667 - Compaction started: 
140387129628224:Compacting sstable1/48b3460b-5ce3-4ff8-97cf-e43d3fc410b2202605010141171777621293495400524.sst sstable1/48b3460b-5ce3-4ff8-97cf-e43d3fc410b2202605010141171777621290443095882.sst into:sstable2/84ad5a58-80d8-45c6-8d85-dea5e894d7fd202605010141171777621320685635069.sst
2026-05-01 07:42:00:713 - Compaction completed: 
3037440:COMPACT_START sstable=1 input_files: "sstable1/48b3460b-5ce3-4ff8-97cf-e43d3fc410b2202605010141171777621290646990378.sst" input_files: "sstable1/15d7661f-4370-4235-9a49-e8579187b05b202605010141171777621290666804030.sst" compactIntoNextLevel: true destinationLevel: 2
2026-05-01 07:42:00:769 - Compaction started: 
140387129628224:Compacting sstable1/48b3460b-5ce3-4ff8-97cf-e43d3fc410b2202605010141171777621290646990378.sst sstable1/15d7661f-4370-4235-9a49-e8579187b05b202605010141171777621290666804030.sst into:sstable2/84ad5a58-80d8-45c6-8d85-dea5e894d7fd202605010141171777621320786605866.sst
2026-05-01 07:42:00:812 - Compaction completed: 
3037440:COMPACT_START sstable=1 input_files: "sstable1/15d7661f-4370-4235-9a49-e8579187b05b202605010141171777621299830926689.sst" input_files: "sstable1/15d7661f-4370-4235-9a49-e8579187b05b202605010141171777621296969827256.sst" compactIntoNextLevel: true destinationLevel: 2
2026-05-01 07:42:00:871 - Compaction started: 
140387129628224:Compacting sstable1/15d7661f-4370-4235-9a49-e8579187b05b202605010141171777621299830926689.sst sstable1/15d7661f-4370-4235-9a49-e8579187b05b202605010141171777621296969827256.sst into:sstable2/84ad5a58-80d8-45c6-8d85-dea5e894d7fd202605010141171777621320888774138.sst
2026-05-01 07:42:00:914 - Compaction completed: 
3037440:COMPACT_START sstable=1 input_files: "sstable1/48b3460b-5ce3-4ff8-97cf-e43d3fc410b2202605010141171777621296945695800.sst" input_files: "sstable1/5d44a28f-0275-4961-9fdc-6585c46e1870202605010141171777621293969471507.sst" compactIntoNextLevel: true destinationLevel: 2
2026-05-01 07:42:00:973 - Compaction started: 
140387129628224:Compacting sstable1/48b3460b-5ce3-4ff8-97cf-e43d3fc410b2202605010141171777621296945695800.sst sstable1/5d44a28f-0275-4961-9fdc-6585c46e1870202605010141171777621293969471507.sst into:sstable2/84ad5a58-80d8-45c6-8d85-dea5e894d7fd202605010141171777621320990850859.sst
2026-05-01 07:42:01:018 - Compaction completed: 
3037440:COMPACT_START sstable=1 input_files: "sstable2/84ad5a58-80d8-45c6-8d85-dea5e894d7fd202605010141171777621311396159702.sst" input_files: "sstable2/15d7661f-4370-4235-9a49-e8579187b05b202605010141171777621305256257922.sst" compactIntoNextLevel: false destinationLevel: 2
2026-05-01 07:42:01:103 - Compaction started: 
140387129628224:Compacting sstable2/84ad5a58-80d8-45c6-8d85-dea5e894d7fd202605010141171777621311396159702.sst sstable2/15d7661f-4370-4235-9a49-e8579187b05b202605010141171777621305256257922.sst into:sstable2/0_84ad5a58-80d8-45c6-8d85-dea5e894d7fd202605010141171777621321142704200.sst
2026-05-01 07:42:01:206 - Compaction completed: 
3037440:COMPACT_START sstable=1 input_files: "sstable2/15d7661f-4370-4235-9a49-e8579187b05b202605010141171777621305359178505.sst" input_files: "sstable2/15d7661f-4370-4235-9a49-e8579187b05b202605010141171777621308553187050.sst" compactIntoNextLevel: false destinationLevel: 2
2026-05-01 07:42:01:237 - Compaction started: 
140387129628224:Compacting sstable2/15d7661f-4370-4235-9a49-e8579187b05b202605010141171777621305359178505.sst sstable2/15d7661f-4370-4235-9a49-e8579187b05b202605010141171777621308553187050.sst into:sstable2/0_84ad5a58-80d8-45c6-8d85-dea5e894d7fd202605010141171777621321278910740.sst
2026-05-01 07:42:01:345 - Compaction completed: 
3037440:Task input_files: "sstable2/84ad5a58-80d8-45c6-8d85-dea5e894d7fd202605010141171777621302553087069.sst" input_files: "sstable2/15d7661f-4370-4235-9a49-e8579187b05b202605010141171777621305668283516.sst" compactIntoNextLevel: false destinationLevel: 2 is dead (hb=30)
3037440:Found dead task input_files: "sstable2/84ad5a58-80d8-45c6-8d85-dea5e894d7fd202605010141171777621302553087069.sst" input_files: "sstable2/15d7661f-4370-4235-9a49-e8579187b05b202605010141171777621305668283516.sst" compactIntoNextLevel: false destinationLevel: 2
3037440:COMPACT_START sstable=1 input_files: "sstable2/84ad5a58-80d8-45c6-8d85-dea5e894d7fd202605010141171777621302553087069.sst" input_files: "sstable2/15d7661f-4370-4235-9a49-e8579187b05b202605010141171777621305668283516.sst" compactIntoNextLevel: false destinationLevel: 2
2026-05-01 07:42:01:440 - Compaction started: 
140387129628224:Compacting sstable2/84ad5a58-80d8-45c6-8d85-dea5e894d7fd202605010141171777621302553087069.sst sstable2/15d7661f-4370-4235-9a49-e8579187b05b202605010141171777621305668283516.sst into:sstable2/84ad5a58-80d8-45c6-8d85-dea5e894d7fd202605010141171777621321480736127.sst
2026-05-01 07:42:01:545 - Compaction completed: 
3037440:Task input_files: "sstable2/48b3460b-5ce3-4ff8-97cf-e43d3fc410b2202605010141171777621291587779390.sst" input_files: "sstable2/15d7661f-4370-4235-9a49-e8579187b05b202605010141171777621315357372671.sst" compactIntoNextLevel: false destinationLevel: 2 is dead (hb=30)
3037440:Task input_files: "sstable2/48b3460b-5ce3-4ff8-97cf-e43d3fc410b2202605010141171777621305856731286.sst" input_files: "sstable2/48b3460b-5ce3-4ff8-97cf-e43d3fc410b2202605010141171777621302786499199.sst" compactIntoNextLevel: false destinationLevel: 2 is dead (hb=31)
3037440:Found dead task input_files: "sstable2/48b3460b-5ce3-4ff8-97cf-e43d3fc410b2202605010141171777621305856731286.sst" input_files: "sstable2/48b3460b-5ce3-4ff8-97cf-e43d3fc410b2202605010141171777621302786499199.sst" compactIntoNextLevel: false destinationLevel: 2
3037440:COMPACT_START sstable=1 input_files: "sstable2/48b3460b-5ce3-4ff8-97cf-e43d3fc410b2202605010141171777621305856731286.sst" input_files: "sstable2/48b3460b-5ce3-4ff8-97cf-e43d3fc410b2202605010141171777621302786499199.sst" compactIntoNextLevel: false destinationLevel: 2
2026-05-01 07:42:01:642 - Compaction started: 
140387129628224:Compacting sstable2/48b3460b-5ce3-4ff8-97cf-e43d3fc410b2202605010141171777621305856731286.sst sstable2/48b3460b-5ce3-4ff8-97cf-e43d3fc410b2202605010141171777621302786499199.sst into:sstable2/84ad5a58-80d8-45c6-8d85-dea5e894d7fd202605010141171777621321686226655.sst
2026-05-01 07:42:01:759 - Compaction completed: 
3037440:Task input_files: "sstable2/48b3460b-5ce3-4ff8-97cf-e43d3fc410b2202605010141171777621297602397869.sst" input_files: "sstable2/48b3460b-5ce3-4ff8-97cf-e43d3fc410b2202605010141171777621291383455218.sst" compactIntoNextLevel: false destinationLevel: 2 is dead (hb=30)
3037440:Found dead task input_files: "sstable2/48b3460b-5ce3-4ff8-97cf-e43d3fc410b2202605010141171777621297602397869.sst" input_files: "sstable2/48b3460b-5ce3-4ff8-97cf-e43d3fc410b2202605010141171777621291383455218.sst" compactIntoNextLevel: false destinationLevel: 2
3037440:COMPACT_START sstable=1 input_files: "sstable2/48b3460b-5ce3-4ff8-97cf-e43d3fc410b2202605010141171777621297602397869.sst" input_files: "sstable2/48b3460b-5ce3-4ff8-97cf-e43d3fc410b2202605010141171777621291383455218.sst" compactIntoNextLevel: false destinationLevel: 2
3037440:COMPACT_ABORT input_files: "sstable2/48b3460b-5ce3-4ff8-97cf-e43d3fc410b2202605010141171777621297602397869.sst" input_files: "sstable2/48b3460b-5ce3-4ff8-97cf-e43d3fc410b2202605010141171777621291383455218.sst" compactIntoNextLevel: false destinationLevel: 2
3037440:Task input_files: "sstable2/84ad5a58-80d8-45c6-8d85-dea5e894d7fd202605010141171777621301027433674.sst" input_files: "sstable2/5d44a28f-0275-4961-9fdc-6585c46e1870202605010141171777621304087881991.sst" compactIntoNextLevel: false destinationLevel: 2 is dead (hb=30)
3037440:Task input_files: "sstable2/84ad5a58-80d8-45c6-8d85-dea5e894d7fd202605010141171777621319100801767.sst" input_files: "sstable2/48b3460b-5ce3-4ff8-97cf-e43d3fc410b2202605010141171777621297602397869.sst" compactIntoNextLevel: false destinationLevel: 2 is dead (hb=30)
3037440:Task input_files: "sstable2/15d7661f-4370-4235-9a49-e8579187b05b202605010141171777621291504137787.sst" input_files: "sstable2/48b3460b-5ce3-4ff8-97cf-e43d3fc410b2202605010141171777621291587779390.sst" compactIntoNextLevel: false destinationLevel: 2 is dead (hb=30)
3037440:Task input_files: "sstable1/84ad5a58-80d8-45c6-8d85-dea5e894d7fd202605010141171777621287746675021.sst" input_files: "sstable1/5d44a28f-0275-4961-9fdc-6585c46e1870202605010141171777621290818432269.sst" compactIntoNextLevel: true destinationLevel: 2 is dead (hb=30)
3037440:Found dead task input_files: "sstable2/15d7661f-4370-4235-9a49-e8579187b05b202605010141171777621291504137787.sst" input_files: "sstable2/48b3460b-5ce3-4ff8-97cf-e43d3fc410b2202605010141171777621291587779390.sst" compactIntoNextLevel: false destinationLevel: 2
3037440:COMPACT_START sstable=1 input_files: "sstable2/15d7661f-4370-4235-9a49-e8579187b05b202605010141171777621291504137787.sst" input_files: "sstable2/48b3460b-5ce3-4ff8-97cf-e43d3fc410b2202605010141171777621291587779390.sst" compactIntoNextLevel: false destinationLevel: 2
3037440:COMPACT_ABORT input_files: "sstable2/15d7661f-4370-4235-9a49-e8579187b05b202605010141171777621291504137787.sst" input_files: "sstable2/48b3460b-5ce3-4ff8-97cf-e43d3fc410b2202605010141171777621291587779390.sst" compactIntoNextLevel: false destinationLevel: 2
3037440:Found dead task input_files: "sstable1/84ad5a58-80d8-45c6-8d85-dea5e894d7fd202605010141171777621287746675021.sst" input_files: "sstable1/5d44a28f-0275-4961-9fdc-6585c46e1870202605010141171777621290818432269.sst" compactIntoNextLevel: true destinationLevel: 2
3037440:COMPACT_START sstable=1 input_files: "sstable1/84ad5a58-80d8-45c6-8d85-dea5e894d7fd202605010141171777621287746675021.sst" input_files: "sstable1/5d44a28f-0275-4961-9fdc-6585c46e1870202605010141171777621290818432269.sst" compactIntoNextLevel: true destinationLevel: 2
3037440:COMPACT_ABORT input_files: "sstable1/84ad5a58-80d8-45c6-8d85-dea5e894d7fd202605010141171777621287746675021.sst" input_files: "sstable1/5d44a28f-0275-4961-9fdc-6585c46e1870202605010141171777621290818432269.sst" compactIntoNextLevel: true destinationLevel: 2
3037440:Found dead task input_files: "sstable2/84ad5a58-80d8-45c6-8d85-dea5e894d7fd202605010141171777621319100801767.sst" input_files: "sstable2/48b3460b-5ce3-4ff8-97cf-e43d3fc410b2202605010141171777621297602397869.sst" compactIntoNextLevel: false destinationLevel: 2
3037440:COMPACT_START sstable=1 input_files: "sstable2/84ad5a58-80d8-45c6-8d85-dea5e894d7fd202605010141171777621319100801767.sst" input_files: "sstable2/48b3460b-5ce3-4ff8-97cf-e43d3fc410b2202605010141171777621297602397869.sst" compactIntoNextLevel: false destinationLevel: 2
2026-05-01 07:42:02:389 - Compaction started: 
140387129628224:Compacting sstable2/84ad5a58-80d8-45c6-8d85-dea5e894d7fd202605010141171777621319100801767.sst sstable2/48b3460b-5ce3-4ff8-97cf-e43d3fc410b2202605010141171777621297602397869.sst into:sstable2/84ad5a58-80d8-45c6-8d85-dea5e894d7fd202605010141171777621322464547045.sst
2026-05-01 07:42:02:590 - Compaction completed: 
3037440:Task input_files: "sstable2/5d44a28f-0275-4961-9fdc-6585c46e1870202605010141171777621310689076350.sst" input_files: "sstable2/5d44a28f-0275-4961-9fdc-6585c46e1870202605010141171777621301341164116.sst" compactIntoNextLevel: false destinationLevel: 2 is dead (hb=30)
3037440:Task input_files: "sstable2/84ad5a58-80d8-45c6-8d85-dea5e894d7fd202605010141171777621301229497609.sst" input_files: "sstable2/15d7661f-4370-4235-9a49-e8579187b05b202605010141171777621304339164460.sst" compactIntoNextLevel: false destinationLevel: 2 is dead (hb=30)
3037440:Task input_files: "sstable1/84ad5a58-80d8-45c6-8d85-dea5e894d7fd202605010141171777621287948975880.sst" input_files: "sstable1/15d7661f-4370-4235-9a49-e8579187b05b202605010141171777621294229869243.sst" compactIntoNextLevel: true destinationLevel: 2 is dead (hb=30)
3037440:Found dead task input_files: "sstable1/84ad5a58-80d8-45c6-8d85-dea5e894d7fd202605010141171777621287948975880.sst" input_files: "sstable1/15d7661f-4370-4235-9a49-e8579187b05b202605010141171777621294229869243.sst" compactIntoNextLevel: true destinationLevel: 2
3037440:COMPACT_START sstable=1 input_files: "sstable1/84ad5a58-80d8-45c6-8d85-dea5e894d7fd202605010141171777621287948975880.sst" input_files: "sstable1/15d7661f-4370-4235-9a49-e8579187b05b202605010141171777621294229869243.sst" compactIntoNextLevel: true destinationLevel: 2
2026-05-01 07:42:02:595 - Compaction started: 
140387129628224:Compacting sstable1/84ad5a58-80d8-45c6-8d85-dea5e894d7fd202605010141171777621287948975880.sst sstable1/15d7661f-4370-4235-9a49-e8579187b05b202605010141171777621294229869243.sst into:sstable2/84ad5a58-80d8-45c6-8d85-dea5e894d7fd202605010141171777621322614380350.sst
2026-05-01 07:42:02:644 - Compaction completed: 
3037440:Task input_files: "sstable2/84ad5a58-80d8-45c6-8d85-dea5e894d7fd202605010141171777621307686231826.sst" input_files: "sstable2/5d44a28f-0275-4961-9fdc-6585c46e1870202605010141171777621301545832383.sst" compactIntoNextLevel: false destinationLevel: 2 is dead (hb=30)
3037440:Task input_files: "sstable2/15d7661f-4370-4235-9a49-e8579187b05b202605010141171777621300975910881.sst" input_files: "sstable2/84ad5a58-80d8-45c6-8d85-dea5e894d7fd202605010141171777621301027433674.sst" compactIntoNextLevel: false destinationLevel: 2 is dead (hb=30)
3037440:Task input_files: "sstable1/15d7661f-4370-4235-9a49-e8579187b05b202605010141171777621287459769896.sst" input_files: "sstable1/84ad5a58-80d8-45c6-8d85-dea5e894d7fd202605010141171777621287474454583.sst" compactIntoNextLevel: true destinationLevel: 2 is dead (hb=30)
3037440:Found dead task input_files: "sstable1/15d7661f-4370-4235-9a49-e8579187b05b202605010141171777621287459769896.sst" input_files: "sstable1/84ad5a58-80d8-45c6-8d85-dea5e894d7fd202605010141171777621287474454583.sst" compactIntoNextLevel: true destinationLevel: 2
3037440:COMPACT_START sstable=1 input_files: "sstable1/15d7661f-4370-4235-9a49-e8579187b05b202605010141171777621287459769896.sst" input_files: "sstable1/84ad5a58-80d8-45c6-8d85-dea5e894d7fd202605010141171777621287474454583.sst" compactIntoNextLevel: true destinationLevel: 2
3037440:COMPACT_ABORT input_files: "sstable1/15d7661f-4370-4235-9a49-e8579187b05b202605010141171777621287459769896.sst" input_files: "sstable1/84ad5a58-80d8-45c6-8d85-dea5e894d7fd202605010141171777621287474454583.sst" compactIntoNextLevel: true destinationLevel: 2
3037440:Found dead task input_files: "sstable2/15d7661f-4370-4235-9a49-e8579187b05b202605010141171777621300975910881.sst" input_files: "sstable2/84ad5a58-80d8-45c6-8d85-dea5e894d7fd202605010141171777621301027433674.sst" compactIntoNextLevel: false destinationLevel: 2
3037440:COMPACT_START sstable=1 input_files: "sstable2/15d7661f-4370-4235-9a49-e8579187b05b202605010141171777621300975910881.sst" input_files: "sstable2/84ad5a58-80d8-45c6-8d85-dea5e894d7fd202605010141171777621301027433674.sst" compactIntoNextLevel: false destinationLevel: 2
2026-05-01 07:42:02:836 - Compaction started: 
140387129628224:Compacting sstable2/15d7661f-4370-4235-9a49-e8579187b05b202605010141171777621300975910881.sst sstable2/84ad5a58-80d8-45c6-8d85-dea5e894d7fd202605010141171777621301027433674.sst into:sstable2/84ad5a58-80d8-45c6-8d85-dea5e894d7fd202605010141171777621322887452345.sst
2026-05-01 07:42:02:968 - Compaction completed: 
3037440:Task input_files: "sstable1/48b3460b-5ce3-4ff8-97cf-e43d3fc410b2202605010141171777621301239088347.sst" input_files: "sstable1/48b3460b-5ce3-4ff8-97cf-e43d3fc410b2202605010141171777621292178646927.sst" compactIntoNextLevel: true destinationLevel: 2 is dead (hb=31)
3037440:Task input_files: "sstable2/84ad5a58-80d8-45c6-8d85-dea5e894d7fd202605010141171777621301737037862.sst" input_files: "sstable2/5d44a28f-0275-4961-9fdc-6585c46e1870202605010141171777621304910276072.sst" compactIntoNextLevel: false destinationLevel: 2 is dead (hb=31)
3037440:Task input_files: "sstable1/15d7661f-4370-4235-9a49-e8579187b05b202605010141171777621292196928517.sst" input_files: "sstable1/15d7661f-4370-4235-9a49-e8579187b05b202605010141171777621288931362601.sst" compactIntoNextLevel: true destinationLevel: 2 is dead (hb=31)
3037440:Found dead task input_files: "sstable1/15d7661f-4370-4235-9a49-e8579187b05b202605010141171777621292196928517.sst" input_files: "sstable1/15d7661f-4370-4235-9a49-e8579187b05b202605010141171777621288931362601.sst" compactIntoNextLevel: true destinationLevel: 2
3037440:COMPACT_START sstable=1 input_files: "sstable1/15d7661f-4370-4235-9a49-e8579187b05b202605010141171777621292196928517.sst" input_files: "sstable1/15d7661f-4370-4235-9a49-e8579187b05b202605010141171777621288931362601.sst" compactIntoNextLevel: true destinationLevel: 2
3037440:COMPACT_ABORT input_files: "sstable1/15d7661f-4370-4235-9a49-e8579187b05b202605010141171777621292196928517.sst" input_files: "sstable1/15d7661f-4370-4235-9a49-e8579187b05b202605010141171777621288931362601.sst" compactIntoNextLevel: true destinationLevel: 2
3037440:Found dead task input_files: "sstable2/84ad5a58-80d8-45c6-8d85-dea5e894d7fd202605010141171777621301737037862.sst" input_files: "sstable2/5d44a28f-0275-4961-9fdc-6585c46e1870202605010141171777621304910276072.sst" compactIntoNextLevel: false destinationLevel: 2
3037440:COMPACT_START sstable=1 input_files: "sstable2/84ad5a58-80d8-45c6-8d85-dea5e894d7fd202605010141171777621301737037862.sst" input_files: "sstable2/5d44a28f-0275-4961-9fdc-6585c46e1870202605010141171777621304910276072.sst" compactIntoNextLevel: false destinationLevel: 2
2026-05-01 07:42:03:167 - Compaction started: 
140387129628224:Compacting sstable2/84ad5a58-80d8-45c6-8d85-dea5e894d7fd202605010141171777621301737037862.sst sstable2/5d44a28f-0275-4961-9fdc-6585c46e1870202605010141171777621304910276072.sst into:sstable2/84ad5a58-80d8-45c6-8d85-dea5e894d7fd202605010141171777621323214084261.sst
2026-05-01 07:42:03:286 - Compaction completed: 
3037440:Task input_files: "sstable2/48b3460b-5ce3-4ff8-97cf-e43d3fc410b2202605010141171777621301866064903.sst" input_files: "sstable2/15d7661f-4370-4235-9a49-e8579187b05b202605010141171777621304951449365.sst" compactIntoNextLevel: false destinationLevel: 2 is dead (hb=30)
3037440:Task input_files: "sstable1/5d44a28f-0275-4961-9fdc-6585c46e1870202605010141171777621292756263855.sst" input_files: "sstable1/15d7661f-4370-4235-9a49-e8579187b05b202605010141171777621298816009549.sst" compactIntoNextLevel: true destinationLevel: 2 is dead (hb=30)
3037440:Found dead task input_files: "sstable1/5d44a28f-0275-4961-9fdc-6585c46e1870202605010141171777621292756263855.sst" input_files: "sstable1/15d7661f-4370-4235-9a49-e8579187b05b202605010141171777621298816009549.sst" compactIntoNextLevel: true destinationLevel: 2
3037440:COMPACT_START sstable=1 input_files: "sstable1/5d44a28f-0275-4961-9fdc-6585c46e1870202605010141171777621292756263855.sst" input_files: "sstable1/15d7661f-4370-4235-9a49-e8579187b05b202605010141171777621298816009549.sst" compactIntoNextLevel: true destinationLevel: 2
2026-05-01 07:42:03:370 - Compaction started: 
140387129628224:Compacting sstable1/5d44a28f-0275-4961-9fdc-6585c46e1870202605010141171777621292756263855.sst sstable1/15d7661f-4370-4235-9a49-e8579187b05b202605010141171777621298816009549.sst into:sstable2/84ad5a58-80d8-45c6-8d85-dea5e894d7fd202605010141171777621323388367227.sst
2026-05-01 07:42:03:416 - Compaction completed: 
3037440:Task input_files: "sstable1/15d7661f-4370-4235-9a49-e8579187b05b202605010141171777621290055092560.sst" input_files: "sstable1/84ad5a58-80d8-45c6-8d85-dea5e894d7fd202605010141171777621302229319041.sst" compactIntoNextLevel: true destinationLevel: 2 is dead (hb=30)
3037440:Task input_files: "sstable1/15d7661f-4370-4235-9a49-e8579187b05b202605010141171777621293112080371.sst" input_files: "sstable1/84ad5a58-80d8-45c6-8d85-dea5e894d7fd202605010141171777621302126427002.sst" compactIntoNextLevel: true destinationLevel: 2 is dead (hb=30)
3037440:Task input_files: "sstable2/84ad5a58-80d8-45c6-8d85-dea5e894d7fd202605010141171777621307784758171.sst" input_files: "sstable2/84ad5a58-80d8-45c6-8d85-dea5e894d7fd202605010141171777621301737037862.sst" compactIntoNextLevel: false destinationLevel: 2 is dead (hb=30)
3037440:Task input_files: "sstable2/5d44a28f-0275-4961-9fdc-6585c46e1870202605010141171777621301648362944.sst" input_files: "sstable2/48b3460b-5ce3-4ff8-97cf-e43d3fc410b2202605010141171777621304729469166.sst" compactIntoNextLevel: false destinationLevel: 2 is dead (hb=30)
3037440:Found dead task input_files: "sstable2/5d44a28f-0275-4961-9fdc-6585c46e1870202605010141171777621301648362944.sst" input_files: "sstable2/48b3460b-5ce3-4ff8-97cf-e43d3fc410b2202605010141171777621304729469166.sst" compactIntoNextLevel: false destinationLevel: 2
3037440:COMPACT_START sstable=1 input_files: "sstable2/5d44a28f-0275-4961-9fdc-6585c46e1870202605010141171777621301648362944.sst" input_files: "sstable2/48b3460b-5ce3-4ff8-97cf-e43d3fc410b2202605010141171777621304729469166.sst" compactIntoNextLevel: false destinationLevel: 2
3037440:COMPACT_ABORT input_files: "sstable2/5d44a28f-0275-4961-9fdc-6585c46e1870202605010141171777621301648362944.sst" input_files: "sstable2/48b3460b-5ce3-4ff8-97cf-e43d3fc410b2202605010141171777621304729469166.sst" compactIntoNextLevel: false destinationLevel: 2
3037440:Task input_files: "sstable1/48b3460b-5ce3-4ff8-97cf-e43d3fc410b2202605010141171777621290237727092.sst" input_files: "sstable1/5d44a28f-0275-4961-9fdc-6585c46e1870202605010141171777621296397804045.sst" compactIntoNextLevel: true destinationLevel: 2 is dead (hb=30)
3037440:Found dead task input_files: "sstable1/48b3460b-5ce3-4ff8-97cf-e43d3fc410b2202605010141171777621290237727092.sst" input_files: "sstable1/5d44a28f-0275-4961-9fdc-6585c46e1870202605010141171777621296397804045.sst" compactIntoNextLevel: true destinationLevel: 2
3037440:COMPACT_START sstable=1 input_files: "sstable1/48b3460b-5ce3-4ff8-97cf-e43d3fc410b2202605010141171777621290237727092.sst" input_files: "sstable1/5d44a28f-0275-4961-9fdc-6585c46e1870202605010141171777621296397804045.sst" compactIntoNextLevel: true destinationLevel: 2
3037440:COMPACT_ABORT input_files: "sstable1/48b3460b-5ce3-4ff8-97cf-e43d3fc410b2202605010141171777621290237727092.sst" input_files: "sstable1/5d44a28f-0275-4961-9fdc-6585c46e1870202605010141171777621296397804045.sst" compactIntoNextLevel: true destinationLevel: 2
3037440:Found dead task input_files: "sstable2/84ad5a58-80d8-45c6-8d85-dea5e894d7fd202605010141171777621307784758171.sst" input_files: "sstable2/84ad5a58-80d8-45c6-8d85-dea5e894d7fd202605010141171777621301737037862.sst" compactIntoNextLevel: false destinationLevel: 2
3037440:COMPACT_START sstable=1 input_files: "sstable2/84ad5a58-80d8-45c6-8d85-dea5e894d7fd202605010141171777621307784758171.sst" input_files: "sstable2/84ad5a58-80d8-45c6-8d85-dea5e894d7fd202605010141171777621301737037862.sst" compactIntoNextLevel: false destinationLevel: 2
3037440:COMPACT_ABORT input_files: "sstable2/84ad5a58-80d8-45c6-8d85-dea5e894d7fd202605010141171777621307784758171.sst" input_files: "sstable2/84ad5a58-80d8-45c6-8d85-dea5e894d7fd202605010141171777621301737037862.sst" compactIntoNextLevel: false destinationLevel: 2
3037440:Task input_files: "sstable2/15d7661f-4370-4235-9a49-e8579187b05b202605010141171777621305055313767.sst" input_files: "sstable2/84ad5a58-80d8-45c6-8d85-dea5e894d7fd202605010141171777621302043294644.sst" compactIntoNextLevel: false destinationLevel: 2 is dead (hb=30)
3037440:Found dead task input_files: "sstable2/15d7661f-4370-4235-9a49-e8579187b05b202605010141171777621305055313767.sst" input_files: "sstable2/84ad5a58-80d8-45c6-8d85-dea5e894d7fd202605010141171777621302043294644.sst" compactIntoNextLevel: false destinationLevel: 2
3037440:COMPACT_START sstable=1 input_files: "sstable2/15d7661f-4370-4235-9a49-e8579187b05b202605010141171777621305055313767.sst" input_files: "sstable2/84ad5a58-80d8-45c6-8d85-dea5e894d7fd202605010141171777621302043294644.sst" compactIntoNextLevel: false destinationLevel: 2
2026-05-01 07:42:04:089 - Compaction started: 
140387129628224:Compacting sstable2/15d7661f-4370-4235-9a49-e8579187b05b202605010141171777621305055313767.sst sstable2/84ad5a58-80d8-45c6-8d85-dea5e894d7fd202605010141171777621302043294644.sst into:sstable2/84ad5a58-80d8-45c6-8d85-dea5e894d7fd202605010141171777621324134723520.sst
2026-05-01 07:42:04:203 - Compaction completed: 
3037440:Task input_files: "sstable2/5d44a28f-0275-4961-9fdc-6585c46e1870202605010141171777621305420823643.sst" input_files: "sstable2/84ad5a58-80d8-45c6-8d85-dea5e894d7fd202605010141171777621314261055971.sst" compactIntoNextLevel: false destinationLevel: 2 is dead (hb=30)
3037440:Task input_files: "sstable2/84ad5a58-80d8-45c6-8d85-dea5e894d7fd202605010141171777621302452674248.sst" input_files: "sstable2/5d44a28f-0275-4961-9fdc-6585c46e1870202605010141171777621302464068016.sst" compactIntoNextLevel: false destinationLevel: 2 is dead (hb=30)
3037440:Found dead task input_files: "sstable2/84ad5a58-80d8-45c6-8d85-dea5e894d7fd202605010141171777621302452674248.sst" input_files: "sstable2/5d44a28f-0275-4961-9fdc-6585c46e1870202605010141171777621302464068016.sst" compactIntoNextLevel: false destinationLevel: 2
3037440:COMPACT_START sstable=1 input_files: "sstable2/84ad5a58-80d8-45c6-8d85-dea5e894d7fd202605010141171777621302452674248.sst" input_files: "sstable2/5d44a28f-0275-4961-9fdc-6585c46e1870202605010141171777621302464068016.sst" compactIntoNextLevel: false destinationLevel: 2
2026-05-01 07:42:04:432 - Compaction started: 
140387129628224:Compacting sstable2/84ad5a58-80d8-45c6-8d85-dea5e894d7fd202605010141171777621302452674248.sst sstable2/5d44a28f-0275-4961-9fdc-6585c46e1870202605010141171777621302464068016.sst into:sstable2/84ad5a58-80d8-45c6-8d85-dea5e894d7fd202605010141171777621324476507340.sst
2026-05-01 07:42:04:548 - Compaction completed: 
3037440:COMPACT_START sstable=1 input_files: "sstable2/48b3460b-5ce3-4ff8-97cf-e43d3fc410b2202605010141171777621324353351414.sst" input_files: "sstable2/15d7661f-4370-4235-9a49-e8579187b05b202605010141171777621305970471942.sst" compactIntoNextLevel: false destinationLevel: 2
2026-05-01 07:42:04:671 - Compaction started: 
140387129628224:Compacting sstable2/48b3460b-5ce3-4ff8-97cf-e43d3fc410b2202605010141171777621324353351414.sst sstable2/15d7661f-4370-4235-9a49-e8579187b05b202605010141171777621305970471942.sst into:sstable2/0_84ad5a58-80d8-45c6-8d85-dea5e894d7fd202605010141171777621324709627301.sst
2026-05-01 07:42:04:771 - Compaction completed: 
3037440:Task input_files: "sstable2/84ad5a58-80d8-45c6-8d85-dea5e894d7fd202605010141171777621302757460744.sst" input_files: "sstable2/48b3460b-5ce3-4ff8-97cf-e43d3fc410b2202605010141171777621305856731286.sst" compactIntoNextLevel: false destinationLevel: 2 is dead (hb=30)
3037440:Task input_files: "sstable2/5d44a28f-0275-4961-9fdc-6585c46e1870202605010141171777621302667122037.sst" input_files: "sstable2/15d7661f-4370-4235-9a49-e8579187b05b202605010141171777621305870989163.sst" compactIntoNextLevel: false destinationLevel: 2 is dead (hb=30)
3037440:Found dead task input_files: "sstable2/5d44a28f-0275-4961-9fdc-6585c46e1870202605010141171777621302667122037.sst" input_files: "sstable2/15d7661f-4370-4235-9a49-e8579187b05b202605010141171777621305870989163.sst" compactIntoNextLevel: false destinationLevel: 2
3037440:COMPACT_START sstable=1 input_files: "sstable2/5d44a28f-0275-4961-9fdc-6585c46e1870202605010141171777621302667122037.sst" input_files: "sstable2/15d7661f-4370-4235-9a49-e8579187b05b202605010141171777621305870989163.sst" compactIntoNextLevel: false destinationLevel: 2
2026-05-01 07:42:04:773 - Compaction started: 
140387129628224:Compacting sstable2/5d44a28f-0275-4961-9fdc-6585c46e1870202605010141171777621302667122037.sst sstable2/15d7661f-4370-4235-9a49-e8579187b05b202605010141171777621305870989163.sst into:sstable2/84ad5a58-80d8-45c6-8d85-dea5e894d7fd202605010141171777621324820361581.sst
2026-05-01 07:42:04:893 - Compaction completed: 
3037440:COMPACT_START sstable=1 input_files: "sstable2/5d44a28f-0275-4961-9fdc-6585c46e1870202605010141171777621312858440500.sst" input_files: "sstable2/48b3460b-5ce3-4ff8-97cf-e43d3fc410b2202605010141171777621319084536406.sst" compactIntoNextLevel: false destinationLevel: 2
3037440:COMPACT_ABORT input_files: "sstable2/5d44a28f-0275-4961-9fdc-6585c46e1870202605010141171777621312858440500.sst" input_files: "sstable2/48b3460b-5ce3-4ff8-97cf-e43d3fc410b2202605010141171777621319084536406.sst" compactIntoNextLevel: false destinationLevel: 2
3037440:Task input_files: "sstable2/48b3460b-5ce3-4ff8-97cf-e43d3fc410b2202605010141171777621297602397869.sst" input_files: "sstable2/48b3460b-5ce3-4ff8-97cf-e43d3fc410b2202605010141171777621291383455218.sst" compactIntoNextLevel: false destinationLevel: 2 is dead (hb=30)
3037440:Found dead task input_files: "sstable2/48b3460b-5ce3-4ff8-97cf-e43d3fc410b2202605010141171777621297602397869.sst" input_files: "sstable2/48b3460b-5ce3-4ff8-97cf-e43d3fc410b2202605010141171777621291383455218.sst" compactIntoNextLevel: false destinationLevel: 2
3037440:COMPACT_START sstable=1 input_files: "sstable2/48b3460b-5ce3-4ff8-97cf-e43d3fc410b2202605010141171777621297602397869.sst" input_files: "sstable2/48b3460b-5ce3-4ff8-97cf-e43d3fc410b2202605010141171777621291383455218.sst" compactIntoNextLevel: false destinationLevel: 2
3037440:COMPACT_ABORT input_files: "sstable2/48b3460b-5ce3-4ff8-97cf-e43d3fc410b2202605010141171777621297602397869.sst" input_files: "sstable2/48b3460b-5ce3-4ff8-97cf-e43d3fc410b2202605010141171777621291383455218.sst" compactIntoNextLevel: false destinationLevel: 2
3037440:COMPACT_START sstable=1 input_files: "sstable2/15d7661f-4370-4235-9a49-e8579187b05b202605010141171777621319108461496.sst" input_files: "sstable2/15d7661f-4370-4235-9a49-e8579187b05b202605010141171777621312992976488.sst" compactIntoNextLevel: false destinationLevel: 2
3037440:COMPACT_ABORT input_files: "sstable2/15d7661f-4370-4235-9a49-e8579187b05b202605010141171777621319108461496.sst" input_files: "sstable2/15d7661f-4370-4235-9a49-e8579187b05b202605010141171777621312992976488.sst" compactIntoNextLevel: false destinationLevel: 2
3037440:COMPACT_START sstable=1 input_files: "sstable2/84ad5a58-80d8-45c6-8d85-dea5e894d7fd202605010141171777621313242834767.sst" input_files: "sstable2/84ad5a58-80d8-45c6-8d85-dea5e894d7fd202605010141171777621316450523887.sst" compactIntoNextLevel: false destinationLevel: 2
2026-05-01 07:42:05:313 - Compaction started: 
140387129628224:Compacting sstable2/84ad5a58-80d8-45c6-8d85-dea5e894d7fd202605010141171777621313242834767.sst sstable2/84ad5a58-80d8-45c6-8d85-dea5e894d7fd202605010141171777621316450523887.sst into:sstable2/0_84ad5a58-80d8-45c6-8d85-dea5e894d7fd202605010141171777621325356476169.sst
2026-05-01 07:42:05:420 - Compaction completed: 
3037440:Task input_files: "sstable2/5d44a28f-0275-4961-9fdc-6585c46e1870202605010141171777621310689076350.sst" input_files: "sstable2/5d44a28f-0275-4961-9fdc-6585c46e1870202605010141171777621301341164116.sst" compactIntoNextLevel: false destinationLevel: 2 is dead (hb=30)
3037440:Found dead task input_files: "sstable2/5d44a28f-0275-4961-9fdc-6585c46e1870202605010141171777621310689076350.sst" input_files: "sstable2/5d44a28f-0275-4961-9fdc-6585c46e1870202605010141171777621301341164116.sst" compactIntoNextLevel: false destinationLevel: 2
3037440:COMPACT_START sstable=1 input_files: "sstable2/5d44a28f-0275-4961-9fdc-6585c46e1870202605010141171777621310689076350.sst" input_files: "sstable2/5d44a28f-0275-4961-9fdc-6585c46e1870202605010141171777621301341164116.sst" compactIntoNextLevel: false destinationLevel: 2
3037440:COMPACT_ABORT input_files: "sstable2/5d44a28f-0275-4961-9fdc-6585c46e1870202605010141171777621310689076350.sst" input_files: "sstable2/5d44a28f-0275-4961-9fdc-6585c46e1870202605010141171777621301341164116.sst" compactIntoNextLevel: false destinationLevel: 2
3037440:COMPACT_START sstable=1 input_files: "sstable2/15d7661f-4370-4235-9a49-e8579187b05b202605010141171777621305970471942.sst" input_files: "sstable2/5d44a28f-0275-4961-9fdc-6585c46e1870202605010141171777621315111201965.sst" compactIntoNextLevel: false destinationLevel: 2
2026-05-01 07:42:05:729 - Compaction started: 
140387129628224:Compacting sstable2/15d7661f-4370-4235-9a49-e8579187b05b202605010141171777621305970471942.sst sstable2/5d44a28f-0275-4961-9fdc-6585c46e1870202605010141171777621315111201965.sst into:sstable2/0_84ad5a58-80d8-45c6-8d85-dea5e894d7fd202605010141171777621325772031359.sst
2026-05-01 07:42:05:837 - Compaction completed: 
3037440:COMPACT_START sstable=1 input_files: "sstable2/84ad5a58-80d8-45c6-8d85-dea5e894d7fd202605010141171777621312836367452.sst" input_files: "sstable2/5d44a28f-0275-4961-9fdc-6585c46e1870202605010141171777621312858440500.sst" compactIntoNextLevel: false destinationLevel: 2
3037440:COMPACT_ABORT input_files: "sstable2/84ad5a58-80d8-45c6-8d85-dea5e894d7fd202605010141171777621312836367452.sst" input_files: "sstable2/5d44a28f-0275-4961-9fdc-6585c46e1870202605010141171777621312858440500.sst" compactIntoNextLevel: false destinationLevel: 2
3037440:COMPACT_START sstable=1 input_files: "sstable2/15d7661f-4370-4235-9a49-e8579187b05b202605010141171777621316295390277.sst" input_files: "sstable2/48b3460b-5ce3-4ff8-97cf-e43d3fc410b2202605010141171777621313174789581.sst" compactIntoNextLevel: false destinationLevel: 2
3037440:COMPACT_ABORT input_files: "sstable2/15d7661f-4370-4235-9a49-e8579187b05b202605010141171777621316295390277.sst" input_files: "sstable2/48b3460b-5ce3-4ff8-97cf-e43d3fc410b2202605010141171777621313174789581.sst" compactIntoNextLevel: false destinationLevel: 2
3037440:Task input_files: "sstable1/15d7661f-4370-4235-9a49-e8579187b05b202605010141171777621292196928517.sst" input_files: "sstable1/15d7661f-4370-4235-9a49-e8579187b05b202605010141171777621288931362601.sst" compactIntoNextLevel: true destinationLevel: 2 is dead (hb=30)
3037440:COMPACT_START sstable=1 input_files: "sstable2/84ad5a58-80d8-45c6-8d85-dea5e894d7fd202605010141171777621316450523887.sst" input_files: "sstable2/48b3460b-5ce3-4ff8-97cf-e43d3fc410b2202605010141171777621316271685220.sst" compactIntoNextLevel: false destinationLevel: 2
3037440:COMPACT_ABORT input_files: "sstable2/84ad5a58-80d8-45c6-8d85-dea5e894d7fd202605010141171777621316450523887.sst" input_files: "sstable2/48b3460b-5ce3-4ff8-97cf-e43d3fc410b2202605010141171777621316271685220.sst" compactIntoNextLevel: false destinationLevel: 2
3037440:Found dead task input_files: "sstable1/15d7661f-4370-4235-9a49-e8579187b05b202605010141171777621292196928517.sst" input_files: "sstable1/15d7661f-4370-4235-9a49-e8579187b05b202605010141171777621288931362601.sst" compactIntoNextLevel: true destinationLevel: 2
3037440:COMPACT_START sstable=1 input_files: "sstable1/15d7661f-4370-4235-9a49-e8579187b05b202605010141171777621292196928517.sst" input_files: "sstable1/15d7661f-4370-4235-9a49-e8579187b05b202605010141171777621288931362601.sst" compactIntoNextLevel: true destinationLevel: 2
2026-05-01 07:42:06:169 - Compaction started: 
140387129628224:Compacting sstable1/15d7661f-4370-4235-9a49-e8579187b05b202605010141171777621292196928517.sst sstable1/15d7661f-4370-4235-9a49-e8579187b05b202605010141171777621288931362601.sst into:sstable2/84ad5a58-80d8-45c6-8d85-dea5e894d7fd202605010141171777621326190392819.sst
2026-05-01 07:42:06:219 - Compaction completed: 
3037440:Task input_files: "sstable1/84ad5a58-80d8-45c6-8d85-dea5e894d7fd202605010141171777621290193090147.sst" input_files: "sstable1/48b3460b-5ce3-4ff8-97cf-e43d3fc410b2202605010141171777621296336031137.sst" compactIntoNextLevel: true destinationLevel: 2 is dead (hb=30)
3037440:Found dead task input_files: "sstable1/84ad5a58-80d8-45c6-8d85-dea5e894d7fd202605010141171777621290193090147.sst" input_files: "sstable1/48b3460b-5ce3-4ff8-97cf-e43d3fc410b2202605010141171777621296336031137.sst" compactIntoNextLevel: true destinationLevel: 2
3037440:COMPACT_START sstable=1 input_files: "sstable1/84ad5a58-80d8-45c6-8d85-dea5e894d7fd202605010141171777621290193090147.sst" input_files: "sstable1/48b3460b-5ce3-4ff8-97cf-e43d3fc410b2202605010141171777621296336031137.sst" compactIntoNextLevel: true destinationLevel: 2
3037440:COMPACT_ABORT input_files: "sstable1/84ad5a58-80d8-45c6-8d85-dea5e894d7fd202605010141171777621290193090147.sst" input_files: "sstable1/48b3460b-5ce3-4ff8-97cf-e43d3fc410b2202605010141171777621296336031137.sst" compactIntoNextLevel: true destinationLevel: 2
3037440:Task input_files: "sstable1/48b3460b-5ce3-4ff8-97cf-e43d3fc410b2202605010141171777621290237727092.sst" input_files: "sstable1/5d44a28f-0275-4961-9fdc-6585c46e1870202605010141171777621296397804045.sst" compactIntoNextLevel: true destinationLevel: 2 is dead (hb=30)
3037440:Task input_files: "sstable2/5d44a28f-0275-4961-9fdc-6585c46e1870202605010141171777621301648362944.sst" input_files: "sstable2/48b3460b-5ce3-4ff8-97cf-e43d3fc410b2202605010141171777621304729469166.sst" compactIntoNextLevel: false destinationLevel: 2 is dead (hb=30)
3037440:Found dead task input_files: "sstable2/5d44a28f-0275-4961-9fdc-6585c46e1870202605010141171777621301648362944.sst" input_files: "sstable2/48b3460b-5ce3-4ff8-97cf-e43d3fc410b2202605010141171777621304729469166.sst" compactIntoNextLevel: false destinationLevel: 2
3037440:COMPACT_START sstable=1 input_files: "sstable2/5d44a28f-0275-4961-9fdc-6585c46e1870202605010141171777621301648362944.sst" input_files: "sstable2/48b3460b-5ce3-4ff8-97cf-e43d3fc410b2202605010141171777621304729469166.sst" compactIntoNextLevel: false destinationLevel: 2
2026-05-01 07:42:06:668 - Compaction started: 
140387129628224:Compacting sstable2/5d44a28f-0275-4961-9fdc-6585c46e1870202605010141171777621301648362944.sst sstable2/48b3460b-5ce3-4ff8-97cf-e43d3fc410b2202605010141171777621304729469166.sst into:sstable2/84ad5a58-80d8-45c6-8d85-dea5e894d7fd202605010141171777621326716561203.sst
2026-05-01 07:42:06:795 - Compaction completed: 
3037440:Task input_files: "sstable1/15d7661f-4370-4235-9a49-e8579187b05b202605010141171777621290055092560.sst" input_files: "sstable1/84ad5a58-80d8-45c6-8d85-dea5e894d7fd202605010141171777621302229319041.sst" compactIntoNextLevel: true destinationLevel: 2 is dead (hb=30)
3037440:Task input_files: "sstable2/84ad5a58-80d8-45c6-8d85-dea5e894d7fd202605010141171777621307784758171.sst" input_files: "sstable2/84ad5a58-80d8-45c6-8d85-dea5e894d7fd202605010141171777621301737037862.sst" compactIntoNextLevel: false destinationLevel: 2 is dead (hb=31)
3037440:Task input_files: "sstable1/48b3460b-5ce3-4ff8-97cf-e43d3fc410b2202605010141171777621296842509369.sst" input_files: "sstable1/15d7661f-4370-4235-9a49-e8579187b05b202605010141171777621290768854502.sst" compactIntoNextLevel: true destinationLevel: 2 is dead (hb=30)
3037440:Found dead task input_files: "sstable1/48b3460b-5ce3-4ff8-97cf-e43d3fc410b2202605010141171777621296842509369.sst" input_files: "sstable1/15d7661f-4370-4235-9a49-e8579187b05b202605010141171777621290768854502.sst" compactIntoNextLevel: true destinationLevel: 2
3037440:COMPACT_START sstable=1 input_files: "sstable1/48b3460b-5ce3-4ff8-97cf-e43d3fc410b2202605010141171777621296842509369.sst" input_files: "sstable1/15d7661f-4370-4235-9a49-e8579187b05b202605010141171777621290768854502.sst" compactIntoNextLevel: true destinationLevel: 2
3037440:COMPACT_ABORT input_files: "sstable1/48b3460b-5ce3-4ff8-97cf-e43d3fc410b2202605010141171777621296842509369.sst" input_files: "sstable1/15d7661f-4370-4235-9a49-e8579187b05b202605010141171777621290768854502.sst" compactIntoNextLevel: true destinationLevel: 2
3037440:Task input_files: "sstable2/48b3460b-5ce3-4ff8-97cf-e43d3fc410b2202605010141171777621308944452287.sst" input_files: "sstable2/84ad5a58-80d8-45c6-8d85-dea5e894d7fd202605010141171777621315185805135.sst" compactIntoNextLevel: false destinationLevel: 2 is dead (hb=31)
3037440:Task input_files: "sstable2/48b3460b-5ce3-4ff8-97cf-e43d3fc410b2202605010141171777621306058177402.sst" input_files: "sstable2/84ad5a58-80d8-45c6-8d85-dea5e894d7fd202605010141171777621315084893317.sst" compactIntoNextLevel: false destinationLevel: 2 is dead (hb=31)
3037440:Found dead task input_files: "sstable2/48b3460b-5ce3-4ff8-97cf-e43d3fc410b2202605010141171777621306058177402.sst" input_files: "sstable2/84ad5a58-80d8-45c6-8d85-dea5e894d7fd202605010141171777621315084893317.sst" compactIntoNextLevel: false destinationLevel: 2
3037440:COMPACT_START sstable=1 input_files: "sstable2/48b3460b-5ce3-4ff8-97cf-e43d3fc410b2202605010141171777621306058177402.sst" input_files: "sstable2/84ad5a58-80d8-45c6-8d85-dea5e894d7fd202605010141171777621315084893317.sst" compactIntoNextLevel: false destinationLevel: 2
3037440:COMPACT_ABORT input_files: "sstable2/48b3460b-5ce3-4ff8-97cf-e43d3fc410b2202605010141171777621306058177402.sst" input_files: "sstable2/84ad5a58-80d8-45c6-8d85-dea5e894d7fd202605010141171777621315084893317.sst" compactIntoNextLevel: false destinationLevel: 2
3037440:Found dead task input_files: "sstable2/48b3460b-5ce3-4ff8-97cf-e43d3fc410b2202605010141171777621308944452287.sst" input_files: "sstable2/84ad5a58-80d8-45c6-8d85-dea5e894d7fd202605010141171777621315185805135.sst" compactIntoNextLevel: false destinationLevel: 2
3037440:COMPACT_START sstable=1 input_files: "sstable2/48b3460b-5ce3-4ff8-97cf-e43d3fc410b2202605010141171777621308944452287.sst" input_files: "sstable2/84ad5a58-80d8-45c6-8d85-dea5e894d7fd202605010141171777621315185805135.sst" compactIntoNextLevel: false destinationLevel: 2
2026-05-01 07:42:07:980 - Compaction started: 
140387129628224:Compacting sstable2/48b3460b-5ce3-4ff8-97cf-e43d3fc410b2202605010141171777621308944452287.sst sstable2/84ad5a58-80d8-45c6-8d85-dea5e894d7fd202605010141171777621315185805135.sst into:sstable2/84ad5a58-80d8-45c6-8d85-dea5e894d7fd202605010141171777621328024406759.sst
2026-05-01 07:42:08:088 - Compaction completed: 
3037440:Task input_files: "sstable2/5d44a28f-0275-4961-9fdc-6585c46e1870202605010141171777621312858440500.sst" input_files: "sstable2/48b3460b-5ce3-4ff8-97cf-e43d3fc410b2202605010141171777621319084536406.sst" compactIntoNextLevel: false destinationLevel: 2 is dead (hb=31)
3037440:Found dead task input_files: "sstable2/5d44a28f-0275-4961-9fdc-6585c46e1870202605010141171777621312858440500.sst" input_files: "sstable2/48b3460b-5ce3-4ff8-97cf-e43d3fc410b2202605010141171777621319084536406.sst" compactIntoNextLevel: false destinationLevel: 2
3037440:COMPACT_START sstable=1 input_files: "sstable2/5d44a28f-0275-4961-9fdc-6585c46e1870202605010141171777621312858440500.sst" input_files: "sstable2/48b3460b-5ce3-4ff8-97cf-e43d3fc410b2202605010141171777621319084536406.sst" compactIntoNextLevel: false destinationLevel: 2
2026-05-01 07:42:08:186 - Compaction started: 
140387129628224:Compacting sstable2/5d44a28f-0275-4961-9fdc-6585c46e1870202605010141171777621312858440500.sst sstable2/48b3460b-5ce3-4ff8-97cf-e43d3fc410b2202605010141171777621319084536406.sst into:sstable2/84ad5a58-80d8-45c6-8d85-dea5e894d7fd202605010141171777621328227167560.sst
2026-05-01 07:42:08:291 - Compaction completed: 
3037440:Task input_files: "sstable2/15d7661f-4370-4235-9a49-e8579187b05b202605010141171777621315357372671.sst" input_files: "sstable2/84ad5a58-80d8-45c6-8d85-dea5e894d7fd202605010141171777621303269218333.sst" compactIntoNextLevel: false destinationLevel: 2 is dead (hb=30)
3037440:Task input_files: "sstable2/15d7661f-4370-4235-9a49-e8579187b05b202605010141171777621319108461496.sst" input_files: "sstable2/15d7661f-4370-4235-9a49-e8579187b05b202605010141171777621312992976488.sst" compactIntoNextLevel: false destinationLevel: 2 is dead (hb=30)
3037440:Found dead task input_files: "sstable2/15d7661f-4370-4235-9a49-e8579187b05b202605010141171777621319108461496.sst" input_files: "sstable2/15d7661f-4370-4235-9a49-e8579187b05b202605010141171777621312992976488.sst" compactIntoNextLevel: false destinationLevel: 2
3037440:COMPACT_START sstable=1 input_files: "sstable2/15d7661f-4370-4235-9a49-e8579187b05b202605010141171777621319108461496.sst" input_files: "sstable2/15d7661f-4370-4235-9a49-e8579187b05b202605010141171777621312992976488.sst" compactIntoNextLevel: false destinationLevel: 2
3037440:COMPACT_ABORT input_files: "sstable2/15d7661f-4370-4235-9a49-e8579187b05b202605010141171777621319108461496.sst" input_files: "sstable2/15d7661f-4370-4235-9a49-e8579187b05b202605010141171777621312992976488.sst" compactIntoNextLevel: false destinationLevel: 2
3037440:Found dead task input_files: "sstable2/15d7661f-4370-4235-9a49-e8579187b05b202605010141171777621315357372671.sst" input_files: "sstable2/84ad5a58-80d8-45c6-8d85-dea5e894d7fd202605010141171777621303269218333.sst" compactIntoNextLevel: false destinationLevel: 2
3037440:COMPACT_START sstable=1 input_files: "sstable2/15d7661f-4370-4235-9a49-e8579187b05b202605010141171777621315357372671.sst" input_files: "sstable2/84ad5a58-80d8-45c6-8d85-dea5e894d7fd202605010141171777621303269218333.sst" compactIntoNextLevel: false destinationLevel: 2
2026-05-01 07:42:08:294 - Compaction started: 
140387129628224:Compacting sstable2/15d7661f-4370-4235-9a49-e8579187b05b202605010141171777621315357372671.sst sstable2/84ad5a58-80d8-45c6-8d85-dea5e894d7fd202605010141171777621303269218333.sst into:sstable2/84ad5a58-80d8-45c6-8d85-dea5e894d7fd202605010141171777621328347271594.sst
2026-05-01 07:42:08:431 - Compaction completed: 
3037440:Task input_files: "sstable2/15d7661f-4370-4235-9a49-e8579187b05b202605010141171777621316295390277.sst" input_files: "sstable2/48b3460b-5ce3-4ff8-97cf-e43d3fc410b2202605010141171777621313174789581.sst" compactIntoNextLevel: false destinationLevel: 2 is dead (hb=30)
3037440:Task input_files: "sstable2/15d7661f-4370-4235-9a49-e8579187b05b202605010141171777621312992976488.sst" input_files: "sstable2/84ad5a58-80d8-45c6-8d85-dea5e894d7fd202605010141171777621316130819747.sst" compactIntoNextLevel: false destinationLevel: 2 is dead (hb=30)
3037440:Task input_files: "sstable2/84ad5a58-80d8-45c6-8d85-dea5e894d7fd202605010141171777621312836367452.sst" input_files: "sstable2/5d44a28f-0275-4961-9fdc-6585c46e1870202605010141171777621312858440500.sst" compactIntoNextLevel: false destinationLevel: 2 is dead (hb=30)
3037440:Found dead task input_files: "sstable2/84ad5a58-80d8-45c6-8d85-dea5e894d7fd202605010141171777621312836367452.sst" input_files: "sstable2/5d44a28f-0275-4961-9fdc-6585c46e1870202605010141171777621312858440500.sst" compactIntoNextLevel: false destinationLevel: 2
3037440:COMPACT_START sstable=1 input_files: "sstable2/84ad5a58-80d8-45c6-8d85-dea5e894d7fd202605010141171777621312836367452.sst" input_files: "sstable2/5d44a28f-0275-4961-9fdc-6585c46e1870202605010141171777621312858440500.sst" compactIntoNextLevel: false destinationLevel: 2
3037440:COMPACT_ABORT input_files: "sstable2/84ad5a58-80d8-45c6-8d85-dea5e894d7fd202605010141171777621312836367452.sst" input_files: "sstable2/5d44a28f-0275-4961-9fdc-6585c46e1870202605010141171777621312858440500.sst" compactIntoNextLevel: false destinationLevel: 2
3037440:Found dead task input_files: "sstable2/15d7661f-4370-4235-9a49-e8579187b05b202605010141171777621312992976488.sst" input_files: "sstable2/84ad5a58-80d8-45c6-8d85-dea5e894d7fd202605010141171777621316130819747.sst" compactIntoNextLevel: false destinationLevel: 2
3037440:COMPACT_START sstable=1 input_files: "sstable2/15d7661f-4370-4235-9a49-e8579187b05b202605010141171777621312992976488.sst" input_files: "sstable2/84ad5a58-80d8-45c6-8d85-dea5e894d7fd202605010141171777621316130819747.sst" compactIntoNextLevel: false destinationLevel: 2
2026-05-01 07:42:09:093 - Compaction started: 
140387129628224:Compacting sstable2/15d7661f-4370-4235-9a49-e8579187b05b202605010141171777621312992976488.sst sstable2/84ad5a58-80d8-45c6-8d85-dea5e894d7fd202605010141171777621316130819747.sst into:sstable2/84ad5a58-80d8-45c6-8d85-dea5e894d7fd202605010141171777621329134534969.sst
2026-05-01 07:42:09:195 - Compaction completed: 
3037440:Task input_files: "sstable2/84ad5a58-80d8-45c6-8d85-dea5e894d7fd202605010141171777621316450523887.sst" input_files: "sstable2/48b3460b-5ce3-4ff8-97cf-e43d3fc410b2202605010141171777621316271685220.sst" compactIntoNextLevel: false destinationLevel: 2 is dead (hb=30)
3037440:Task input_files: "sstable2/48b3460b-5ce3-4ff8-97cf-e43d3fc410b2202605010141171777621316169602288.sst" input_files: "sstable2/15d7661f-4370-4235-9a49-e8579187b05b202605010141171777621322179868945.sst" compactIntoNextLevel: false destinationLevel: 2 is dead (hb=30)
3037440:Found dead task input_files: "sstable2/48b3460b-5ce3-4ff8-97cf-e43d3fc410b2202605010141171777621316169602288.sst" input_files: "sstable2/15d7661f-4370-4235-9a49-e8579187b05b202605010141171777621322179868945.sst" compactIntoNextLevel: false destinationLevel: 2
3037440:COMPACT_START sstable=1 input_files: "sstable2/48b3460b-5ce3-4ff8-97cf-e43d3fc410b2202605010141171777621316169602288.sst" input_files: "sstable2/15d7661f-4370-4235-9a49-e8579187b05b202605010141171777621322179868945.sst" compactIntoNextLevel: false destinationLevel: 2
2026-05-01 07:42:09:197 - Compaction started: 
140387129628224:Compacting sstable2/48b3460b-5ce3-4ff8-97cf-e43d3fc410b2202605010141171777621316169602288.sst sstable2/15d7661f-4370-4235-9a49-e8579187b05b202605010141171777621322179868945.sst into:sstable2/84ad5a58-80d8-45c6-8d85-dea5e894d7fd202605010141171777621329238476857.sst
2026-05-01 07:42:09:303 - Compaction completed: 
3037440:Task input_files: "sstable1/84ad5a58-80d8-45c6-8d85-dea5e894d7fd202605010141171777621290193090147.sst" input_files: "sstable1/48b3460b-5ce3-4ff8-97cf-e43d3fc410b2202605010141171777621296336031137.sst" compactIntoNextLevel: true destinationLevel: 2 is dead (hb=30)
3037440:Found dead task input_files: "sstable1/84ad5a58-80d8-45c6-8d85-dea5e894d7fd202605010141171777621290193090147.sst" input_files: "sstable1/48b3460b-5ce3-4ff8-97cf-e43d3fc410b2202605010141171777621296336031137.sst" compactIntoNextLevel: true destinationLevel: 2
3037440:COMPACT_START sstable=1 input_files: "sstable1/84ad5a58-80d8-45c6-8d85-dea5e894d7fd202605010141171777621290193090147.sst" input_files: "sstable1/48b3460b-5ce3-4ff8-97cf-e43d3fc410b2202605010141171777621296336031137.sst" compactIntoNextLevel: true destinationLevel: 2
2026-05-01 07:42:09:696 - Compaction started: 
140387129628224:Compacting sstable1/84ad5a58-80d8-45c6-8d85-dea5e894d7fd202605010141171777621290193090147.sst sstable1/48b3460b-5ce3-4ff8-97cf-e43d3fc410b2202605010141171777621296336031137.sst into:sstable2/84ad5a58-80d8-45c6-8d85-dea5e894d7fd202605010141171777621329714877546.sst
2026-05-01 07:42:09:742 - Compaction completed: 
3037440:Task input_files: "sstable2/48b3460b-5ce3-4ff8-97cf-e43d3fc410b2202605010141171777621306058177402.sst" input_files: "sstable2/84ad5a58-80d8-45c6-8d85-dea5e894d7fd202605010141171777621315084893317.sst" compactIntoNextLevel: false destinationLevel: 2 is dead (hb=30)
3037440:Found dead task input_files: "sstable2/48b3460b-5ce3-4ff8-97cf-e43d3fc410b2202605010141171777621306058177402.sst" input_files: "sstable2/84ad5a58-80d8-45c6-8d85-dea5e894d7fd202605010141171777621315084893317.sst" compactIntoNextLevel: false destinationLevel: 2
3037440:COMPACT_START sstable=1 input_files: "sstable2/48b3460b-5ce3-4ff8-97cf-e43d3fc410b2202605010141171777621306058177402.sst" input_files: "sstable2/84ad5a58-80d8-45c6-8d85-dea5e894d7fd202605010141171777621315084893317.sst" compactIntoNextLevel: false destinationLevel: 2
3037440:COMPACT_ABORT input_files: "sstable2/48b3460b-5ce3-4ff8-97cf-e43d3fc410b2202605010141171777621306058177402.sst" input_files: "sstable2/84ad5a58-80d8-45c6-8d85-dea5e894d7fd202605010141171777621315084893317.sst" compactIntoNextLevel: false destinationLevel: 2
3037440:Task input_files: "sstable2/5d44a28f-0275-4961-9fdc-6585c46e1870202605010141171777621312958535095.sst" input_files: "sstable2/48b3460b-5ce3-4ff8-97cf-e43d3fc410b2202605010141171777621316067798138.sst" compactIntoNextLevel: false destinationLevel: 2 is dead (hb=30)
3037440:Task input_files: "sstable2/15d7661f-4370-4235-9a49-e8579187b05b202605010141171777621319108461496.sst" input_files: "sstable2/15d7661f-4370-4235-9a49-e8579187b05b202605010141171777621312992976488.sst" compactIntoNextLevel: false destinationLevel: 2 is dead (hb=30)
3037440:Found dead task input_files: "sstable2/15d7661f-4370-4235-9a49-e8579187b05b202605010141171777621319108461496.sst" input_files: "sstable2/15d7661f-4370-4235-9a49-e8579187b05b202605010141171777621312992976488.sst" compactIntoNextLevel: false destinationLevel: 2
3037440:COMPACT_START sstable=1 input_files: "sstable2/15d7661f-4370-4235-9a49-e8579187b05b202605010141171777621319108461496.sst" input_files: "sstable2/15d7661f-4370-4235-9a49-e8579187b05b202605010141171777621312992976488.sst" compactIntoNextLevel: false destinationLevel: 2
3037440:COMPACT_ABORT input_files: "sstable2/15d7661f-4370-4235-9a49-e8579187b05b202605010141171777621319108461496.sst" input_files: "sstable2/15d7661f-4370-4235-9a49-e8579187b05b202605010141171777621312992976488.sst" compactIntoNextLevel: false destinationLevel: 2
3037440:Task input_files: "sstable2/84ad5a58-80d8-45c6-8d85-dea5e894d7fd202605010141171777621315185805135.sst" input_files: "sstable2/48b3460b-5ce3-4ff8-97cf-e43d3fc410b2202605010141171777621315764807749.sst" compactIntoNextLevel: false destinationLevel: 2 is dead (hb=30)
3037440:Task input_files: "sstable2/84ad5a58-80d8-45c6-8d85-dea5e894d7fd202605010141171777621315809481243.sst" input_files: "sstable2/84ad5a58-80d8-45c6-8d85-dea5e894d7fd202605010141171777621318970315781.sst" compactIntoNextLevel: false destinationLevel: 2 is dead (hb=30)
3037440:Found dead task input_files: "sstable2/84ad5a58-80d8-45c6-8d85-dea5e894d7fd202605010141171777621315809481243.sst" input_files: "sstable2/84ad5a58-80d8-45c6-8d85-dea5e894d7fd202605010141171777621318970315781.sst" compactIntoNextLevel: false destinationLevel: 2
3037440:COMPACT_START sstable=1 input_files: "sstable2/84ad5a58-80d8-45c6-8d85-dea5e894d7fd202605010141171777621315809481243.sst" input_files: "sstable2/84ad5a58-80d8-45c6-8d85-dea5e894d7fd202605010141171777621318970315781.sst" compactIntoNextLevel: false destinationLevel: 2
2026-05-01 07:42:15:100 - Compaction started: 
140387129628224:Compacting sstable2/84ad5a58-80d8-45c6-8d85-dea5e894d7fd202605010141171777621315809481243.sst sstable2/84ad5a58-80d8-45c6-8d85-dea5e894d7fd202605010141171777621318970315781.sst into:sstable2/84ad5a58-80d8-45c6-8d85-dea5e894d7fd202605010141171777621335142554392.sst
2026-05-01 07:42:15:206 - Compaction completed: 
3037440:Found dead task input_files: "sstable2/84ad5a58-80d8-45c6-8d85-dea5e894d7fd202605010141171777621315185805135.sst" input_files: "sstable2/48b3460b-5ce3-4ff8-97cf-e43d3fc410b2202605010141171777621315764807749.sst" compactIntoNextLevel: false destinationLevel: 2
3037440:COMPACT_START sstable=1 input_files: "sstable2/84ad5a58-80d8-45c6-8d85-dea5e894d7fd202605010141171777621315185805135.sst" input_files: "sstable2/48b3460b-5ce3-4ff8-97cf-e43d3fc410b2202605010141171777621315764807749.sst" compactIntoNextLevel: false destinationLevel: 2
2026-05-01 07:42:15:303 - Compaction started: 
140387129628224:Compacting sstable2/84ad5a58-80d8-45c6-8d85-dea5e894d7fd202605010141171777621315185805135.sst sstable2/48b3460b-5ce3-4ff8-97cf-e43d3fc410b2202605010141171777621315764807749.sst into:sstable2/84ad5a58-80d8-45c6-8d85-dea5e894d7fd202605010141171777621335342918439.sst
2026-05-01 07:42:15:407 - Compaction completed: 
3037440:COMPACT_START sstable=1 input_files: "sstable2/5d44a28f-0275-4961-9fdc-6585c46e1870202605010141171777621325512091091.sst" input_files: "sstable2/15d7661f-4370-4235-9a49-e8579187b05b202605010141171777621315357372671.sst" compactIntoNextLevel: false destinationLevel: 2
2026-05-01 07:42:15:560 - Compaction started: 
140387129628224:Compacting sstable2/5d44a28f-0275-4961-9fdc-6585c46e1870202605010141171777621325512091091.sst sstable2/15d7661f-4370-4235-9a49-e8579187b05b202605010141171777621315357372671.sst into:sstable2/0_84ad5a58-80d8-45c6-8d85-dea5e894d7fd202605010141171777621335637533087.sst
2026-05-01 07:42:15:753 - Compaction completed: 
3037440:COMPACT_START sstable=1 input_files: "sstable2/0_48b3460b-5ce3-4ff8-97cf-e43d3fc410b2202605010141171777621335237840032.sst" input_files: "sstable2/0_84ad5a58-80d8-45c6-8d85-dea5e894d7fd202605010141171777621335637533087.sst" compactIntoNextLevel: false destinationLevel: 2
3037440:COMPACT_ABORT input_files: "sstable2/0_48b3460b-5ce3-4ff8-97cf-e43d3fc410b2202605010141171777621335237840032.sst" input_files: "sstable2/0_84ad5a58-80d8-45c6-8d85-dea5e894d7fd202605010141171777621335637533087.sst" compactIntoNextLevel: false destinationLevel: 2
3037440:COMPACT_START sstable=1 input_files: "sstable2/0_5d44a28f-0275-4961-9fdc-6585c46e1870202605010141171777621336070898654.sst" input_files: "sstable2/0_48b3460b-5ce3-4ff8-97cf-e43d3fc410b2202605010141171777621316513540497.sst" compactIntoNextLevel: false destinationLevel: 2
2026-05-01 07:42:16:457 - Compaction started: 
140387129628224:Compacting sstable2/0_5d44a28f-0275-4961-9fdc-6585c46e1870202605010141171777621336070898654.sst sstable2/0_48b3460b-5ce3-4ff8-97cf-e43d3fc410b2202605010141171777621316513540497.sst into:sstable2/1_84ad5a58-80d8-45c6-8d85-dea5e894d7fd202605010141171777621336585058445.sst
2026-05-01 07:42:16:771 - Compaction completed: 
2026-05-01 07:42:17:669 60 sec: 257940 operations; 4255.76 current ops/sec; est completion in 2 days 16 hours [READ: Count=127669, Max=266239, Min=50, Avg=233.75, 90=309, 99=387, 99.9=761, 99.99=36735] 
3037440:Task input_files: "sstable2/0_48b3460b-5ce3-4ff8-97cf-e43d3fc410b2202605010141171777621335237840032.sst" input_files: "sstable2/0_84ad5a58-80d8-45c6-8d85-dea5e894d7fd202605010141171777621335637533087.sst" compactIntoNextLevel: false destinationLevel: 2 is dead (hb=30)
3037440:Found dead task input_files: "sstable2/0_48b3460b-5ce3-4ff8-97cf-e43d3fc410b2202605010141171777621335237840032.sst" input_files: "sstable2/0_84ad5a58-80d8-45c6-8d85-dea5e894d7fd202605010141171777621335637533087.sst" compactIntoNextLevel: false destinationLevel: 2
3037440:COMPACT_START sstable=1 input_files: "sstable2/0_48b3460b-5ce3-4ff8-97cf-e43d3fc410b2202605010141171777621335237840032.sst" input_files: "sstable2/0_84ad5a58-80d8-45c6-8d85-dea5e894d7fd202605010141171777621335637533087.sst" compactIntoNextLevel: false destinationLevel: 2
2026-05-01 07:42:19:022 - Compaction started: 
140387129628224:Compacting sstable2/0_48b3460b-5ce3-4ff8-97cf-e43d3fc410b2202605010141171777621335237840032.sst sstable2/0_84ad5a58-80d8-45c6-8d85-dea5e894d7fd202605010141171777621335637533087.sst into:sstable2/84ad5a58-80d8-45c6-8d85-dea5e894d7fd202605010141171777621339226506511.sst
2026-05-01 07:42:19:504 - Compaction completed: 
3037440:Task input_files: "sstable1/15d7661f-4370-4235-9a49-e8579187b05b202605010141171777621287459769896.sst" input_files: "sstable1/84ad5a58-80d8-45c6-8d85-dea5e894d7fd202605010141171777621287474454583.sst" compactIntoNextLevel: true destinationLevel: 2 is dead (hb=30)
3037440:Found dead task input_files: "sstable1/15d7661f-4370-4235-9a49-e8579187b05b202605010141171777621287459769896.sst" input_files: "sstable1/84ad5a58-80d8-45c6-8d85-dea5e894d7fd202605010141171777621287474454583.sst" compactIntoNextLevel: true destinationLevel: 2
3037440:COMPACT_START sstable=1 input_files: "sstable1/15d7661f-4370-4235-9a49-e8579187b05b202605010141171777621287459769896.sst" input_files: "sstable1/84ad5a58-80d8-45c6-8d85-dea5e894d7fd202605010141171777621287474454583.sst" compactIntoNextLevel: true destinationLevel: 2
3037440:COMPACT_ABORT input_files: "sstable1/15d7661f-4370-4235-9a49-e8579187b05b202605010141171777621287459769896.sst" input_files: "sstable1/84ad5a58-80d8-45c6-8d85-dea5e894d7fd202605010141171777621287474454583.sst" compactIntoNextLevel: true destinationLevel: 2
3037440:Task input_files: "sstable2/15d7661f-4370-4235-9a49-e8579187b05b202605010141171777621322179868945.sst" input_files: "sstable2/15d7661f-4370-4235-9a49-e8579187b05b202605010141171777621313094448075.sst" compactIntoNextLevel: false destinationLevel: 2 is dead (hb=30)
3037440:Found dead task input_files: "sstable2/15d7661f-4370-4235-9a49-e8579187b05b202605010141171777621322179868945.sst" input_files: "sstable2/15d7661f-4370-4235-9a49-e8579187b05b202605010141171777621313094448075.sst" compactIntoNextLevel: false destinationLevel: 2
3037440:COMPACT_START sstable=1 input_files: "sstable2/15d7661f-4370-4235-9a49-e8579187b05b202605010141171777621322179868945.sst" input_files: "sstable2/15d7661f-4370-4235-9a49-e8579187b05b202605010141171777621313094448075.sst" compactIntoNextLevel: false destinationLevel: 2
3037440:COMPACT_ABORT input_files: "sstable2/15d7661f-4370-4235-9a49-e8579187b05b202605010141171777621322179868945.sst" input_files: "sstable2/15d7661f-4370-4235-9a49-e8579187b05b202605010141171777621313094448075.sst" compactIntoNextLevel: false destinationLevel: 2
3037440:COMPACT_START sstable=1 input_files: "sstable2/0_5d44a28f-0275-4961-9fdc-6585c46e1870202605010141171777621315564054191.sst" input_files: "sstable2/0_5d44a28f-0275-4961-9fdc-6585c46e1870202605010141171777621336070898654.sst" compactIntoNextLevel: false destinationLevel: 2
2026-05-01 07:42:23:430 - Compaction started: 
140387129628224:Compacting sstable2/0_5d44a28f-0275-4961-9fdc-6585c46e1870202605010141171777621315564054191.sst sstable2/0_5d44a28f-0275-4961-9fdc-6585c46e1870202605010141171777621336070898654.sst into:sstable2/1_84ad5a58-80d8-45c6-8d85-dea5e894d7fd202605010141171777621343561648005.sst
2026-05-01 07:42:23:754 - Compaction completed: 
3037440:COMPACT_START sstable=1 input_files: "sstable2/48b3460b-5ce3-4ff8-97cf-e43d3fc410b2202605010141171777621322618938134.sst" input_files: "sstable2/15d7661f-4370-4235-9a49-e8579187b05b202605010141171777621313400171507.sst" compactIntoNextLevel: false destinationLevel: 2
3037440:COMPACT_ABORT input_files: "sstable2/48b3460b-5ce3-4ff8-97cf-e43d3fc410b2202605010141171777621322618938134.sst" input_files: "sstable2/15d7661f-4370-4235-9a49-e8579187b05b202605010141171777621313400171507.sst" compactIntoNextLevel: false destinationLevel: 2
3037440:COMPACT_START sstable=1 input_files: "sstable2/48b3460b-5ce3-4ff8-97cf-e43d3fc410b2202605010141171777621313478836500.sst" input_files: "sstable2/15d7661f-4370-4235-9a49-e8579187b05b202605010141171777621316607483831.sst" compactIntoNextLevel: false destinationLevel: 2
2026-05-01 07:42:24:625 - Compaction started: 
140387129628224:Compacting sstable2/48b3460b-5ce3-4ff8-97cf-e43d3fc410b2202605010141171777621313478836500.sst sstable2/15d7661f-4370-4235-9a49-e8579187b05b202605010141171777621316607483831.sst into:sstable2/0_84ad5a58-80d8-45c6-8d85-dea5e894d7fd202605010141171777621344668252980.sst
2026-05-01 07:42:24:730 - Compaction completed: 
3037440:COMPACT_START sstable=1 input_files: "sstable2/48b3460b-5ce3-4ff8-97cf-e43d3fc410b2202605010141171777621319662598298.sst" input_files: "sstable2/48b3460b-5ce3-4ff8-97cf-e43d3fc410b2202605010141171777621313682372203.sst" compactIntoNextLevel: false destinationLevel: 2
3037440:COMPACT_ABORT input_files: "sstable2/48b3460b-5ce3-4ff8-97cf-e43d3fc410b2202605010141171777621319662598298.sst" input_files: "sstable2/48b3460b-5ce3-4ff8-97cf-e43d3fc410b2202605010141171777621313682372203.sst" compactIntoNextLevel: false destinationLevel: 2
3037440:COMPACT_START sstable=1 input_files: "sstable2/5d44a28f-0275-4961-9fdc-6585c46e1870202605010141171777621313871782358.sst" input_files: "sstable2/48b3460b-5ce3-4ff8-97cf-e43d3fc410b2202605010141171777621313886986299.sst" compactIntoNextLevel: false destinationLevel: 2
3037440:COMPACT_ABORT input_files: "sstable2/5d44a28f-0275-4961-9fdc-6585c46e1870202605010141171777621313871782358.sst" input_files: "sstable2/48b3460b-5ce3-4ff8-97cf-e43d3fc410b2202605010141171777621313886986299.sst" compactIntoNextLevel: false destinationLevel: 2
3037440:COMPACT_START sstable=1 input_files: "sstable2/48b3460b-5ce3-4ff8-97cf-e43d3fc410b2202605010141171777621320319891094.sst" input_files: "sstable2/15d7661f-4370-4235-9a49-e8579187b05b202605010141171777621320349961593.sst" compactIntoNextLevel: false destinationLevel: 2
2026-05-01 07:42:25:211 - Compaction started: 
140387129628224:Compacting sstable2/48b3460b-5ce3-4ff8-97cf-e43d3fc410b2202605010141171777621320319891094.sst sstable2/15d7661f-4370-4235-9a49-e8579187b05b202605010141171777621320349961593.sst into:sstable2/0_84ad5a58-80d8-45c6-8d85-dea5e894d7fd202605010141171777621345249818248.sst
2026-05-01 07:42:25:308 - Compaction completed: 
3037440:COMPACT_START sstable=1 input_files: "sstable2/15d7661f-4370-4235-9a49-e8579187b05b202605010141171777621314215329694.sst" input_files: "sstable2/48b3460b-5ce3-4ff8-97cf-e43d3fc410b2202605010141171777621314292663101.sst" compactIntoNextLevel: false destinationLevel: 2
2026-05-01 07:42:25:416 - Compaction started: 
140387129628224:Compacting sstable2/15d7661f-4370-4235-9a49-e8579187b05b202605010141171777621314215329694.sst sstable2/48b3460b-5ce3-4ff8-97cf-e43d3fc410b2202605010141171777621314292663101.sst into:sstable2/0_84ad5a58-80d8-45c6-8d85-dea5e894d7fd202605010141171777621345451877584.sst
2026-05-01 07:42:25:506 - Compaction completed: 
3037440:COMPACT_START sstable=1 input_files: "sstable2/84ad5a58-80d8-45c6-8d85-dea5e894d7fd202605010141171777621329714877546.sst" input_files: "sstable2/15d7661f-4370-4235-9a49-e8579187b05b202605010141171777621332803272078.sst" compactIntoNextLevel: false destinationLevel: 2
3037440:COMPACT_ABORT input_files: "sstable2/84ad5a58-80d8-45c6-8d85-dea5e894d7fd202605010141171777621329714877546.sst" input_files: "sstable2/15d7661f-4370-4235-9a49-e8579187b05b202605010141171777621332803272078.sst" compactIntoNextLevel: false destinationLevel: 2
3037440:COMPACT_START sstable=1 input_files: "sstable2/15d7661f-4370-4235-9a49-e8579187b05b202605010141171777621320756531830.sst" input_files: "sstable2/84ad5a58-80d8-45c6-8d85-dea5e894d7fd202605010141171777621320786605866.sst" compactIntoNextLevel: false destinationLevel: 2
2026-05-01 07:42:25:743 - Compaction started: 
140387129628224:Compacting sstable2/15d7661f-4370-4235-9a49-e8579187b05b202605010141171777621320756531830.sst sstable2/84ad5a58-80d8-45c6-8d85-dea5e894d7fd202605010141171777621320786605866.sst into:sstable2/0_84ad5a58-80d8-45c6-8d85-dea5e894d7fd202605010141171777621345779238948.sst
2026-05-01 07:42:25:836 - Compaction completed: 
3037440:Task input_files: "sstable2/15d7661f-4370-4235-9a49-e8579187b05b202605010141171777621322179868945.sst" input_files: "sstable2/15d7661f-4370-4235-9a49-e8579187b05b202605010141171777621313094448075.sst" compactIntoNextLevel: false destinationLevel: 2 is dead (hb=30)
3037440:Found dead task input_files: "sstable2/15d7661f-4370-4235-9a49-e8579187b05b202605010141171777621322179868945.sst" input_files: "sstable2/15d7661f-4370-4235-9a49-e8579187b05b202605010141171777621313094448075.sst" compactIntoNextLevel: false destinationLevel: 2
3037440:COMPACT_START sstable=1 input_files: "sstable2/15d7661f-4370-4235-9a49-e8579187b05b202605010141171777621322179868945.sst" input_files: "sstable2/15d7661f-4370-4235-9a49-e8579187b05b202605010141171777621313094448075.sst" compactIntoNextLevel: false destinationLevel: 2
2026-05-01 07:42:26:281 - Compaction started: 
140387129628224:Compacting sstable2/15d7661f-4370-4235-9a49-e8579187b05b202605010141171777621322179868945.sst sstable2/15d7661f-4370-4235-9a49-e8579187b05b202605010141171777621313094448075.sst into:sstable2/84ad5a58-80d8-45c6-8d85-dea5e894d7fd202605010141171777621346325494816.sst
2026-05-01 07:42:26:389 - Compaction completed: 
3037440:Task input_files: "sstable2/48b3460b-5ce3-4ff8-97cf-e43d3fc410b2202605010141171777621322618938134.sst" input_files: "sstable2/15d7661f-4370-4235-9a49-e8579187b05b202605010141171777621313400171507.sst" compactIntoNextLevel: false destinationLevel: 2 is dead (hb=30)
3037440:Found dead task input_files: "sstable2/48b3460b-5ce3-4ff8-97cf-e43d3fc410b2202605010141171777621322618938134.sst" input_files: "sstable2/15d7661f-4370-4235-9a49-e8579187b05b202605010141171777621313400171507.sst" compactIntoNextLevel: false destinationLevel: 2
3037440:COMPACT_START sstable=1 input_files: "sstable2/48b3460b-5ce3-4ff8-97cf-e43d3fc410b2202605010141171777621322618938134.sst" input_files: "sstable2/15d7661f-4370-4235-9a49-e8579187b05b202605010141171777621313400171507.sst" compactIntoNextLevel: false destinationLevel: 2
2026-05-01 07:42:27:581 - Compaction started: 
140387129628224:Compacting sstable2/48b3460b-5ce3-4ff8-97cf-e43d3fc410b2202605010141171777621322618938134.sst sstable2/15d7661f-4370-4235-9a49-e8579187b05b202605010141171777621313400171507.sst into:sstable2/84ad5a58-80d8-45c6-8d85-dea5e894d7fd202605010141171777621347623926665.sst
2026-05-01 07:42:27:687 - Compaction completed: 
3037440:Task input_files: "sstable2/5d44a28f-0275-4961-9fdc-6585c46e1870202605010141171777621313871782358.sst" input_files: "sstable2/48b3460b-5ce3-4ff8-97cf-e43d3fc410b2202605010141171777621313886986299.sst" compactIntoNextLevel: false destinationLevel: 2 is dead (hb=30)
3037440:Found dead task input_files: "sstable2/5d44a28f-0275-4961-9fdc-6585c46e1870202605010141171777621313871782358.sst" input_files: "sstable2/48b3460b-5ce3-4ff8-97cf-e43d3fc410b2202605010141171777621313886986299.sst" compactIntoNextLevel: false destinationLevel: 2
3037440:COMPACT_START sstable=1 input_files: "sstable2/5d44a28f-0275-4961-9fdc-6585c46e1870202605010141171777621313871782358.sst" input_files: "sstable2/48b3460b-5ce3-4ff8-97cf-e43d3fc410b2202605010141171777621313886986299.sst" compactIntoNextLevel: false destinationLevel: 2
3037440:COMPACT_ABORT input_files: "sstable2/5d44a28f-0275-4961-9fdc-6585c46e1870202605010141171777621313871782358.sst" input_files: "sstable2/48b3460b-5ce3-4ff8-97cf-e43d3fc410b2202605010141171777621313886986299.sst" compactIntoNextLevel: false destinationLevel: 2
3037440:Task input_files: "sstable2/84ad5a58-80d8-45c6-8d85-dea5e894d7fd202605010141171777621329714877546.sst" input_files: "sstable2/15d7661f-4370-4235-9a49-e8579187b05b202605010141171777621332803272078.sst" compactIntoNextLevel: false destinationLevel: 2 is dead (hb=30)
3037440:Found dead task input_files: "sstable2/84ad5a58-80d8-45c6-8d85-dea5e894d7fd202605010141171777621329714877546.sst" input_files: "sstable2/15d7661f-4370-4235-9a49-e8579187b05b202605010141171777621332803272078.sst" compactIntoNextLevel: false destinationLevel: 2
3037440:COMPACT_START sstable=1 input_files: "sstable2/84ad5a58-80d8-45c6-8d85-dea5e894d7fd202605010141171777621329714877546.sst" input_files: "sstable2/15d7661f-4370-4235-9a49-e8579187b05b202605010141171777621332803272078.sst" compactIntoNextLevel: false destinationLevel: 2
2026-05-01 07:42:28:671 - Compaction started: 
140387129628224:Compacting sstable2/84ad5a58-80d8-45c6-8d85-dea5e894d7fd202605010141171777621329714877546.sst sstable2/15d7661f-4370-4235-9a49-e8579187b05b202605010141171777621332803272078.sst into:sstable2/84ad5a58-80d8-45c6-8d85-dea5e894d7fd202605010141171777621348712853691.sst
2026-05-01 07:42:28:771 - Compaction completed: 
3037440:Task input_files: "sstable2/15d7661f-4370-4235-9a49-e8579187b05b202605010141171777621313704872622.sst" input_files: "sstable2/84ad5a58-80d8-45c6-8d85-dea5e894d7fd202605010141171777621313749364215.sst" compactIntoNextLevel: false destinationLevel: 2 is dead (hb=31)
3037440:Found dead task input_files: "sstable2/15d7661f-4370-4235-9a49-e8579187b05b202605010141171777621313704872622.sst" input_files: "sstable2/84ad5a58-80d8-45c6-8d85-dea5e894d7fd202605010141171777621313749364215.sst" compactIntoNextLevel: false destinationLevel: 2
3037440:COMPACT_START sstable=1 input_files: "sstable2/15d7661f-4370-4235-9a49-e8579187b05b202605010141171777621313704872622.sst" input_files: "sstable2/84ad5a58-80d8-45c6-8d85-dea5e894d7fd202605010141171777621313749364215.sst" compactIntoNextLevel: false destinationLevel: 2
2026-05-01 07:42:30:950 - Compaction started: 
140387129628224:Compacting sstable2/15d7661f-4370-4235-9a49-e8579187b05b202605010141171777621313704872622.sst sstable2/84ad5a58-80d8-45c6-8d85-dea5e894d7fd202605010141171777621313749364215.sst into:sstable2/84ad5a58-80d8-45c6-8d85-dea5e894d7fd202605010141171777621350988879645.sst
2026-05-01 07:42:31:048 - Compaction completed: 
3037440:Task input_files: "sstable2/5d44a28f-0275-4961-9fdc-6585c46e1870202605010141171777621313871782358.sst" input_files: "sstable2/48b3460b-5ce3-4ff8-97cf-e43d3fc410b2202605010141171777621313886986299.sst" compactIntoNextLevel: false destinationLevel: 2 is dead (hb=31)
3037440:Found dead task input_files: "sstable2/5d44a28f-0275-4961-9fdc-6585c46e1870202605010141171777621313871782358.sst" input_files: "sstable2/48b3460b-5ce3-4ff8-97cf-e43d3fc410b2202605010141171777621313886986299.sst" compactIntoNextLevel: false destinationLevel: 2
3037440:COMPACT_START sstable=1 input_files: "sstable2/5d44a28f-0275-4961-9fdc-6585c46e1870202605010141171777621313871782358.sst" input_files: "sstable2/48b3460b-5ce3-4ff8-97cf-e43d3fc410b2202605010141171777621313886986299.sst" compactIntoNextLevel: false destinationLevel: 2
2026-05-01 07:42:31:270 - Compaction started: 
140387129628224:Compacting sstable2/5d44a28f-0275-4961-9fdc-6585c46e1870202605010141171777621313871782358.sst sstable2/48b3460b-5ce3-4ff8-97cf-e43d3fc410b2202605010141171777621313886986299.sst into:sstable2/84ad5a58-80d8-45c6-8d85-dea5e894d7fd202605010141171777621351310034344.sst
2026-05-01 07:42:31:371 - Compaction completed: 
3037440:Task input_files: "sstable2/15d7661f-4370-4235-9a49-e8579187b05b202605010141171777621320656046543.sst" input_files: "sstable2/84ad5a58-80d8-45c6-8d85-dea5e894d7fd202605010141171777621320685635069.sst" compactIntoNextLevel: false destinationLevel: 2 is dead (hb=30)
3037440:Found dead task input_files: "sstable2/15d7661f-4370-4235-9a49-e8579187b05b202605010141171777621320656046543.sst" input_files: "sstable2/84ad5a58-80d8-45c6-8d85-dea5e894d7fd202605010141171777621320685635069.sst" compactIntoNextLevel: false destinationLevel: 2
3037440:COMPACT_START sstable=1 input_files: "sstable2/15d7661f-4370-4235-9a49-e8579187b05b202605010141171777621320656046543.sst" input_files: "sstable2/84ad5a58-80d8-45c6-8d85-dea5e894d7fd202605010141171777621320685635069.sst" compactIntoNextLevel: false destinationLevel: 2
3037440:COMPACT_ABORT input_files: "sstable2/15d7661f-4370-4235-9a49-e8579187b05b202605010141171777621320656046543.sst" input_files: "sstable2/84ad5a58-80d8-45c6-8d85-dea5e894d7fd202605010141171777621320685635069.sst" compactIntoNextLevel: false destinationLevel: 2
3037440:Task input_files: "sstable2/5d44a28f-0275-4961-9fdc-6585c46e1870202605010141171777621327052270916.sst" input_files: "sstable2/84ad5a58-80d8-45c6-8d85-dea5e894d7fd202605010141171777621320990850859.sst" compactIntoNextLevel: false destinationLevel: 2 is dead (hb=30)
3037440:Task input_files: "sstable2/48b3460b-5ce3-4ff8-97cf-e43d3fc410b2202605010141171777621320825717334.sst" input_files: "sstable2/5d44a28f-0275-4961-9fdc-6585c46e1870202605010141171777621333006111276.sst" compactIntoNextLevel: false destinationLevel: 2 is dead (hb=30)
3037440:Task input_files: "sstable2/48b3460b-5ce3-4ff8-97cf-e43d3fc410b2202605010141171777621323670007173.sst" input_files: "sstable2/48b3460b-5ce3-4ff8-97cf-e43d3fc410b2202605010141171777621320725337053.sst" compactIntoNextLevel: false destinationLevel: 2 is dead (hb=30)
3037440:Found dead task input_files: "sstable2/48b3460b-5ce3-4ff8-97cf-e43d3fc410b2202605010141171777621320825717334.sst" input_files: "sstable2/5d44a28f-0275-4961-9fdc-6585c46e1870202605010141171777621333006111276.sst" compactIntoNextLevel: false destinationLevel: 2
3037440:COMPACT_START sstable=1 input_files: "sstable2/48b3460b-5ce3-4ff8-97cf-e43d3fc410b2202605010141171777621320825717334.sst" input_files: "sstable2/5d44a28f-0275-4961-9fdc-6585c46e1870202605010141171777621333006111276.sst" compactIntoNextLevel: false destinationLevel: 2
2026-05-01 07:42:32:030 - Compaction started: 
140387129628224:Compacting sstable2/48b3460b-5ce3-4ff8-97cf-e43d3fc410b2202605010141171777621320825717334.sst sstable2/5d44a28f-0275-4961-9fdc-6585c46e1870202605010141171777621333006111276.sst into:sstable2/84ad5a58-80d8-45c6-8d85-dea5e894d7fd202605010141171777621352066482674.sst
2026-05-01 07:42:32:120 - Compaction completed: 
2026-05-01 07:42:47:668 90 sec: 427577 operations; 5654.76 current ops/sec; est completion in 2 days 10 hours [READ: Count=167946, Max=70335, Min=38, Avg=175.45, 90=237, 99=283, 99.9=338, 99.99=3227] [READ-FAILED: Count=1690, Max=1134, Min=175, Avg=209.74, 90=229, 99=270, 99.9=318, 99.99=1134] 
