# CMD: /usr/lib/jvm/java-8-openjdk-amd64/bin/java -cp /users/Xinying/ozonedb/ycsb/ozonedb/conf:/users/Xinying/ozonedb/ycsb/ozonedb/target/ozonedb-binding-0.18.0-SNAPSHOT.jar:/users/Xinying/.m2/repository/org/apache/htrace/htrace-core4/4.1.0-incubating/htrace-core4-4.1.0-incubating.jar:/users/Xinying/.m2/repository/org/slf4j/slf4j-api/1.7.25/slf4j-api-1.7.25.jar:/users/Xinying/.m2/repository/org/hdrhistogram/HdrHistogram/2.1.12/HdrHistogram-2.1.12.jar:/users/Xinying/.m2/repository/ch/qos/logback/logback-classic/1.2.3/logback-classic-1.2.3.jar:/users/Xinying/.m2/repository/ozonedbjnimaven/demoproc-jni/1.0/demoproc-jni-1.0.jar:/users/Xinying/.m2/repository/ch/qos/logback/logback-core/1.2.3/logback-core-1.2.3.jar:/users/Xinying/.m2/repository/org/codehaus/jackson/jackson-mapper-asl/1.9.4/jackson-mapper-asl-1.9.4.jar:/users/Xinying/.m2/repository/org/slf4j/slf4j-simple/1.7.25/slf4j-simple-1.7.25.jar:/users/Xinying/.m2/repository/org/codehaus/jackson/jackson-core-asl/1.9.4/jackson-core-asl-1.9.4.jar:/users/Xinying/ozonedb/ycsb/core/target/core-0.18.0-SNAPSHOT.jar site.ycsb.Client -db site.ycsb.db.OzoneDBClient -threads 1 -s -P /users/Xinying/ozonedb/ycsb/workloads/generated_workloads/workloadc_1KB_1000000_1000000 -p status.interval=30 -p requestdistribution=uniform -p operationcount=1000000000 -p maxexecutiontime=660 -p shared_config=/tmp/churn_v4_configs/shared_config_varyR_n4_r25pct_rep4.json -t
# env OZONEDB_CHURN_ABORT_RATE=0.25
Command line: -db site.ycsb.db.OzoneDBClient -threads 1 -s -P /users/Xinying/ozonedb/ycsb/workloads/generated_workloads/workloadc_1KB_1000000_1000000 -p status.interval=30 -p requestdistribution=uniform -p operationcount=1000000000 -p maxexecutiontime=660 -p shared_config=/tmp/churn_v4_configs/shared_config_varyR_n4_r25pct_rep4.json -t
YCSB Client 0.18.0-SNAPSHOT

Loading workload...
Starting test.
SLF4J: Class path contains multiple SLF4J bindings.
SLF4J: Found binding in [jar:file:/users/Xinying/.m2/repository/ch/qos/logback/logback-classic/1.2.3/logback-classic-1.2.3.jar!/org/slf4j/impl/StaticLoggerBinder.class]
SLF4J: Found binding in [jar:file:/users/Xinying/.m2/repository/org/slf4j/slf4j-simple/1.7.25/slf4j-simple-1.7.25.jar!/org/slf4j/impl/StaticLoggerBinder.class]
SLF4J: See http://www.slf4j.org/codes.html#multiple_bindings for an explanation.
SLF4J: Actual binding is of type [ch.qos.logback.classic.util.ContextSelectorStaticBinder]
Maximum execution time specified as: 660 secs
2026-05-01 07:26:29:879 0 sec: 0 operations; est completion in 0 second 
Starting compaction watcher
DBWrapper: report latency for each error is false and specific error codes to track for latency are: []
3004188:COMPACT_START sstable=0 input_files: "datalog/1" input_files: "datalog/2" compactIntoNextLevel: true destinationLevel: 1
2026-05-01 07:26:29:967 - Compaction started: 
140154966529600:Compacting datalog/1 datalog/2 into:sstable1/8d46d65f-d0aa-4788-9fd7-225612378859202605010126291777620390141370335.sst
2026-05-01 07:26:30:176 - Compaction completed: 
3004188:COMPACT_START sstable=0 input_files: "datalog/13" input_files: "datalog/14" compactIntoNextLevel: true destinationLevel: 1
2026-05-01 07:26:30:252 - Compaction started: 
140154966529600:Compacting datalog/13 datalog/14 into:sstable1/8d46d65f-d0aa-4788-9fd7-225612378859202605010126291777620390263447783.sst
2026-05-01 07:26:30:286 - Compaction completed: 
3004188:COMPACT_START sstable=0 input_files: "datalog/19" input_files: "datalog/20" compactIntoNextLevel: true destinationLevel: 1
2026-05-01 07:26:30:355 - Compaction started: 
140154966529600:Compacting datalog/19 datalog/20 into:sstable1/8d46d65f-d0aa-4788-9fd7-225612378859202605010126291777620390458392808.sst
2026-05-01 07:26:30:508 - Compaction completed: 
3004188:COMPACT_START sstable=0 input_files: "datalog/29" input_files: "datalog/30" compactIntoNextLevel: true destinationLevel: 1
2026-05-01 07:26:30:559 - Compaction started: 
140154966529600:Compacting datalog/29 datalog/30 into:sstable1/8d46d65f-d0aa-4788-9fd7-225612378859202605010126291777620390660116341.sst
2026-05-01 07:26:30:679 - Compaction completed: 
3004188:COMPACT_START sstable=0 input_files: "datalog/39" input_files: "datalog/40" compactIntoNextLevel: true destinationLevel: 1
2026-05-01 07:26:30:761 - Compaction started: 
140154966529600:Compacting datalog/39 datalog/40 into:sstable1/8d46d65f-d0aa-4788-9fd7-225612378859202605010126291777620390769326597.sst
2026-05-01 07:26:30:789 - Compaction completed: 
3004188:COMPACT_START sstable=0 input_files: "datalog/43" input_files: "datalog/44" compactIntoNextLevel: true destinationLevel: 1
2026-05-01 07:26:30:863 - Compaction started: 
140154966529600:Compacting datalog/43 datalog/44 into:sstable1/8d46d65f-d0aa-4788-9fd7-225612378859202605010126291777620390867116034.sst
2026-05-01 07:26:30:886 - Compaction completed: 
3004188:COMPACT_START sstable=0 input_files: "datalog/49" input_files: "datalog/50" compactIntoNextLevel: true destinationLevel: 1
2026-05-01 07:26:30:964 - Compaction started: 
140154966529600:Compacting datalog/49 datalog/50 into:sstable1/8d46d65f-d0aa-4788-9fd7-225612378859202605010126291777620390968464232.sst
2026-05-01 07:26:30:987 - Compaction completed: 
3004188:COMPACT_START sstable=0 input_files: "datalog/55" input_files: "datalog/56" compactIntoNextLevel: true destinationLevel: 1
2026-05-01 07:26:31:066 - Compaction started: 
140154966529600:Compacting datalog/55 datalog/56 into:sstable1/8d46d65f-d0aa-4788-9fd7-225612378859202605010126291777620391069747588.sst
2026-05-01 07:26:31:087 - Compaction completed: 
3004188:COMPACT_START sstable=0 input_files: "datalog/63" input_files: "datalog/64" compactIntoNextLevel: true destinationLevel: 1
3004188:COMPACT_ABORT input_files: "datalog/63" input_files: "datalog/64" compactIntoNextLevel: true destinationLevel: 1
3004188:COMPACT_START sstable=0 input_files: "datalog/71" input_files: "datalog/72" compactIntoNextLevel: true destinationLevel: 1
3004188:COMPACT_ABORT input_files: "datalog/71" input_files: "datalog/72" compactIntoNextLevel: true destinationLevel: 1
3004188:COMPACT_START sstable=0 input_files: "datalog/77" input_files: "datalog/78" compactIntoNextLevel: true destinationLevel: 1
2026-05-01 07:26:31:377 - Compaction started: 
140154966529600:Compacting datalog/77 datalog/78 into:sstable1/8d46d65f-d0aa-4788-9fd7-225612378859202605010126291777620391380932488.sst
2026-05-01 07:26:31:400 - Compaction completed: 
3004188:COMPACT_START sstable=0 input_files: "datalog/85" input_files: "datalog/86" compactIntoNextLevel: true destinationLevel: 1
2026-05-01 07:26:31:484 - Compaction started: 
140154966529600:Compacting datalog/85 datalog/86 into:sstable1/8d46d65f-d0aa-4788-9fd7-225612378859202605010126291777620391487840779.sst
2026-05-01 07:26:31:506 - Compaction completed: 
3004188:COMPACT_START sstable=0 input_files: "datalog/93" input_files: "datalog/94" compactIntoNextLevel: true destinationLevel: 1
2026-05-01 07:26:31:585 - Compaction started: 
140154966529600:Compacting datalog/93 datalog/94 into:sstable1/8d46d65f-d0aa-4788-9fd7-225612378859202605010126291777620391589051039.sst
2026-05-01 07:26:31:608 - Compaction completed: 
3004188:COMPACT_START sstable=0 input_files: "datalog/103" input_files: "datalog/104" compactIntoNextLevel: true destinationLevel: 1
3004188:COMPACT_ABORT input_files: "datalog/103" input_files: "datalog/104" compactIntoNextLevel: true destinationLevel: 1
3004188:COMPACT_START sstable=0 input_files: "datalog/111" input_files: "datalog/112" compactIntoNextLevel: true destinationLevel: 1
2026-05-01 07:26:31:788 - Compaction started: 
140154966529600:Compacting datalog/111 datalog/112 into:sstable1/8d46d65f-d0aa-4788-9fd7-225612378859202605010126291777620391791841802.sst
2026-05-01 07:26:31:810 - Compaction completed: 
3004188:COMPACT_START sstable=0 input_files: "datalog/119" input_files: "datalog/120" compactIntoNextLevel: true destinationLevel: 1
2026-05-01 07:26:31:889 - Compaction started: 
140154966529600:Compacting datalog/119 datalog/120 into:sstable1/8d46d65f-d0aa-4788-9fd7-225612378859202605010126291777620391893111943.sst
2026-05-01 07:26:31:912 - Compaction completed: 
3004188:COMPACT_START sstable=0 input_files: "datalog/127" input_files: "datalog/128" compactIntoNextLevel: true destinationLevel: 1
3004188:COMPACT_ABORT input_files: "datalog/127" input_files: "datalog/128" compactIntoNextLevel: true destinationLevel: 1
3004188:COMPACT_START sstable=0 input_files: "datalog/135" input_files: "datalog/136" compactIntoNextLevel: true destinationLevel: 1
2026-05-01 07:26:32:092 - Compaction started: 
140154966529600:Compacting datalog/135 datalog/136 into:sstable1/8d46d65f-d0aa-4788-9fd7-225612378859202605010126291777620392096469138.sst
2026-05-01 07:26:32:119 - Compaction completed: 
3004188:COMPACT_START sstable=0 input_files: "datalog/143" input_files: "datalog/144" compactIntoNextLevel: true destinationLevel: 1
2026-05-01 07:26:32:193 - Compaction started: 
140154966529600:Compacting datalog/143 datalog/144 into:sstable1/8d46d65f-d0aa-4788-9fd7-225612378859202605010126291777620392196792435.sst
2026-05-01 07:26:32:214 - Compaction completed: 
3004188:COMPACT_START sstable=0 input_files: "datalog/151" input_files: "datalog/152" compactIntoNextLevel: true destinationLevel: 1
3004188:COMPACT_ABORT input_files: "datalog/151" input_files: "datalog/152" compactIntoNextLevel: true destinationLevel: 1
3004188:COMPACT_START sstable=0 input_files: "datalog/161" input_files: "datalog/162" compactIntoNextLevel: true destinationLevel: 1
2026-05-01 07:26:32:396 - Compaction started: 
140154966529600:Compacting datalog/161 datalog/162 into:sstable1/8d46d65f-d0aa-4788-9fd7-225612378859202605010126291777620392400196418.sst
2026-05-01 07:26:32:422 - Compaction completed: 
3004188:COMPACT_START sstable=0 input_files: "datalog/169" input_files: "datalog/170" compactIntoNextLevel: true destinationLevel: 1
2026-05-01 07:26:32:497 - Compaction started: 
140154966529600:Compacting datalog/169 datalog/170 into:sstable1/8d46d65f-d0aa-4788-9fd7-225612378859202605010126291777620392500851858.sst
2026-05-01 07:26:32:518 - Compaction completed: 
3004188:COMPACT_START sstable=0 input_files: "datalog/177" input_files: "datalog/178" compactIntoNextLevel: true destinationLevel: 1
2026-05-01 07:26:32:598 - Compaction started: 
140154966529600:Compacting datalog/177 datalog/178 into:sstable1/8d46d65f-d0aa-4788-9fd7-225612378859202605010126291777620392601633423.sst
2026-05-01 07:26:32:618 - Compaction completed: 
3004188:COMPACT_START sstable=0 input_files: "datalog/185" input_files: "datalog/186" compactIntoNextLevel: true destinationLevel: 1
2026-05-01 07:26:32:700 - Compaction started: 
140154966529600:Compacting datalog/185 datalog/186 into:sstable1/8d46d65f-d0aa-4788-9fd7-225612378859202605010126291777620392703403162.sst
2026-05-01 07:26:32:721 - Compaction completed: 
3004188:COMPACT_START sstable=0 input_files: "datalog/193" input_files: "datalog/194" compactIntoNextLevel: true destinationLevel: 1
2026-05-01 07:26:32:801 - Compaction started: 
140154966529600:Compacting datalog/193 datalog/194 into:sstable1/8d46d65f-d0aa-4788-9fd7-225612378859202605010126291777620392804736101.sst
2026-05-01 07:26:32:826 - Compaction completed: 
3004188:COMPACT_START sstable=0 input_files: "datalog/201" input_files: "datalog/202" compactIntoNextLevel: true destinationLevel: 1
2026-05-01 07:26:32:904 - Compaction started: 
140154966529600:Compacting datalog/201 datalog/202 into:sstable1/8d46d65f-d0aa-4788-9fd7-225612378859202605010126291777620392907740534.sst
2026-05-01 07:26:32:925 - Compaction completed: 
3004188:COMPACT_START sstable=0 input_files: "datalog/209" input_files: "datalog/210" compactIntoNextLevel: true destinationLevel: 1
3004188:COMPACT_ABORT input_files: "datalog/209" input_files: "datalog/210" compactIntoNextLevel: true destinationLevel: 1
3004188:COMPACT_START sstable=0 input_files: "datalog/217" input_files: "datalog/218" compactIntoNextLevel: true destinationLevel: 1
2026-05-01 07:26:33:109 - Compaction started: 
140154966529600:Compacting datalog/217 datalog/218 into:sstable1/8d46d65f-d0aa-4788-9fd7-225612378859202605010126291777620393111718272.sst
2026-05-01 07:26:33:129 - Compaction completed: 
3004188:COMPACT_START sstable=0 input_files: "datalog/225" input_files: "datalog/226" compactIntoNextLevel: true destinationLevel: 1
2026-05-01 07:26:33:211 - Compaction started: 
140154966529600:Compacting datalog/225 datalog/226 into:sstable1/8d46d65f-d0aa-4788-9fd7-225612378859202605010126291777620393214552486.sst
2026-05-01 07:26:33:232 - Compaction completed: 
3004188:COMPACT_START sstable=0 input_files: "datalog/231" input_files: "datalog/232" compactIntoNextLevel: true destinationLevel: 1
2026-05-01 07:26:33:314 - Compaction started: 
140154966529600:Compacting datalog/231 datalog/232 into:sstable1/8d46d65f-d0aa-4788-9fd7-225612378859202605010126291777620393318257272.sst
2026-05-01 07:26:33:336 - Compaction completed: 
3004188:COMPACT_START sstable=0 input_files: "datalog/239" input_files: "datalog/240" compactIntoNextLevel: true destinationLevel: 1
2026-05-01 07:26:33:416 - Compaction started: 
140154966529600:Compacting datalog/239 datalog/240 into:sstable1/8d46d65f-d0aa-4788-9fd7-225612378859202605010126291777620393420489738.sst
2026-05-01 07:26:33:437 - Compaction completed: 
3004188:COMPACT_START sstable=0 input_files: "datalog/247" input_files: "datalog/248" compactIntoNextLevel: true destinationLevel: 1
2026-05-01 07:26:33:519 - Compaction started: 
140154966529600:Compacting datalog/247 datalog/248 into:sstable1/8d46d65f-d0aa-4788-9fd7-225612378859202605010126291777620393523169162.sst
2026-05-01 07:26:33:539 - Compaction completed: 
3004188:COMPACT_START sstable=0 input_files: "datalog/255" input_files: "datalog/256" compactIntoNextLevel: true destinationLevel: 1
2026-05-01 07:26:33:622 - Compaction started: 
140154966529600:Compacting datalog/255 datalog/256 into:sstable1/8d46d65f-d0aa-4788-9fd7-225612378859202605010126291777620393625194599.sst
2026-05-01 07:26:33:641 - Compaction completed: 
3004188:COMPACT_START sstable=0 input_files: "datalog/263" input_files: "datalog/264" compactIntoNextLevel: true destinationLevel: 1
2026-05-01 07:26:33:724 - Compaction started: 
140154966529600:Compacting datalog/263 datalog/264 into:sstable1/8d46d65f-d0aa-4788-9fd7-225612378859202605010126291777620393727581525.sst
2026-05-01 07:26:33:744 - Compaction completed: 
3004188:COMPACT_START sstable=0 input_files: "datalog/271" input_files: "datalog/272" compactIntoNextLevel: true destinationLevel: 1
2026-05-01 07:26:33:826 - Compaction started: 
140154966529600:Compacting datalog/271 datalog/272 into:sstable1/8d46d65f-d0aa-4788-9fd7-225612378859202605010126291777620393830873536.sst
2026-05-01 07:26:33:847 - Compaction completed: 
3004188:COMPACT_START sstable=0 input_files: "datalog/279" input_files: "datalog/280" compactIntoNextLevel: true destinationLevel: 1
3004188:COMPACT_ABORT input_files: "datalog/279" input_files: "datalog/280" compactIntoNextLevel: true destinationLevel: 1
3004188:COMPACT_START sstable=0 input_files: "datalog/281" input_files: "datalog/282" compactIntoNextLevel: true destinationLevel: 1
3004188:COMPACT_ABORT input_files: "datalog/281" input_files: "datalog/282" compactIntoNextLevel: true destinationLevel: 1
3004188:COMPACT_START sstable=0 input_files: "datalog/289" input_files: "datalog/290" compactIntoNextLevel: true destinationLevel: 1
2026-05-01 07:26:34:030 - Compaction started: 
140154966529600:Compacting datalog/289 datalog/290 into:sstable1/8d46d65f-d0aa-4788-9fd7-225612378859202605010126291777620394033598877.sst
2026-05-01 07:26:34:050 - Compaction completed: 
3004188:COMPACT_START sstable=0 input_files: "datalog/297" input_files: "datalog/298" compactIntoNextLevel: true destinationLevel: 1
2026-05-01 07:26:34:133 - Compaction started: 
140154966529600:Compacting datalog/297 datalog/298 into:sstable1/8d46d65f-d0aa-4788-9fd7-225612378859202605010126291777620394136535783.sst
2026-05-01 07:26:34:152 - Compaction completed: 
3004188:COMPACT_START sstable=0 input_files: "datalog/301" input_files: "datalog/302" compactIntoNextLevel: true destinationLevel: 1
3004188:COMPACT_ABORT input_files: "datalog/301" input_files: "datalog/302" compactIntoNextLevel: true destinationLevel: 1
3004188:Task input_files: "datalog/71" input_files: "datalog/72" compactIntoNextLevel: true destinationLevel: 1 is dead (hb=30)
3004188:Found dead task input_files: "datalog/71" input_files: "datalog/72" compactIntoNextLevel: true destinationLevel: 1
3004188:COMPACT_START sstable=0 input_files: "datalog/71" input_files: "datalog/72" compactIntoNextLevel: true destinationLevel: 1
3004188:COMPACT_ABORT input_files: "datalog/71" input_files: "datalog/72" compactIntoNextLevel: true destinationLevel: 1
3004188:COMPACT_START sstable=0 input_files: "datalog/315" input_files: "datalog/316" compactIntoNextLevel: true destinationLevel: 1
3004188:COMPACT_ABORT input_files: "datalog/315" input_files: "datalog/316" compactIntoNextLevel: true destinationLevel: 1
3004188:COMPACT_START sstable=0 input_files: "datalog/323" input_files: "datalog/324" compactIntoNextLevel: true destinationLevel: 1
2026-05-01 07:26:34:550 - Compaction started: 
140154966529600:Compacting datalog/323 datalog/324 into:sstable1/8d46d65f-d0aa-4788-9fd7-225612378859202605010126291777620394553668003.sst
2026-05-01 07:26:34:569 - Compaction completed: 
3004188:COMPACT_START sstable=0 input_files: "datalog/327" input_files: "datalog/328" compactIntoNextLevel: true destinationLevel: 1
2026-05-01 07:26:34:652 - Compaction started: 
140154966529600:Compacting datalog/327 datalog/328 into:sstable1/8d46d65f-d0aa-4788-9fd7-225612378859202605010126291777620394654842084.sst
2026-05-01 07:26:34:669 - Compaction completed: 
3004188:Task input_files: "datalog/103" input_files: "datalog/104" compactIntoNextLevel: true destinationLevel: 1 is dead (hb=30)
3004188:Found dead task input_files: "datalog/103" input_files: "datalog/104" compactIntoNextLevel: true destinationLevel: 1
3004188:COMPACT_START sstable=0 input_files: "datalog/103" input_files: "datalog/104" compactIntoNextLevel: true destinationLevel: 1
3004188:COMPACT_ABORT input_files: "datalog/103" input_files: "datalog/104" compactIntoNextLevel: true destinationLevel: 1
3004188:COMPACT_START sstable=0 input_files: "datalog/335" input_files: "datalog/336" compactIntoNextLevel: true destinationLevel: 1
2026-05-01 07:26:34:754 - Compaction started: 
140154966529600:Compacting datalog/335 datalog/336 into:sstable1/8d46d65f-d0aa-4788-9fd7-225612378859202605010126291777620394757036689.sst
2026-05-01 07:26:34:772 - Compaction completed: 
3004188:COMPACT_START sstable=0 input_files: "datalog/341" input_files: "datalog/342" compactIntoNextLevel: true destinationLevel: 1
2026-05-01 07:26:34:855 - Compaction started: 
140154966529600:Compacting datalog/341 datalog/342 into:sstable1/8d46d65f-d0aa-4788-9fd7-225612378859202605010126291777620394858640476.sst
2026-05-01 07:26:34:874 - Compaction completed: 
3004188:COMPACT_START sstable=0 input_files: "datalog/351" input_files: "datalog/352" compactIntoNextLevel: true destinationLevel: 1
2026-05-01 07:26:34:957 - Compaction started: 
140154966529600:Compacting datalog/351 datalog/352 into:sstable1/8d46d65f-d0aa-4788-9fd7-225612378859202605010126291777620394960140038.sst
2026-05-01 07:26:34:976 - Compaction completed: 
3004188:COMPACT_START sstable=0 input_files: "datalog/357" input_files: "datalog/358" compactIntoNextLevel: true destinationLevel: 1
3004188:COMPACT_ABORT input_files: "datalog/357" input_files: "datalog/358" compactIntoNextLevel: true destinationLevel: 1
3004188:Task input_files: "datalog/127" input_files: "datalog/128" compactIntoNextLevel: true destinationLevel: 1 is dead (hb=30)
3004188:Found dead task input_files: "datalog/127" input_files: "datalog/128" compactIntoNextLevel: true destinationLevel: 1
3004188:COMPACT_START sstable=0 input_files: "datalog/127" input_files: "datalog/128" compactIntoNextLevel: true destinationLevel: 1
2026-05-01 07:26:35:160 - Compaction started: 
140154966529600:Compacting datalog/127 datalog/128 into:sstable1/8d46d65f-d0aa-4788-9fd7-225612378859202605010126291777620395164073233.sst
2026-05-01 07:26:35:182 - Compaction completed: 
3004188:COMPACT_START sstable=0 input_files: "datalog/365" input_files: "datalog/366" compactIntoNextLevel: true destinationLevel: 1
2026-05-01 07:26:35:262 - Compaction started: 
140154966529600:Compacting datalog/365 datalog/366 into:sstable1/8d46d65f-d0aa-4788-9fd7-225612378859202605010126291777620395265173456.sst
2026-05-01 07:26:35:281 - Compaction completed: 
3004188:COMPACT_START sstable=0 input_files: "datalog/369" input_files: "datalog/370" compactIntoNextLevel: true destinationLevel: 1
2026-05-01 07:26:35:363 - Compaction started: 
140154966529600:Compacting datalog/369 datalog/370 into:sstable1/8d46d65f-d0aa-4788-9fd7-225612378859202605010126291777620395367282811.sst
2026-05-01 07:26:35:384 - Compaction completed: 
3004188:COMPACT_START sstable=0 input_files: "datalog/377" input_files: "datalog/378" compactIntoNextLevel: true destinationLevel: 1
2026-05-01 07:26:35:466 - Compaction started: 
140154966529600:Compacting datalog/377 datalog/378 into:sstable1/8d46d65f-d0aa-4788-9fd7-225612378859202605010126291777620395468560517.sst
2026-05-01 07:26:35:482 - Compaction completed: 
3004188:COMPACT_START sstable=0 input_files: "datalog/385" input_files: "datalog/386" compactIntoNextLevel: true destinationLevel: 1
3004188:COMPACT_ABORT input_files: "datalog/385" input_files: "datalog/386" compactIntoNextLevel: true destinationLevel: 1
3004188:COMPACT_START sstable=0 input_files: "datalog/387" input_files: "datalog/388" compactIntoNextLevel: true destinationLevel: 1
2026-05-01 07:26:35:568 - Compaction started: 
140154966529600:Compacting datalog/387 datalog/388 into:sstable1/8d46d65f-d0aa-4788-9fd7-225612378859202605010126291777620395571161553.sst
2026-05-01 07:26:35:586 - Compaction completed: 
3004188:COMPACT_START sstable=0 input_files: "datalog/395" input_files: "datalog/396" compactIntoNextLevel: true destinationLevel: 1
2026-05-01 07:26:35:669 - Compaction started: 
140154966529600:Compacting datalog/395 datalog/396 into:sstable1/8d46d65f-d0aa-4788-9fd7-225612378859202605010126291777620395673087925.sst
2026-05-01 07:26:35:689 - Compaction completed: 
3004188:COMPACT_START sstable=0 input_files: "datalog/409" input_files: "datalog/410" compactIntoNextLevel: true destinationLevel: 1
2026-05-01 07:26:35:772 - Compaction started: 
140154966529600:Compacting datalog/409 datalog/410 into:sstable1/8d46d65f-d0aa-4788-9fd7-225612378859202605010126291777620395774724214.sst
2026-05-01 07:26:35:790 - Compaction completed: 
3004188:COMPACT_START sstable=0 input_files: "datalog/415" input_files: "datalog/416" compactIntoNextLevel: true destinationLevel: 1
2026-05-01 07:26:35:873 - Compaction started: 
140154966529600:Compacting datalog/415 datalog/416 into:sstable1/8d46d65f-d0aa-4788-9fd7-225612378859202605010126291777620395876948063.sst
2026-05-01 07:26:35:892 - Compaction completed: 
3004188:COMPACT_START sstable=0 input_files: "datalog/421" input_files: "datalog/422" compactIntoNextLevel: true destinationLevel: 1
2026-05-01 07:26:35:975 - Compaction started: 
140154966529600:Compacting datalog/421 datalog/422 into:sstable1/8d46d65f-d0aa-4788-9fd7-225612378859202605010126291777620395978714786.sst
2026-05-01 07:26:35:993 - Compaction completed: 
3004188:COMPACT_START sstable=0 input_files: "datalog/429" input_files: "datalog/430" compactIntoNextLevel: true destinationLevel: 1
2026-05-01 07:26:36:077 - Compaction started: 
140154966529600:Compacting datalog/429 datalog/430 into:sstable1/8d46d65f-d0aa-4788-9fd7-225612378859202605010126291777620396080138596.sst
2026-05-01 07:26:36:094 - Compaction completed: 
3004188:COMPACT_START sstable=0 input_files: "datalog/439" input_files: "datalog/440" compactIntoNextLevel: true destinationLevel: 1
2026-05-01 07:26:36:179 - Compaction started: 
140154966529600:Compacting datalog/439 datalog/440 into:sstable1/8d46d65f-d0aa-4788-9fd7-225612378859202605010126291777620396181805962.sst
2026-05-01 07:26:36:196 - Compaction completed: 
3004188:COMPACT_START sstable=0 input_files: "datalog/445" input_files: "datalog/446" compactIntoNextLevel: true destinationLevel: 1
2026-05-01 07:26:36:281 - Compaction started: 
140154966529600:Compacting datalog/445 datalog/446 into:sstable1/8d46d65f-d0aa-4788-9fd7-225612378859202605010126291777620396284484644.sst
2026-05-01 07:26:36:300 - Compaction completed: 
3004188:COMPACT_START sstable=0 input_files: "datalog/451" input_files: "datalog/452" compactIntoNextLevel: true destinationLevel: 1
2026-05-01 07:26:36:383 - Compaction started: 
140154966529600:Compacting datalog/451 datalog/452 into:sstable1/8d46d65f-d0aa-4788-9fd7-225612378859202605010126291777620396386126753.sst
2026-05-01 07:26:36:400 - Compaction completed: 
3004188:COMPACT_START sstable=0 input_files: "datalog/459" input_files: "datalog/460" compactIntoNextLevel: true destinationLevel: 1
2026-05-01 07:26:36:484 - Compaction started: 
140154966529600:Compacting datalog/459 datalog/460 into:sstable1/8d46d65f-d0aa-4788-9fd7-225612378859202605010126291777620396487948960.sst
2026-05-01 07:26:36:502 - Compaction completed: 
3004188:COMPACT_START sstable=0 input_files: "datalog/467" input_files: "datalog/468" compactIntoNextLevel: true destinationLevel: 1
2026-05-01 07:26:36:586 - Compaction started: 
140154966529600:Compacting datalog/467 datalog/468 into:sstable1/8d46d65f-d0aa-4788-9fd7-225612378859202605010126291777620396589765947.sst
2026-05-01 07:26:36:604 - Compaction completed: 
3004188:COMPACT_START sstable=0 input_files: "datalog/473" input_files: "datalog/474" compactIntoNextLevel: true destinationLevel: 1
2026-05-01 07:26:36:688 - Compaction started: 
140154966529600:Compacting datalog/473 datalog/474 into:sstable1/8d46d65f-d0aa-4788-9fd7-225612378859202605010126291777620396691602280.sst
2026-05-01 07:26:36:706 - Compaction completed: 
3004188:COMPACT_START sstable=0 input_files: "datalog/479" input_files: "datalog/480" compactIntoNextLevel: true destinationLevel: 1
2026-05-01 07:26:36:789 - Compaction started: 
140154966529600:Compacting datalog/479 datalog/480 into:sstable1/8d46d65f-d0aa-4788-9fd7-225612378859202605010126291777620396792931332.sst
2026-05-01 07:26:36:807 - Compaction completed: 
3004188:COMPACT_START sstable=0 input_files: "datalog/487" input_files: "datalog/488" compactIntoNextLevel: true destinationLevel: 1
2026-05-01 07:26:36:891 - Compaction started: 
140154966529600:Compacting datalog/487 datalog/488 into:sstable1/8d46d65f-d0aa-4788-9fd7-225612378859202605010126291777620396894613366.sst
2026-05-01 07:26:36:908 - Compaction completed: 
3004188:COMPACT_START sstable=0 input_files: "datalog/493" input_files: "datalog/494" compactIntoNextLevel: true destinationLevel: 1
2026-05-01 07:26:36:993 - Compaction started: 
140154966529600:Compacting datalog/493 datalog/494 into:sstable1/8d46d65f-d0aa-4788-9fd7-225612378859202605010126291777620396996403493.sst
2026-05-01 07:26:37:011 - Compaction completed: 
3004188:COMPACT_START sstable=0 input_files: "datalog/499" input_files: "datalog/500" compactIntoNextLevel: true destinationLevel: 1
3004188:COMPACT_ABORT input_files: "datalog/499" input_files: "datalog/500" compactIntoNextLevel: true destinationLevel: 1
3004188:COMPACT_START sstable=0 input_files: "datalog/507" input_files: "datalog/508" compactIntoNextLevel: true destinationLevel: 1
2026-05-01 07:26:37:196 - Compaction started: 
140154966529600:Compacting datalog/507 datalog/508 into:sstable1/8d46d65f-d0aa-4788-9fd7-225612378859202605010126291777620397200065609.sst
2026-05-01 07:26:37:214 - Compaction completed: 
3004188:Task input_files: "datalog/301" input_files: "datalog/302" compactIntoNextLevel: true destinationLevel: 1 is dead (hb=30)
3004188:Found dead task input_files: "datalog/301" input_files: "datalog/302" compactIntoNextLevel: true destinationLevel: 1
3004188:COMPACT_START sstable=0 input_files: "datalog/301" input_files: "datalog/302" compactIntoNextLevel: true destinationLevel: 1
2026-05-01 07:26:37:298 - Compaction started: 
140154966529600:Compacting datalog/301 datalog/302 into:sstable1/8d46d65f-d0aa-4788-9fd7-225612378859202605010126291777620397301211278.sst
2026-05-01 07:26:37:317 - Compaction completed: 
3004188:Task input_files: "datalog/71" input_files: "datalog/72" compactIntoNextLevel: true destinationLevel: 1 is dead (hb=30)
3004188:Task input_files: "datalog/305" input_files: "datalog/306" compactIntoNextLevel: true destinationLevel: 1 is dead (hb=30)
3004188:Found dead task input_files: "datalog/305" input_files: "datalog/306" compactIntoNextLevel: true destinationLevel: 1
3004188:COMPACT_START sstable=0 input_files: "datalog/305" input_files: "datalog/306" compactIntoNextLevel: true destinationLevel: 1
3004188:COMPACT_ABORT input_files: "datalog/305" input_files: "datalog/306" compactIntoNextLevel: true destinationLevel: 1
3004188:Found dead task input_files: "datalog/71" input_files: "datalog/72" compactIntoNextLevel: true destinationLevel: 1
3004188:COMPACT_START sstable=0 input_files: "datalog/71" input_files: "datalog/72" compactIntoNextLevel: true destinationLevel: 1
2026-05-01 07:26:37:401 - Compaction started: 
140154966529600:Compacting datalog/71 datalog/72 into:sstable1/8d46d65f-d0aa-4788-9fd7-225612378859202605010126291777620397404439831.sst
2026-05-01 07:26:37:423 - Compaction completed: 
3004188:Task input_files: "datalog/315" input_files: "datalog/316" compactIntoNextLevel: true destinationLevel: 1 is dead (hb=30)
3004188:Found dead task input_files: "datalog/315" input_files: "datalog/316" compactIntoNextLevel: true destinationLevel: 1
3004188:COMPACT_START sstable=0 input_files: "datalog/315" input_files: "datalog/316" compactIntoNextLevel: true destinationLevel: 1
2026-05-01 07:26:37:502 - Compaction started: 
140154966529600:Compacting datalog/315 datalog/316 into:sstable1/8d46d65f-d0aa-4788-9fd7-225612378859202605010126291777620397505424538.sst
2026-05-01 07:26:37:521 - Compaction completed: 
3004188:COMPACT_START sstable=0 input_files: "datalog/529" input_files: "datalog/530" compactIntoNextLevel: true destinationLevel: 1
2026-05-01 07:26:37:604 - Compaction started: 
140154966529600:Compacting datalog/529 datalog/530 into:sstable1/8d46d65f-d0aa-4788-9fd7-225612378859202605010126291777620397607043524.sst
2026-05-01 07:26:37:621 - Compaction completed: 
3004188:Task input_files: "datalog/103" input_files: "datalog/104" compactIntoNextLevel: true destinationLevel: 1 is dead (hb=30)
3004188:Task input_files: "datalog/99" input_files: "datalog/100" compactIntoNextLevel: true destinationLevel: 1 is dead (hb=30)
3004188:Found dead task input_files: "datalog/99" input_files: "datalog/100" compactIntoNextLevel: true destinationLevel: 1
3004188:COMPACT_START sstable=0 input_files: "datalog/99" input_files: "datalog/100" compactIntoNextLevel: true destinationLevel: 1
2026-05-01 07:26:37:705 - Compaction started: 
140154966529600:Compacting datalog/99 datalog/100 into:sstable1/8d46d65f-d0aa-4788-9fd7-225612378859202605010126291777620397709444556.sst
2026-05-01 07:26:37:727 - Compaction completed: 
3004188:COMPACT_START sstable=0 input_files: "datalog/541" input_files: "datalog/542" compactIntoNextLevel: true destinationLevel: 1
2026-05-01 07:26:37:809 - Compaction started: 
140154966529600:Compacting datalog/541 datalog/542 into:sstable1/8d46d65f-d0aa-4788-9fd7-225612378859202605010126291777620397812315398.sst
2026-05-01 07:26:37:827 - Compaction completed: 
3004188:Task input_files: "datalog/343" input_files: "datalog/344" compactIntoNextLevel: true destinationLevel: 1 is dead (hb=30)
3004188:Task input_files: "datalog/347" input_files: "datalog/348" compactIntoNextLevel: true destinationLevel: 1 is dead (hb=30)
3004188:Task input_files: "datalog/117" input_files: "datalog/118" compactIntoNextLevel: true destinationLevel: 1 is dead (hb=30)
3004188:Found dead task input_files: "datalog/117" input_files: "datalog/118" compactIntoNextLevel: true destinationLevel: 1
3004188:COMPACT_START sstable=0 input_files: "datalog/117" input_files: "datalog/118" compactIntoNextLevel: true destinationLevel: 1
2026-05-01 07:26:37:911 - Compaction started: 
140154966529600:Compacting datalog/117 datalog/118 into:sstable1/8d46d65f-d0aa-4788-9fd7-225612378859202605010126291777620397915276841.sst
2026-05-01 07:26:37:933 - Compaction completed: 
3004188:COMPACT_START sstable=0 input_files: "datalog/549" input_files: "datalog/550" compactIntoNextLevel: true destinationLevel: 1
2026-05-01 07:26:38:013 - Compaction started: 
140154966529600:Compacting datalog/549 datalog/550 into:sstable1/8d46d65f-d0aa-4788-9fd7-225612378859202605010126291777620398016476931.sst
2026-05-01 07:26:38:030 - Compaction completed: 
3004188:Task input_files: "datalog/357" input_files: "datalog/358" compactIntoNextLevel: true destinationLevel: 1 is dead (hb=30)
3004188:Found dead task input_files: "datalog/357" input_files: "datalog/358" compactIntoNextLevel: true destinationLevel: 1
3004188:COMPACT_START sstable=0 input_files: "datalog/357" input_files: "datalog/358" compactIntoNextLevel: true destinationLevel: 1
3004188:COMPACT_ABORT input_files: "datalog/357" input_files: "datalog/358" compactIntoNextLevel: true destinationLevel: 1
3004188:COMPACT_START sstable=0 input_files: "datalog/561" input_files: "datalog/562" compactIntoNextLevel: true destinationLevel: 1
3004188:COMPACT_ABORT input_files: "datalog/561" input_files: "datalog/562" compactIntoNextLevel: true destinationLevel: 1
3004188:COMPACT_START sstable=0 input_files: "datalog/563" input_files: "datalog/564" compactIntoNextLevel: true destinationLevel: 1
3004188:COMPACT_ABORT input_files: "datalog/563" input_files: "datalog/564" compactIntoNextLevel: true destinationLevel: 1
3004188:COMPACT_START sstable=0 input_files: "datalog/573" input_files: "datalog/574" compactIntoNextLevel: true destinationLevel: 1
2026-05-01 07:26:38:321 - Compaction started: 
140154966529600:Compacting datalog/573 datalog/574 into:sstable1/8d46d65f-d0aa-4788-9fd7-225612378859202605010126291777620398324750293.sst
2026-05-01 07:26:38:339 - Compaction completed: 
3004188:Task input_files: "datalog/373" input_files: "datalog/374" compactIntoNextLevel: true destinationLevel: 1 is dead (hb=30)
3004188:Found dead task input_files: "datalog/373" input_files: "datalog/374" compactIntoNextLevel: true destinationLevel: 1
3004188:COMPACT_START sstable=0 input_files: "datalog/373" input_files: "datalog/374" compactIntoNextLevel: true destinationLevel: 1
2026-05-01 07:26:38:423 - Compaction started: 
140154966529600:Compacting datalog/373 datalog/374 into:sstable1/8d46d65f-d0aa-4788-9fd7-225612378859202605010126291777620398426888793.sst
2026-05-01 07:26:38:442 - Compaction completed: 
3004188:Task input_files: "datalog/385" input_files: "datalog/386" compactIntoNextLevel: true destinationLevel: 1 is dead (hb=30)
3004188:Found dead task input_files: "datalog/385" input_files: "datalog/386" compactIntoNextLevel: true destinationLevel: 1
3004188:COMPACT_START sstable=0 input_files: "datalog/385" input_files: "datalog/386" compactIntoNextLevel: true destinationLevel: 1
3004188:COMPACT_ABORT input_files: "datalog/385" input_files: "datalog/386" compactIntoNextLevel: true destinationLevel: 1
3004188:COMPACT_START sstable=0 input_files: "datalog/591" input_files: "datalog/592" compactIntoNextLevel: true destinationLevel: 1
2026-05-01 07:26:38:527 - Compaction started: 
140154966529600:Compacting datalog/591 datalog/592 into:sstable1/8d46d65f-d0aa-4788-9fd7-225612378859202605010126291777620398529569278.sst
2026-05-01 07:26:38:544 - Compaction completed: 
3004188:COMPACT_START sstable=0 input_files: "datalog/599" input_files: "datalog/600" compactIntoNextLevel: true destinationLevel: 1
3004188:COMPACT_ABORT input_files: "datalog/599" input_files: "datalog/600" compactIntoNextLevel: true destinationLevel: 1
3004188:Task input_files: "datalog/403" input_files: "datalog/404" compactIntoNextLevel: true destinationLevel: 1 is dead (hb=30)
3004188:Task input_files: "datalog/391" input_files: "datalog/392" compactIntoNextLevel: true destinationLevel: 1 is dead (hb=30)
3004188:Task input_files: "datalog/399" input_files: "datalog/400" compactIntoNextLevel: true destinationLevel: 1 is dead (hb=30)
3004188:Found dead task input_files: "datalog/399" input_files: "datalog/400" compactIntoNextLevel: true destinationLevel: 1
3004188:COMPACT_START sstable=0 input_files: "datalog/399" input_files: "datalog/400" compactIntoNextLevel: true destinationLevel: 1
2026-05-01 07:26:38:731 - Compaction started: 
140154966529600:Compacting datalog/399 datalog/400 into:sstable1/8d46d65f-d0aa-4788-9fd7-225612378859202605010126291777620398734808271.sst
2026-05-01 07:26:38:751 - Compaction completed: 
3004188:COMPACT_START sstable=0 input_files: "datalog/607" input_files: "datalog/608" compactIntoNextLevel: true destinationLevel: 1
2026-05-01 07:26:38:834 - Compaction started: 
140154966529600:Compacting datalog/607 datalog/608 into:sstable1/8d46d65f-d0aa-4788-9fd7-225612378859202605010126291777620398837334748.sst
2026-05-01 07:26:38:852 - Compaction completed: 
3004188:COMPACT_START sstable=0 input_files: "datalog/615" input_files: "datalog/616" compactIntoNextLevel: true destinationLevel: 1
2026-05-01 07:26:38:937 - Compaction started: 
140154966529600:Compacting datalog/615 datalog/616 into:sstable1/8d46d65f-d0aa-4788-9fd7-225612378859202605010126291777620398940235817.sst
2026-05-01 07:26:38:993 - Compaction completed: 
3004188:COMPACT_START sstable=0 input_files: "datalog/621" input_files: "datalog/622" compactIntoNextLevel: true destinationLevel: 1
3004188:COMPACT_ABORT input_files: "datalog/621" input_files: "datalog/622" compactIntoNextLevel: true destinationLevel: 1
3004188:Task input_files: "datalog/427" input_files: "datalog/428" compactIntoNextLevel: true destinationLevel: 1 is dead (hb=30)
3004188:Found dead task input_files: "datalog/427" input_files: "datalog/428" compactIntoNextLevel: true destinationLevel: 1
3004188:COMPACT_START sstable=0 input_files: "datalog/427" input_files: "datalog/428" compactIntoNextLevel: true destinationLevel: 1
3004188:COMPACT_ABORT input_files: "datalog/427" input_files: "datalog/428" compactIntoNextLevel: true destinationLevel: 1
3004188:COMPACT_START sstable=0 input_files: "datalog/629" input_files: "datalog/630" compactIntoNextLevel: true destinationLevel: 1
2026-05-01 07:26:39:242 - Compaction started: 
140154966529600:Compacting datalog/629 datalog/630 into:sstable1/8d46d65f-d0aa-4788-9fd7-225612378859202605010126291777620399246105552.sst
2026-05-01 07:26:39:259 - Compaction completed: 
3004188:COMPACT_START sstable=0 input_files: "datalog/637" input_files: "datalog/638" compactIntoNextLevel: true destinationLevel: 1
2026-05-01 07:26:39:344 - Compaction started: 
140154966529600:Compacting datalog/637 datalog/638 into:sstable1/8d46d65f-d0aa-4788-9fd7-225612378859202605010126291777620399347599163.sst
2026-05-01 07:26:39:361 - Compaction completed: 
3004188:COMPACT_START sstable=0 input_files: "datalog/645" input_files: "datalog/646" compactIntoNextLevel: true destinationLevel: 1
2026-05-01 07:26:39:446 - Compaction started: 
140154966529600:Compacting datalog/645 datalog/646 into:sstable1/8d46d65f-d0aa-4788-9fd7-225612378859202605010126291777620399449693861.sst
2026-05-01 07:26:39:464 - Compaction completed: 
3004188:COMPACT_START sstable=0 input_files: "datalog/653" input_files: "datalog/654" compactIntoNextLevel: true destinationLevel: 1
3004188:COMPACT_ABORT input_files: "datalog/653" input_files: "datalog/654" compactIntoNextLevel: true destinationLevel: 1
3004188:COMPACT_START sstable=0 input_files: "datalog/655" input_files: "datalog/656" compactIntoNextLevel: true destinationLevel: 1
2026-05-01 07:26:39:548 - Compaction started: 
140154966529600:Compacting datalog/655 datalog/656 into:sstable1/8d46d65f-d0aa-4788-9fd7-225612378859202605010126291777620399551816851.sst
2026-05-01 07:26:39:565 - Compaction completed: 
3004188:COMPACT_START sstable=0 input_files: "datalog/663" input_files: "datalog/664" compactIntoNextLevel: true destinationLevel: 1
2026-05-01 07:26:39:650 - Compaction started: 
140154966529600:Compacting datalog/663 datalog/664 into:sstable1/8d46d65f-d0aa-4788-9fd7-225612378859202605010126291777620399653455945.sst
2026-05-01 07:26:39:666 - Compaction completed: 
3004188:COMPACT_START sstable=0 input_files: "datalog/671" input_files: "datalog/672" compactIntoNextLevel: true destinationLevel: 1
2026-05-01 07:26:39:752 - Compaction started: 
140154966529600:Compacting datalog/671 datalog/672 into:sstable1/8d46d65f-d0aa-4788-9fd7-225612378859202605010126291777620399755506129.sst
2026-05-01 07:26:39:770 - Compaction completed: 
3004188:COMPACT_START sstable=0 input_files: "datalog/679" input_files: "datalog/680" compactIntoNextLevel: true destinationLevel: 1
2026-05-01 07:26:39:853 - Compaction started: 
140154966529600:Compacting datalog/679 datalog/680 into:sstable1/8d46d65f-d0aa-4788-9fd7-225612378859202605010126291777620399856937753.sst
2026-05-01 07:26:39:869 - Compaction completed: 
3004188:COMPACT_START sstable=0 input_files: "datalog/685" input_files: "datalog/686" compactIntoNextLevel: true destinationLevel: 1
2026-05-01 07:26:39:955 - Compaction started: 
140154966529600:Compacting datalog/685 datalog/686 into:sstable1/8d46d65f-d0aa-4788-9fd7-225612378859202605010126291777620399958804163.sst
2026-05-01 07:26:39:972 - Compaction completed: 
3004188:COMPACT_START sstable=0 input_files: "datalog/689" input_files: "datalog/690" compactIntoNextLevel: true destinationLevel: 1
2026-05-01 07:26:40:057 - Compaction started: 
140154966529600:Compacting datalog/689 datalog/690 into:sstable1/8d46d65f-d0aa-4788-9fd7-225612378859202605010126291777620400060762264.sst
2026-05-01 07:26:40:074 - Compaction completed: 
3004188:Task input_files: "datalog/499" input_files: "datalog/500" compactIntoNextLevel: true destinationLevel: 1 is dead (hb=30)
3004188:Found dead task input_files: "datalog/499" input_files: "datalog/500" compactIntoNextLevel: true destinationLevel: 1
3004188:COMPACT_START sstable=0 input_files: "datalog/499" input_files: "datalog/500" compactIntoNextLevel: true destinationLevel: 1
3004188:COMPACT_ABORT input_files: "datalog/499" input_files: "datalog/500" compactIntoNextLevel: true destinationLevel: 1
3004188:COMPACT_START sstable=0 input_files: "datalog/695" input_files: "datalog/696" compactIntoNextLevel: true destinationLevel: 1
2026-05-01 07:26:40:160 - Compaction started: 
140154966529600:Compacting datalog/695 datalog/696 into:sstable1/8d46d65f-d0aa-4788-9fd7-225612378859202605010126291777620400163177653.sst
2026-05-01 07:26:40:177 - Compaction completed: 
3004188:COMPACT_START sstable=0 input_files: "datalog/707" input_files: "datalog/708" compactIntoNextLevel: true destinationLevel: 1
3004188:COMPACT_ABORT input_files: "datalog/707" input_files: "datalog/708" compactIntoNextLevel: true destinationLevel: 1
3004188:COMPACT_START sstable=0 input_files: "datalog/709" input_files: "datalog/710" compactIntoNextLevel: true destinationLevel: 1
2026-05-01 07:26:40:262 - Compaction started: 
140154966529600:Compacting datalog/709 datalog/710 into:sstable1/8d46d65f-d0aa-4788-9fd7-225612378859202605010126291777620400265115837.sst
2026-05-01 07:26:40:278 - Compaction completed: 
3004188:COMPACT_START sstable=0 input_files: "datalog/713" input_files: "datalog/714" compactIntoNextLevel: true destinationLevel: 1
2026-05-01 07:26:40:364 - Compaction started: 
140154966529600:Compacting datalog/713 datalog/714 into:sstable1/8d46d65f-d0aa-4788-9fd7-225612378859202605010126291777620400367372157.sst
2026-05-01 07:26:40:380 - Compaction completed: 
3004188:COMPACT_START sstable=0 input_files: "datalog/719" input_files: "datalog/720" compactIntoNextLevel: true destinationLevel: 1
2026-05-01 07:26:40:466 - Compaction started: 
140154966529600:Compacting datalog/719 datalog/720 into:sstable1/8d46d65f-d0aa-4788-9fd7-225612378859202605010126291777620400469106479.sst
2026-05-01 07:26:40:482 - Compaction completed: 
3004188:COMPACT_START sstable=0 input_files: "datalog/727" input_files: "datalog/728" compactIntoNextLevel: true destinationLevel: 1
2026-05-01 07:26:40:568 - Compaction started: 
140154966529600:Compacting datalog/727 datalog/728 into:sstable1/8d46d65f-d0aa-4788-9fd7-225612378859202605010126291777620400570803371.sst
2026-05-01 07:26:40:583 - Compaction completed: 
3004188:COMPACT_START sstable=0 input_files: "datalog/733" input_files: "datalog/734" compactIntoNextLevel: true destinationLevel: 1
2026-05-01 07:26:40:669 - Compaction started: 
140154966529600:Compacting datalog/733 datalog/734 into:sstable1/8d46d65f-d0aa-4788-9fd7-225612378859202605010126291777620400672576966.sst
2026-05-01 07:26:40:685 - Compaction completed: 
3004188:COMPACT_START sstable=0 input_files: "datalog/739" input_files: "datalog/740" compactIntoNextLevel: true destinationLevel: 1
2026-05-01 07:26:40:771 - Compaction started: 
140154966529600:Compacting datalog/739 datalog/740 into:sstable1/8d46d65f-d0aa-4788-9fd7-225612378859202605010126291777620400774621500.sst
2026-05-01 07:26:40:787 - Compaction completed: 
3004188:COMPACT_START sstable=0 input_files: "datalog/749" input_files: "datalog/750" compactIntoNextLevel: true destinationLevel: 1
2026-05-01 07:26:40:873 - Compaction started: 
140154966529600:Compacting datalog/749 datalog/750 into:sstable1/8d46d65f-d0aa-4788-9fd7-225612378859202605010126291777620400875949629.sst
2026-05-01 07:26:40:888 - Compaction completed: 
3004188:COMPACT_START sstable=0 input_files: "datalog/755" input_files: "datalog/756" compactIntoNextLevel: true destinationLevel: 1
2026-05-01 07:26:40:975 - Compaction started: 
140154966529600:Compacting datalog/755 datalog/756 into:sstable1/8d46d65f-d0aa-4788-9fd7-225612378859202605010126291777620400978070767.sst
2026-05-01 07:26:40:990 - Compaction completed: 
3004188:COMPACT_START sstable=0 input_files: "datalog/763" input_files: "datalog/764" compactIntoNextLevel: true destinationLevel: 1
2026-05-01 07:26:41:077 - Compaction started: 
140154966529600:Compacting datalog/763 datalog/764 into:sstable1/8d46d65f-d0aa-4788-9fd7-225612378859202605010126291777620401079996828.sst
2026-05-01 07:26:41:092 - Compaction completed: 
3004188:COMPACT_START sstable=0 input_files: "datalog/773" input_files: "datalog/774" compactIntoNextLevel: true destinationLevel: 1
3004188:COMPACT_ABORT input_files: "datalog/773" input_files: "datalog/774" compactIntoNextLevel: true destinationLevel: 1
3004188:COMPACT_START sstable=0 input_files: "datalog/775" input_files: "datalog/776" compactIntoNextLevel: true destinationLevel: 1
2026-05-01 07:26:41:179 - Compaction started: 
140154966529600:Compacting datalog/775 datalog/776 into:sstable1/8d46d65f-d0aa-4788-9fd7-225612378859202605010126291777620401182294236.sst
2026-05-01 07:26:41:195 - Compaction completed: 
3004188:Task input_files: "datalog/561" input_files: "datalog/562" compactIntoNextLevel: true destinationLevel: 1 is dead (hb=30)
3004188:Found dead task input_files: "datalog/561" input_files: "datalog/562" compactIntoNextLevel: true destinationLevel: 1
3004188:COMPACT_START sstable=0 input_files: "datalog/561" input_files: "datalog/562" compactIntoNextLevel: true destinationLevel: 1
2026-05-01 07:26:41:281 - Compaction started: 
140154966529600:Compacting datalog/561 datalog/562 into:sstable1/8d46d65f-d0aa-4788-9fd7-225612378859202605010126291777620401284800404.sst
2026-05-01 07:26:41:299 - Compaction completed: 
3004188:COMPACT_START sstable=0 input_files: "datalog/781" input_files: "datalog/782" compactIntoNextLevel: true destinationLevel: 1
3004188:COMPACT_ABORT input_files: "datalog/781" input_files: "datalog/782" compactIntoNextLevel: true destinationLevel: 1
3004188:COMPACT_START sstable=0 input_files: "datalog/783" input_files: "datalog/784" compactIntoNextLevel: true destinationLevel: 1
2026-05-01 07:26:41:384 - Compaction started: 
140154966529600:Compacting datalog/783 datalog/784 into:sstable1/8d46d65f-d0aa-4788-9fd7-225612378859202605010126291777620401386690589.sst
2026-05-01 07:26:41:399 - Compaction completed: 
3004188:COMPACT_START sstable=0 input_files: "datalog/791" input_files: "datalog/792" compactIntoNextLevel: true destinationLevel: 1
3004188:COMPACT_ABORT input_files: "datalog/791" input_files: "datalog/792" compactIntoNextLevel: true destinationLevel: 1
3004188:COMPACT_START sstable=0 input_files: "datalog/793" input_files: "datalog/794" compactIntoNextLevel: true destinationLevel: 1
3004188:COMPACT_ABORT input_files: "datalog/793" input_files: "datalog/794" compactIntoNextLevel: true destinationLevel: 1
3004188:COMPACT_START sstable=0 input_files: "datalog/795" input_files: "datalog/796" compactIntoNextLevel: true destinationLevel: 1
2026-05-01 07:26:41:487 - Compaction started: 
140154966529600:Compacting datalog/795 datalog/796 into:sstable1/8d46d65f-d0aa-4788-9fd7-225612378859202605010126291777620401490264128.sst
2026-05-01 07:26:41:504 - Compaction completed: 
3004188:COMPACT_START sstable=0 input_files: "datalog/799" input_files: "datalog/800" compactIntoNextLevel: true destinationLevel: 1
3004188:COMPACT_ABORT input_files: "datalog/799" input_files: "datalog/800" compactIntoNextLevel: true destinationLevel: 1
3004188:COMPACT_START sstable=0 input_files: "datalog/803" input_files: "datalog/804" compactIntoNextLevel: true destinationLevel: 1
2026-05-01 07:26:41:690 - Compaction started: 
140154966529600:Compacting datalog/803 datalog/804 into:sstable1/8d46d65f-d0aa-4788-9fd7-225612378859202605010126291777620401693110095.sst
2026-05-01 07:26:41:705 - Compaction completed: 
3004188:COMPACT_START sstable=0 input_files: "datalog/807" input_files: "datalog/808" compactIntoNextLevel: true destinationLevel: 1
2026-05-01 07:26:41:792 - Compaction started: 
140154966529600:Compacting datalog/807 datalog/808 into:sstable1/8d46d65f-d0aa-4788-9fd7-225612378859202605010126291777620401794831181.sst
2026-05-01 07:26:41:807 - Compaction completed: 
3004188:COMPACT_START sstable=0 input_files: "datalog/815" input_files: "datalog/816" compactIntoNextLevel: true destinationLevel: 1
2026-05-01 07:26:41:894 - Compaction started: 
140154966529600:Compacting datalog/815 datalog/816 into:sstable1/8d46d65f-d0aa-4788-9fd7-225612378859202605010126291777620401896492026.sst
2026-05-01 07:26:41:909 - Compaction completed: 
3004188:COMPACT_START sstable=0 input_files: "datalog/823" input_files: "datalog/824" compactIntoNextLevel: true destinationLevel: 1
2026-05-01 07:26:41:996 - Compaction started: 
140154966529600:Compacting datalog/823 datalog/824 into:sstable1/8d46d65f-d0aa-4788-9fd7-225612378859202605010126291777620401998881386.sst
2026-05-01 07:26:42:011 - Compaction completed: 
3004188:COMPACT_START sstable=0 input_files: "datalog/833" input_files: "datalog/834" compactIntoNextLevel: true destinationLevel: 1
2026-05-01 07:26:42:098 - Compaction started: 
140154966529600:Compacting datalog/833 datalog/834 into:sstable1/8d46d65f-d0aa-4788-9fd7-225612378859202605010126291777620402100585631.sst
2026-05-01 07:26:42:113 - Compaction completed: 
3004188:COMPACT_START sstable=0 input_files: "datalog/839" input_files: "datalog/840" compactIntoNextLevel: true destinationLevel: 1
2026-05-01 07:26:42:200 - Compaction started: 
140154966529600:Compacting datalog/839 datalog/840 into:sstable1/8d46d65f-d0aa-4788-9fd7-225612378859202605010126291777620402203143296.sst
2026-05-01 07:26:42:215 - Compaction completed: 
3004188:COMPACT_START sstable=0 input_files: "datalog/845" input_files: "datalog/846" compactIntoNextLevel: true destinationLevel: 1
2026-05-01 07:26:42:302 - Compaction started: 
140154966529600:Compacting datalog/845 datalog/846 into:sstable1/8d46d65f-d0aa-4788-9fd7-225612378859202605010126291777620402305156321.sst
2026-05-01 07:26:42:318 - Compaction completed: 
3004188:COMPACT_START sstable=0 input_files: "datalog/851" input_files: "datalog/852" compactIntoNextLevel: true destinationLevel: 1
2026-05-01 07:26:42:404 - Compaction started: 
140154966529600:Compacting datalog/851 datalog/852 into:sstable1/8d46d65f-d0aa-4788-9fd7-225612378859202605010126291777620402406997623.sst
2026-05-01 07:26:42:419 - Compaction completed: 
3004188:Task input_files: "datalog/653" input_files: "datalog/654" compactIntoNextLevel: true destinationLevel: 1 is dead (hb=30)
3004188:Found dead task input_files: "datalog/653" input_files: "datalog/654" compactIntoNextLevel: true destinationLevel: 1
3004188:COMPACT_START sstable=0 input_files: "datalog/653" input_files: "datalog/654" compactIntoNextLevel: true destinationLevel: 1
2026-05-01 07:26:42:505 - Compaction started: 
140154966529600:Compacting datalog/653 datalog/654 into:sstable1/8d46d65f-d0aa-4788-9fd7-225612378859202605010126291777620402508792008.sst
2026-05-01 07:26:42:522 - Compaction completed: 
3004188:COMPACT_START sstable=0 input_files: "datalog/861" input_files: "datalog/862" compactIntoNextLevel: true destinationLevel: 1
2026-05-01 07:26:42:607 - Compaction started: 
140154966529600:Compacting datalog/861 datalog/862 into:sstable1/8d46d65f-d0aa-4788-9fd7-225612378859202605010126291777620402610587464.sst
2026-05-01 07:26:42:623 - Compaction completed: 
3004188:COMPACT_START sstable=1 input_files: "sstable1/8d46d65f-d0aa-4788-9fd7-225612378859202605010126291777620390141370335.sst" input_files: "sstable1/e3e96cd6-1422-4f16-8400-b5ab346d3436202605010126291777620390195825197.sst" compactIntoNextLevel: true destinationLevel: 2
2026-05-01 07:26:42:710 - Compaction started: 
140154966529600:Compacting sstable1/8d46d65f-d0aa-4788-9fd7-225612378859202605010126291777620390141370335.sst sstable1/e3e96cd6-1422-4f16-8400-b5ab346d3436202605010126291777620390195825197.sst into:sstable2/8d46d65f-d0aa-4788-9fd7-225612378859202605010126291777620402731001253.sst
2026-05-01 07:26:42:763 - Compaction completed: 
3004188:Task input_files: "datalog/669" input_files: "datalog/670" compactIntoNextLevel: true destinationLevel: 1 is dead (hb=30)
3004188:Found dead task input_files: "datalog/669" input_files: "datalog/670" compactIntoNextLevel: true destinationLevel: 1
3004188:COMPACT_START sstable=0 input_files: "datalog/669" input_files: "datalog/670" compactIntoNextLevel: true destinationLevel: 1
2026-05-01 07:26:42:812 - Compaction started: 
140154966529600:Compacting datalog/669 datalog/670 into:sstable1/8d46d65f-d0aa-4788-9fd7-225612378859202605010126291777620402814900581.sst
2026-05-01 07:26:42:828 - Compaction completed: 
3004188:COMPACT_START sstable=1 input_files: "sstable1/e3e96cd6-1422-4f16-8400-b5ab346d3436202605010126291777620393712398312.sst" input_files: "sstable1/81c1ee96-568b-4c42-a6f8-d8dd5d730dc3202605010126291777620390823370829.sst" compactIntoNextLevel: true destinationLevel: 2
2026-05-01 07:26:42:915 - Compaction started: 
140154966529600:Compacting sstable1/e3e96cd6-1422-4f16-8400-b5ab346d3436202605010126291777620393712398312.sst sstable1/81c1ee96-568b-4c42-a6f8-d8dd5d730dc3202605010126291777620390823370829.sst into:sstable2/8d46d65f-d0aa-4788-9fd7-225612378859202605010126291777620402946864702.sst
2026-05-01 07:26:42:988 - Compaction completed: 
3004188:COMPACT_START sstable=1 input_files: "sstable1/81c1ee96-568b-4c42-a6f8-d8dd5d730dc3202605010126291777620391051256765.sst" input_files: "sstable1/8d46d65f-d0aa-4788-9fd7-225612378859202605010126291777620391069747588.sst" compactIntoNextLevel: true destinationLevel: 2
2026-05-01 07:26:43:017 - Compaction started: 
140154966529600:Compacting sstable1/81c1ee96-568b-4c42-a6f8-d8dd5d730dc3202605010126291777620391051256765.sst sstable1/8d46d65f-d0aa-4788-9fd7-225612378859202605010126291777620391069747588.sst into:sstable2/8d46d65f-d0aa-4788-9fd7-225612378859202605010126291777620403039761006.sst
2026-05-01 07:26:43:074 - Compaction completed: 
3004188:Task input_files: "datalog/499" input_files: "datalog/500" compactIntoNextLevel: true destinationLevel: 1 is dead (hb=30)
3004188:Task input_files: "datalog/281" input_files: "datalog/282" compactIntoNextLevel: true destinationLevel: 1 is dead (hb=30)
3004188:Found dead task input_files: "datalog/281" input_files: "datalog/282" compactIntoNextLevel: true destinationLevel: 1
3004188:COMPACT_START sstable=0 input_files: "datalog/281" input_files: "datalog/282" compactIntoNextLevel: true destinationLevel: 1
2026-05-01 07:26:43:119 - Compaction started: 
140154966529600:Compacting datalog/281 datalog/282 into:sstable1/8d46d65f-d0aa-4788-9fd7-225612378859202605010126291777620403122441430.sst
2026-05-01 07:26:43:138 - Compaction completed: 
3004188:Task input_files: "datalog/703" input_files: "datalog/704" compactIntoNextLevel: true destinationLevel: 1 is dead (hb=30)
3004188:Task input_files: "datalog/699" input_files: "datalog/700" compactIntoNextLevel: true destinationLevel: 1 is dead (hb=30)
3004188:Task input_files: "datalog/707" input_files: "datalog/708" compactIntoNextLevel: true destinationLevel: 1 is dead (hb=30)
3004188:Found dead task input_files: "datalog/707" input_files: "datalog/708" compactIntoNextLevel: true destinationLevel: 1
3004188:COMPACT_START sstable=0 input_files: "datalog/707" input_files: "datalog/708" compactIntoNextLevel: true destinationLevel: 1
2026-05-01 07:26:43:222 - Compaction started: 
140154966529600:Compacting datalog/707 datalog/708 into:sstable1/8d46d65f-d0aa-4788-9fd7-225612378859202605010126291777620403225154085.sst
2026-05-01 07:26:43:240 - Compaction completed: 
3004188:COMPACT_START sstable=1 input_files: "sstable1/8d46d65f-d0aa-4788-9fd7-225612378859202605010126291777620391380932488.sst" input_files: "sstable1/1690b97a-8c99-4776-b75f-2e59693f4183202605010126291777620391410579084.sst" compactIntoNextLevel: true destinationLevel: 2
2026-05-01 07:26:43:324 - Compaction started: 
140154966529600:Compacting sstable1/8d46d65f-d0aa-4788-9fd7-225612378859202605010126291777620391380932488.sst sstable1/1690b97a-8c99-4776-b75f-2e59693f4183202605010126291777620391410579084.sst into:sstable2/8d46d65f-d0aa-4788-9fd7-225612378859202605010126291777620403347922498.sst
2026-05-01 07:26:43:383 - Compaction completed: 
3004188:COMPACT_START sstable=1 input_files: "sstable1/81c1ee96-568b-4c42-a6f8-d8dd5d730dc3202605010126291777620394618143148.sst" input_files: "sstable1/e3e96cd6-1422-4f16-8400-b5ab346d3436202605010126291777620391580051999.sst" compactIntoNextLevel: true destinationLevel: 2
3004188:COMPACT_ABORT input_files: "sstable1/81c1ee96-568b-4c42-a6f8-d8dd5d730dc3202605010126291777620394618143148.sst" input_files: "sstable1/e3e96cd6-1422-4f16-8400-b5ab346d3436202605010126291777620391580051999.sst" compactIntoNextLevel: true destinationLevel: 2
3004188:Task input_files: "datalog/717" input_files: "datalog/718" compactIntoNextLevel: true destinationLevel: 1 is dead (hb=30)
3004188:Found dead task input_files: "datalog/717" input_files: "datalog/718" compactIntoNextLevel: true destinationLevel: 1
3004188:COMPACT_START sstable=0 input_files: "datalog/717" input_files: "datalog/718" compactIntoNextLevel: true destinationLevel: 1
2026-05-01 07:26:43:529 - Compaction started: 
140154966529600:Compacting datalog/717 datalog/718 into:sstable1/8d46d65f-d0aa-4788-9fd7-225612378859202605010126291777620403531892059.sst
2026-05-01 07:26:43:546 - Compaction completed: 
3004188:COMPACT_START sstable=1 input_files: "sstable1/81c1ee96-568b-4c42-a6f8-d8dd5d730dc3202605010126291777620395025929627.sst" input_files: "sstable1/81c1ee96-568b-4c42-a6f8-d8dd5d730dc3202605010126291777620391963927505.sst" compactIntoNextLevel: true destinationLevel: 2
2026-05-01 07:26:43:633 - Compaction started: 
140154966529600:Compacting sstable1/81c1ee96-568b-4c42-a6f8-d8dd5d730dc3202605010126291777620395025929627.sst sstable1/81c1ee96-568b-4c42-a6f8-d8dd5d730dc3202605010126291777620391963927505.sst into:sstable2/8d46d65f-d0aa-4788-9fd7-225612378859202605010126291777620403657134569.sst
2026-05-01 07:26:43:696 - Compaction completed: 
3004188:COMPACT_START sstable=1 input_files: "sstable1/81c1ee96-568b-4c42-a6f8-d8dd5d730dc3202605010126291777620395229621239.sst" input_files: "sstable1/81c1ee96-568b-4c42-a6f8-d8dd5d730dc3202605010126291777620392166447651.sst" compactIntoNextLevel: true destinationLevel: 2
2026-05-01 07:26:43:735 - Compaction started: 
140154966529600:Compacting sstable1/81c1ee96-568b-4c42-a6f8-d8dd5d730dc3202605010126291777620395229621239.sst sstable1/81c1ee96-568b-4c42-a6f8-d8dd5d730dc3202605010126291777620392166447651.sst into:sstable2/8d46d65f-d0aa-4788-9fd7-225612378859202605010126291777620403760233119.sst
2026-05-01 07:26:43:798 - Compaction completed: 
3004188:COMPACT_START sstable=1 input_files: "sstable1/e3e96cd6-1422-4f16-8400-b5ab346d3436202605010126291777620395342607995.sst" input_files: "sstable1/81c1ee96-568b-4c42-a6f8-d8dd5d730dc3202605010126291777620395432682169.sst" compactIntoNextLevel: true destinationLevel: 2
2026-05-01 07:26:43:837 - Compaction started: 
140154966529600:Compacting sstable1/e3e96cd6-1422-4f16-8400-b5ab346d3436202605010126291777620395342607995.sst sstable1/81c1ee96-568b-4c42-a6f8-d8dd5d730dc3202605010126291777620395432682169.sst into:sstable2/8d46d65f-d0aa-4788-9fd7-225612378859202605010126291777620403859422319.sst
2026-05-01 07:26:43:895 - Compaction completed: 
3004188:COMPACT_START sstable=1 input_files: "sstable1/81c1ee96-568b-4c42-a6f8-d8dd5d730dc3202605010126291777620392471345715.sst" input_files: "sstable1/e3e96cd6-1422-4f16-8400-b5ab346d3436202605010126291777620392490750522.sst" compactIntoNextLevel: true destinationLevel: 2
2026-05-01 07:26:43:940 - Compaction started: 
140154966529600:Compacting sstable1/81c1ee96-568b-4c42-a6f8-d8dd5d730dc3202605010126291777620392471345715.sst sstable1/e3e96cd6-1422-4f16-8400-b5ab346d3436202605010126291777620392490750522.sst into:sstable2/8d46d65f-d0aa-4788-9fd7-225612378859202605010126291777620403964360016.sst
2026-05-01 07:26:44:001 - Compaction completed: 
3004188:COMPACT_START sstable=1 input_files: "sstable1/81c1ee96-568b-4c42-a6f8-d8dd5d730dc3202605010126291777620392673548135.sst" input_files: "sstable1/e3e96cd6-1422-4f16-8400-b5ab346d3436202605010126291777620392692612654.sst" compactIntoNextLevel: true destinationLevel: 2
2026-05-01 07:26:44:042 - Compaction started: 
140154966529600:Compacting sstable1/81c1ee96-568b-4c42-a6f8-d8dd5d730dc3202605010126291777620392673548135.sst sstable1/e3e96cd6-1422-4f16-8400-b5ab346d3436202605010126291777620392692612654.sst into:sstable2/8d46d65f-d0aa-4788-9fd7-225612378859202605010126291777620404064743636.sst
2026-05-01 07:26:44:100 - Compaction completed: 
3004188:Task input_files: "datalog/773" input_files: "datalog/774" compactIntoNextLevel: true destinationLevel: 1 is dead (hb=30)
3004188:Found dead task input_files: "datalog/773" input_files: "datalog/774" compactIntoNextLevel: true destinationLevel: 1
3004188:COMPACT_START sstable=0 input_files: "datalog/773" input_files: "datalog/774" compactIntoNextLevel: true destinationLevel: 1
3004188:COMPACT_ABORT input_files: "datalog/773" input_files: "datalog/774" compactIntoNextLevel: true destinationLevel: 1
3004188:COMPACT_START sstable=1 input_files: "sstable1/8d46d65f-d0aa-4788-9fd7-225612378859202605010126291777620392804736101.sst" input_files: "sstable1/1690b97a-8c99-4776-b75f-2e59693f4183202605010126291777620392832534402.sst" compactIntoNextLevel: true destinationLevel: 2
2026-05-01 07:26:44:145 - Compaction started: 
140154966529600:Compacting sstable1/8d46d65f-d0aa-4788-9fd7-225612378859202605010126291777620392804736101.sst sstable1/1690b97a-8c99-4776-b75f-2e59693f4183202605010126291777620392832534402.sst into:sstable2/8d46d65f-d0aa-4788-9fd7-225612378859202605010126291777620404169195633.sst
2026-05-01 07:26:44:207 - Compaction completed: 
3004188:COMPACT_START sstable=1 input_files: "sstable1/81c1ee96-568b-4c42-a6f8-d8dd5d730dc3202605010126291777620399106761467.sst" input_files: "sstable1/1690b97a-8c99-4776-b75f-2e59693f4183202605010126291777620393035476018.sst" compactIntoNextLevel: true destinationLevel: 2
3004188:COMPACT_ABORT input_files: "sstable1/81c1ee96-568b-4c42-a6f8-d8dd5d730dc3202605010126291777620399106761467.sst" input_files: "sstable1/1690b97a-8c99-4776-b75f-2e59693f4183202605010126291777620393035476018.sst" compactIntoNextLevel: true destinationLevel: 2
3004188:Task input_files: "datalog/781" input_files: "datalog/782" compactIntoNextLevel: true destinationLevel: 1 is dead (hb=30)
3004188:Found dead task input_files: "datalog/781" input_files: "datalog/782" compactIntoNextLevel: true destinationLevel: 1
3004188:COMPACT_START sstable=0 input_files: "datalog/781" input_files: "datalog/782" compactIntoNextLevel: true destinationLevel: 1
2026-05-01 07:26:44:349 - Compaction started: 
140154966529600:Compacting datalog/781 datalog/782 into:sstable1/8d46d65f-d0aa-4788-9fd7-225612378859202605010126291777620404352454992.sst
2026-05-01 07:26:44:365 - Compaction completed: 
3004188:Task input_files: "datalog/791" input_files: "datalog/792" compactIntoNextLevel: true destinationLevel: 1 is dead (hb=30)
3004188:Task input_files: "datalog/793" input_files: "datalog/794" compactIntoNextLevel: true destinationLevel: 1 is dead (hb=30)
3004188:Found dead task input_files: "datalog/793" input_files: "datalog/794" compactIntoNextLevel: true destinationLevel: 1
3004188:COMPACT_START sstable=0 input_files: "datalog/793" input_files: "datalog/794" compactIntoNextLevel: true destinationLevel: 1
2026-05-01 07:26:44:452 - Compaction started: 
140154966529600:Compacting datalog/793 datalog/794 into:sstable1/8d46d65f-d0aa-4788-9fd7-225612378859202605010126291777620404454773098.sst
2026-05-01 07:26:44:468 - Compaction completed: 
3004188:COMPACT_START sstable=1 input_files: "sstable1/e3e96cd6-1422-4f16-8400-b5ab346d3436202605010126291777620393407885450.sst" input_files: "sstable1/8d46d65f-d0aa-4788-9fd7-225612378859202605010126291777620393420489738.sst" compactIntoNextLevel: true destinationLevel: 2
2026-05-01 07:26:44:554 - Compaction started: 
140154966529600:Compacting sstable1/e3e96cd6-1422-4f16-8400-b5ab346d3436202605010126291777620393407885450.sst sstable1/8d46d65f-d0aa-4788-9fd7-225612378859202605010126291777620393420489738.sst into:sstable2/8d46d65f-d0aa-4788-9fd7-225612378859202605010126291777620404576443382.sst
2026-05-01 07:26:44:611 - Compaction completed: 
3004188:Task input_files: "datalog/799" input_files: "datalog/800" compactIntoNextLevel: true destinationLevel: 1 is dead (hb=30)
3004188:Found dead task input_files: "datalog/799" input_files: "datalog/800" compactIntoNextLevel: true destinationLevel: 1
3004188:COMPACT_START sstable=0 input_files: "datalog/799" input_files: "datalog/800" compactIntoNextLevel: true destinationLevel: 1
2026-05-01 07:26:44:656 - Compaction started: 
140154966529600:Compacting datalog/799 datalog/800 into:sstable1/8d46d65f-d0aa-4788-9fd7-225612378859202605010126291777620404658715109.sst
2026-05-01 07:26:44:671 - Compaction completed: 
3004188:COMPACT_START sstable=1 input_files: "sstable1/1690b97a-8c99-4776-b75f-2e59693f4183202605010126291777620393752331210.sst" input_files: "sstable1/81c1ee96-568b-4c42-a6f8-d8dd5d730dc3202605010126291777620393799315427.sst" compactIntoNextLevel: true destinationLevel: 2
2026-05-01 07:26:44:758 - Compaction started: 
140154966529600:Compacting sstable1/1690b97a-8c99-4776-b75f-2e59693f4183202605010126291777620393752331210.sst sstable1/81c1ee96-568b-4c42-a6f8-d8dd5d730dc3202605010126291777620393799315427.sst into:sstable2/8d46d65f-d0aa-4788-9fd7-225612378859202605010126291777620404779954716.sst
2026-05-01 07:26:44:814 - Compaction completed: 
3004188:Task input_files: "datalog/809" input_files: "datalog/810" compactIntoNextLevel: true destinationLevel: 1 is dead (hb=30)
3004188:Found dead task input_files: "datalog/809" input_files: "datalog/810" compactIntoNextLevel: true destinationLevel: 1
3004188:COMPACT_START sstable=0 input_files: "datalog/809" input_files: "datalog/810" compactIntoNextLevel: true destinationLevel: 1
2026-05-01 07:26:44:860 - Compaction started: 
140154966529600:Compacting datalog/809 datalog/810 into:sstable1/8d46d65f-d0aa-4788-9fd7-225612378859202605010126291777620404863277243.sst
2026-05-01 07:26:44:876 - Compaction completed: 
3004188:COMPACT_START sstable=1 input_files: "sstable1/8d46d65f-d0aa-4788-9fd7-225612378859202605010126291777620403122441430.sst" input_files: "sstable1/81c1ee96-568b-4c42-a6f8-d8dd5d730dc3202605010126291777620400124865843.sst" compactIntoNextLevel: true destinationLevel: 2
2026-05-01 07:26:44:962 - Compaction started: 
140154966529600:Compacting sstable1/8d46d65f-d0aa-4788-9fd7-225612378859202605010126291777620403122441430.sst sstable1/81c1ee96-568b-4c42-a6f8-d8dd5d730dc3202605010126291777620400124865843.sst into:sstable2/8d46d65f-d0aa-4788-9fd7-225612378859202605010126291777620404984251512.sst
2026-05-01 07:26:45:017 - Compaction completed: 
3004188:Task input_files: "datalog/819" input_files: "datalog/820" compactIntoNextLevel: true destinationLevel: 1 is dead (hb=30)
3004188:Found dead task input_files: "datalog/819" input_files: "datalog/820" compactIntoNextLevel: true destinationLevel: 1
3004188:COMPACT_START sstable=0 input_files: "datalog/819" input_files: "datalog/820" compactIntoNextLevel: true destinationLevel: 1
2026-05-01 07:26:45:064 - Compaction started: 
140154966529600:Compacting datalog/819 datalog/820 into:sstable1/8d46d65f-d0aa-4788-9fd7-225612378859202605010126291777620405067414610.sst
2026-05-01 07:26:45:080 - Compaction completed: 
3004188:Task input_files: "datalog/831" input_files: "datalog/832" compactIntoNextLevel: true destinationLevel: 1 is dead (hb=30)
3004188:Found dead task input_files: "datalog/831" input_files: "datalog/832" compactIntoNextLevel: true destinationLevel: 1
3004188:COMPACT_START sstable=0 input_files: "datalog/831" input_files: "datalog/832" compactIntoNextLevel: true destinationLevel: 1
3004188:COMPACT_ABORT input_files: "datalog/831" input_files: "datalog/832" compactIntoNextLevel: true destinationLevel: 1
3004188:COMPACT_START sstable=1 input_files: "sstable1/e3e96cd6-1422-4f16-8400-b5ab346d3436202605010126291777620394425243918.sst" input_files: "sstable1/8d46d65f-d0aa-4788-9fd7-225612378859202605010126291777620397505424538.sst" compactIntoNextLevel: true destinationLevel: 2
2026-05-01 07:26:45:269 - Compaction started: 
140154966529600:Compacting sstable1/e3e96cd6-1422-4f16-8400-b5ab346d3436202605010126291777620394425243918.sst sstable1/8d46d65f-d0aa-4788-9fd7-225612378859202605010126291777620397505424538.sst into:sstable2/8d46d65f-d0aa-4788-9fd7-225612378859202605010126291777620405290429315.sst
2026-05-01 07:26:45:329 - Compaction completed: 
3004188:COMPACT_START sstable=1 input_files: "sstable1/1690b97a-8c99-4776-b75f-2e59693f4183202605010126291777620394669515000.sst" input_files: "sstable1/81c1ee96-568b-4c42-a6f8-d8dd5d730dc3202605010126291777620394720018835.sst" compactIntoNextLevel: true destinationLevel: 2
2026-05-01 07:26:45:370 - Compaction started: 
140154966529600:Compacting sstable1/1690b97a-8c99-4776-b75f-2e59693f4183202605010126291777620394669515000.sst sstable1/81c1ee96-568b-4c42-a6f8-d8dd5d730dc3202605010126291777620394720018835.sst into:sstable2/8d46d65f-d0aa-4788-9fd7-225612378859202605010126291777620405390228710.sst
2026-05-01 07:26:45:421 - Compaction completed: 
3004188:COMPACT_START sstable=1 input_files: "sstable1/8d46d65f-d0aa-4788-9fd7-225612378859202605010126291777620394858640476.sst" input_files: "sstable1/81c1ee96-568b-4c42-a6f8-d8dd5d730dc3202605010126291777620397979155287.sst" compactIntoNextLevel: true destinationLevel: 2
2026-05-01 07:26:45:472 - Compaction started: 
140154966529600:Compacting sstable1/8d46d65f-d0aa-4788-9fd7-225612378859202605010126291777620394858640476.sst sstable1/81c1ee96-568b-4c42-a6f8-d8dd5d730dc3202605010126291777620397979155287.sst into:sstable2/8d46d65f-d0aa-4788-9fd7-225612378859202605010126291777620405492778781.sst
2026-05-01 07:26:45:524 - Compaction completed: 
3004188:COMPACT_START sstable=1 input_files: "sstable1/1690b97a-8c99-4776-b75f-2e59693f4183202605010126291777620395177119369.sst" input_files: "sstable1/e3e96cd6-1422-4f16-8400-b5ab346d3436202605010126291777620395240927995.sst" compactIntoNextLevel: true destinationLevel: 2
2026-05-01 07:26:45:574 - Compaction started: 
140154966529600:Compacting sstable1/1690b97a-8c99-4776-b75f-2e59693f4183202605010126291777620395177119369.sst sstable1/e3e96cd6-1422-4f16-8400-b5ab346d3436202605010126291777620395240927995.sst into:sstable2/8d46d65f-d0aa-4788-9fd7-225612378859202605010126291777620405595834791.sst
2026-05-01 07:26:45:630 - Compaction completed: 
3004188:COMPACT_START sstable=1 input_files: "sstable1/8d46d65f-d0aa-4788-9fd7-225612378859202605010126291777620398426888793.sst" input_files: "sstable1/e3e96cd6-1422-4f16-8400-b5ab346d3436202605010126291777620395444577638.sst" compactIntoNextLevel: true destinationLevel: 2
2026-05-01 07:26:45:676 - Compaction started: 
140154966529600:Compacting sstable1/8d46d65f-d0aa-4788-9fd7-225612378859202605010126291777620398426888793.sst sstable1/e3e96cd6-1422-4f16-8400-b5ab346d3436202605010126291777620395444577638.sst into:sstable2/8d46d65f-d0aa-4788-9fd7-225612378859202605010126291777620405695946039.sst
2026-05-01 07:26:45:725 - Compaction completed: 
3004188:COMPACT_START sstable=1 input_files: "sstable1/81c1ee96-568b-4c42-a6f8-d8dd5d730dc3202605010126291777620401552855282.sst" input_files: "sstable1/8d46d65f-d0aa-4788-9fd7-225612378859202605010126291777620395571161553.sst" compactIntoNextLevel: true destinationLevel: 2
2026-05-01 07:26:45:778 - Compaction started: 
140154966529600:Compacting sstable1/81c1ee96-568b-4c42-a6f8-d8dd5d730dc3202605010126291777620401552855282.sst sstable1/8d46d65f-d0aa-4788-9fd7-225612378859202605010126291777620395571161553.sst into:sstable2/8d46d65f-d0aa-4788-9fd7-225612378859202605010126291777620405798468659.sst
2026-05-01 07:26:45:831 - Compaction completed: 
3004188:COMPACT_START sstable=1 input_files: "sstable1/1690b97a-8c99-4776-b75f-2e59693f4183202605010126291777620395686915196.sst" input_files: "sstable1/8d46d65f-d0aa-4788-9fd7-225612378859202605010126291777620398734808271.sst" compactIntoNextLevel: true destinationLevel: 2
2026-05-01 07:26:45:880 - Compaction started: 
140154966529600:Compacting sstable1/1690b97a-8c99-4776-b75f-2e59693f4183202605010126291777620395686915196.sst sstable1/8d46d65f-d0aa-4788-9fd7-225612378859202605010126291777620398734808271.sst into:sstable2/8d46d65f-d0aa-4788-9fd7-225612378859202605010126291777620405901707371.sst
2026-05-01 07:26:45:936 - Compaction completed: 
3004188:COMPACT_START sstable=1 input_files: "sstable1/8d46d65f-d0aa-4788-9fd7-225612378859202605010126291777620395774724214.sst" input_files: "sstable1/1690b97a-8c99-4776-b75f-2e59693f4183202605010126291777620395788510918.sst" compactIntoNextLevel: true destinationLevel: 2
2026-05-01 07:26:45:982 - Compaction started: 
140154966529600:Compacting sstable1/8d46d65f-d0aa-4788-9fd7-225612378859202605010126291777620395774724214.sst sstable1/1690b97a-8c99-4776-b75f-2e59693f4183202605010126291777620395788510918.sst into:sstable2/8d46d65f-d0aa-4788-9fd7-225612378859202605010126291777620406002877054.sst
2026-05-01 07:26:46:036 - Compaction completed: 
3004188:COMPACT_START sstable=1 input_files: "sstable1/81c1ee96-568b-4c42-a6f8-d8dd5d730dc3202605010126291777620396044880060.sst" input_files: "sstable1/1690b97a-8c99-4776-b75f-2e59693f4183202605010126291777620402219910699.sst" compactIntoNextLevel: true destinationLevel: 2
2026-05-01 07:26:46:083 - Compaction started: 
140154966529600:Compacting sstable1/81c1ee96-568b-4c42-a6f8-d8dd5d730dc3202605010126291777620396044880060.sst sstable1/1690b97a-8c99-4776-b75f-2e59693f4183202605010126291777620402219910699.sst into:sstable2/8d46d65f-d0aa-4788-9fd7-225612378859202605010126291777620406102089599.sst
2026-05-01 07:26:46:131 - Compaction completed: 
3004188:COMPACT_START sstable=1 input_files: "sstable1/8d46d65f-d0aa-4788-9fd7-225612378859202605010126291777620396284484644.sst" input_files: "sstable1/1690b97a-8c99-4776-b75f-2e59693f4183202605010126291777620396296940995.sst" compactIntoNextLevel: true destinationLevel: 2
2026-05-01 07:26:46:185 - Compaction started: 
140154966529600:Compacting sstable1/8d46d65f-d0aa-4788-9fd7-225612378859202605010126291777620396284484644.sst sstable1/1690b97a-8c99-4776-b75f-2e59693f4183202605010126291777620396296940995.sst into:sstable2/8d46d65f-d0aa-4788-9fd7-225612378859202605010126291777620406204320412.sst
2026-05-01 07:26:46:234 - Compaction completed: 
3004188:COMPACT_START sstable=1 input_files: "sstable1/1690b97a-8c99-4776-b75f-2e59693f4183202605010126291777620396500414608.sst" input_files: "sstable1/81c1ee96-568b-4c42-a6f8-d8dd5d730dc3202605010126291777620396553742277.sst" compactIntoNextLevel: true destinationLevel: 2
3004188:COMPACT_ABORT input_files: "sstable1/1690b97a-8c99-4776-b75f-2e59693f4183202605010126291777620396500414608.sst" input_files: "sstable1/81c1ee96-568b-4c42-a6f8-d8dd5d730dc3202605010126291777620396553742277.sst" compactIntoNextLevel: true destinationLevel: 2
3004188:COMPACT_START sstable=1 input_files: "sstable1/e3e96cd6-1422-4f16-8400-b5ab346d3436202605010126291777620396767711044.sst" input_files: "sstable1/8d46d65f-d0aa-4788-9fd7-225612378859202605010126291777620396792931332.sst" compactIntoNextLevel: true destinationLevel: 2
2026-05-01 07:26:46:388 - Compaction started: 
140154966529600:Compacting sstable1/e3e96cd6-1422-4f16-8400-b5ab346d3436202605010126291777620396767711044.sst sstable1/8d46d65f-d0aa-4788-9fd7-225612378859202605010126291777620396792931332.sst into:sstable2/8d46d65f-d0aa-4788-9fd7-225612378859202605010126291777620406407055641.sst
2026-05-01 07:26:46:437 - Compaction completed: 
3004188:COMPACT_START sstable=1 input_files: "sstable1/8d46d65f-d0aa-4788-9fd7-225612378859202605010126291777620396996403493.sst" input_files: "sstable1/81c1ee96-568b-4c42-a6f8-d8dd5d730dc3202605010126291777620397062972253.sst" compactIntoNextLevel: true destinationLevel: 2
2026-05-01 07:26:46:489 - Compaction started: 
140154966529600:Compacting sstable1/8d46d65f-d0aa-4788-9fd7-225612378859202605010126291777620396996403493.sst sstable1/81c1ee96-568b-4c42-a6f8-d8dd5d730dc3202605010126291777620397062972253.sst into:sstable2/8d46d65f-d0aa-4788-9fd7-225612378859202605010126291777620406509216772.sst
2026-05-01 07:26:46:541 - Compaction completed: 
3004188:COMPACT_START sstable=1 input_files: "sstable1/e3e96cd6-1422-4f16-8400-b5ab346d3436202605010126291777620397072067323.sst" input_files: "sstable1/1690b97a-8c99-4776-b75f-2e59693f4183202605010126291777620403138507167.sst" compactIntoNextLevel: true destinationLevel: 2
2026-05-01 07:26:46:591 - Compaction started: 
140154966529600:Compacting sstable1/e3e96cd6-1422-4f16-8400-b5ab346d3436202605010126291777620397072067323.sst sstable1/1690b97a-8c99-4776-b75f-2e59693f4183202605010126291777620403138507167.sst into:sstable2/8d46d65f-d0aa-4788-9fd7-225612378859202605010126291777620406610101342.sst
2026-05-01 07:26:46:641 - Compaction completed: 
3004188:COMPACT_START sstable=1 input_files: "sstable1/e3e96cd6-1422-4f16-8400-b5ab346d3436202605010126291777620397275844295.sst" input_files: "sstable1/1690b97a-8c99-4776-b75f-2e59693f4183202605010126291777620397313619789.sst" compactIntoNextLevel: true destinationLevel: 2
2026-05-01 07:26:46:696 - Compaction started: 
140154966529600:Compacting sstable1/e3e96cd6-1422-4f16-8400-b5ab346d3436202605010126291777620397275844295.sst sstable1/1690b97a-8c99-4776-b75f-2e59693f4183202605010126291777620397313619789.sst into:sstable2/8d46d65f-d0aa-4788-9fd7-225612378859202605010126291777620406715390117.sst
2026-05-01 07:26:46:745 - Compaction completed: 
3004188:COMPACT_START sstable=1 input_files: "sstable1/8d46d65f-d0aa-4788-9fd7-225612378859202605010126291777620397607043524.sst" input_files: "sstable1/81c1ee96-568b-4c42-a6f8-d8dd5d730dc3202605010126291777620397674464421.sst" compactIntoNextLevel: true destinationLevel: 2
2026-05-01 07:26:46:798 - Compaction started: 
140154966529600:Compacting sstable1/8d46d65f-d0aa-4788-9fd7-225612378859202605010126291777620397607043524.sst sstable1/81c1ee96-568b-4c42-a6f8-d8dd5d730dc3202605010126291777620397674464421.sst into:sstable2/8d46d65f-d0aa-4788-9fd7-225612378859202605010126291777620406817032616.sst
2026-05-01 07:26:46:847 - Compaction completed: 
3004188:COMPACT_START sstable=1 input_files: "sstable1/e3e96cd6-1422-4f16-8400-b5ab346d3436202605010126291777620400950245115.sst" input_files: "sstable1/e3e96cd6-1422-4f16-8400-b5ab346d3436202605010126291777620397988765502.sst" compactIntoNextLevel: true destinationLevel: 2
2026-05-01 07:26:46:900 - Compaction started: 
140154966529600:Compacting sstable1/e3e96cd6-1422-4f16-8400-b5ab346d3436202605010126291777620400950245115.sst sstable1/e3e96cd6-1422-4f16-8400-b5ab346d3436202605010126291777620397988765502.sst into:sstable2/8d46d65f-d0aa-4788-9fd7-225612378859202605010126291777620406919062963.sst
2026-05-01 07:26:46:949 - Compaction completed: 
3004188:COMPACT_START sstable=1 input_files: "sstable2/e3e96cd6-1422-4f16-8400-b5ab346d3436202605010126291777620402806955958.sst" input_files: "sstable2/1690b97a-8c99-4776-b75f-2e59693f4183202605010126291777620402856204831.sst" compactIntoNextLevel: false destinationLevel: 2
2026-05-01 07:26:47:003 - Compaction started: 
140154966529600:Compacting sstable2/e3e96cd6-1422-4f16-8400-b5ab346d3436202605010126291777620402806955958.sst sstable2/1690b97a-8c99-4776-b75f-2e59693f4183202605010126291777620402856204831.sst into:sstable2/0_8d46d65f-d0aa-4788-9fd7-225612378859202605010126291777620407054754291.sst
2026-05-01 07:26:47:129 - Compaction completed: 
3004188:Task input_files: "datalog/773" input_files: "datalog/774" compactIntoNextLevel: true destinationLevel: 1 is dead (hb=30)
3004188:Found dead task input_files: "datalog/773" input_files: "datalog/774" compactIntoNextLevel: true destinationLevel: 1
3004188:COMPACT_START sstable=0 input_files: "datalog/773" input_files: "datalog/774" compactIntoNextLevel: true destinationLevel: 1
2026-05-01 07:26:47:205 - Compaction started: 
140154966529600:Compacting datalog/773 datalog/774 into:sstable1/8d46d65f-d0aa-4788-9fd7-225612378859202605010126291777620407208423110.sst
2026-05-01 07:26:47:222 - Compaction completed: 
3004188:Task input_files: "sstable1/81c1ee96-568b-4c42-a6f8-d8dd5d730dc3202605010126291777620392980223011.sst" input_files: "sstable1/e3e96cd6-1422-4f16-8400-b5ab346d3436202605010126291777620392999346910.sst" compactIntoNextLevel: true destinationLevel: 2 is dead (hb=30)
3004188:Task input_files: "datalog/563" input_files: "datalog/564" compactIntoNextLevel: true destinationLevel: 1 is dead (hb=30)
3004188:Task input_files: "sstable1/81c1ee96-568b-4c42-a6f8-d8dd5d730dc3202605010126291777620399106761467.sst" input_files: "sstable1/1690b97a-8c99-4776-b75f-2e59693f4183202605010126291777620393035476018.sst" compactIntoNextLevel: true destinationLevel: 2 is dead (hb=30)
3004188:Found dead task input_files: "sstable1/81c1ee96-568b-4c42-a6f8-d8dd5d730dc3202605010126291777620399106761467.sst" input_files: "sstable1/1690b97a-8c99-4776-b75f-2e59693f4183202605010126291777620393035476018.sst" compactIntoNextLevel: true destinationLevel: 2
3004188:COMPACT_START sstable=1 input_files: "sstable1/81c1ee96-568b-4c42-a6f8-d8dd5d730dc3202605010126291777620399106761467.sst" input_files: "sstable1/1690b97a-8c99-4776-b75f-2e59693f4183202605010126291777620393035476018.sst" compactIntoNextLevel: true destinationLevel: 2
2026-05-01 07:26:47:315 - Compaction started: 
140154966529600:Compacting sstable1/81c1ee96-568b-4c42-a6f8-d8dd5d730dc3202605010126291777620399106761467.sst sstable1/1690b97a-8c99-4776-b75f-2e59693f4183202605010126291777620393035476018.sst into:sstable2/8d46d65f-d0aa-4788-9fd7-225612378859202605010126291777620407338423289.sst
2026-05-01 07:26:47:377 - Compaction completed: 
3004188:Task input_files: "sstable1/8d46d65f-d0aa-4788-9fd7-225612378859202605010126291777620393111718272.sst" input_files: "sstable1/1690b97a-8c99-4776-b75f-2e59693f4183202605010126291777620393138524453.sst" compactIntoNextLevel: true destinationLevel: 2 is dead (hb=30)
3004188:Found dead task input_files: "sstable1/8d46d65f-d0aa-4788-9fd7-225612378859202605010126291777620393111718272.sst" input_files: "sstable1/1690b97a-8c99-4776-b75f-2e59693f4183202605010126291777620393138524453.sst" compactIntoNextLevel: true destinationLevel: 2
3004188:COMPACT_START sstable=1 input_files: "sstable1/8d46d65f-d0aa-4788-9fd7-225612378859202605010126291777620393111718272.sst" input_files: "sstable1/1690b97a-8c99-4776-b75f-2e59693f4183202605010126291777620393138524453.sst" compactIntoNextLevel: true destinationLevel: 2
2026-05-01 07:26:47:416 - Compaction started: 
140154966529600:Compacting sstable1/8d46d65f-d0aa-4788-9fd7-225612378859202605010126291777620393111718272.sst sstable1/1690b97a-8c99-4776-b75f-2e59693f4183202605010126291777620393138524453.sst into:sstable2/8d46d65f-d0aa-4788-9fd7-225612378859202605010126291777620407439455815.sst
2026-05-01 07:26:47:476 - Compaction completed: 
3004188:COMPACT_START sstable=1 input_files: "sstable1/e3e96cd6-1422-4f16-8400-b5ab346d3436202605010126291777620398090496198.sst" input_files: "sstable1/e3e96cd6-1422-4f16-8400-b5ab346d3436202605010126291777620401256429219.sst" compactIntoNextLevel: true destinationLevel: 2
2026-05-01 07:26:47:535 - Compaction started: 
140154966529600:Compacting sstable1/e3e96cd6-1422-4f16-8400-b5ab346d3436202605010126291777620398090496198.sst sstable1/e3e96cd6-1422-4f16-8400-b5ab346d3436202605010126291777620401256429219.sst into:sstable2/8d46d65f-d0aa-4788-9fd7-225612378859202605010126291777620407554374002.sst
2026-05-01 07:26:47:584 - Compaction completed: 
3004188:Task input_files: "sstable1/1690b97a-8c99-4776-b75f-2e59693f4183202605010126291777620393342973345.sst" input_files: "sstable1/81c1ee96-568b-4c42-a6f8-d8dd5d730dc3202605010126291777620393389412220.sst" compactIntoNextLevel: true destinationLevel: 2 is dead (hb=30)
3004188:Found dead task input_files: "sstable1/1690b97a-8c99-4776-b75f-2e59693f4183202605010126291777620393342973345.sst" input_files: "sstable1/81c1ee96-568b-4c42-a6f8-d8dd5d730dc3202605010126291777620393389412220.sst" compactIntoNextLevel: true destinationLevel: 2
3004188:COMPACT_START sstable=1 input_files: "sstable1/1690b97a-8c99-4776-b75f-2e59693f4183202605010126291777620393342973345.sst" input_files: "sstable1/81c1ee96-568b-4c42-a6f8-d8dd5d730dc3202605010126291777620393389412220.sst" compactIntoNextLevel: true destinationLevel: 2
3004188:COMPACT_ABORT input_files: "sstable1/1690b97a-8c99-4776-b75f-2e59693f4183202605010126291777620393342973345.sst" input_files: "sstable1/81c1ee96-568b-4c42-a6f8-d8dd5d730dc3202605010126291777620393389412220.sst" compactIntoNextLevel: true destinationLevel: 2
3004188:COMPACT_START sstable=1 input_files: "sstable1/e3e96cd6-1422-4f16-8400-b5ab346d3436202605010126291777620404425853896.sst" input_files: "sstable1/e3e96cd6-1422-4f16-8400-b5ab346d3436202605010126291777620401358934787.sst" compactIntoNextLevel: true destinationLevel: 2
2026-05-01 07:26:47:637 - Compaction started: 
140154966529600:Compacting sstable1/e3e96cd6-1422-4f16-8400-b5ab346d3436202605010126291777620404425853896.sst sstable1/e3e96cd6-1422-4f16-8400-b5ab346d3436202605010126291777620401358934787.sst into:sstable2/8d46d65f-d0aa-4788-9fd7-225612378859202605010126291777620407656321172.sst
2026-05-01 07:26:47:703 - Compaction completed: 
3004188:COMPACT_START sstable=1 input_files: "sstable1/8d46d65f-d0aa-4788-9fd7-225612378859202605010126291777620398324750293.sst" input_files: "sstable1/1690b97a-8c99-4776-b75f-2e59693f4183202605010126291777620398345612631.sst" compactIntoNextLevel: true destinationLevel: 2
2026-05-01 07:26:47:740 - Compaction started: 
140154966529600:Compacting sstable1/8d46d65f-d0aa-4788-9fd7-225612378859202605010126291777620398324750293.sst sstable1/1690b97a-8c99-4776-b75f-2e59693f4183202605010126291777620398345612631.sst into:sstable2/8d46d65f-d0aa-4788-9fd7-225612378859202605010126291777620407759354450.sst
2026-05-01 07:26:47:790 - Compaction completed: 
3004188:COMPACT_START sstable=1 input_files: "sstable1/81c1ee96-568b-4c42-a6f8-d8dd5d730dc3202605010126291777620401655020401.sst" input_files: "sstable1/8d46d65f-d0aa-4788-9fd7-225612378859202605010126291777620398529569278.sst" compactIntoNextLevel: true destinationLevel: 2
2026-05-01 07:26:47:842 - Compaction started: 
140154966529600:Compacting sstable1/81c1ee96-568b-4c42-a6f8-d8dd5d730dc3202605010126291777620401655020401.sst sstable1/8d46d65f-d0aa-4788-9fd7-225612378859202605010126291777620398529569278.sst into:sstable2/8d46d65f-d0aa-4788-9fd7-225612378859202605010126291777620407861672496.sst
2026-05-01 07:26:47:892 - Compaction completed: 
3004188:Task input_files: "datalog/611" input_files: "datalog/612" compactIntoNextLevel: true destinationLevel: 1 is dead (hb=30)
3004188:Task input_files: "datalog/805" input_files: "datalog/806" compactIntoNextLevel: true destinationLevel: 1 is dead (hb=30)
3004188:Found dead task input_files: "datalog/805" input_files: "datalog/806" compactIntoNextLevel: true destinationLevel: 1
3004188:COMPACT_START sstable=0 input_files: "datalog/805" input_files: "datalog/806" compactIntoNextLevel: true destinationLevel: 1
3004188:COMPACT_ABORT input_files: "datalog/805" input_files: "datalog/806" compactIntoNextLevel: true destinationLevel: 1
3004188:COMPACT_START sstable=1 input_files: "sstable1/1690b97a-8c99-4776-b75f-2e59693f4183202605010126291777620398651664419.sst" input_files: "sstable1/81c1ee96-568b-4c42-a6f8-d8dd5d730dc3202605010126291777620404832210325.sst" compactIntoNextLevel: true destinationLevel: 2
2026-05-01 07:26:48:054 - Compaction started: 
140154966529600:Compacting sstable1/1690b97a-8c99-4776-b75f-2e59693f4183202605010126291777620398651664419.sst sstable1/81c1ee96-568b-4c42-a6f8-d8dd5d730dc3202605010126291777620404832210325.sst into:sstable2/8d46d65f-d0aa-4788-9fd7-225612378859202605010126291777620408074058306.sst
2026-05-01 07:26:48:105 - Compaction completed: 
3004188:COMPACT_START sstable=1 input_files: "sstable1/1690b97a-8c99-4776-b75f-2e59693f4183202605010126291777620398856920313.sst" input_files: "sstable1/1690b97a-8c99-4776-b75f-2e59693f4183202605010126291777620408000230808.sst" compactIntoNextLevel: true destinationLevel: 2
2026-05-01 07:26:48:158 - Compaction started: 
140154966529600:Compacting sstable1/1690b97a-8c99-4776-b75f-2e59693f4183202605010126291777620398856920313.sst sstable1/1690b97a-8c99-4776-b75f-2e59693f4183202605010126291777620408000230808.sst into:sstable2/8d46d65f-d0aa-4788-9fd7-225612378859202605010126291777620408175436059.sst
2026-05-01 07:26:48:205 - Compaction completed: 
3004188:Task input_files: "datalog/831" input_files: "datalog/832" compactIntoNextLevel: true destinationLevel: 1 is dead (hb=30)
3004188:Found dead task input_files: "datalog/831" input_files: "datalog/832" compactIntoNextLevel: true destinationLevel: 1
3004188:COMPACT_START sstable=0 input_files: "datalog/831" input_files: "datalog/832" compactIntoNextLevel: true destinationLevel: 1
3004188:COMPACT_ABORT input_files: "datalog/831" input_files: "datalog/832" compactIntoNextLevel: true destinationLevel: 1
3004188:COMPACT_START sstable=1 input_files: "sstable1/1690b97a-8c99-4776-b75f-2e59693f4183202605010126291777620399163890411.sst" input_files: "sstable1/1690b97a-8c99-4776-b75f-2e59693f4183202605010126291777620402321403688.sst" compactIntoNextLevel: true destinationLevel: 2
2026-05-01 07:26:48:262 - Compaction started: 
140154966529600:Compacting sstable1/1690b97a-8c99-4776-b75f-2e59693f4183202605010126291777620399163890411.sst sstable1/1690b97a-8c99-4776-b75f-2e59693f4183202605010126291777620402321403688.sst into:sstable2/8d46d65f-d0aa-4788-9fd7-225612378859202605010126291777620408281613400.sst
2026-05-01 07:26:48:312 - Compaction completed: 
3004188:COMPACT_START sstable=1 input_files: "sstable1/8d46d65f-d0aa-4788-9fd7-225612378859202605010126291777620399347599163.sst" input_files: "sstable1/1690b97a-8c99-4776-b75f-2e59693f4183202605010126291777620399366857906.sst" compactIntoNextLevel: true destinationLevel: 2
2026-05-01 07:26:48:366 - Compaction started: 
140154966529600:Compacting sstable1/8d46d65f-d0aa-4788-9fd7-225612378859202605010126291777620399347599163.sst sstable1/1690b97a-8c99-4776-b75f-2e59693f4183202605010126291777620399366857906.sst into:sstable2/8d46d65f-d0aa-4788-9fd7-225612378859202605010126291777620408385077985.sst
2026-05-01 07:26:48:414 - Compaction completed: 
3004188:COMPACT_START sstable=1 input_files: "sstable1/1690b97a-8c99-4776-b75f-2e59693f4183202605010126291777620399569991832.sst" input_files: "sstable1/81c1ee96-568b-4c42-a6f8-d8dd5d730dc3202605010126291777620399615164864.sst" compactIntoNextLevel: true destinationLevel: 2
2026-05-01 07:26:48:470 - Compaction started: 
140154966529600:Compacting sstable1/1690b97a-8c99-4776-b75f-2e59693f4183202605010126291777620399569991832.sst sstable1/81c1ee96-568b-4c42-a6f8-d8dd5d730dc3202605010126291777620399615164864.sst into:sstable2/8d46d65f-d0aa-4788-9fd7-225612378859202605010126291777620408488668978.sst
2026-05-01 07:26:48:517 - Compaction completed: 
3004188:COMPACT_START sstable=1 input_files: "sstable1/1690b97a-8c99-4776-b75f-2e59693f4183202605010126291777620399672110324.sst" input_files: "sstable1/81c1ee96-568b-4c42-a6f8-d8dd5d730dc3202605010126291777620399717562810.sst" compactIntoNextLevel: true destinationLevel: 2
3004188:COMPACT_ABORT input_files: "sstable1/1690b97a-8c99-4776-b75f-2e59693f4183202605010126291777620399672110324.sst" input_files: "sstable1/81c1ee96-568b-4c42-a6f8-d8dd5d730dc3202605010126291777620399717562810.sst" compactIntoNextLevel: true destinationLevel: 2
3004188:COMPACT_START sstable=1 input_files: "sstable1/e3e96cd6-1422-4f16-8400-b5ab346d3436202605010126291777620399828650155.sst" input_files: "sstable1/8d46d65f-d0aa-4788-9fd7-225612378859202605010126291777620399856937753.sst" compactIntoNextLevel: true destinationLevel: 2
3004188:COMPACT_ABORT input_files: "sstable1/e3e96cd6-1422-4f16-8400-b5ab346d3436202605010126291777620399828650155.sst" input_files: "sstable1/8d46d65f-d0aa-4788-9fd7-225612378859202605010126291777620399856937753.sst" compactIntoNextLevel: true destinationLevel: 2
3004188:COMPACT_START sstable=1 input_files: "sstable1/e3e96cd6-1422-4f16-8400-b5ab346d3436202605010126291777620400134433920.sst" input_files: "sstable1/8d46d65f-d0aa-4788-9fd7-225612378859202605010126291777620400163177653.sst" compactIntoNextLevel: true destinationLevel: 2
2026-05-01 07:26:48:779 - Compaction started: 
140154966529600:Compacting sstable1/e3e96cd6-1422-4f16-8400-b5ab346d3436202605010126291777620400134433920.sst sstable1/8d46d65f-d0aa-4788-9fd7-225612378859202605010126291777620400163177653.sst into:sstable2/8d46d65f-d0aa-4788-9fd7-225612378859202605010126291777620408799007881.sst
2026-05-01 07:26:48:829 - Compaction completed: 
3004188:COMPACT_START sstable=1 input_files: "sstable1/8d46d65f-d0aa-4788-9fd7-225612378859202605010126291777620400265115837.sst" input_files: "sstable1/1690b97a-8c99-4776-b75f-2e59693f4183202605010126291777620403344710617.sst" compactIntoNextLevel: true destinationLevel: 2
2026-05-01 07:26:48:883 - Compaction started: 
140154966529600:Compacting sstable1/8d46d65f-d0aa-4788-9fd7-225612378859202605010126291777620400265115837.sst sstable1/1690b97a-8c99-4776-b75f-2e59693f4183202605010126291777620403344710617.sst into:sstable2/8d46d65f-d0aa-4788-9fd7-225612378859202605010126291777620408901226060.sst
2026-05-01 07:26:48:930 - Compaction completed: 
3004188:COMPACT_START sstable=1 input_files: "sstable1/1690b97a-8c99-4776-b75f-2e59693f4183202605010126291777620400486836486.sst" input_files: "sstable1/81c1ee96-568b-4c42-a6f8-d8dd5d730dc3202605010126291777620400532746158.sst" compactIntoNextLevel: true destinationLevel: 2
2026-05-01 07:26:48:986 - Compaction started: 
140154966529600:Compacting sstable1/1690b97a-8c99-4776-b75f-2e59693f4183202605010126291777620400486836486.sst sstable1/81c1ee96-568b-4c42-a6f8-d8dd5d730dc3202605010126291777620400532746158.sst into:sstable2/8d46d65f-d0aa-4788-9fd7-225612378859202605010126291777620409005464426.sst
2026-05-01 07:26:49:036 - Compaction completed: 
3004188:COMPACT_START sstable=1 input_files: "sstable1/81c1ee96-568b-4c42-a6f8-d8dd5d730dc3202605010126291777620400838137176.sst" input_files: "sstable1/e3e96cd6-1422-4f16-8400-b5ab346d3436202605010126291777620400848390777.sst" compactIntoNextLevel: true destinationLevel: 2
2026-05-01 07:26:49:090 - Compaction started: 
140154966529600:Compacting sstable1/81c1ee96-568b-4c42-a6f8-d8dd5d730dc3202605010126291777620400838137176.sst sstable1/e3e96cd6-1422-4f16-8400-b5ab346d3436202605010126291777620400848390777.sst into:sstable2/8d46d65f-d0aa-4788-9fd7-225612378859202605010126291777620409108483446.sst
2026-05-01 07:26:49:136 - Compaction completed: 
3004188:COMPACT_START sstable=1 input_files: "sstable1/e3e96cd6-1422-4f16-8400-b5ab346d3436202605010126291777620401052122274.sst" input_files: "sstable1/8d46d65f-d0aa-4788-9fd7-225612378859202605010126291777620401079996828.sst" compactIntoNextLevel: true destinationLevel: 2
3004188:COMPACT_ABORT input_files: "sstable1/e3e96cd6-1422-4f16-8400-b5ab346d3436202605010126291777620401052122274.sst" input_files: "sstable1/8d46d65f-d0aa-4788-9fd7-225612378859202605010126291777620401079996828.sst" compactIntoNextLevel: true destinationLevel: 2
3004188:COMPACT_START sstable=1 input_files: "sstable1/8d46d65f-d0aa-4788-9fd7-225612378859202605010126291777620407208423110.sst" input_files: "sstable1/8d46d65f-d0aa-4788-9fd7-225612378859202605010126291777620401182294236.sst" compactIntoNextLevel: true destinationLevel: 2
2026-05-01 07:26:49:297 - Compaction started: 
140154966529600:Compacting sstable1/8d46d65f-d0aa-4788-9fd7-225612378859202605010126291777620407208423110.sst sstable1/8d46d65f-d0aa-4788-9fd7-225612378859202605010126291777620401182294236.sst into:sstable2/8d46d65f-d0aa-4788-9fd7-225612378859202605010126291777620409315064645.sst
2026-05-01 07:26:49:343 - Compaction completed: 
3004188:Task input_files: "sstable1/1690b97a-8c99-4776-b75f-2e59693f4183202605010126291777620396500414608.sst" input_files: "sstable1/81c1ee96-568b-4c42-a6f8-d8dd5d730dc3202605010126291777620396553742277.sst" compactIntoNextLevel: true destinationLevel: 2 is dead (hb=30)
3004188:Found dead task input_files: "sstable1/1690b97a-8c99-4776-b75f-2e59693f4183202605010126291777620396500414608.sst" input_files: "sstable1/81c1ee96-568b-4c42-a6f8-d8dd5d730dc3202605010126291777620396553742277.sst" compactIntoNextLevel: true destinationLevel: 2
3004188:COMPACT_START sstable=1 input_files: "sstable1/1690b97a-8c99-4776-b75f-2e59693f4183202605010126291777620396500414608.sst" input_files: "sstable1/81c1ee96-568b-4c42-a6f8-d8dd5d730dc3202605010126291777620396553742277.sst" compactIntoNextLevel: true destinationLevel: 2
3004188:COMPACT_ABORT input_files: "sstable1/1690b97a-8c99-4776-b75f-2e59693f4183202605010126291777620396500414608.sst" input_files: "sstable1/81c1ee96-568b-4c42-a6f8-d8dd5d730dc3202605010126291777620396553742277.sst" compactIntoNextLevel: true destinationLevel: 2
3004188:COMPACT_START sstable=1 input_files: "sstable1/8d46d65f-d0aa-4788-9fd7-225612378859202605010126291777620404352454992.sst" input_files: "sstable1/8d46d65f-d0aa-4788-9fd7-225612378859202605010126291777620401386690589.sst" compactIntoNextLevel: true destinationLevel: 2
2026-05-01 07:26:49:401 - Compaction started: 
140154966529600:Compacting sstable1/8d46d65f-d0aa-4788-9fd7-225612378859202605010126291777620404352454992.sst sstable1/8d46d65f-d0aa-4788-9fd7-225612378859202605010126291777620401386690589.sst into:sstable2/8d46d65f-d0aa-4788-9fd7-225612378859202605010126291777620409418728414.sst
2026-05-01 07:26:49:445 - Compaction completed: 
3004188:COMPACT_START sstable=1 input_files: "sstable2/e3e96cd6-1422-4f16-8400-b5ab346d3436202605010126291777620403011894407.sst" input_files: "sstable2/8d46d65f-d0aa-4788-9fd7-225612378859202605010126291777620403039761006.sst" compactIntoNextLevel: false destinationLevel: 2
2026-05-01 07:26:49:507 - Compaction started: 
140154966529600:Compacting sstable2/e3e96cd6-1422-4f16-8400-b5ab346d3436202605010126291777620403011894407.sst sstable2/8d46d65f-d0aa-4788-9fd7-225612378859202605010126291777620403039761006.sst into:sstable2/0_8d46d65f-d0aa-4788-9fd7-225612378859202605010126291777620409556438296.sst
2026-05-01 07:26:49:634 - Compaction completed: 
3004188:COMPACT_START sstable=1 input_files: "sstable2/81c1ee96-568b-4c42-a6f8-d8dd5d730dc3202605010126291777620403420714675.sst" input_files: "sstable2/e3e96cd6-1422-4f16-8400-b5ab346d3436202605010126291777620403421259646.sst" compactIntoNextLevel: false destinationLevel: 2
2026-05-01 07:26:49:713 - Compaction started: 
140154966529600:Compacting sstable2/81c1ee96-568b-4c42-a6f8-d8dd5d730dc3202605010126291777620403420714675.sst sstable2/e3e96cd6-1422-4f16-8400-b5ab346d3436202605010126291777620403421259646.sst into:sstable2/0_8d46d65f-d0aa-4788-9fd7-225612378859202605010126291777620409759733273.sst
2026-05-01 07:26:49:834 - Compaction completed: 
3004188:COMPACT_START sstable=1 input_files: "sstable2/e3e96cd6-1422-4f16-8400-b5ab346d3436202605010126291777620403625208020.sst" input_files: "sstable2/81c1ee96-568b-4c42-a6f8-d8dd5d730dc3202605010126291777620403628577937.sst" compactIntoNextLevel: false destinationLevel: 2
2026-05-01 07:26:49:922 - Compaction started: 
140154966529600:Compacting sstable2/e3e96cd6-1422-4f16-8400-b5ab346d3436202605010126291777620403625208020.sst sstable2/81c1ee96-568b-4c42-a6f8-d8dd5d730dc3202605010126291777620403628577937.sst into:sstable2/0_8d46d65f-d0aa-4788-9fd7-225612378859202605010126291777620409969791700.sst
2026-05-01 07:26:50:046 - Compaction completed: 
3004188:COMPACT_START sstable=1 input_files: "sstable2/81c1ee96-568b-4c42-a6f8-d8dd5d730dc3202605010126291777620403832883900.sst" input_files: "sstable2/8d46d65f-d0aa-4788-9fd7-225612378859202605010126291777620403859422319.sst" compactIntoNextLevel: false destinationLevel: 2
3004188:COMPACT_ABORT input_files: "sstable2/81c1ee96-568b-4c42-a6f8-d8dd5d730dc3202605010126291777620403832883900.sst" input_files: "sstable2/8d46d65f-d0aa-4788-9fd7-225612378859202605010126291777620403859422319.sst" compactIntoNextLevel: false destinationLevel: 2
3004188:COMPACT_START sstable=1 input_files: "sstable2/1690b97a-8c99-4776-b75f-2e59693f4183202605010126291777620403882673947.sst" input_files: "sstable2/81c1ee96-568b-4c42-a6f8-d8dd5d730dc3202605010126291777620403935621433.sst" compactIntoNextLevel: false destinationLevel: 2
2026-05-01 07:26:50:147 - Compaction started: 
140154966529600:Compacting sstable2/1690b97a-8c99-4776-b75f-2e59693f4183202605010126291777620403882673947.sst sstable2/81c1ee96-568b-4c42-a6f8-d8dd5d730dc3202605010126291777620403935621433.sst into:sstable2/0_8d46d65f-d0aa-4788-9fd7-225612378859202605010126291777620410191897952.sst
2026-05-01 07:26:50:262 - Compaction completed: 
3004188:COMPACT_START sstable=1 input_files: "sstable2/81c1ee96-568b-4c42-a6f8-d8dd5d730dc3202605010126291777620404243530040.sst" input_files: "sstable2/e3e96cd6-1422-4f16-8400-b5ab346d3436202605010126291777620407508003686.sst" compactIntoNextLevel: false destinationLevel: 2
2026-05-01 07:26:50:481 - Compaction started: 
140154966529600:Compacting sstable2/81c1ee96-568b-4c42-a6f8-d8dd5d730dc3202605010126291777620404243530040.sst sstable2/e3e96cd6-1422-4f16-8400-b5ab346d3436202605010126291777620407508003686.sst into:sstable2/0_8d46d65f-d0aa-4788-9fd7-225612378859202605010126291777620410528954030.sst
2026-05-01 07:26:50:601 - Compaction completed: 
3004188:Task input_files: "sstable1/8d46d65f-d0aa-4788-9fd7-225612378859202605010126291777620401284800404.sst" input_files: "sstable1/1690b97a-8c99-4776-b75f-2e59693f4183202605010126291777620407475951681.sst" compactIntoNextLevel: true destinationLevel: 2 is dead (hb=30)
3004188:Found dead task input_files: "sstable1/8d46d65f-d0aa-4788-9fd7-225612378859202605010126291777620401284800404.sst" input_files: "sstable1/1690b97a-8c99-4776-b75f-2e59693f4183202605010126291777620407475951681.sst" compactIntoNextLevel: true destinationLevel: 2
3004188:COMPACT_START sstable=1 input_files: "sstable1/8d46d65f-d0aa-4788-9fd7-225612378859202605010126291777620401284800404.sst" input_files: "sstable1/1690b97a-8c99-4776-b75f-2e59693f4183202605010126291777620407475951681.sst" compactIntoNextLevel: true destinationLevel: 2
2026-05-01 07:26:50:802 - Compaction started: 
140154966529600:Compacting sstable1/8d46d65f-d0aa-4788-9fd7-225612378859202605010126291777620401284800404.sst sstable1/1690b97a-8c99-4776-b75f-2e59693f4183202605010126291777620407475951681.sst into:sstable2/8d46d65f-d0aa-4788-9fd7-225612378859202605010126291777620410821619873.sst
2026-05-01 07:26:50:851 - Compaction completed: 
3004188:COMPACT_START sstable=1 input_files: "sstable2/e3e96cd6-1422-4f16-8400-b5ab346d3436202605010126291777620404647457897.sst" input_files: "sstable2/1690b97a-8c99-4776-b75f-2e59693f4183202605010126291777620407712064790.sst" compactIntoNextLevel: false destinationLevel: 2
2026-05-01 07:26:50:926 - Compaction started: 
140154966529600:Compacting sstable2/e3e96cd6-1422-4f16-8400-b5ab346d3436202605010126291777620404647457897.sst sstable2/1690b97a-8c99-4776-b75f-2e59693f4183202605010126291777620407712064790.sst into:sstable2/0_8d46d65f-d0aa-4788-9fd7-225612378859202605010126291777620410968118681.sst
2026-05-01 07:26:51:036 - Compaction completed: 
3004188:COMPACT_START sstable=1 input_files: "sstable1/8d46d65f-d0aa-4788-9fd7-225612378859202605010126291777620404454773098.sst" input_files: "sstable1/8d46d65f-d0aa-4788-9fd7-225612378859202605010126291777620401490264128.sst" compactIntoNextLevel: true destinationLevel: 2
2026-05-01 07:26:51:129 - Compaction started: 
140154966529600:Compacting sstable1/8d46d65f-d0aa-4788-9fd7-225612378859202605010126291777620404454773098.sst sstable1/8d46d65f-d0aa-4788-9fd7-225612378859202605010126291777620401490264128.sst into:sstable2/8d46d65f-d0aa-4788-9fd7-225612378859202605010126291777620411150654664.sst
2026-05-01 07:26:51:179 - Compaction completed: 
3004188:Task input_files: "sstable1/1690b97a-8c99-4776-b75f-2e59693f4183202605010126291777620402015378842.sst" input_files: "sstable1/8d46d65f-d0aa-4788-9fd7-225612378859202605010126291777620398940235817.sst" compactIntoNextLevel: true destinationLevel: 2 is dead (hb=30)
3004188:Task input_files: "datalog/831" input_files: "datalog/832" compactIntoNextLevel: true destinationLevel: 1 is dead (hb=30)
3004188:Found dead task input_files: "datalog/831" input_files: "datalog/832" compactIntoNextLevel: true destinationLevel: 1
3004188:COMPACT_START sstable=0 input_files: "datalog/831" input_files: "datalog/832" compactIntoNextLevel: true destinationLevel: 1
2026-05-01 07:26:51:230 - Compaction started: 
140154966529600:Compacting datalog/831 datalog/832 into:sstable1/8d46d65f-d0aa-4788-9fd7-225612378859202605010126291777620411233595295.sst
2026-05-01 07:26:51:246 - Compaction completed: 
3004188:COMPACT_START sstable=1 input_files: "sstable1/e3e96cd6-1422-4f16-8400-b5ab346d3436202605010126291777620404933666605.sst" input_files: "sstable1/8d46d65f-d0aa-4788-9fd7-225612378859202605010126291777620401896492026.sst" compactIntoNextLevel: true destinationLevel: 2
2026-05-01 07:26:51:332 - Compaction started: 
140154966529600:Compacting sstable1/e3e96cd6-1422-4f16-8400-b5ab346d3436202605010126291777620404933666605.sst sstable1/8d46d65f-d0aa-4788-9fd7-225612378859202605010126291777620401896492026.sst into:sstable2/8d46d65f-d0aa-4788-9fd7-225612378859202605010126291777620411350469759.sst
2026-05-01 07:26:51:377 - Compaction completed: 
3004188:Task input_files: "sstable1/81c1ee96-568b-4c42-a6f8-d8dd5d730dc3202605010126291777620399513268007.sst" input_files: "sstable1/e3e96cd6-1422-4f16-8400-b5ab346d3436202605010126291777620399522593649.sst" compactIntoNextLevel: true destinationLevel: 2 is dead (hb=30)
3004188:Found dead task input_files: "sstable1/81c1ee96-568b-4c42-a6f8-d8dd5d730dc3202605010126291777620399513268007.sst" input_files: "sstable1/e3e96cd6-1422-4f16-8400-b5ab346d3436202605010126291777620399522593649.sst" compactIntoNextLevel: true destinationLevel: 2
3004188:COMPACT_START sstable=1 input_files: "sstable1/81c1ee96-568b-4c42-a6f8-d8dd5d730dc3202605010126291777620399513268007.sst" input_files: "sstable1/e3e96cd6-1422-4f16-8400-b5ab346d3436202605010126291777620399522593649.sst" compactIntoNextLevel: true destinationLevel: 2
2026-05-01 07:26:51:434 - Compaction started: 
140154966529600:Compacting sstable1/81c1ee96-568b-4c42-a6f8-d8dd5d730dc3202605010126291777620399513268007.sst sstable1/e3e96cd6-1422-4f16-8400-b5ab346d3436202605010126291777620399522593649.sst into:sstable2/8d46d65f-d0aa-4788-9fd7-225612378859202605010126291777620411451759568.sst
2026-05-01 07:26:51:479 - Compaction completed: 
3004188:Task input_files: "sstable1/1690b97a-8c99-4776-b75f-2e59693f4183202605010126291777620399672110324.sst" input_files: "sstable1/81c1ee96-568b-4c42-a6f8-d8dd5d730dc3202605010126291777620399717562810.sst" compactIntoNextLevel: true destinationLevel: 2 is dead (hb=30)
3004188:Found dead task input_files: "sstable1/1690b97a-8c99-4776-b75f-2e59693f4183202605010126291777620399672110324.sst" input_files: "sstable1/81c1ee96-568b-4c42-a6f8-d8dd5d730dc3202605010126291777620399717562810.sst" compactIntoNextLevel: true destinationLevel: 2
3004188:COMPACT_START sstable=1 input_files: "sstable1/1690b97a-8c99-4776-b75f-2e59693f4183202605010126291777620399672110324.sst" input_files: "sstable1/81c1ee96-568b-4c42-a6f8-d8dd5d730dc3202605010126291777620399717562810.sst" compactIntoNextLevel: true destinationLevel: 2
2026-05-01 07:26:51:662 - Compaction started: 
140154966529600:Compacting sstable1/1690b97a-8c99-4776-b75f-2e59693f4183202605010126291777620399672110324.sst sstable1/81c1ee96-568b-4c42-a6f8-d8dd5d730dc3202605010126291777620399717562810.sst into:sstable2/8d46d65f-d0aa-4788-9fd7-225612378859202605010126291777620411681201872.sst
2026-05-01 07:26:51:708 - Compaction completed: 
3004188:Task input_files: "sstable1/e3e96cd6-1422-4f16-8400-b5ab346d3436202605010126291777620399828650155.sst" input_files: "sstable1/8d46d65f-d0aa-4788-9fd7-225612378859202605010126291777620399856937753.sst" compactIntoNextLevel: true destinationLevel: 2 is dead (hb=30)
3004188:Task input_files: "sstable1/8d46d65f-d0aa-4788-9fd7-225612378859202605010126291777620395468560517.sst" input_files: "sstable1/1690b97a-8c99-4776-b75f-2e59693f4183202605010126291777620395481775840.sst" compactIntoNextLevel: true destinationLevel: 2 is dead (hb=30)
3004188:Found dead task input_files: "sstable1/8d46d65f-d0aa-4788-9fd7-225612378859202605010126291777620395468560517.sst" input_files: "sstable1/1690b97a-8c99-4776-b75f-2e59693f4183202605010126291777620395481775840.sst" compactIntoNextLevel: true destinationLevel: 2
3004188:COMPACT_START sstable=1 input_files: "sstable1/8d46d65f-d0aa-4788-9fd7-225612378859202605010126291777620395468560517.sst" input_files: "sstable1/1690b97a-8c99-4776-b75f-2e59693f4183202605010126291777620395481775840.sst" compactIntoNextLevel: true destinationLevel: 2
3004188:COMPACT_ABORT input_files: "sstable1/8d46d65f-d0aa-4788-9fd7-225612378859202605010126291777620395468560517.sst" input_files: "sstable1/1690b97a-8c99-4776-b75f-2e59693f4183202605010126291777620395481775840.sst" compactIntoNextLevel: true destinationLevel: 2
3004188:Found dead task input_files: "sstable1/e3e96cd6-1422-4f16-8400-b5ab346d3436202605010126291777620399828650155.sst" input_files: "sstable1/8d46d65f-d0aa-4788-9fd7-225612378859202605010126291777620399856937753.sst" compactIntoNextLevel: true destinationLevel: 2
3004188:COMPACT_START sstable=1 input_files: "sstable1/e3e96cd6-1422-4f16-8400-b5ab346d3436202605010126291777620399828650155.sst" input_files: "sstable1/8d46d65f-d0aa-4788-9fd7-225612378859202605010126291777620399856937753.sst" compactIntoNextLevel: true destinationLevel: 2
2026-05-01 07:26:51:765 - Compaction started: 
140154966529600:Compacting sstable1/e3e96cd6-1422-4f16-8400-b5ab346d3436202605010126291777620399828650155.sst sstable1/8d46d65f-d0aa-4788-9fd7-225612378859202605010126291777620399856937753.sst into:sstable2/8d46d65f-d0aa-4788-9fd7-225612378859202605010126291777620411782296835.sst
2026-05-01 07:26:51:809 - Compaction completed: 
3004188:Task input_files: "sstable1/e3e96cd6-1422-4f16-8400-b5ab346d3436202605010126291777620400746813641.sst" input_files: "sstable1/8d46d65f-d0aa-4788-9fd7-225612378859202605010126291777620400774621500.sst" compactIntoNextLevel: true destinationLevel: 2 is dead (hb=30)
3004188:Found dead task input_files: "sstable1/e3e96cd6-1422-4f16-8400-b5ab346d3436202605010126291777620400746813641.sst" input_files: "sstable1/8d46d65f-d0aa-4788-9fd7-225612378859202605010126291777620400774621500.sst" compactIntoNextLevel: true destinationLevel: 2
3004188:COMPACT_START sstable=1 input_files: "sstable1/e3e96cd6-1422-4f16-8400-b5ab346d3436202605010126291777620400746813641.sst" input_files: "sstable1/8d46d65f-d0aa-4788-9fd7-225612378859202605010126291777620400774621500.sst" compactIntoNextLevel: true destinationLevel: 2
2026-05-01 07:26:52:119 - Compaction started: 
140154966529600:Compacting sstable1/e3e96cd6-1422-4f16-8400-b5ab346d3436202605010126291777620400746813641.sst sstable1/8d46d65f-d0aa-4788-9fd7-225612378859202605010126291777620400774621500.sst into:sstable2/8d46d65f-d0aa-4788-9fd7-225612378859202605010126291777620412135636388.sst
2026-05-01 07:26:52:161 - Compaction completed: 
3004188:Task input_files: "sstable1/1690b97a-8c99-4776-b75f-2e59693f4183202605010126291777620396500414608.sst" input_files: "sstable1/81c1ee96-568b-4c42-a6f8-d8dd5d730dc3202605010126291777620396553742277.sst" compactIntoNextLevel: true destinationLevel: 2 is dead (hb=30)
3004188:Task input_files: "sstable1/81c1ee96-568b-4c42-a6f8-d8dd5d730dc3202605010126291777620401143367824.sst" input_files: "sstable1/e3e96cd6-1422-4f16-8400-b5ab346d3436202605010126291777620401154011075.sst" compactIntoNextLevel: true destinationLevel: 2 is dead (hb=30)
3004188:Task input_files: "sstable1/e3e96cd6-1422-4f16-8400-b5ab346d3436202605010126291777620401052122274.sst" input_files: "sstable1/8d46d65f-d0aa-4788-9fd7-225612378859202605010126291777620401079996828.sst" compactIntoNextLevel: true destinationLevel: 2 is dead (hb=31)
3004188:Found dead task input_files: "sstable1/e3e96cd6-1422-4f16-8400-b5ab346d3436202605010126291777620401052122274.sst" input_files: "sstable1/8d46d65f-d0aa-4788-9fd7-225612378859202605010126291777620401079996828.sst" compactIntoNextLevel: true destinationLevel: 2
3004188:COMPACT_START sstable=1 input_files: "sstable1/e3e96cd6-1422-4f16-8400-b5ab346d3436202605010126291777620401052122274.sst" input_files: "sstable1/8d46d65f-d0aa-4788-9fd7-225612378859202605010126291777620401079996828.sst" compactIntoNextLevel: true destinationLevel: 2
2026-05-01 07:26:52:346 - Compaction started: 
140154966529600:Compacting sstable1/e3e96cd6-1422-4f16-8400-b5ab346d3436202605010126291777620401052122274.sst sstable1/8d46d65f-d0aa-4788-9fd7-225612378859202605010126291777620401079996828.sst into:sstable2/8d46d65f-d0aa-4788-9fd7-225612378859202605010126291777620412362991890.sst
2026-05-01 07:26:52:389 - Compaction completed: 
3004188:Found dead task input_files: "sstable1/1690b97a-8c99-4776-b75f-2e59693f4183202605010126291777620396500414608.sst" input_files: "sstable1/81c1ee96-568b-4c42-a6f8-d8dd5d730dc3202605010126291777620396553742277.sst" compactIntoNextLevel: true destinationLevel: 2
3004188:COMPACT_START sstable=1 input_files: "sstable1/1690b97a-8c99-4776-b75f-2e59693f4183202605010126291777620396500414608.sst" input_files: "sstable1/81c1ee96-568b-4c42-a6f8-d8dd5d730dc3202605010126291777620396553742277.sst" compactIntoNextLevel: true destinationLevel: 2
2026-05-01 07:26:52:448 - Compaction started: 
140154966529600:Compacting sstable1/1690b97a-8c99-4776-b75f-2e59693f4183202605010126291777620396500414608.sst sstable1/81c1ee96-568b-4c42-a6f8-d8dd5d730dc3202605010126291777620396553742277.sst into:sstable2/8d46d65f-d0aa-4788-9fd7-225612378859202605010126291777620412467494882.sst
2026-05-01 07:26:52:498 - Compaction completed: 
3004188:COMPACT_START sstable=1 input_files: "sstable2/e3e96cd6-1422-4f16-8400-b5ab346d3436202605010126291777620403421259646.sst" input_files: "sstable2/1690b97a-8c99-4776-b75f-2e59693f4183202605010126291777620406553169617.sst" compactIntoNextLevel: false destinationLevel: 2
2026-05-01 07:26:52:930 - Compaction started: 
140154966529600:Compacting sstable2/e3e96cd6-1422-4f16-8400-b5ab346d3436202605010126291777620403421259646.sst sstable2/1690b97a-8c99-4776-b75f-2e59693f4183202605010126291777620406553169617.sst into:sstable2/0_8d46d65f-d0aa-4788-9fd7-225612378859202605010126291777620412984821356.sst
2026-05-01 07:26:53:069 - Compaction completed: 
3004188:Task input_files: "sstable2/81c1ee96-568b-4c42-a6f8-d8dd5d730dc3202605010126291777620403832883900.sst" input_files: "sstable2/8d46d65f-d0aa-4788-9fd7-225612378859202605010126291777620403859422319.sst" compactIntoNextLevel: false destinationLevel: 2 is dead (hb=30)
3004188:Found dead task input_files: "sstable2/81c1ee96-568b-4c42-a6f8-d8dd5d730dc3202605010126291777620403832883900.sst" input_files: "sstable2/8d46d65f-d0aa-4788-9fd7-225612378859202605010126291777620403859422319.sst" compactIntoNextLevel: false destinationLevel: 2
3004188:COMPACT_START sstable=1 input_files: "sstable2/81c1ee96-568b-4c42-a6f8-d8dd5d730dc3202605010126291777620403832883900.sst" input_files: "sstable2/8d46d65f-d0aa-4788-9fd7-225612378859202605010126291777620403859422319.sst" compactIntoNextLevel: false destinationLevel: 2
2026-05-01 07:26:53:134 - Compaction started: 
140154966529600:Compacting sstable2/81c1ee96-568b-4c42-a6f8-d8dd5d730dc3202605010126291777620403832883900.sst sstable2/8d46d65f-d0aa-4788-9fd7-225612378859202605010126291777620403859422319.sst into:sstable2/8d46d65f-d0aa-4788-9fd7-225612378859202605010126291777620413183870194.sst
2026-05-01 07:26:53:259 - Compaction completed: 
3004188:Task input_files: "sstable1/81c1ee96-568b-4c42-a6f8-d8dd5d730dc3202605010126291777620405035761584.sst" input_files: "sstable1/e3e96cd6-1422-4f16-8400-b5ab346d3436202605010126291777620405035185123.sst" compactIntoNextLevel: true destinationLevel: 2 is dead (hb=30)
3004188:Found dead task input_files: "sstable1/81c1ee96-568b-4c42-a6f8-d8dd5d730dc3202605010126291777620405035761584.sst" input_files: "sstable1/e3e96cd6-1422-4f16-8400-b5ab346d3436202605010126291777620405035185123.sst" compactIntoNextLevel: true destinationLevel: 2
3004188:COMPACT_START sstable=1 input_files: "sstable1/81c1ee96-568b-4c42-a6f8-d8dd5d730dc3202605010126291777620405035761584.sst" input_files: "sstable1/e3e96cd6-1422-4f16-8400-b5ab346d3436202605010126291777620405035185123.sst" compactIntoNextLevel: true destinationLevel: 2
2026-05-01 07:26:54:473 - Compaction started: 
140154966529600:Compacting sstable1/81c1ee96-568b-4c42-a6f8-d8dd5d730dc3202605010126291777620405035761584.sst sstable1/e3e96cd6-1422-4f16-8400-b5ab346d3436202605010126291777620405035185123.sst into:sstable2/8d46d65f-d0aa-4788-9fd7-225612378859202605010126291777620414497218246.sst
2026-05-01 07:26:54:527 - Compaction completed: 
3004188:COMPACT_START sstable=1 input_files: "sstable2/e3e96cd6-1422-4f16-8400-b5ab346d3436202605010126291777620405262928011.sst" input_files: "sstable2/81c1ee96-568b-4c42-a6f8-d8dd5d730dc3202605010126291777620405257949228.sst" compactIntoNextLevel: false destinationLevel: 2
2026-05-01 07:26:54:607 - Compaction started: 
140154966529600:Compacting sstable2/e3e96cd6-1422-4f16-8400-b5ab346d3436202605010126291777620405262928011.sst sstable2/81c1ee96-568b-4c42-a6f8-d8dd5d730dc3202605010126291777620405257949228.sst into:sstable2/0_8d46d65f-d0aa-4788-9fd7-225612378859202605010126291777620414659787509.sst
2026-05-01 07:26:54:733 - Compaction completed: 
3004188:COMPACT_START sstable=1 input_files: "sstable2/8d46d65f-d0aa-4788-9fd7-225612378859202605010126291777620405390228710.sst" input_files: "sstable2/1690b97a-8c99-4776-b75f-2e59693f4183202605010126291777620405415595743.sst" compactIntoNextLevel: false destinationLevel: 2
2026-05-01 07:26:54:840 - Compaction started: 
140154966529600:Compacting sstable2/8d46d65f-d0aa-4788-9fd7-225612378859202605010126291777620405390228710.sst sstable2/1690b97a-8c99-4776-b75f-2e59693f4183202605010126291777620405415595743.sst into:sstable2/0_8d46d65f-d0aa-4788-9fd7-225612378859202605010126291777620414881987236.sst
2026-05-01 07:26:54:947 - Compaction completed: 
3004188:COMPACT_START sstable=1 input_files: "sstable2/8d46d65f-d0aa-4788-9fd7-225612378859202605010126291777620405595834791.sst" input_files: "sstable2/1690b97a-8c99-4776-b75f-2e59693f4183202605010126291777620405620007274.sst" compactIntoNextLevel: false destinationLevel: 2
2026-05-01 07:26:55:076 - Compaction started: 
140154966529600:Compacting sstable2/8d46d65f-d0aa-4788-9fd7-225612378859202605010126291777620405595834791.sst sstable2/1690b97a-8c99-4776-b75f-2e59693f4183202605010126291777620405620007274.sst into:sstable2/0_8d46d65f-d0aa-4788-9fd7-225612378859202605010126291777620415119590579.sst
2026-05-01 07:26:55:188 - Compaction completed: 
3004188:COMPACT_START sstable=1 input_files: "sstable2/e3e96cd6-1422-4f16-8400-b5ab346d3436202605010126291777620408946818077.sst" input_files: "sstable2/8d46d65f-d0aa-4788-9fd7-225612378859202605010126291777620405901707371.sst" compactIntoNextLevel: false destinationLevel: 2
3004188:COMPACT_ABORT input_files: "sstable2/e3e96cd6-1422-4f16-8400-b5ab346d3436202605010126291777620408946818077.sst" input_files: "sstable2/8d46d65f-d0aa-4788-9fd7-225612378859202605010126291777620405901707371.sst" compactIntoNextLevel: false destinationLevel: 2
3004188:COMPACT_START sstable=1 input_files: "sstable2/8d46d65f-d0aa-4788-9fd7-225612378859202605010126291777620406002877054.sst" input_files: "sstable2/1690b97a-8c99-4776-b75f-2e59693f4183202605010126291777620406033561396.sst" compactIntoNextLevel: false destinationLevel: 2
2026-05-01 07:26:55:355 - Compaction started: 
140154966529600:Compacting sstable2/8d46d65f-d0aa-4788-9fd7-225612378859202605010126291777620406002877054.sst sstable2/1690b97a-8c99-4776-b75f-2e59693f4183202605010126291777620406033561396.sst into:sstable2/0_8d46d65f-d0aa-4788-9fd7-225612378859202605010126291777620415399157136.sst
2026-05-01 07:26:55:469 - Compaction completed: 
3004188:COMPACT_START sstable=1 input_files: "sstable2/e3e96cd6-1422-4f16-8400-b5ab346d3436202605010126291777620409355930712.sst" input_files: "sstable2/8d46d65f-d0aa-4788-9fd7-225612378859202605010126291777620412467494882.sst" compactIntoNextLevel: false destinationLevel: 2
2026-05-01 07:26:55:603 - Compaction started: 
140154966529600:Compacting sstable2/e3e96cd6-1422-4f16-8400-b5ab346d3436202605010126291777620409355930712.sst sstable2/8d46d65f-d0aa-4788-9fd7-225612378859202605010126291777620412467494882.sst into:sstable2/0_8d46d65f-d0aa-4788-9fd7-225612378859202605010126291777620415641583851.sst
2026-05-01 07:26:55:704 - Compaction completed: 
3004188:COMPACT_START sstable=1 input_files: "sstable2/1690b97a-8c99-4776-b75f-2e59693f4183202605010126291777620406446141191.sst" input_files: "sstable2/81c1ee96-568b-4c42-a6f8-d8dd5d730dc3202605010126291777620406473554971.sst" compactIntoNextLevel: false destinationLevel: 2
2026-05-01 07:26:55:753 - Compaction started: 
140154966529600:Compacting sstable2/1690b97a-8c99-4776-b75f-2e59693f4183202605010126291777620406446141191.sst sstable2/81c1ee96-568b-4c42-a6f8-d8dd5d730dc3202605010126291777620406473554971.sst into:sstable2/0_8d46d65f-d0aa-4788-9fd7-225612378859202605010126291777620415791857906.sst
2026-05-01 07:26:55:854 - Compaction completed: 
3004188:COMPACT_START sstable=1 input_files: "sstable2/8d46d65f-d0aa-4788-9fd7-225612378859202605010126291777620406715390117.sst" input_files: "sstable2/1690b97a-8c99-4776-b75f-2e59693f4183202605010126291777620406761244796.sst" compactIntoNextLevel: false destinationLevel: 2
2026-05-01 07:26:55:905 - Compaction started: 
140154966529600:Compacting sstable2/8d46d65f-d0aa-4788-9fd7-225612378859202605010126291777620406715390117.sst sstable2/1690b97a-8c99-4776-b75f-2e59693f4183202605010126291777620406761244796.sst into:sstable2/0_8d46d65f-d0aa-4788-9fd7-225612378859202605010126291777620415943223817.sst
2026-05-01 07:26:56:004 - Compaction completed: 
3004188:COMPACT_START sstable=1 input_files: "sstable2/8d46d65f-d0aa-4788-9fd7-225612378859202605010126291777620407554374002.sst" input_files: "sstable2/1690b97a-8c99-4776-b75f-2e59693f4183202605010126291777620410739036943.sst" compactIntoNextLevel: false destinationLevel: 2
2026-05-01 07:26:56:062 - Compaction started: 
140154966529600:Compacting sstable2/8d46d65f-d0aa-4788-9fd7-225612378859202605010126291777620407554374002.sst sstable2/1690b97a-8c99-4776-b75f-2e59693f4183202605010126291777620410739036943.sst into:sstable2/0_8d46d65f-d0aa-4788-9fd7-225612378859202605010126291777620416100580940.sst
2026-05-01 07:26:56:162 - Compaction completed: 
3004188:COMPACT_START sstable=1 input_files: "sstable2/81c1ee96-568b-4c42-a6f8-d8dd5d730dc3202605010126291777620407818077151.sst" input_files: "sstable2/8d46d65f-d0aa-4788-9fd7-225612378859202605010126291777620407861672496.sst" compactIntoNextLevel: false destinationLevel: 2
3004188:COMPACT_ABORT input_files: "sstable2/81c1ee96-568b-4c42-a6f8-d8dd5d730dc3202605010126291777620407818077151.sst" input_files: "sstable2/8d46d65f-d0aa-4788-9fd7-225612378859202605010126291777620407861672496.sst" compactIntoNextLevel: false destinationLevel: 2
3004188:COMPACT_START sstable=1 input_files: "sstable2/1690b97a-8c99-4776-b75f-2e59693f4183202605010126291777620407914821099.sst" input_files: "sstable2/e3e96cd6-1422-4f16-8400-b5ab346d3436202605010126291777620407916063868.sst" compactIntoNextLevel: false destinationLevel: 2
2026-05-01 07:26:56:283 - Compaction started: 
140154966529600:Compacting sstable2/1690b97a-8c99-4776-b75f-2e59693f4183202605010126291777620407914821099.sst sstable2/e3e96cd6-1422-4f16-8400-b5ab346d3436202605010126291777620407916063868.sst into:sstable2/0_8d46d65f-d0aa-4788-9fd7-225612378859202605010126291777620416321952463.sst
2026-05-01 07:26:56:383 - Compaction completed: 
3004188:COMPACT_START sstable=1 input_files: "sstable2/e3e96cd6-1422-4f16-8400-b5ab346d3436202605010126291777620411203555944.sst" input_files: "sstable2/e3e96cd6-1422-4f16-8400-b5ab346d3436202605010126291777620408225595318.sst" compactIntoNextLevel: false destinationLevel: 2
2026-05-01 07:26:56:447 - Compaction started: 
140154966529600:Compacting sstable2/e3e96cd6-1422-4f16-8400-b5ab346d3436202605010126291777620411203555944.sst sstable2/e3e96cd6-1422-4f16-8400-b5ab346d3436202605010126291777620408225595318.sst into:sstable2/0_8d46d65f-d0aa-4788-9fd7-225612378859202605010126291777620416485464945.sst
2026-05-01 07:26:56:547 - Compaction completed: 
3004188:COMPACT_START sstable=1 input_files: "sstable2/8d46d65f-d0aa-4788-9fd7-225612378859202605010126291777620411451759568.sst" input_files: "sstable2/81c1ee96-568b-4c42-a6f8-d8dd5d730dc3202605010126291777620408443079686.sst" compactIntoNextLevel: false destinationLevel: 2
2026-05-01 07:26:56:615 - Compaction started: 
140154966529600:Compacting sstable2/8d46d65f-d0aa-4788-9fd7-225612378859202605010126291777620411451759568.sst sstable2/81c1ee96-568b-4c42-a6f8-d8dd5d730dc3202605010126291777620408443079686.sst into:sstable2/0_8d46d65f-d0aa-4788-9fd7-225612378859202605010126291777620416651178683.sst
2026-05-01 07:26:56:709 - Compaction completed: 
3004188:COMPACT_START sstable=1 input_files: "sstable2/81c1ee96-568b-4c42-a6f8-d8dd5d730dc3202605010126291777620403522990251.sst" input_files: "sstable2/81c1ee96-568b-4c42-a6f8-d8dd5d730dc3202605010126291777620406579036948.sst" compactIntoNextLevel: false destinationLevel: 2
2026-05-01 07:26:56:721 - Compaction started: 
140154966529600:Compacting sstable2/81c1ee96-568b-4c42-a6f8-d8dd5d730dc3202605010126291777620403522990251.sst sstable2/81c1ee96-568b-4c42-a6f8-d8dd5d730dc3202605010126291777620406579036948.sst into:sstable2/0_8d46d65f-d0aa-4788-9fd7-225612378859202605010126291777620416768205943.sst
2026-05-01 07:26:56:847 - Compaction completed: 
3004188:COMPACT_START sstable=1 input_files: "sstable2/1690b97a-8c99-4776-b75f-2e59693f4183202605010126291777620403677594283.sst" input_files: "sstable2/e3e96cd6-1422-4f16-8400-b5ab346d3436202605010126291777620403729966420.sst" compactIntoNextLevel: false destinationLevel: 2
3004188:COMPACT_ABORT input_files: "sstable2/1690b97a-8c99-4776-b75f-2e59693f4183202605010126291777620403677594283.sst" input_files: "sstable2/e3e96cd6-1422-4f16-8400-b5ab346d3436202605010126291777620403729966420.sst" compactIntoNextLevel: false destinationLevel: 2
3004188:COMPACT_START sstable=1 input_files: "sstable2/81c1ee96-568b-4c42-a6f8-d8dd5d730dc3202605010126291777620403733831085.sst" input_files: "sstable2/8d46d65f-d0aa-4788-9fd7-225612378859202605010126291777620403760233119.sst" compactIntoNextLevel: false destinationLevel: 2
3004188:COMPACT_ABORT input_files: "sstable2/81c1ee96-568b-4c42-a6f8-d8dd5d730dc3202605010126291777620403733831085.sst" input_files: "sstable2/8d46d65f-d0aa-4788-9fd7-225612378859202605010126291777620403760233119.sst" compactIntoNextLevel: false destinationLevel: 2
3004188:COMPACT_START sstable=1 input_files: "sstable2/e3e96cd6-1422-4f16-8400-b5ab346d3436202605010126291777620403830072460.sst" input_files: "sstable2/81c1ee96-568b-4c42-a6f8-d8dd5d730dc3202605010126291777620403832883900.sst" compactIntoNextLevel: false destinationLevel: 2
2026-05-01 07:26:56:949 - Compaction started: 
140154966529600:Compacting sstable2/e3e96cd6-1422-4f16-8400-b5ab346d3436202605010126291777620403830072460.sst sstable2/81c1ee96-568b-4c42-a6f8-d8dd5d730dc3202605010126291777620403832883900.sst into:sstable2/0_8d46d65f-d0aa-4788-9fd7-225612378859202605010126291777620416992617867.sst
2026-05-01 07:26:57:066 - Compaction completed: 
3004188:COMPACT_START sstable=1 input_files: "sstable2/8d46d65f-d0aa-4788-9fd7-225612378859202605010126291777620403964360016.sst" input_files: "sstable2/1690b97a-8c99-4776-b75f-2e59693f4183202605010126291777620407073540358.sst" compactIntoNextLevel: false destinationLevel: 2
2026-05-01 07:26:57:164 - Compaction started: 
140154966529600:Compacting sstable2/8d46d65f-d0aa-4788-9fd7-225612378859202605010126291777620403964360016.sst sstable2/1690b97a-8c99-4776-b75f-2e59693f4183202605010126291777620407073540358.sst into:sstable2/0_8d46d65f-d0aa-4788-9fd7-225612378859202605010126291777620417210672834.sst
2026-05-01 07:26:57:285 - Compaction completed: 
3004188:COMPACT_START sstable=1 input_files: "sstable2/0_e3e96cd6-1422-4f16-8400-b5ab346d3436202605010126291777620416881527767.sst" input_files: "sstable2/0_e3e96cd6-1422-4f16-8400-b5ab346d3436202605010126291777620412921268249.sst" compactIntoNextLevel: false destinationLevel: 2
2026-05-01 07:26:57:371 - Compaction started: 
140154966529600:Compacting sstable2/0_e3e96cd6-1422-4f16-8400-b5ab346d3436202605010126291777620416881527767.sst sstable2/0_e3e96cd6-1422-4f16-8400-b5ab346d3436202605010126291777620412921268249.sst into:sstable2/1_8d46d65f-d0aa-4788-9fd7-225612378859202605010126291777620417639680906.sst
2026-05-01 07:26:58:034 - Compaction completed: 
3004188:COMPACT_START sstable=1 input_files: "sstable2/81c1ee96-568b-4c42-a6f8-d8dd5d730dc3202605010126291777620404547000809.sst" input_files: "sstable2/e3e96cd6-1422-4f16-8400-b5ab346d3436202605010126291777620410651908601.sst" compactIntoNextLevel: false destinationLevel: 2
2026-05-01 07:26:58:097 - Compaction started: 
140154966529600:Compacting sstable2/81c1ee96-568b-4c42-a6f8-d8dd5d730dc3202605010126291777620404547000809.sst sstable2/e3e96cd6-1422-4f16-8400-b5ab346d3436202605010126291777620410651908601.sst into:sstable2/0_8d46d65f-d0aa-4788-9fd7-225612378859202605010126291777620418148654681.sst
2026-05-01 07:26:58:226 - Compaction completed: 
3004188:Task input_files: "sstable2/e3e96cd6-1422-4f16-8400-b5ab346d3436202605010126291777620408946818077.sst" input_files: "sstable2/8d46d65f-d0aa-4788-9fd7-225612378859202605010126291777620405901707371.sst" compactIntoNextLevel: false destinationLevel: 2 is dead (hb=30)
3004188:Found dead task input_files: "sstable2/e3e96cd6-1422-4f16-8400-b5ab346d3436202605010126291777620408946818077.sst" input_files: "sstable2/8d46d65f-d0aa-4788-9fd7-225612378859202605010126291777620405901707371.sst" compactIntoNextLevel: false destinationLevel: 2
3004188:COMPACT_START sstable=1 input_files: "sstable2/e3e96cd6-1422-4f16-8400-b5ab346d3436202605010126291777620408946818077.sst" input_files: "sstable2/8d46d65f-d0aa-4788-9fd7-225612378859202605010126291777620405901707371.sst" compactIntoNextLevel: false destinationLevel: 2
3004188:COMPACT_ABORT input_files: "sstable2/e3e96cd6-1422-4f16-8400-b5ab346d3436202605010126291777620408946818077.sst" input_files: "sstable2/8d46d65f-d0aa-4788-9fd7-225612378859202605010126291777620405901707371.sst" compactIntoNextLevel: false destinationLevel: 2
3004188:COMPACT_START sstable=1 input_files: "sstable2/1690b97a-8c99-4776-b75f-2e59693f4183202605010126291777620407712064790.sst" input_files: "sstable2/1690b97a-8c99-4776-b75f-2e59693f4183202605010126291777620404702868219.sst" compactIntoNextLevel: false destinationLevel: 2
3004188:COMPACT_ABORT input_files: "sstable2/1690b97a-8c99-4776-b75f-2e59693f4183202605010126291777620407712064790.sst" input_files: "sstable2/1690b97a-8c99-4776-b75f-2e59693f4183202605010126291777620404702868219.sst" compactIntoNextLevel: false destinationLevel: 2
3004188:COMPACT_START sstable=1 input_files: "sstable2/81c1ee96-568b-4c42-a6f8-d8dd5d730dc3202605010126291777620404951813363.sst" input_files: "sstable2/8d46d65f-d0aa-4788-9fd7-225612378859202605010126291777620404984251512.sst" compactIntoNextLevel: false destinationLevel: 2
3004188:COMPACT_ABORT input_files: "sstable2/81c1ee96-568b-4c42-a6f8-d8dd5d730dc3202605010126291777620404951813363.sst" input_files: "sstable2/8d46d65f-d0aa-4788-9fd7-225612378859202605010126291777620404984251512.sst" compactIntoNextLevel: false destinationLevel: 2
3004188:Task input_files: "sstable2/1690b97a-8c99-4776-b75f-2e59693f4183202605010126291777620406138194341.sst" input_files: "sstable2/e3e96cd6-1422-4f16-8400-b5ab346d3436202605010126291777620409253375362.sst" compactIntoNextLevel: false destinationLevel: 2 is dead (hb=30)
3004188:Task input_files: "sstable2/1690b97a-8c99-4776-b75f-2e59693f4183202605010126291777620405925706790.sst" input_files: "sstable2/81c1ee96-568b-4c42-a6f8-d8dd5d730dc3202605010126291777620405968507375.sst" compactIntoNextLevel: false destinationLevel: 2 is dead (hb=30)
3004188:Found dead task input_files: "sstable2/1690b97a-8c99-4776-b75f-2e59693f4183202605010126291777620405925706790.sst" input_files: "sstable2/81c1ee96-568b-4c42-a6f8-d8dd5d730dc3202605010126291777620405968507375.sst" compactIntoNextLevel: false destinationLevel: 2
3004188:COMPACT_START sstable=1 input_files: "sstable2/1690b97a-8c99-4776-b75f-2e59693f4183202605010126291777620405925706790.sst" input_files: "sstable2/81c1ee96-568b-4c42-a6f8-d8dd5d730dc3202605010126291777620405968507375.sst" compactIntoNextLevel: false destinationLevel: 2
3004188:COMPACT_ABORT input_files: "sstable2/1690b97a-8c99-4776-b75f-2e59693f4183202605010126291777620405925706790.sst" input_files: "sstable2/81c1ee96-568b-4c42-a6f8-d8dd5d730dc3202605010126291777620405968507375.sst" compactIntoNextLevel: false destinationLevel: 2
3004188:Found dead task input_files: "sstable2/1690b97a-8c99-4776-b75f-2e59693f4183202605010126291777620406138194341.sst" input_files: "sstable2/e3e96cd6-1422-4f16-8400-b5ab346d3436202605010126291777620409253375362.sst" compactIntoNextLevel: false destinationLevel: 2
3004188:COMPACT_START sstable=1 input_files: "sstable2/1690b97a-8c99-4776-b75f-2e59693f4183202605010126291777620406138194341.sst" input_files: "sstable2/e3e96cd6-1422-4f16-8400-b5ab346d3436202605010126291777620409253375362.sst" compactIntoNextLevel: false destinationLevel: 2
2026-05-01 07:26:58:543 - Compaction started: 
140154966529600:Compacting sstable2/1690b97a-8c99-4776-b75f-2e59693f4183202605010126291777620406138194341.sst sstable2/e3e96cd6-1422-4f16-8400-b5ab346d3436202605010126291777620409253375362.sst into:sstable2/8d46d65f-d0aa-4788-9fd7-225612378859202605010126291777620418589498169.sst
2026-05-01 07:26:58:661 - Compaction completed: 
3004188:COMPACT_START sstable=1 input_files: "sstable2/81c1ee96-568b-4c42-a6f8-d8dd5d730dc3202605010126291777620405257949228.sst" input_files: "sstable2/8d46d65f-d0aa-4788-9fd7-225612378859202605010126291777620405290429315.sst" compactIntoNextLevel: false destinationLevel: 2
2026-05-01 07:26:58:777 - Compaction started: 
140154966529600:Compacting sstable2/81c1ee96-568b-4c42-a6f8-d8dd5d730dc3202605010126291777620405257949228.sst sstable2/8d46d65f-d0aa-4788-9fd7-225612378859202605010126291777620405290429315.sst into:sstable2/0_8d46d65f-d0aa-4788-9fd7-225612378859202605010126291777620418827658015.sst
2026-05-01 07:26:58:905 - Compaction completed: 
3004188:COMPACT_START sstable=1 input_files: "sstable2/1690b97a-8c99-4776-b75f-2e59693f4183202605010126291777620405318754544.sst" input_files: "sstable2/e3e96cd6-1422-4f16-8400-b5ab346d3436202605010126291777620405357296135.sst" compactIntoNextLevel: false destinationLevel: 2
3004188:COMPACT_ABORT input_files: "sstable2/1690b97a-8c99-4776-b75f-2e59693f4183202605010126291777620405318754544.sst" input_files: "sstable2/e3e96cd6-1422-4f16-8400-b5ab346d3436202605010126291777620405357296135.sst" compactIntoNextLevel: false destinationLevel: 2
3004188:Task input_files: "sstable2/81c1ee96-568b-4c42-a6f8-d8dd5d730dc3202605010126291777620407818077151.sst" input_files: "sstable2/8d46d65f-d0aa-4788-9fd7-225612378859202605010126291777620407861672496.sst" compactIntoNextLevel: false destinationLevel: 2 is dead (hb=30)
3004188:Found dead task input_files: "sstable2/81c1ee96-568b-4c42-a6f8-d8dd5d730dc3202605010126291777620407818077151.sst" input_files: "sstable2/8d46d65f-d0aa-4788-9fd7-225612378859202605010126291777620407861672496.sst" compactIntoNextLevel: false destinationLevel: 2
3004188:COMPACT_START sstable=1 input_files: "sstable2/81c1ee96-568b-4c42-a6f8-d8dd5d730dc3202605010126291777620407818077151.sst" input_files: "sstable2/8d46d65f-d0aa-4788-9fd7-225612378859202605010126291777620407861672496.sst" compactIntoNextLevel: false destinationLevel: 2
2026-05-01 07:26:59:183 - Compaction started: 
140154966529600:Compacting sstable2/81c1ee96-568b-4c42-a6f8-d8dd5d730dc3202605010126291777620407818077151.sst sstable2/8d46d65f-d0aa-4788-9fd7-225612378859202605010126291777620407861672496.sst into:sstable2/8d46d65f-d0aa-4788-9fd7-225612378859202605010126291777620419229474854.sst
2026-05-01 07:26:59:296 - Compaction completed: 
3004188:COMPACT_START sstable=1 input_files: "sstable2/81c1ee96-568b-4c42-a6f8-d8dd5d730dc3202605010126291777620408548280756.sst" input_files: "sstable2/e3e96cd6-1422-4f16-8400-b5ab346d3436202605010126291777620405561998611.sst" compactIntoNextLevel: false destinationLevel: 2
2026-05-01 07:26:59:409 - Compaction started: 
140154966529600:Compacting sstable2/81c1ee96-568b-4c42-a6f8-d8dd5d730dc3202605010126291777620408548280756.sst sstable2/e3e96cd6-1422-4f16-8400-b5ab346d3436202605010126291777620405561998611.sst into:sstable2/0_8d46d65f-d0aa-4788-9fd7-225612378859202605010126291777620419454675837.sst
2026-05-01 07:26:59:527 - Compaction completed: 
3004188:COMPACT_START sstable=1 input_files: "sstable2/81c1ee96-568b-4c42-a6f8-d8dd5d730dc3202605010126291777620405764503768.sst" input_files: "sstable2/8d46d65f-d0aa-4788-9fd7-225612378859202605010126291777620405798468659.sst" compactIntoNextLevel: false destinationLevel: 2
2026-05-01 07:26:59:637 - Compaction started: 
140154966529600:Compacting sstable2/81c1ee96-568b-4c42-a6f8-d8dd5d730dc3202605010126291777620405764503768.sst sstable2/8d46d65f-d0aa-4788-9fd7-225612378859202605010126291777620405798468659.sst into:sstable2/0_8d46d65f-d0aa-4788-9fd7-225612378859202605010126291777620419680070474.sst
2026-05-01 07:26:59:749 - Compaction completed: 
3004188:COMPACT_START sstable=1 input_files: "sstable2/1690b97a-8c99-4776-b75f-2e59693f4183202605010126291777620406033561396.sst" input_files: "sstable2/81c1ee96-568b-4c42-a6f8-d8dd5d730dc3202605010126291777620406069381785.sst" compactIntoNextLevel: false destinationLevel: 2
3004188:COMPACT_ABORT input_files: "sstable2/1690b97a-8c99-4776-b75f-2e59693f4183202605010126291777620406033561396.sst" input_files: "sstable2/81c1ee96-568b-4c42-a6f8-d8dd5d730dc3202605010126291777620406069381785.sst" compactIntoNextLevel: false destinationLevel: 2
2026-05-01 07:26:59:879 30 sec: 117531 operations; 3917.57 current ops/sec; est completion in 2 days 22 hours [READ: Count=117545, Max=2099199, Min=32, Avg=252.96, 90=349, 99=417, 99.9=1549, 99.99=38303] 
3004188:Task input_files: "sstable2/81c1ee96-568b-4c42-a6f8-d8dd5d730dc3202605010126291777620403733831085.sst" input_files: "sstable2/8d46d65f-d0aa-4788-9fd7-225612378859202605010126291777620403760233119.sst" compactIntoNextLevel: false destinationLevel: 2 is dead (hb=30)
3004188:Task input_files: "sstable2/1690b97a-8c99-4776-b75f-2e59693f4183202605010126291777620403677594283.sst" input_files: "sstable2/e3e96cd6-1422-4f16-8400-b5ab346d3436202605010126291777620403729966420.sst" compactIntoNextLevel: false destinationLevel: 2 is dead (hb=30)
3004188:Found dead task input_files: "sstable2/1690b97a-8c99-4776-b75f-2e59693f4183202605010126291777620403677594283.sst" input_files: "sstable2/e3e96cd6-1422-4f16-8400-b5ab346d3436202605010126291777620403729966420.sst" compactIntoNextLevel: false destinationLevel: 2
3004188:COMPACT_START sstable=1 input_files: "sstable2/1690b97a-8c99-4776-b75f-2e59693f4183202605010126291777620403677594283.sst" input_files: "sstable2/e3e96cd6-1422-4f16-8400-b5ab346d3436202605010126291777620403729966420.sst" compactIntoNextLevel: false destinationLevel: 2
2026-05-01 07:26:59:968 - Compaction started: 
140154966529600:Compacting sstable2/1690b97a-8c99-4776-b75f-2e59693f4183202605010126291777620403677594283.sst sstable2/e3e96cd6-1422-4f16-8400-b5ab346d3436202605010126291777620403729966420.sst into:sstable2/8d46d65f-d0aa-4788-9fd7-225612378859202605010126291777620420022758108.sst
2026-05-01 07:27:00:106 - Compaction completed: 
3004188:COMPACT_START sstable=1 input_files: "sstable2/8d46d65f-d0aa-4788-9fd7-225612378859202605010126291777620406204320412.sst" input_files: "sstable2/1690b97a-8c99-4776-b75f-2e59693f4183202605010126291777620406241118103.sst" compactIntoNextLevel: false destinationLevel: 2
2026-05-01 07:27:00:200 - Compaction started: 
140154966529600:Compacting sstable2/8d46d65f-d0aa-4788-9fd7-225612378859202605010126291777620406204320412.sst sstable2/1690b97a-8c99-4776-b75f-2e59693f4183202605010126291777620406241118103.sst into:sstable2/0_8d46d65f-d0aa-4788-9fd7-225612378859202605010126291777620420241517215.sst
2026-05-01 07:27:00:305 - Compaction completed: 
3004188:COMPACT_START sstable=1 input_files: "sstable2/e3e96cd6-1422-4f16-8400-b5ab346d3436202605010126291777620408841783909.sst" input_files: "sstable2/e3e96cd6-1422-4f16-8400-b5ab346d3436202605010126291777620414972193427.sst" compactIntoNextLevel: false destinationLevel: 2
2026-05-01 07:27:00:359 - Compaction started: 
140154966529600:Compacting sstable2/e3e96cd6-1422-4f16-8400-b5ab346d3436202605010126291777620408841783909.sst sstable2/e3e96cd6-1422-4f16-8400-b5ab346d3436202605010126291777620414972193427.sst into:sstable2/0_8d46d65f-d0aa-4788-9fd7-225612378859202605010126291777620420396847579.sst
2026-05-01 07:27:00:457 - Compaction completed: 
3004188:COMPACT_START sstable=1 input_files: "sstable2/1690b97a-8c99-4776-b75f-2e59693f4183202605010126291777620412081338561.sst" input_files: "sstable2/81c1ee96-568b-4c42-a6f8-d8dd5d730dc3202605010126291777620408957072691.sst" compactIntoNextLevel: false destinationLevel: 2
3004188:COMPACT_ABORT input_files: "sstable2/1690b97a-8c99-4776-b75f-2e59693f4183202605010126291777620412081338561.sst" input_files: "sstable2/81c1ee96-568b-4c42-a6f8-d8dd5d730dc3202605010126291777620408957072691.sst" compactIntoNextLevel: false destinationLevel: 2
3004188:COMPACT_START sstable=1 input_files: "sstable2/8d46d65f-d0aa-4788-9fd7-225612378859202605010126291777620409108483446.sst" input_files: "sstable2/81c1ee96-568b-4c42-a6f8-d8dd5d730dc3202605010126291777620415252287393.sst" compactIntoNextLevel: false destinationLevel: 2
3004188:COMPACT_ABORT input_files: "sstable2/8d46d65f-d0aa-4788-9fd7-225612378859202605010126291777620409108483446.sst" input_files: "sstable2/81c1ee96-568b-4c42-a6f8-d8dd5d730dc3202605010126291777620415252287393.sst" compactIntoNextLevel: false destinationLevel: 2
3004188:COMPACT_START sstable=1 input_files: "sstable2/8d46d65f-d0aa-4788-9fd7-225612378859202605010126291777620412362991890.sst" input_files: "sstable2/1690b97a-8c99-4776-b75f-2e59693f4183202605010126291777620409260960441.sst" compactIntoNextLevel: false destinationLevel: 2
3004188:COMPACT_ABORT input_files: "sstable2/8d46d65f-d0aa-4788-9fd7-225612378859202605010126291777620412362991890.sst" input_files: "sstable2/1690b97a-8c99-4776-b75f-2e59693f4183202605010126291777620409260960441.sst" compactIntoNextLevel: false destinationLevel: 2
3004188:COMPACT_START sstable=1 input_files: "sstable2/e3e96cd6-1422-4f16-8400-b5ab346d3436202605010126291777620409456337716.sst" input_files: "sstable2/1690b97a-8c99-4776-b75f-2e59693f4183202605010126291777620409469129736.sst" compactIntoNextLevel: false destinationLevel: 2
2026-05-01 07:27:00:788 - Compaction started: 
140154966529600:Compacting sstable2/e3e96cd6-1422-4f16-8400-b5ab346d3436202605010126291777620409456337716.sst sstable2/1690b97a-8c99-4776-b75f-2e59693f4183202605010126291777620409469129736.sst into:sstable2/0_8d46d65f-d0aa-4788-9fd7-225612378859202605010126291777620420824722125.sst
2026-05-01 07:27:00:880 - Compaction completed: 
3004188:COMPACT_START sstable=1 input_files: "sstable2/1690b97a-8c99-4776-b75f-2e59693f4183202605010126291777620414369758769.sst" input_files: "sstable2/1690b97a-8c99-4776-b75f-2e59693f4183202605010126291777620411368939272.sst" compactIntoNextLevel: false destinationLevel: 2
2026-05-01 07:27:00:952 - Compaction started: 
140154966529600:Compacting sstable2/1690b97a-8c99-4776-b75f-2e59693f4183202605010126291777620414369758769.sst sstable2/1690b97a-8c99-4776-b75f-2e59693f4183202605010126291777620411368939272.sst into:sstable2/0_8d46d65f-d0aa-4788-9fd7-225612378859202605010126291777620420989621426.sst
2026-05-01 07:27:01:050 - Compaction completed: 
3004188:Task input_files: "sstable2/1690b97a-8c99-4776-b75f-2e59693f4183202605010126291777620407712064790.sst" input_files: "sstable2/1690b97a-8c99-4776-b75f-2e59693f4183202605010126291777620404702868219.sst" compactIntoNextLevel: false destinationLevel: 2 is dead (hb=30)
3004188:Task input_files: "sstable2/e3e96cd6-1422-4f16-8400-b5ab346d3436202605010126291777620408946818077.sst" input_files: "sstable2/8d46d65f-d0aa-4788-9fd7-225612378859202605010126291777620405901707371.sst" compactIntoNextLevel: false destinationLevel: 2 is dead (hb=31)
3004188:Found dead task input_files: "sstable2/e3e96cd6-1422-4f16-8400-b5ab346d3436202605010126291777620408946818077.sst" input_files: "sstable2/8d46d65f-d0aa-4788-9fd7-225612378859202605010126291777620405901707371.sst" compactIntoNextLevel: false destinationLevel: 2
3004188:COMPACT_START sstable=1 input_files: "sstable2/e3e96cd6-1422-4f16-8400-b5ab346d3436202605010126291777620408946818077.sst" input_files: "sstable2/8d46d65f-d0aa-4788-9fd7-225612378859202605010126291777620405901707371.sst" compactIntoNextLevel: false destinationLevel: 2
2026-05-01 07:27:01:384 - Compaction started: 
140154966529600:Compacting sstable2/e3e96cd6-1422-4f16-8400-b5ab346d3436202605010126291777620408946818077.sst sstable2/8d46d65f-d0aa-4788-9fd7-225612378859202605010126291777620405901707371.sst into:sstable2/8d46d65f-d0aa-4788-9fd7-225612378859202605010126291777620421428138072.sst
2026-05-01 07:27:01:496 - Compaction completed: 
3004188:Task input_files: "sstable2/81c1ee96-568b-4c42-a6f8-d8dd5d730dc3202605010126291777620404951813363.sst" input_files: "sstable2/8d46d65f-d0aa-4788-9fd7-225612378859202605010126291777620404984251512.sst" compactIntoNextLevel: false destinationLevel: 2 is dead (hb=30)
3004188:Task input_files: "sstable2/1690b97a-8c99-4776-b75f-2e59693f4183202605010126291777620405925706790.sst" input_files: "sstable2/81c1ee96-568b-4c42-a6f8-d8dd5d730dc3202605010126291777620405968507375.sst" compactIntoNextLevel: false destinationLevel: 2 is dead (hb=30)
3004188:Found dead task input_files: "sstable2/1690b97a-8c99-4776-b75f-2e59693f4183202605010126291777620405925706790.sst" input_files: "sstable2/81c1ee96-568b-4c42-a6f8-d8dd5d730dc3202605010126291777620405968507375.sst" compactIntoNextLevel: false destinationLevel: 2
3004188:COMPACT_START sstable=1 input_files: "sstable2/1690b97a-8c99-4776-b75f-2e59693f4183202605010126291777620405925706790.sst" input_files: "sstable2/81c1ee96-568b-4c42-a6f8-d8dd5d730dc3202605010126291777620405968507375.sst" compactIntoNextLevel: false destinationLevel: 2
2026-05-01 07:27:01:586 - Compaction started: 
140154966529600:Compacting sstable2/1690b97a-8c99-4776-b75f-2e59693f4183202605010126291777620405925706790.sst sstable2/81c1ee96-568b-4c42-a6f8-d8dd5d730dc3202605010126291777620405968507375.sst into:sstable2/8d46d65f-d0aa-4788-9fd7-225612378859202605010126291777620421630978899.sst
2026-05-01 07:27:01:701 - Compaction completed: 
3004188:Task input_files: "sstable2/8d46d65f-d0aa-4788-9fd7-225612378859202605010126291777620408281613400.sst" input_files: "sstable2/e3e96cd6-1422-4f16-8400-b5ab346d3436202605010126291777620408327189998.sst" compactIntoNextLevel: false destinationLevel: 2 is dead (hb=30)
3004188:Found dead task input_files: "sstable2/8d46d65f-d0aa-4788-9fd7-225612378859202605010126291777620408281613400.sst" input_files: "sstable2/e3e96cd6-1422-4f16-8400-b5ab346d3436202605010126291777620408327189998.sst" compactIntoNextLevel: false destinationLevel: 2
3004188:COMPACT_START sstable=1 input_files: "sstable2/8d46d65f-d0aa-4788-9fd7-225612378859202605010126291777620408281613400.sst" input_files: "sstable2/e3e96cd6-1422-4f16-8400-b5ab346d3436202605010126291777620408327189998.sst" compactIntoNextLevel: false destinationLevel: 2
2026-05-01 07:27:02:614 - Compaction started: 
140154966529600:Compacting sstable2/8d46d65f-d0aa-4788-9fd7-225612378859202605010126291777620408281613400.sst sstable2/e3e96cd6-1422-4f16-8400-b5ab346d3436202605010126291777620408327189998.sst into:sstable2/8d46d65f-d0aa-4788-9fd7-225612378859202605010126291777620422654989947.sst
2026-05-01 07:27:02:715 - Compaction completed: 
3004188:Task input_files: "sstable2/1690b97a-8c99-4776-b75f-2e59693f4183202605010126291777620406033561396.sst" input_files: "sstable2/81c1ee96-568b-4c42-a6f8-d8dd5d730dc3202605010126291777620406069381785.sst" compactIntoNextLevel: false destinationLevel: 2 is dead (hb=31)
3004188:Found dead task input_files: "sstable2/1690b97a-8c99-4776-b75f-2e59693f4183202605010126291777620406033561396.sst" input_files: "sstable2/81c1ee96-568b-4c42-a6f8-d8dd5d730dc3202605010126291777620406069381785.sst" compactIntoNextLevel: false destinationLevel: 2
3004188:COMPACT_START sstable=1 input_files: "sstable2/1690b97a-8c99-4776-b75f-2e59693f4183202605010126291777620406033561396.sst" input_files: "sstable2/81c1ee96-568b-4c42-a6f8-d8dd5d730dc3202605010126291777620406069381785.sst" compactIntoNextLevel: false destinationLevel: 2
3004188:COMPACT_ABORT input_files: "sstable2/1690b97a-8c99-4776-b75f-2e59693f4183202605010126291777620406033561396.sst" input_files: "sstable2/81c1ee96-568b-4c42-a6f8-d8dd5d730dc3202605010126291777620406069381785.sst" compactIntoNextLevel: false destinationLevel: 2
3004188:Task input_files: "sstable2/8d46d65f-d0aa-4788-9fd7-225612378859202605010126291777620409108483446.sst" input_files: "sstable2/81c1ee96-568b-4c42-a6f8-d8dd5d730dc3202605010126291777620415252287393.sst" compactIntoNextLevel: false destinationLevel: 2 is dead (hb=30)
3004188:Task input_files: "sstable2/8d46d65f-d0aa-4788-9fd7-225612378859202605010126291777620412362991890.sst" input_files: "sstable2/1690b97a-8c99-4776-b75f-2e59693f4183202605010126291777620409260960441.sst" compactIntoNextLevel: false destinationLevel: 2 is dead (hb=30)
3004188:Task input_files: "sstable2/1690b97a-8c99-4776-b75f-2e59693f4183202605010126291777620412081338561.sst" input_files: "sstable2/81c1ee96-568b-4c42-a6f8-d8dd5d730dc3202605010126291777620408957072691.sst" compactIntoNextLevel: false destinationLevel: 2 is dead (hb=31)
3004188:Found dead task input_files: "sstable2/1690b97a-8c99-4776-b75f-2e59693f4183202605010126291777620412081338561.sst" input_files: "sstable2/81c1ee96-568b-4c42-a6f8-d8dd5d730dc3202605010126291777620408957072691.sst" compactIntoNextLevel: false destinationLevel: 2
3004188:COMPACT_START sstable=1 input_files: "sstable2/1690b97a-8c99-4776-b75f-2e59693f4183202605010126291777620412081338561.sst" input_files: "sstable2/81c1ee96-568b-4c42-a6f8-d8dd5d730dc3202605010126291777620408957072691.sst" compactIntoNextLevel: false destinationLevel: 2
2026-05-01 07:27:03:680 - Compaction started: 
140154966529600:Compacting sstable2/1690b97a-8c99-4776-b75f-2e59693f4183202605010126291777620412081338561.sst sstable2/81c1ee96-568b-4c42-a6f8-d8dd5d730dc3202605010126291777620408957072691.sst into:sstable2/8d46d65f-d0aa-4788-9fd7-225612378859202605010126291777620423722092635.sst
2026-05-01 07:27:03:783 - Compaction completed: 
3004188:Task input_files: "sstable2/1690b97a-8c99-4776-b75f-2e59693f4183202605010126291777620409364629189.sst" input_files: "sstable2/8d46d65f-d0aa-4788-9fd7-225612378859202605010126291777620409418728414.sst" compactIntoNextLevel: false destinationLevel: 2 is dead (hb=30)
3004188:Found dead task input_files: "sstable2/1690b97a-8c99-4776-b75f-2e59693f4183202605010126291777620409364629189.sst" input_files: "sstable2/8d46d65f-d0aa-4788-9fd7-225612378859202605010126291777620409418728414.sst" compactIntoNextLevel: false destinationLevel: 2
3004188:COMPACT_START sstable=1 input_files: "sstable2/1690b97a-8c99-4776-b75f-2e59693f4183202605010126291777620409364629189.sst" input_files: "sstable2/8d46d65f-d0aa-4788-9fd7-225612378859202605010126291777620409418728414.sst" compactIntoNextLevel: false destinationLevel: 2
2026-05-01 07:27:03:862 - Compaction started: 
140154966529600:Compacting sstable2/1690b97a-8c99-4776-b75f-2e59693f4183202605010126291777620409364629189.sst sstable2/8d46d65f-d0aa-4788-9fd7-225612378859202605010126291777620409418728414.sst into:sstable2/8d46d65f-d0aa-4788-9fd7-225612378859202605010126291777620423901189551.sst
2026-05-01 07:27:03:957 - Compaction completed: 
3004188:COMPACT_START sstable=1 input_files: "sstable2/81c1ee96-568b-4c42-a6f8-d8dd5d730dc3202605010126291777620406372845500.sst" input_files: "sstable2/e3e96cd6-1422-4f16-8400-b5ab346d3436202605010126291777620406375978483.sst" compactIntoNextLevel: false destinationLevel: 2
2026-05-01 07:27:04:053 - Compaction started: 
140154966529600:Compacting sstable2/81c1ee96-568b-4c42-a6f8-d8dd5d730dc3202605010126291777620406372845500.sst sstable2/e3e96cd6-1422-4f16-8400-b5ab346d3436202605010126291777620406375978483.sst into:sstable2/0_8d46d65f-d0aa-4788-9fd7-225612378859202605010126291777620424098809792.sst
2026-05-01 07:27:04:165 - Compaction completed: 
3004188:COMPACT_START sstable=1 input_files: "sstable2/8d46d65f-d0aa-4788-9fd7-225612378859202605010126291777620406509216772.sst" input_files: "sstable2/8d46d65f-d0aa-4788-9fd7-225612378859202605010126291777620406610101342.sst" compactIntoNextLevel: false destinationLevel: 2
3004188:COMPACT_ABORT input_files: "sstable2/8d46d65f-d0aa-4788-9fd7-225612378859202605010126291777620406509216772.sst" input_files: "sstable2/8d46d65f-d0aa-4788-9fd7-225612378859202605010126291777620406610101342.sst" compactIntoNextLevel: false destinationLevel: 2
3004188:COMPACT_START sstable=1 input_files: "sstable2/e3e96cd6-1422-4f16-8400-b5ab346d3436202605010126291777620406690043481.sst" input_files: "sstable2/8d46d65f-d0aa-4788-9fd7-225612378859202605010126291777620406715390117.sst" compactIntoNextLevel: false destinationLevel: 2
3004188:COMPACT_ABORT input_files: "sstable2/e3e96cd6-1422-4f16-8400-b5ab346d3436202605010126291777620406690043481.sst" input_files: "sstable2/8d46d65f-d0aa-4788-9fd7-225612378859202605010126291777620406715390117.sst" compactIntoNextLevel: false destinationLevel: 2
3004188:COMPACT_START sstable=1 input_files: "sstable2/e3e96cd6-1422-4f16-8400-b5ab346d3436202605010126291777620406796116357.sst" input_files: "sstable2/8d46d65f-d0aa-4788-9fd7-225612378859202605010126291777620406817032616.sst" compactIntoNextLevel: false destinationLevel: 2
2026-05-01 07:27:04:466 - Compaction started: 
140154966529600:Compacting sstable2/e3e96cd6-1422-4f16-8400-b5ab346d3436202605010126291777620406796116357.sst sstable2/8d46d65f-d0aa-4788-9fd7-225612378859202605010126291777620406817032616.sst into:sstable2/0_8d46d65f-d0aa-4788-9fd7-225612378859202605010126291777620424507279271.sst
2026-05-01 07:27:04:571 - Compaction completed: 
3004188:COMPACT_START sstable=1 input_files: "sstable2/1690b97a-8c99-4776-b75f-2e59693f4183202605010126291777620406864477907.sst" input_files: "sstable2/81c1ee96-568b-4c42-a6f8-d8dd5d730dc3202605010126291777620406891303936.sst" compactIntoNextLevel: false destinationLevel: 2
2026-05-01 07:27:04:610 - Compaction started: 
140154966529600:Compacting sstable2/1690b97a-8c99-4776-b75f-2e59693f4183202605010126291777620406864477907.sst sstable2/81c1ee96-568b-4c42-a6f8-d8dd5d730dc3202605010126291777620406891303936.sst into:sstable2/0_8d46d65f-d0aa-4788-9fd7-225612378859202605010126291777620424651400512.sst
2026-05-01 07:27:04:716 - Compaction completed: 
3004188:COMPACT_START sstable=1 input_files: "sstable2/1690b97a-8c99-4776-b75f-2e59693f4183202605010126291777620406966941517.sst" input_files: "sstable2/8d46d65f-d0aa-4788-9fd7-225612378859202605010126291777620407554374002.sst" compactIntoNextLevel: false destinationLevel: 2
2026-05-01 07:27:04:756 - Compaction started: 
140154966529600:Compacting sstable2/1690b97a-8c99-4776-b75f-2e59693f4183202605010126291777620406966941517.sst sstable2/8d46d65f-d0aa-4788-9fd7-225612378859202605010126291777620407554374002.sst into:sstable2/0_8d46d65f-d0aa-4788-9fd7-225612378859202605010126291777620424799256514.sst
2026-05-01 07:27:04:864 - Compaction completed: 
3004188:COMPACT_START sstable=1 input_files: "sstable2/8d46d65f-d0aa-4788-9fd7-225612378859202605010126291777620407759354450.sst" input_files: "sstable2/e3e96cd6-1422-4f16-8400-b5ab346d3436202605010126291777620407813060006.sst" compactIntoNextLevel: false destinationLevel: 2
2026-05-01 07:27:04:999 - Compaction started: 
140154966529600:Compacting sstable2/8d46d65f-d0aa-4788-9fd7-225612378859202605010126291777620407759354450.sst sstable2/e3e96cd6-1422-4f16-8400-b5ab346d3436202605010126291777620407813060006.sst into:sstable2/0_8d46d65f-d0aa-4788-9fd7-225612378859202605010126291777620425042124175.sst
2026-05-01 07:27:05:107 - Compaction completed: 
3004188:COMPACT_START sstable=1 input_files: "sstable2/1690b97a-8c99-4776-b75f-2e59693f4183202605010126291777620411164754356.sst" input_files: "sstable2/8d46d65f-d0aa-4788-9fd7-225612378859202605010126291777620408175436059.sst" compactIntoNextLevel: false destinationLevel: 2
3004188:COMPACT_ABORT input_files: "sstable2/1690b97a-8c99-4776-b75f-2e59693f4183202605010126291777620411164754356.sst" input_files: "sstable2/8d46d65f-d0aa-4788-9fd7-225612378859202605010126291777620408175436059.sst" compactIntoNextLevel: false destinationLevel: 2
3004188:COMPACT_START sstable=1 input_files: "sstable2/e3e96cd6-1422-4f16-8400-b5ab346d3436202605010126291777620408225595318.sst" input_files: "sstable2/8d46d65f-d0aa-4788-9fd7-225612378859202605010126291777620408281613400.sst" compactIntoNextLevel: false destinationLevel: 2
2026-05-01 07:27:05:391 - Compaction started: 
140154966529600:Compacting sstable2/e3e96cd6-1422-4f16-8400-b5ab346d3436202605010126291777620408225595318.sst sstable2/8d46d65f-d0aa-4788-9fd7-225612378859202605010126291777620408281613400.sst into:sstable2/0_8d46d65f-d0aa-4788-9fd7-225612378859202605010126291777620425430716312.sst
2026-05-01 07:27:05:496 - Compaction completed: 
3004188:COMPACT_START sstable=1 input_files: "sstable2/1690b97a-8c99-4776-b75f-2e59693f4183202605010126291777620408435277820.sst" input_files: "sstable2/8d46d65f-d0aa-4788-9fd7-225612378859202605010126291777620411451759568.sst" compactIntoNextLevel: false destinationLevel: 2
3004188:COMPACT_ABORT input_files: "sstable2/1690b97a-8c99-4776-b75f-2e59693f4183202605010126291777620408435277820.sst" input_files: "sstable2/8d46d65f-d0aa-4788-9fd7-225612378859202605010126291777620411451759568.sst" compactIntoNextLevel: false destinationLevel: 2
3004188:COMPACT_START sstable=1 input_files: "sstable2/1690b97a-8c99-4776-b75f-2e59693f4183202605010126291777620408642526290.sst" input_files: "sstable2/81c1ee96-568b-4c42-a6f8-d8dd5d730dc3202605010126291777620408647908319.sst" compactIntoNextLevel: false destinationLevel: 2
2026-05-01 07:27:05:694 - Compaction started: 
140154966529600:Compacting sstable2/1690b97a-8c99-4776-b75f-2e59693f4183202605010126291777620408642526290.sst sstable2/81c1ee96-568b-4c42-a6f8-d8dd5d730dc3202605010126291777620408647908319.sst into:sstable2/0_8d46d65f-d0aa-4788-9fd7-225612378859202605010126291777620425732504566.sst
2026-05-01 07:27:05:793 - Compaction completed: 
3004188:Task input_files: "sstable2/1690b97a-8c99-4776-b75f-2e59693f4183202605010126291777620406033561396.sst" input_files: "sstable2/81c1ee96-568b-4c42-a6f8-d8dd5d730dc3202605010126291777620406069381785.sst" compactIntoNextLevel: false destinationLevel: 2 is dead (hb=32)
3004188:Found dead task input_files: "sstable2/1690b97a-8c99-4776-b75f-2e59693f4183202605010126291777620406033561396.sst" input_files: "sstable2/81c1ee96-568b-4c42-a6f8-d8dd5d730dc3202605010126291777620406069381785.sst" compactIntoNextLevel: false destinationLevel: 2
3004188:COMPACT_START sstable=1 input_files: "sstable2/1690b97a-8c99-4776-b75f-2e59693f4183202605010126291777620406033561396.sst" input_files: "sstable2/81c1ee96-568b-4c42-a6f8-d8dd5d730dc3202605010126291777620406069381785.sst" compactIntoNextLevel: false destinationLevel: 2
2026-05-01 07:27:06:316 - Compaction started: 
140154966529600:Compacting sstable2/1690b97a-8c99-4776-b75f-2e59693f4183202605010126291777620406033561396.sst sstable2/81c1ee96-568b-4c42-a6f8-d8dd5d730dc3202605010126291777620406069381785.sst into:sstable2/8d46d65f-d0aa-4788-9fd7-225612378859202605010126291777620426361069288.sst
2026-05-01 07:27:06:432 - Compaction completed: 
3004188:COMPACT_START sstable=1 input_files: "sstable2/0_1690b97a-8c99-4776-b75f-2e59693f4183202605010126291777620417729048475.sst" input_files: "sstable2/0_81c1ee96-568b-4c42-a6f8-d8dd5d730dc3202605010126291777620417747702444.sst" compactIntoNextLevel: false destinationLevel: 2
3004188:COMPACT_ABORT input_files: "sstable2/0_1690b97a-8c99-4776-b75f-2e59693f4183202605010126291777620417729048475.sst" input_files: "sstable2/0_81c1ee96-568b-4c42-a6f8-d8dd5d730dc3202605010126291777620417747702444.sst" compactIntoNextLevel: false destinationLevel: 2
3004188:COMPACT_START sstable=1 input_files: "sstable2/0_1690b97a-8c99-4776-b75f-2e59693f4183202605010126291777620417939253767.sst" input_files: "sstable2/0_81c1ee96-568b-4c42-a6f8-d8dd5d730dc3202605010126291777620417963143991.sst" compactIntoNextLevel: false destinationLevel: 2
3004188:COMPACT_ABORT input_files: "sstable2/0_1690b97a-8c99-4776-b75f-2e59693f4183202605010126291777620417939253767.sst" input_files: "sstable2/0_81c1ee96-568b-4c42-a6f8-d8dd5d730dc3202605010126291777620417963143991.sst" compactIntoNextLevel: false destinationLevel: 2
3004188:COMPACT_START sstable=1 input_files: "sstable2/0_8d46d65f-d0aa-4788-9fd7-225612378859202605010126291777620418148654681.sst" input_files: "sstable2/0_81c1ee96-568b-4c42-a6f8-d8dd5d730dc3202605010126291777620418220289709.sst" compactIntoNextLevel: false destinationLevel: 2
2026-05-01 07:27:06:627 - Compaction started: 
140154966529600:Compacting sstable2/0_8d46d65f-d0aa-4788-9fd7-225612378859202605010126291777620418148654681.sst sstable2/0_81c1ee96-568b-4c42-a6f8-d8dd5d730dc3202605010126291777620418220289709.sst into:sstable2/1_8d46d65f-d0aa-4788-9fd7-225612378859202605010126291777620426726185647.sst
2026-05-01 07:27:06:878 - Compaction completed: 
3004188:Task input_files: "sstable2/e3e96cd6-1422-4f16-8400-b5ab346d3436202605010126291777620409764995768.sst" input_files: "sstable2/81c1ee96-568b-4c42-a6f8-d8dd5d730dc3202605010126291777620406687660174.sst" compactIntoNextLevel: false destinationLevel: 2 is dead (hb=31)
3004188:Task input_files: "sstable2/8d46d65f-d0aa-4788-9fd7-225612378859202605010126291777620406509216772.sst" input_files: "sstable2/8d46d65f-d0aa-4788-9fd7-225612378859202605010126291777620406610101342.sst" compactIntoNextLevel: false destinationLevel: 2 is dead (hb=33)
3004188:Found dead task input_files: "sstable2/8d46d65f-d0aa-4788-9fd7-225612378859202605010126291777620406509216772.sst" input_files: "sstable2/8d46d65f-d0aa-4788-9fd7-225612378859202605010126291777620406610101342.sst" compactIntoNextLevel: false destinationLevel: 2
3004188:COMPACT_START sstable=1 input_files: "sstable2/8d46d65f-d0aa-4788-9fd7-225612378859202605010126291777620406509216772.sst" input_files: "sstable2/8d46d65f-d0aa-4788-9fd7-225612378859202605010126291777620406610101342.sst" compactIntoNextLevel: false destinationLevel: 2
2026-05-01 07:27:07:718 - Compaction started: 
140154966529600:Compacting sstable2/8d46d65f-d0aa-4788-9fd7-225612378859202605010126291777620406509216772.sst sstable2/8d46d65f-d0aa-4788-9fd7-225612378859202605010126291777620406610101342.sst into:sstable2/8d46d65f-d0aa-4788-9fd7-225612378859202605010126291777620427762730701.sst
2026-05-01 07:27:07:830 - Compaction completed: 
3004188:COMPACT_START sstable=1 input_files: "sstable2/e3e96cd6-1422-4f16-8400-b5ab346d3436202605010126291777620417779934125.sst" input_files: "sstable2/1690b97a-8c99-4776-b75f-2e59693f4183202605010126291777620414264541719.sst" compactIntoNextLevel: false destinationLevel: 2
2026-05-01 07:27:07:938 - Compaction started: 
140154966529600:Compacting sstable2/e3e96cd6-1422-4f16-8400-b5ab346d3436202605010126291777620417779934125.sst sstable2/1690b97a-8c99-4776-b75f-2e59693f4183202605010126291777620414264541719.sst into:sstable2/0_8d46d65f-d0aa-4788-9fd7-225612378859202605010126291777620428015718634.sst
2026-05-01 07:27:08:127 - Compaction completed: 
3004188:Task input_files: "sstable2/e3e96cd6-1422-4f16-8400-b5ab346d3436202605010126291777620407916063868.sst" input_files: "sstable2/8d46d65f-d0aa-4788-9fd7-225612378859202605010126291777620408074058306.sst" compactIntoNextLevel: false destinationLevel: 2 is dead (hb=36)
3004188:Task input_files: "sstable2/1690b97a-8c99-4776-b75f-2e59693f4183202605010126291777620407811110922.sst" input_files: "sstable2/81c1ee96-568b-4c42-a6f8-d8dd5d730dc3202605010126291777620407818077151.sst" compactIntoNextLevel: false destinationLevel: 2 is dead (hb=37)
3004188:Task input_files: "sstable2/1690b97a-8c99-4776-b75f-2e59693f4183202605010126291777620408435277820.sst" input_files: "sstable2/8d46d65f-d0aa-4788-9fd7-225612378859202605010126291777620411451759568.sst" compactIntoNextLevel: false destinationLevel: 2 is dead (hb=33)
3004188:Task input_files: "sstable2/1690b97a-8c99-4776-b75f-2e59693f4183202605010126291777620411164754356.sst" input_files: "sstable2/8d46d65f-d0aa-4788-9fd7-225612378859202605010126291777620408175436059.sst" compactIntoNextLevel: false destinationLevel: 2 is dead (hb=36)
3004188:Found dead task input_files: "sstable2/1690b97a-8c99-4776-b75f-2e59693f4183202605010126291777620411164754356.sst" input_files: "sstable2/8d46d65f-d0aa-4788-9fd7-225612378859202605010126291777620408175436059.sst" compactIntoNextLevel: false destinationLevel: 2
3004188:COMPACT_START sstable=1 input_files: "sstable2/1690b97a-8c99-4776-b75f-2e59693f4183202605010126291777620411164754356.sst" input_files: "sstable2/8d46d65f-d0aa-4788-9fd7-225612378859202605010126291777620408175436059.sst" compactIntoNextLevel: false destinationLevel: 2
2026-05-01 07:27:08:937 - Compaction started: 
140154966529600:Compacting sstable2/1690b97a-8c99-4776-b75f-2e59693f4183202605010126291777620411164754356.sst sstable2/8d46d65f-d0aa-4788-9fd7-225612378859202605010126291777620408175436059.sst into:sstable2/8d46d65f-d0aa-4788-9fd7-225612378859202605010126291777620428978306377.sst
2026-05-01 07:27:09:042 - Compaction completed: 
3004188:Found dead task input_files: "sstable2/1690b97a-8c99-4776-b75f-2e59693f4183202605010126291777620407811110922.sst" input_files: "sstable2/81c1ee96-568b-4c42-a6f8-d8dd5d730dc3202605010126291777620407818077151.sst" compactIntoNextLevel: false destinationLevel: 2
3004188:COMPACT_START sstable=1 input_files: "sstable2/1690b97a-8c99-4776-b75f-2e59693f4183202605010126291777620407811110922.sst" input_files: "sstable2/81c1ee96-568b-4c42-a6f8-d8dd5d730dc3202605010126291777620407818077151.sst" compactIntoNextLevel: false destinationLevel: 2
2026-05-01 07:27:09:045 - Compaction started: 
140154966529600:Compacting sstable2/1690b97a-8c99-4776-b75f-2e59693f4183202605010126291777620407811110922.sst sstable2/81c1ee96-568b-4c42-a6f8-d8dd5d730dc3202605010126291777620407818077151.sst into:sstable2/8d46d65f-d0aa-4788-9fd7-225612378859202605010126291777620429088271518.sst
2026-05-01 07:27:09:156 - Compaction completed: 
3004188:COMPACT_START sstable=1 input_files: "sstable2/81c1ee96-568b-4c42-a6f8-d8dd5d730dc3202605010126291777620422201442204.sst" input_files: "sstable2/81c1ee96-568b-4c42-a6f8-d8dd5d730dc3202605010126291777620405357566181.sst" compactIntoNextLevel: false destinationLevel: 2
3004188:COMPACT_ABORT input_files: "sstable2/81c1ee96-568b-4c42-a6f8-d8dd5d730dc3202605010126291777620422201442204.sst" input_files: "sstable2/81c1ee96-568b-4c42-a6f8-d8dd5d730dc3202605010126291777620405357566181.sst" compactIntoNextLevel: false destinationLevel: 2
3004188:Task input_files: "sstable2/0_81c1ee96-568b-4c42-a6f8-d8dd5d730dc3202605010126291777620416849681187.sst" input_files: "sstable2/0_1690b97a-8c99-4776-b75f-2e59693f4183202605010126291777620416922583892.sst" compactIntoNextLevel: false destinationLevel: 2 is dead (hb=30)
3004188:Task input_files: "sstable2/0_81c1ee96-568b-4c42-a6f8-d8dd5d730dc3202605010126291777620417059428260.sst" input_files: "sstable2/0_1690b97a-8c99-4776-b75f-2e59693f4183202605010126291777620417133242603.sst" compactIntoNextLevel: false destinationLevel: 2 is dead (hb=30)
3004188:Found dead task input_files: "sstable2/0_81c1ee96-568b-4c42-a6f8-d8dd5d730dc3202605010126291777620417059428260.sst" input_files: "sstable2/0_1690b97a-8c99-4776-b75f-2e59693f4183202605010126291777620417133242603.sst" compactIntoNextLevel: false destinationLevel: 2
3004188:COMPACT_START sstable=1 input_files: "sstable2/0_81c1ee96-568b-4c42-a6f8-d8dd5d730dc3202605010126291777620417059428260.sst" input_files: "sstable2/0_1690b97a-8c99-4776-b75f-2e59693f4183202605010126291777620417133242603.sst" compactIntoNextLevel: false destinationLevel: 2
2026-05-01 07:27:09:495 - Compaction started: 
140154966529600:Compacting sstable2/0_81c1ee96-568b-4c42-a6f8-d8dd5d730dc3202605010126291777620417059428260.sst sstable2/0_1690b97a-8c99-4776-b75f-2e59693f4183202605010126291777620417133242603.sst into:sstable2/8d46d65f-d0aa-4788-9fd7-225612378859202605010126291777620429590995638.sst
2026-05-01 07:27:09:738 - Compaction completed: 
3004188:Task input_files: "sstable2/0_1690b97a-8c99-4776-b75f-2e59693f4183202605010126291777620417939253767.sst" input_files: "sstable2/0_81c1ee96-568b-4c42-a6f8-d8dd5d730dc3202605010126291777620417963143991.sst" compactIntoNextLevel: false destinationLevel: 2 is dead (hb=32)
3004188:Task input_files: "sstable2/0_1690b97a-8c99-4776-b75f-2e59693f4183202605010126291777620417729048475.sst" input_files: "sstable2/0_81c1ee96-568b-4c42-a6f8-d8dd5d730dc3202605010126291777620417747702444.sst" compactIntoNextLevel: false destinationLevel: 2 is dead (hb=32)
3004188:Found dead task input_files: "sstable2/0_1690b97a-8c99-4776-b75f-2e59693f4183202605010126291777620417729048475.sst" input_files: "sstable2/0_81c1ee96-568b-4c42-a6f8-d8dd5d730dc3202605010126291777620417747702444.sst" compactIntoNextLevel: false destinationLevel: 2
3004188:COMPACT_START sstable=1 input_files: "sstable2/0_1690b97a-8c99-4776-b75f-2e59693f4183202605010126291777620417729048475.sst" input_files: "sstable2/0_81c1ee96-568b-4c42-a6f8-d8dd5d730dc3202605010126291777620417747702444.sst" compactIntoNextLevel: false destinationLevel: 2
2026-05-01 07:27:09:801 - Compaction started: 
140154966529600:Compacting sstable2/0_1690b97a-8c99-4776-b75f-2e59693f4183202605010126291777620417729048475.sst sstable2/0_81c1ee96-568b-4c42-a6f8-d8dd5d730dc3202605010126291777620417747702444.sst into:sstable2/8d46d65f-d0aa-4788-9fd7-225612378859202605010126291777620429915140062.sst
2026-05-01 07:27:10:071 - Compaction completed: 
3004188:COMPACT_START sstable=1 input_files: "sstable2/e3e96cd6-1422-4f16-8400-b5ab346d3436202605010126291777620432466069921.sst" input_files: "sstable2/8d46d65f-d0aa-4788-9fd7-225612378859202605010126291777620405390228710.sst" compactIntoNextLevel: false destinationLevel: 2
3004188:COMPACT_ABORT input_files: "sstable2/e3e96cd6-1422-4f16-8400-b5ab346d3436202605010126291777620432466069921.sst" input_files: "sstable2/8d46d65f-d0aa-4788-9fd7-225612378859202605010126291777620405390228710.sst" compactIntoNextLevel: false destinationLevel: 2
3004188:COMPACT_START sstable=1 input_files: "sstable2/e3e96cd6-1422-4f16-8400-b5ab346d3436202605010126291777620414972193427.sst" input_files: "sstable2/81c1ee96-568b-4c42-a6f8-d8dd5d730dc3202605010126291777620408853666605.sst" compactIntoNextLevel: false destinationLevel: 2
2026-05-01 07:27:12:995 - Compaction started: 
140154966529600:Compacting sstable2/e3e96cd6-1422-4f16-8400-b5ab346d3436202605010126291777620414972193427.sst sstable2/81c1ee96-568b-4c42-a6f8-d8dd5d730dc3202605010126291777620408853666605.sst into:sstable2/0_8d46d65f-d0aa-4788-9fd7-225612378859202605010126291777620433036870587.sst
2026-05-01 07:27:13:098 - Compaction completed: 
3004188:COMPACT_START sstable=1 input_files: "sstable2/e3e96cd6-1422-4f16-8400-b5ab346d3436202605010126291777620409045845304.sst" input_files: "sstable2/1690b97a-8c99-4776-b75f-2e59693f4183202605010126291777620409054095370.sst" compactIntoNextLevel: false destinationLevel: 2
2026-05-01 07:27:13:131 - Compaction started: 
140154966529600:Compacting sstable2/e3e96cd6-1422-4f16-8400-b5ab346d3436202605010126291777620409045845304.sst sstable2/1690b97a-8c99-4776-b75f-2e59693f4183202605010126291777620409054095370.sst into:sstable2/0_8d46d65f-d0aa-4788-9fd7-225612378859202605010126291777620433173811227.sst
2026-05-01 07:27:13:230 - Compaction completed: 
3004188:COMPACT_START sstable=1 input_files: "sstable2/81c1ee96-568b-4c42-a6f8-d8dd5d730dc3202605010126291777620409061089491.sst" input_files: "sstable2/8d46d65f-d0aa-4788-9fd7-225612378859202605010126291777620409108483446.sst" compactIntoNextLevel: false destinationLevel: 2
2026-05-01 07:27:13:265 - Compaction started: 
140154966529600:Compacting sstable2/81c1ee96-568b-4c42-a6f8-d8dd5d730dc3202605010126291777620409061089491.sst sstable2/8d46d65f-d0aa-4788-9fd7-225612378859202605010126291777620409108483446.sst into:sstable2/0_8d46d65f-d0aa-4788-9fd7-225612378859202605010126291777620433302440857.sst
2026-05-01 07:27:13:361 - Compaction completed: 
3004188:COMPACT_START sstable=1 input_files: "sstable2/1690b97a-8c99-4776-b75f-2e59693f4183202605010126291777620409260960441.sst" input_files: "sstable2/81c1ee96-568b-4c42-a6f8-d8dd5d730dc3202605010126291777620412459950058.sst" compactIntoNextLevel: false destinationLevel: 2
3004188:COMPACT_ABORT input_files: "sstable2/1690b97a-8c99-4776-b75f-2e59693f4183202605010126291777620409260960441.sst" input_files: "sstable2/81c1ee96-568b-4c42-a6f8-d8dd5d730dc3202605010126291777620412459950058.sst" compactIntoNextLevel: false destinationLevel: 2
3004188:COMPACT_START sstable=1 input_files: "sstable2/8d46d65f-d0aa-4788-9fd7-225612378859202605010126291777620409315064645.sst" input_files: "sstable2/1690b97a-8c99-4776-b75f-2e59693f4183202605010126291777620409364629189.sst" compactIntoNextLevel: false destinationLevel: 2
3004188:COMPACT_ABORT input_files: "sstable2/8d46d65f-d0aa-4788-9fd7-225612378859202605010126291777620409315064645.sst" input_files: "sstable2/1690b97a-8c99-4776-b75f-2e59693f4183202605010126291777620409364629189.sst" compactIntoNextLevel: false destinationLevel: 2
3004188:COMPACT_START sstable=1 input_files: "sstable2/81c1ee96-568b-4c42-a6f8-d8dd5d730dc3202605010126291777620417360689266.sst" input_files: "sstable2/1690b97a-8c99-4776-b75f-2e59693f4183202605010126291777620411264950334.sst" compactIntoNextLevel: false destinationLevel: 2
3004188:COMPACT_ABORT input_files: "sstable2/81c1ee96-568b-4c42-a6f8-d8dd5d730dc3202605010126291777620417360689266.sst" input_files: "sstable2/1690b97a-8c99-4776-b75f-2e59693f4183202605010126291777620411264950334.sst" compactIntoNextLevel: false destinationLevel: 2
3004188:COMPACT_START sstable=1 input_files: "sstable2/8d46d65f-d0aa-4788-9fd7-225612378859202605010126291777620411350469759.sst" input_files: "sstable2/1690b97a-8c99-4776-b75f-2e59693f4183202605010126291777620414369758769.sst" compactIntoNextLevel: false destinationLevel: 2
2026-05-01 07:27:13:613 - Compaction started: 
140154966529600:Compacting sstable2/8d46d65f-d0aa-4788-9fd7-225612378859202605010126291777620411350469759.sst sstable2/1690b97a-8c99-4776-b75f-2e59693f4183202605010126291777620414369758769.sst into:sstable2/0_8d46d65f-d0aa-4788-9fd7-225612378859202605010126291777620433650886956.sst
2026-05-01 07:27:13:712 - Compaction completed: 
3004188:COMPACT_START sstable=1 input_files: "sstable2/81c1ee96-568b-4c42-a6f8-d8dd5d730dc3202605010126291777620411399334942.sst" input_files: "sstable2/e3e96cd6-1422-4f16-8400-b5ab346d3436202605010126291777620411408140209.sst" compactIntoNextLevel: false destinationLevel: 2
2026-05-01 07:27:13:754 - Compaction started: 
140154966529600:Compacting sstable2/81c1ee96-568b-4c42-a6f8-d8dd5d730dc3202605010126291777620411399334942.sst sstable2/e3e96cd6-1422-4f16-8400-b5ab346d3436202605010126291777620411408140209.sst into:sstable2/0_8d46d65f-d0aa-4788-9fd7-225612378859202605010126291777620433790551332.sst
2026-05-01 07:27:13:848 - Compaction completed: 
3004188:Task input_files: "sstable2/e3e96cd6-1422-4f16-8400-b5ab346d3436202605010126291777620432466069921.sst" input_files: "sstable2/8d46d65f-d0aa-4788-9fd7-225612378859202605010126291777620405390228710.sst" compactIntoNextLevel: false destinationLevel: 2 is dead (hb=30)
3004188:Found dead task input_files: "sstable2/e3e96cd6-1422-4f16-8400-b5ab346d3436202605010126291777620432466069921.sst" input_files: "sstable2/8d46d65f-d0aa-4788-9fd7-225612378859202605010126291777620405390228710.sst" compactIntoNextLevel: false destinationLevel: 2
3004188:COMPACT_START sstable=1 input_files: "sstable2/e3e96cd6-1422-4f16-8400-b5ab346d3436202605010126291777620432466069921.sst" input_files: "sstable2/8d46d65f-d0aa-4788-9fd7-225612378859202605010126291777620405390228710.sst" compactIntoNextLevel: false destinationLevel: 2
2026-05-01 07:27:15:970 - Compaction started: 
140154966529600:Compacting sstable2/e3e96cd6-1422-4f16-8400-b5ab346d3436202605010126291777620432466069921.sst sstable2/8d46d65f-d0aa-4788-9fd7-225612378859202605010126291777620405390228710.sst into:sstable2/8d46d65f-d0aa-4788-9fd7-225612378859202605010126291777620436060074193.sst
2026-05-01 07:27:16:193 - Compaction completed: 
3004188:Task input_files: "sstable2/1690b97a-8c99-4776-b75f-2e59693f4183202605010126291777620433204119403.sst" input_files: "sstable2/e3e96cd6-1422-4f16-8400-b5ab346d3436202605010126291777620432466069921.sst" compactIntoNextLevel: false destinationLevel: 2 is dead (hb=30)
3004188:Found dead task input_files: "sstable2/1690b97a-8c99-4776-b75f-2e59693f4183202605010126291777620433204119403.sst" input_files: "sstable2/e3e96cd6-1422-4f16-8400-b5ab346d3436202605010126291777620432466069921.sst" compactIntoNextLevel: false destinationLevel: 2
3004188:COMPACT_START sstable=1 input_files: "sstable2/1690b97a-8c99-4776-b75f-2e59693f4183202605010126291777620433204119403.sst" input_files: "sstable2/e3e96cd6-1422-4f16-8400-b5ab346d3436202605010126291777620432466069921.sst" compactIntoNextLevel: false destinationLevel: 2
3004188:COMPACT_ABORT input_files: "sstable2/1690b97a-8c99-4776-b75f-2e59693f4183202605010126291777620433204119403.sst" input_files: "sstable2/e3e96cd6-1422-4f16-8400-b5ab346d3436202605010126291777620432466069921.sst" compactIntoNextLevel: false destinationLevel: 2
3004188:COMPACT_START sstable=1 input_files: "sstable2/0_8d46d65f-d0aa-4788-9fd7-225612378859202605010126291777620416992617867.sst" input_files: "sstable2/0_81c1ee96-568b-4c42-a6f8-d8dd5d730dc3202605010126291777620417059428260.sst" compactIntoNextLevel: false destinationLevel: 2
2026-05-01 07:27:28:706 - Compaction started: 
140154966529600:Compacting sstable2/0_8d46d65f-d0aa-4788-9fd7-225612378859202605010126291777620416992617867.sst sstable2/0_81c1ee96-568b-4c42-a6f8-d8dd5d730dc3202605010126291777620417059428260.sst into:sstable2/1_8d46d65f-d0aa-4788-9fd7-225612378859202605010126291777620448804394521.sst
2026-05-01 07:27:28:955 - Compaction completed: 
3004188:COMPACT_START sstable=1 input_files: "sstable2/0_81c1ee96-568b-4c42-a6f8-d8dd5d730dc3202605010126291777620417505978927.sst" input_files: "sstable2/0_1690b97a-8c99-4776-b75f-2e59693f4183202605010126291777620417729048475.sst" compactIntoNextLevel: false destinationLevel: 2
3004188:COMPACT_ABORT input_files: "sstable2/0_81c1ee96-568b-4c42-a6f8-d8dd5d730dc3202605010126291777620417505978927.sst" input_files: "sstable2/0_1690b97a-8c99-4776-b75f-2e59693f4183202605010126291777620417729048475.sst" compactIntoNextLevel: false destinationLevel: 2
3004188:COMPACT_START sstable=1 input_files: "sstable2/0_81c1ee96-568b-4c42-a6f8-d8dd5d730dc3202605010126291777620418220289709.sst" input_files: "sstable2/0_e3e96cd6-1422-4f16-8400-b5ab346d3436202605010126291777620418253589913.sst" compactIntoNextLevel: false destinationLevel: 2
2026-05-01 07:27:29:120 - Compaction started: 
140154966529600:Compacting sstable2/0_81c1ee96-568b-4c42-a6f8-d8dd5d730dc3202605010126291777620418220289709.sst sstable2/0_e3e96cd6-1422-4f16-8400-b5ab346d3436202605010126291777620418253589913.sst into:sstable2/1_8d46d65f-d0aa-4788-9fd7-225612378859202605010126291777620449217649982.sst
2026-05-01 07:27:29:370 - Compaction completed: 
3004188:COMPACT_START sstable=1 input_files: "sstable2/e3e96cd6-1422-4f16-8400-b5ab346d3436202605010126291777620414474377759.sst" input_files: "sstable2/81c1ee96-568b-4c42-a6f8-d8dd5d730dc3202605010126291777620414542672995.sst" compactIntoNextLevel: false destinationLevel: 2
2026-05-01 07:27:29:501 - Compaction started: 
140154966529600:Compacting sstable2/e3e96cd6-1422-4f16-8400-b5ab346d3436202605010126291777620414474377759.sst sstable2/81c1ee96-568b-4c42-a6f8-d8dd5d730dc3202605010126291777620414542672995.sst into:sstable2/0_8d46d65f-d0aa-4788-9fd7-225612378859202605010126291777620449540987512.sst
2026-05-01 07:27:29:602 - Compaction completed: 
2026-05-01 07:27:29:878 60 sec: 287740 operations; 5673.82 current ops/sec; est completion in 2 days 9 hours [READ: Count=170119, Max=811007, Min=30, Avg=175.11, 90=208, 99=256, 99.9=371, 99.99=27775] [READ-FAILED: Count=81, Max=302, Min=156, Avg=184.01, 90=207, 99=302, 99.9=302, 99.99=302] 
3004188:Task input_files: "sstable2/0_81c1ee96-568b-4c42-a6f8-d8dd5d730dc3202605010126291777620417505978927.sst" input_files: "sstable2/0_1690b97a-8c99-4776-b75f-2e59693f4183202605010126291777620417729048475.sst" compactIntoNextLevel: false destinationLevel: 2 is dead (hb=31)
3004188:Found dead task input_files: "sstable2/0_81c1ee96-568b-4c42-a6f8-d8dd5d730dc3202605010126291777620417505978927.sst" input_files: "sstable2/0_1690b97a-8c99-4776-b75f-2e59693f4183202605010126291777620417729048475.sst" compactIntoNextLevel: false destinationLevel: 2
3004188:COMPACT_START sstable=1 input_files: "sstable2/0_81c1ee96-568b-4c42-a6f8-d8dd5d730dc3202605010126291777620417505978927.sst" input_files: "sstable2/0_1690b97a-8c99-4776-b75f-2e59693f4183202605010126291777620417729048475.sst" compactIntoNextLevel: false destinationLevel: 2
3004188:COMPACT_ABORT input_files: "sstable2/0_81c1ee96-568b-4c42-a6f8-d8dd5d730dc3202605010126291777620417505978927.sst" input_files: "sstable2/0_1690b97a-8c99-4776-b75f-2e59693f4183202605010126291777620417729048475.sst" compactIntoNextLevel: false destinationLevel: 2
3004188:Task input_files: "sstable2/0_81c1ee96-568b-4c42-a6f8-d8dd5d730dc3202605010126291777620417505978927.sst" input_files: "sstable2/0_1690b97a-8c99-4776-b75f-2e59693f4183202605010126291777620417729048475.sst" compactIntoNextLevel: false destinationLevel: 2 is dead (hb=30)
3004188:Found dead task input_files: "sstable2/0_81c1ee96-568b-4c42-a6f8-d8dd5d730dc3202605010126291777620417505978927.sst" input_files: "sstable2/0_1690b97a-8c99-4776-b75f-2e59693f4183202605010126291777620417729048475.sst" compactIntoNextLevel: false destinationLevel: 2
3004188:COMPACT_START sstable=1 input_files: "sstable2/0_81c1ee96-568b-4c42-a6f8-d8dd5d730dc3202605010126291777620417505978927.sst" input_files: "sstable2/0_1690b97a-8c99-4776-b75f-2e59693f4183202605010126291777620417729048475.sst" compactIntoNextLevel: false destinationLevel: 2
2026-05-01 07:27:35:235 - Compaction started: 
140154966529600:Compacting sstable2/0_81c1ee96-568b-4c42-a6f8-d8dd5d730dc3202605010126291777620417505978927.sst sstable2/0_1690b97a-8c99-4776-b75f-2e59693f4183202605010126291777620417729048475.sst into:sstable2/8d46d65f-d0aa-4788-9fd7-225612378859202605010126291777620455339038871.sst
2026-05-01 07:27:35:493 - Compaction completed: 
