# CMD: /usr/lib/jvm/java-8-openjdk-amd64/bin/java -cp /users/Xinying/ozonedb/ycsb/ozonedb/conf:/users/Xinying/ozonedb/ycsb/ozonedb/target/ozonedb-binding-0.18.0-SNAPSHOT.jar:/users/Xinying/.m2/repository/org/apache/htrace/htrace-core4/4.1.0-incubating/htrace-core4-4.1.0-incubating.jar:/users/Xinying/.m2/repository/org/slf4j/slf4j-api/1.7.25/slf4j-api-1.7.25.jar:/users/Xinying/.m2/repository/org/hdrhistogram/HdrHistogram/2.1.12/HdrHistogram-2.1.12.jar:/users/Xinying/.m2/repository/ch/qos/logback/logback-classic/1.2.3/logback-classic-1.2.3.jar:/users/Xinying/.m2/repository/ozonedbjnimaven/demoproc-jni/1.0/demoproc-jni-1.0.jar:/users/Xinying/.m2/repository/ch/qos/logback/logback-core/1.2.3/logback-core-1.2.3.jar:/users/Xinying/.m2/repository/org/codehaus/jackson/jackson-mapper-asl/1.9.4/jackson-mapper-asl-1.9.4.jar:/users/Xinying/.m2/repository/org/slf4j/slf4j-simple/1.7.25/slf4j-simple-1.7.25.jar:/users/Xinying/.m2/repository/org/codehaus/jackson/jackson-core-asl/1.9.4/jackson-core-asl-1.9.4.jar:/users/Xinying/ozonedb/ycsb/core/target/core-0.18.0-SNAPSHOT.jar site.ycsb.Client -db site.ycsb.db.OzoneDBClient -threads 1 -s -P /users/Xinying/ozonedb/ycsb/workloads/generated_workloads/workloadc_1KB_1000000_1000000 -p status.interval=30 -p requestdistribution=uniform -p operationcount=1000000000 -p maxexecutiontime=660 -p shared_config=/tmp/churn_v4_configs/shared_config_varyR_n4_r25pct_rep4.json -t
# env OZONEDB_CHURN_ABORT_RATE=0.25
Command line: -db site.ycsb.db.OzoneDBClient -threads 1 -s -P /users/Xinying/ozonedb/ycsb/workloads/generated_workloads/workloadc_1KB_1000000_1000000 -p status.interval=30 -p requestdistribution=uniform -p operationcount=1000000000 -p maxexecutiontime=660 -p shared_config=/tmp/churn_v4_configs/shared_config_varyR_n4_r25pct_rep4.json -t
YCSB Client 0.18.0-SNAPSHOT

Loading workload...
Starting test.
SLF4J: Class path contains multiple SLF4J bindings.
SLF4J: Found binding in [jar:file:/users/Xinying/.m2/repository/ch/qos/logback/logback-classic/1.2.3/logback-classic-1.2.3.jar!/org/slf4j/impl/StaticLoggerBinder.class]
SLF4J: Found binding in [jar:file:/users/Xinying/.m2/repository/org/slf4j/slf4j-simple/1.7.25/slf4j-simple-1.7.25.jar!/org/slf4j/impl/StaticLoggerBinder.class]
SLF4J: See http://www.slf4j.org/codes.html#multiple_bindings for an explanation.
SLF4J: Actual binding is of type [ch.qos.logback.classic.util.ContextSelectorStaticBinder]
Maximum execution time specified as: 660 secs
2026-05-01 07:26:29:880 0 sec: 0 operations; est completion in 0 second 
Starting compaction watcher
DBWrapper: report latency for each error is false and specific error codes to track for latency are: []
3004192:COMPACT_START sstable=0 input_files: "datalog/5" input_files: "datalog/6" compactIntoNextLevel: true destinationLevel: 1
2026-05-01 07:26:29:958 - Compaction started: 
140147710477888:Compacting datalog/5 datalog/6 into:sstable1/1690b97a-8c99-4776-b75f-2e59693f4183202605010126291777620390088634997.sst
2026-05-01 07:26:30:110 - Compaction completed: 
3004192:COMPACT_START sstable=0 input_files: "datalog/9" input_files: "datalog/10" compactIntoNextLevel: true destinationLevel: 1
2026-05-01 07:26:30:183 - Compaction started: 
140147710477888:Compacting datalog/9 datalog/10 into:sstable1/1690b97a-8c99-4776-b75f-2e59693f4183202605010126291777620390193326523.sst
2026-05-01 07:26:30:214 - Compaction completed: 
3004192:COMPACT_START sstable=0 input_files: "datalog/15" input_files: "datalog/16" compactIntoNextLevel: true destinationLevel: 1
2026-05-01 07:26:30:286 - Compaction started: 
140147710477888:Compacting datalog/15 datalog/16 into:sstable1/1690b97a-8c99-4776-b75f-2e59693f4183202605010126291777620390344364850.sst
2026-05-01 07:26:30:362 - Compaction completed: 
3004192:COMPACT_START sstable=0 input_files: "datalog/23" input_files: "datalog/24" compactIntoNextLevel: true destinationLevel: 1
2026-05-01 07:26:30:389 - Compaction started: 
140147710477888:Compacting datalog/23 datalog/24 into:sstable1/1690b97a-8c99-4776-b75f-2e59693f4183202605010126291777620390393208944.sst
2026-05-01 07:26:30:412 - Compaction completed: 
3004192:COMPACT_START sstable=0 input_files: "datalog/27" input_files: "datalog/28" compactIntoNextLevel: true destinationLevel: 1
2026-05-01 07:26:30:493 - Compaction started: 
140147710477888:Compacting datalog/27 datalog/28 into:sstable1/1690b97a-8c99-4776-b75f-2e59693f4183202605010126291777620390500122985.sst
2026-05-01 07:26:30:519 - Compaction completed: 
3004192:COMPACT_START sstable=0 input_files: "datalog/31" input_files: "datalog/32" compactIntoNextLevel: true destinationLevel: 1
2026-05-01 07:26:30:596 - Compaction started: 
140147710477888:Compacting datalog/31 datalog/32 into:sstable1/1690b97a-8c99-4776-b75f-2e59693f4183202605010126291777620390753752822.sst
2026-05-01 07:26:30:776 - Compaction completed: 
3004192:COMPACT_START sstable=0 input_files: "datalog/41" input_files: "datalog/42" compactIntoNextLevel: true destinationLevel: 1
2026-05-01 07:26:30:799 - Compaction started: 
140147710477888:Compacting datalog/41 datalog/42 into:sstable1/1690b97a-8c99-4776-b75f-2e59693f4183202605010126291777620390964991482.sst
2026-05-01 07:26:30:986 - Compaction completed: 
3004192:COMPACT_START sstable=0 input_files: "datalog/51" input_files: "datalog/52" compactIntoNextLevel: true destinationLevel: 1
2026-05-01 07:26:31:001 - Compaction started: 
140147710477888:Compacting datalog/51 datalog/52 into:sstable1/1690b97a-8c99-4776-b75f-2e59693f4183202605010126291777620391056851934.sst
2026-05-01 07:26:31:080 - Compaction completed: 
3004192:COMPACT_START sstable=0 input_files: "datalog/57" input_files: "datalog/58" compactIntoNextLevel: true destinationLevel: 1
2026-05-01 07:26:31:102 - Compaction started: 
140147710477888:Compacting datalog/57 datalog/58 into:sstable1/1690b97a-8c99-4776-b75f-2e59693f4183202605010126291777620391106415957.sst
2026-05-01 07:26:31:126 - Compaction completed: 
3004192:COMPACT_START sstable=0 input_files: "datalog/65" input_files: "datalog/66" compactIntoNextLevel: true destinationLevel: 1
2026-05-01 07:26:31:204 - Compaction started: 
140147710477888:Compacting datalog/65 datalog/66 into:sstable1/1690b97a-8c99-4776-b75f-2e59693f4183202605010126291777620391208873014.sst
2026-05-01 07:26:31:231 - Compaction completed: 
3004192:COMPACT_START sstable=0 input_files: "datalog/73" input_files: "datalog/74" compactIntoNextLevel: true destinationLevel: 1
2026-05-01 07:26:31:305 - Compaction started: 
140147710477888:Compacting datalog/73 datalog/74 into:sstable1/1690b97a-8c99-4776-b75f-2e59693f4183202605010126291777620391309377570.sst
2026-05-01 07:26:31:327 - Compaction completed: 
3004192:COMPACT_START sstable=0 input_files: "datalog/79" input_files: "datalog/80" compactIntoNextLevel: true destinationLevel: 1
2026-05-01 07:26:31:407 - Compaction started: 
140147710477888:Compacting datalog/79 datalog/80 into:sstable1/1690b97a-8c99-4776-b75f-2e59693f4183202605010126291777620391410579084.sst
2026-05-01 07:26:31:428 - Compaction completed: 
3004192:COMPACT_START sstable=0 input_files: "datalog/87" input_files: "datalog/88" compactIntoNextLevel: true destinationLevel: 1
2026-05-01 07:26:31:508 - Compaction started: 
140147710477888:Compacting datalog/87 datalog/88 into:sstable1/1690b97a-8c99-4776-b75f-2e59693f4183202605010126291777620391553534850.sst
2026-05-01 07:26:31:572 - Compaction completed: 
3004192:COMPACT_START sstable=0 input_files: "datalog/95" input_files: "datalog/96" compactIntoNextLevel: true destinationLevel: 1
3004192:COMPACT_ABORT input_files: "datalog/95" input_files: "datalog/96" compactIntoNextLevel: true destinationLevel: 1
3004192:COMPACT_START sstable=0 input_files: "datalog/97" input_files: "datalog/98" compactIntoNextLevel: true destinationLevel: 1
2026-05-01 07:26:31:611 - Compaction started: 
140147710477888:Compacting datalog/97 datalog/98 into:sstable1/1690b97a-8c99-4776-b75f-2e59693f4183202605010126291777620391614631462.sst
2026-05-01 07:26:31:634 - Compaction completed: 
3004192:COMPACT_START sstable=0 input_files: "datalog/105" input_files: "datalog/106" compactIntoNextLevel: true destinationLevel: 1
3004192:COMPACT_ABORT input_files: "datalog/105" input_files: "datalog/106" compactIntoNextLevel: true destinationLevel: 1
3004192:COMPACT_START sstable=0 input_files: "datalog/113" input_files: "datalog/114" compactIntoNextLevel: true destinationLevel: 1
3004192:COMPACT_ABORT input_files: "datalog/113" input_files: "datalog/114" compactIntoNextLevel: true destinationLevel: 1
3004192:COMPACT_START sstable=0 input_files: "datalog/121" input_files: "datalog/122" compactIntoNextLevel: true destinationLevel: 1
3004192:COMPACT_ABORT input_files: "datalog/121" input_files: "datalog/122" compactIntoNextLevel: true destinationLevel: 1
3004192:COMPACT_START sstable=0 input_files: "datalog/129" input_files: "datalog/130" compactIntoNextLevel: true destinationLevel: 1
3004192:COMPACT_ABORT input_files: "datalog/129" input_files: "datalog/130" compactIntoNextLevel: true destinationLevel: 1
3004192:COMPACT_START sstable=0 input_files: "datalog/137" input_files: "datalog/138" compactIntoNextLevel: true destinationLevel: 1
3004192:COMPACT_ABORT input_files: "datalog/137" input_files: "datalog/138" compactIntoNextLevel: true destinationLevel: 1
3004192:COMPACT_START sstable=0 input_files: "datalog/145" input_files: "datalog/146" compactIntoNextLevel: true destinationLevel: 1
2026-05-01 07:26:32:217 - Compaction started: 
140147710477888:Compacting datalog/145 datalog/146 into:sstable1/1690b97a-8c99-4776-b75f-2e59693f4183202605010126291777620392220178916.sst
2026-05-01 07:26:32:237 - Compaction completed: 
3004192:COMPACT_START sstable=0 input_files: "datalog/153" input_files: "datalog/154" compactIntoNextLevel: true destinationLevel: 1
3004192:COMPACT_ABORT input_files: "datalog/153" input_files: "datalog/154" compactIntoNextLevel: true destinationLevel: 1
3004192:COMPACT_START sstable=0 input_files: "datalog/155" input_files: "datalog/156" compactIntoNextLevel: true destinationLevel: 1
2026-05-01 07:26:32:318 - Compaction started: 
140147710477888:Compacting datalog/155 datalog/156 into:sstable1/1690b97a-8c99-4776-b75f-2e59693f4183202605010126291777620392321084544.sst
2026-05-01 07:26:32:337 - Compaction completed: 
3004192:COMPACT_START sstable=0 input_files: "datalog/163" input_files: "datalog/164" compactIntoNextLevel: true destinationLevel: 1
2026-05-01 07:26:32:419 - Compaction started: 
140147710477888:Compacting datalog/163 datalog/164 into:sstable1/1690b97a-8c99-4776-b75f-2e59693f4183202605010126291777620392422729869.sst
2026-05-01 07:26:32:439 - Compaction completed: 
3004192:COMPACT_START sstable=0 input_files: "datalog/171" input_files: "datalog/172" compactIntoNextLevel: true destinationLevel: 1
2026-05-01 07:26:32:521 - Compaction started: 
140147710477888:Compacting datalog/171 datalog/172 into:sstable1/1690b97a-8c99-4776-b75f-2e59693f4183202605010126291777620392524348885.sst
2026-05-01 07:26:32:541 - Compaction completed: 
3004192:COMPACT_START sstable=0 input_files: "datalog/179" input_files: "datalog/180" compactIntoNextLevel: true destinationLevel: 1
2026-05-01 07:26:32:622 - Compaction started: 
140147710477888:Compacting datalog/179 datalog/180 into:sstable1/1690b97a-8c99-4776-b75f-2e59693f4183202605010126291777620392625755583.sst
2026-05-01 07:26:32:642 - Compaction completed: 
3004192:COMPACT_START sstable=0 input_files: "datalog/187" input_files: "datalog/188" compactIntoNextLevel: true destinationLevel: 1
3004192:COMPACT_ABORT input_files: "datalog/187" input_files: "datalog/188" compactIntoNextLevel: true destinationLevel: 1
3004192:COMPACT_START sstable=0 input_files: "datalog/195" input_files: "datalog/196" compactIntoNextLevel: true destinationLevel: 1
2026-05-01 07:26:32:826 - Compaction started: 
140147710477888:Compacting datalog/195 datalog/196 into:sstable1/1690b97a-8c99-4776-b75f-2e59693f4183202605010126291777620392832534402.sst
2026-05-01 07:26:32:853 - Compaction completed: 
3004192:COMPACT_START sstable=0 input_files: "datalog/203" input_files: "datalog/204" compactIntoNextLevel: true destinationLevel: 1
2026-05-01 07:26:32:929 - Compaction started: 
140147710477888:Compacting datalog/203 datalog/204 into:sstable1/1690b97a-8c99-4776-b75f-2e59693f4183202605010126291777620392934238918.sst
2026-05-01 07:26:32:956 - Compaction completed: 
3004192:COMPACT_START sstable=0 input_files: "datalog/211" input_files: "datalog/212" compactIntoNextLevel: true destinationLevel: 1
2026-05-01 07:26:33:032 - Compaction started: 
140147710477888:Compacting datalog/211 datalog/212 into:sstable1/1690b97a-8c99-4776-b75f-2e59693f4183202605010126291777620393035476018.sst
2026-05-01 07:26:33:054 - Compaction completed: 
3004192:COMPACT_START sstable=0 input_files: "datalog/219" input_files: "datalog/220" compactIntoNextLevel: true destinationLevel: 1
2026-05-01 07:26:33:135 - Compaction started: 
140147710477888:Compacting datalog/219 datalog/220 into:sstable1/1690b97a-8c99-4776-b75f-2e59693f4183202605010126291777620393138524453.sst
2026-05-01 07:26:33:159 - Compaction completed: 
3004192:Task input_files: "datalog/11" input_files: "datalog/12" compactIntoNextLevel: true destinationLevel: 1 is dead (hb=30)
3004192:Found dead task input_files: "datalog/11" input_files: "datalog/12" compactIntoNextLevel: true destinationLevel: 1
3004192:COMPACT_START sstable=0 input_files: "datalog/11" input_files: "datalog/12" compactIntoNextLevel: true destinationLevel: 1
2026-05-01 07:26:33:237 - Compaction started: 
140147710477888:Compacting datalog/11 datalog/12 into:sstable1/1690b97a-8c99-4776-b75f-2e59693f4183202605010126291777620393241113818.sst
2026-05-01 07:26:33:258 - Compaction completed: 
3004192:COMPACT_START sstable=0 input_files: "datalog/233" input_files: "datalog/234" compactIntoNextLevel: true destinationLevel: 1
2026-05-01 07:26:33:340 - Compaction started: 
140147710477888:Compacting datalog/233 datalog/234 into:sstable1/1690b97a-8c99-4776-b75f-2e59693f4183202605010126291777620393342973345.sst
2026-05-01 07:26:33:360 - Compaction completed: 
3004192:COMPACT_START sstable=0 input_files: "datalog/241" input_files: "datalog/242" compactIntoNextLevel: true destinationLevel: 1
2026-05-01 07:26:33:441 - Compaction started: 
140147710477888:Compacting datalog/241 datalog/242 into:sstable1/1690b97a-8c99-4776-b75f-2e59693f4183202605010126291777620393444916138.sst
2026-05-01 07:26:33:461 - Compaction completed: 
3004192:COMPACT_START sstable=0 input_files: "datalog/249" input_files: "datalog/250" compactIntoNextLevel: true destinationLevel: 1
2026-05-01 07:26:33:544 - Compaction started: 
140147710477888:Compacting datalog/249 datalog/250 into:sstable1/1690b97a-8c99-4776-b75f-2e59693f4183202605010126291777620393547100473.sst
2026-05-01 07:26:33:563 - Compaction completed: 
3004192:COMPACT_START sstable=0 input_files: "datalog/257" input_files: "datalog/258" compactIntoNextLevel: true destinationLevel: 1
3004192:COMPACT_ABORT input_files: "datalog/257" input_files: "datalog/258" compactIntoNextLevel: true destinationLevel: 1
3004192:COMPACT_START sstable=0 input_files: "datalog/259" input_files: "datalog/260" compactIntoNextLevel: true destinationLevel: 1
2026-05-01 07:26:33:647 - Compaction started: 
140147710477888:Compacting datalog/259 datalog/260 into:sstable1/1690b97a-8c99-4776-b75f-2e59693f4183202605010126291777620393649700699.sst
2026-05-01 07:26:33:666 - Compaction completed: 
3004192:COMPACT_START sstable=0 input_files: "datalog/265" input_files: "datalog/266" compactIntoNextLevel: true destinationLevel: 1
2026-05-01 07:26:33:749 - Compaction started: 
140147710477888:Compacting datalog/265 datalog/266 into:sstable1/1690b97a-8c99-4776-b75f-2e59693f4183202605010126291777620393752331210.sst
2026-05-01 07:26:33:769 - Compaction completed: 
3004192:COMPACT_START sstable=0 input_files: "datalog/273" input_files: "datalog/274" compactIntoNextLevel: true destinationLevel: 1
2026-05-01 07:26:33:851 - Compaction started: 
140147710477888:Compacting datalog/273 datalog/274 into:sstable1/1690b97a-8c99-4776-b75f-2e59693f4183202605010126291777620393854019226.sst
2026-05-01 07:26:33:869 - Compaction completed: 
3004192:COMPACT_START sstable=0 input_files: "datalog/283" input_files: "datalog/284" compactIntoNextLevel: true destinationLevel: 1
3004192:COMPACT_ABORT input_files: "datalog/283" input_files: "datalog/284" compactIntoNextLevel: true destinationLevel: 1
3004192:COMPACT_START sstable=0 input_files: "datalog/291" input_files: "datalog/292" compactIntoNextLevel: true destinationLevel: 1
2026-05-01 07:26:34:054 - Compaction started: 
140147710477888:Compacting datalog/291 datalog/292 into:sstable1/1690b97a-8c99-4776-b75f-2e59693f4183202605010126291777620394057459116.sst
2026-05-01 07:26:34:074 - Compaction completed: 
3004192:COMPACT_START sstable=0 input_files: "datalog/299" input_files: "datalog/300" compactIntoNextLevel: true destinationLevel: 1
2026-05-01 07:26:34:156 - Compaction started: 
140147710477888:Compacting datalog/299 datalog/300 into:sstable1/1690b97a-8c99-4776-b75f-2e59693f4183202605010126291777620394159460959.sst
2026-05-01 07:26:34:175 - Compaction completed: 
3004192:COMPACT_START sstable=0 input_files: "datalog/303" input_files: "datalog/304" compactIntoNextLevel: true destinationLevel: 1
2026-05-01 07:26:34:258 - Compaction started: 
140147710477888:Compacting datalog/303 datalog/304 into:sstable1/1690b97a-8c99-4776-b75f-2e59693f4183202605010126291777620394260977082.sst
2026-05-01 07:26:34:277 - Compaction completed: 
3004192:COMPACT_START sstable=0 input_files: "datalog/309" input_files: "datalog/310" compactIntoNextLevel: true destinationLevel: 1
3004192:COMPACT_ABORT input_files: "datalog/309" input_files: "datalog/310" compactIntoNextLevel: true destinationLevel: 1
3004192:COMPACT_START sstable=0 input_files: "datalog/317" input_files: "datalog/318" compactIntoNextLevel: true destinationLevel: 1
3004192:COMPACT_ABORT input_files: "datalog/317" input_files: "datalog/318" compactIntoNextLevel: true destinationLevel: 1
3004192:COMPACT_START sstable=0 input_files: "datalog/325" input_files: "datalog/326" compactIntoNextLevel: true destinationLevel: 1
3004192:COMPACT_ABORT input_files: "datalog/325" input_files: "datalog/326" compactIntoNextLevel: true destinationLevel: 1
3004192:COMPACT_START sstable=0 input_files: "datalog/329" input_files: "datalog/330" compactIntoNextLevel: true destinationLevel: 1
2026-05-01 07:26:34:665 - Compaction started: 
140147710477888:Compacting datalog/329 datalog/330 into:sstable1/1690b97a-8c99-4776-b75f-2e59693f4183202605010126291777620394669515000.sst
2026-05-01 07:26:34:684 - Compaction completed: 
3004192:COMPACT_START sstable=0 input_files: "datalog/337" input_files: "datalog/338" compactIntoNextLevel: true destinationLevel: 1
3004192:COMPACT_ABORT input_files: "datalog/337" input_files: "datalog/338" compactIntoNextLevel: true destinationLevel: 1
3004192:COMPACT_START sstable=0 input_files: "datalog/343" input_files: "datalog/344" compactIntoNextLevel: true destinationLevel: 1
3004192:COMPACT_ABORT input_files: "datalog/343" input_files: "datalog/344" compactIntoNextLevel: true destinationLevel: 1
3004192:COMPACT_START sstable=0 input_files: "datalog/345" input_files: "datalog/346" compactIntoNextLevel: true destinationLevel: 1
2026-05-01 07:26:34:869 - Compaction started: 
140147710477888:Compacting datalog/345 datalog/346 into:sstable1/1690b97a-8c99-4776-b75f-2e59693f4183202605010126291777620394871785538.sst
2026-05-01 07:26:34:886 - Compaction completed: 
3004192:COMPACT_START sstable=0 input_files: "datalog/353" input_files: "datalog/354" compactIntoNextLevel: true destinationLevel: 1
3004192:COMPACT_ABORT input_files: "datalog/353" input_files: "datalog/354" compactIntoNextLevel: true destinationLevel: 1
3004192:COMPACT_START sstable=0 input_files: "datalog/359" input_files: "datalog/360" compactIntoNextLevel: true destinationLevel: 1
2026-05-01 07:26:35:072 - Compaction started: 
140147710477888:Compacting datalog/359 datalog/360 into:sstable1/1690b97a-8c99-4776-b75f-2e59693f4183202605010126291777620395075159304.sst
2026-05-01 07:26:35:090 - Compaction completed: 
3004192:COMPACT_START sstable=0 input_files: "datalog/361" input_files: "datalog/362" compactIntoNextLevel: true destinationLevel: 1
2026-05-01 07:26:35:174 - Compaction started: 
140147710477888:Compacting datalog/361 datalog/362 into:sstable1/1690b97a-8c99-4776-b75f-2e59693f4183202605010126291777620395177119369.sst
2026-05-01 07:26:35:192 - Compaction completed: 
3004192:COMPACT_START sstable=0 input_files: "datalog/367" input_files: "datalog/368" compactIntoNextLevel: true destinationLevel: 1
2026-05-01 07:26:35:275 - Compaction started: 
140147710477888:Compacting datalog/367 datalog/368 into:sstable1/1690b97a-8c99-4776-b75f-2e59693f4183202605010126291777620395278816431.sst
2026-05-01 07:26:35:294 - Compaction completed: 
3004192:COMPACT_START sstable=0 input_files: "datalog/371" input_files: "datalog/372" compactIntoNextLevel: true destinationLevel: 1
2026-05-01 07:26:35:377 - Compaction started: 
140147710477888:Compacting datalog/371 datalog/372 into:sstable1/1690b97a-8c99-4776-b75f-2e59693f4183202605010126291777620395380682029.sst
2026-05-01 07:26:35:396 - Compaction completed: 
3004192:COMPACT_START sstable=0 input_files: "datalog/379" input_files: "datalog/380" compactIntoNextLevel: true destinationLevel: 1
2026-05-01 07:26:35:479 - Compaction started: 
140147710477888:Compacting datalog/379 datalog/380 into:sstable1/1690b97a-8c99-4776-b75f-2e59693f4183202605010126291777620395481775840.sst
2026-05-01 07:26:35:496 - Compaction completed: 
3004192:COMPACT_START sstable=0 input_files: "datalog/389" input_files: "datalog/390" compactIntoNextLevel: true destinationLevel: 1
2026-05-01 07:26:35:581 - Compaction started: 
140147710477888:Compacting datalog/389 datalog/390 into:sstable1/1690b97a-8c99-4776-b75f-2e59693f4183202605010126291777620395584070493.sst
2026-05-01 07:26:35:599 - Compaction completed: 
3004192:COMPACT_START sstable=0 input_files: "datalog/397" input_files: "datalog/398" compactIntoNextLevel: true destinationLevel: 1
2026-05-01 07:26:35:683 - Compaction started: 
140147710477888:Compacting datalog/397 datalog/398 into:sstable1/1690b97a-8c99-4776-b75f-2e59693f4183202605010126291777620395686915196.sst
2026-05-01 07:26:35:702 - Compaction completed: 
3004192:COMPACT_START sstable=0 input_files: "datalog/411" input_files: "datalog/412" compactIntoNextLevel: true destinationLevel: 1
2026-05-01 07:26:35:785 - Compaction started: 
140147710477888:Compacting datalog/411 datalog/412 into:sstable1/1690b97a-8c99-4776-b75f-2e59693f4183202605010126291777620395788510918.sst
2026-05-01 07:26:35:804 - Compaction completed: 
3004192:COMPACT_START sstable=0 input_files: "datalog/417" input_files: "datalog/418" compactIntoNextLevel: true destinationLevel: 1
3004192:COMPACT_ABORT input_files: "datalog/417" input_files: "datalog/418" compactIntoNextLevel: true destinationLevel: 1
3004192:COMPACT_START sstable=0 input_files: "datalog/423" input_files: "datalog/424" compactIntoNextLevel: true destinationLevel: 1
2026-05-01 07:26:35:988 - Compaction started: 
140147710477888:Compacting datalog/423 datalog/424 into:sstable1/1690b97a-8c99-4776-b75f-2e59693f4183202605010126291777620395991916234.sst
2026-05-01 07:26:36:006 - Compaction completed: 
3004192:COMPACT_START sstable=0 input_files: "datalog/431" input_files: "datalog/432" compactIntoNextLevel: true destinationLevel: 1
2026-05-01 07:26:36:090 - Compaction started: 
140147710477888:Compacting datalog/431 datalog/432 into:sstable1/1690b97a-8c99-4776-b75f-2e59693f4183202605010126291777620396093283447.sst
2026-05-01 07:26:36:107 - Compaction completed: 
3004192:COMPACT_START sstable=0 input_files: "datalog/441" input_files: "datalog/442" compactIntoNextLevel: true destinationLevel: 1
2026-05-01 07:26:36:192 - Compaction started: 
140147710477888:Compacting datalog/441 datalog/442 into:sstable1/1690b97a-8c99-4776-b75f-2e59693f4183202605010126291777620396194863750.sst
2026-05-01 07:26:36:208 - Compaction completed: 
3004192:COMPACT_START sstable=0 input_files: "datalog/447" input_files: "datalog/448" compactIntoNextLevel: true destinationLevel: 1
2026-05-01 07:26:36:293 - Compaction started: 
140147710477888:Compacting datalog/447 datalog/448 into:sstable1/1690b97a-8c99-4776-b75f-2e59693f4183202605010126291777620396296940995.sst
2026-05-01 07:26:36:311 - Compaction completed: 
3004192:COMPACT_START sstable=0 input_files: "datalog/453" input_files: "datalog/454" compactIntoNextLevel: true destinationLevel: 1
2026-05-01 07:26:36:395 - Compaction started: 
140147710477888:Compacting datalog/453 datalog/454 into:sstable1/1690b97a-8c99-4776-b75f-2e59693f4183202605010126291777620396398611718.sst
2026-05-01 07:26:36:413 - Compaction completed: 
3004192:COMPACT_START sstable=0 input_files: "datalog/461" input_files: "datalog/462" compactIntoNextLevel: true destinationLevel: 1
2026-05-01 07:26:36:497 - Compaction started: 
140147710477888:Compacting datalog/461 datalog/462 into:sstable1/1690b97a-8c99-4776-b75f-2e59693f4183202605010126291777620396500414608.sst
2026-05-01 07:26:36:514 - Compaction completed: 
3004192:Task input_files: "datalog/257" input_files: "datalog/258" compactIntoNextLevel: true destinationLevel: 1 is dead (hb=30)
3004192:COMPACT_START sstable=0 input_files: "datalog/469" input_files: "datalog/470" compactIntoNextLevel: true destinationLevel: 1
2026-05-01 07:26:36:598 - Compaction started: 
140147710477888:Compacting datalog/469 datalog/470 into:sstable1/1690b97a-8c99-4776-b75f-2e59693f4183202605010126291777620396602219653.sst
2026-05-01 07:26:36:617 - Compaction completed: 
3004192:Task input_files: "datalog/253" input_files: "datalog/254" compactIntoNextLevel: true destinationLevel: 1 is dead (hb=30)
3004192:Found dead task input_files: "datalog/253" input_files: "datalog/254" compactIntoNextLevel: true destinationLevel: 1
3004192:COMPACT_START sstable=0 input_files: "datalog/253" input_files: "datalog/254" compactIntoNextLevel: true destinationLevel: 1
2026-05-01 07:26:36:700 - Compaction started: 
140147710477888:Compacting datalog/253 datalog/254 into:sstable1/1690b97a-8c99-4776-b75f-2e59693f4183202605010126291777620396703685241.sst
2026-05-01 07:26:36:720 - Compaction completed: 
3004192:COMPACT_START sstable=0 input_files: "datalog/481" input_files: "datalog/482" compactIntoNextLevel: true destinationLevel: 1
2026-05-01 07:26:36:802 - Compaction started: 
140147710477888:Compacting datalog/481 datalog/482 into:sstable1/1690b97a-8c99-4776-b75f-2e59693f4183202605010126291777620396805408402.sst
2026-05-01 07:26:36:820 - Compaction completed: 
3004192:Task input_files: "datalog/279" input_files: "datalog/280" compactIntoNextLevel: true destinationLevel: 1 is dead (hb=30)
3004192:Task input_files: "datalog/269" input_files: "datalog/270" compactIntoNextLevel: true destinationLevel: 1 is dead (hb=30)
3004192:Found dead task input_files: "datalog/269" input_files: "datalog/270" compactIntoNextLevel: true destinationLevel: 1
3004192:COMPACT_START sstable=0 input_files: "datalog/269" input_files: "datalog/270" compactIntoNextLevel: true destinationLevel: 1
3004192:COMPACT_ABORT input_files: "datalog/269" input_files: "datalog/270" compactIntoNextLevel: true destinationLevel: 1
3004192:Found dead task input_files: "datalog/279" input_files: "datalog/280" compactIntoNextLevel: true destinationLevel: 1
3004192:COMPACT_START sstable=0 input_files: "datalog/279" input_files: "datalog/280" compactIntoNextLevel: true destinationLevel: 1
2026-05-01 07:26:36:903 - Compaction started: 
140147710477888:Compacting datalog/279 datalog/280 into:sstable1/1690b97a-8c99-4776-b75f-2e59693f4183202605010126291777620396906986481.sst
2026-05-01 07:26:36:922 - Compaction completed: 
3004192:Task input_files: "datalog/283" input_files: "datalog/284" compactIntoNextLevel: true destinationLevel: 1 is dead (hb=30)
3004192:Task input_files: "datalog/281" input_files: "datalog/282" compactIntoNextLevel: true destinationLevel: 1 is dead (hb=30)
3004192:Task input_files: "datalog/277" input_files: "datalog/278" compactIntoNextLevel: true destinationLevel: 1 is dead (hb=30)
3004192:Found dead task input_files: "datalog/277" input_files: "datalog/278" compactIntoNextLevel: true destinationLevel: 1
3004192:COMPACT_START sstable=0 input_files: "datalog/277" input_files: "datalog/278" compactIntoNextLevel: true destinationLevel: 1
3004192:COMPACT_ABORT input_files: "datalog/277" input_files: "datalog/278" compactIntoNextLevel: true destinationLevel: 1
3004192:Found dead task input_files: "datalog/281" input_files: "datalog/282" compactIntoNextLevel: true destinationLevel: 1
3004192:COMPACT_START sstable=0 input_files: "datalog/281" input_files: "datalog/282" compactIntoNextLevel: true destinationLevel: 1
3004192:COMPACT_ABORT input_files: "datalog/281" input_files: "datalog/282" compactIntoNextLevel: true destinationLevel: 1
3004192:Found dead task input_files: "datalog/283" input_files: "datalog/284" compactIntoNextLevel: true destinationLevel: 1
3004192:COMPACT_START sstable=0 input_files: "datalog/283" input_files: "datalog/284" compactIntoNextLevel: true destinationLevel: 1
3004192:COMPACT_ABORT input_files: "datalog/283" input_files: "datalog/284" compactIntoNextLevel: true destinationLevel: 1
3004192:COMPACT_START sstable=0 input_files: "datalog/501" input_files: "datalog/502" compactIntoNextLevel: true destinationLevel: 1
2026-05-01 07:26:37:107 - Compaction started: 
140147710477888:Compacting datalog/501 datalog/502 into:sstable1/1690b97a-8c99-4776-b75f-2e59693f4183202605010126291777620397111144687.sst
2026-05-01 07:26:37:125 - Compaction completed: 
3004192:COMPACT_START sstable=0 input_files: "datalog/509" input_files: "datalog/510" compactIntoNextLevel: true destinationLevel: 1
3004192:COMPACT_ABORT input_files: "datalog/509" input_files: "datalog/510" compactIntoNextLevel: true destinationLevel: 1
3004192:COMPACT_START sstable=0 input_files: "datalog/515" input_files: "datalog/516" compactIntoNextLevel: true destinationLevel: 1
2026-05-01 07:26:37:311 - Compaction started: 
140147710477888:Compacting datalog/515 datalog/516 into:sstable1/1690b97a-8c99-4776-b75f-2e59693f4183202605010126291777620397313619789.sst
2026-05-01 07:26:37:328 - Compaction completed: 
3004192:Task input_files: "datalog/309" input_files: "datalog/310" compactIntoNextLevel: true destinationLevel: 1 is dead (hb=30)
3004192:Found dead task input_files: "datalog/309" input_files: "datalog/310" compactIntoNextLevel: true destinationLevel: 1
3004192:COMPACT_START sstable=0 input_files: "datalog/309" input_files: "datalog/310" compactIntoNextLevel: true destinationLevel: 1
2026-05-01 07:26:37:413 - Compaction started: 
140147710477888:Compacting datalog/309 datalog/310 into:sstable1/1690b97a-8c99-4776-b75f-2e59693f4183202605010126291777620397416313850.sst
2026-05-01 07:26:37:432 - Compaction completed: 
3004192:Task input_files: "datalog/317" input_files: "datalog/318" compactIntoNextLevel: true destinationLevel: 1 is dead (hb=30)
3004192:Found dead task input_files: "datalog/317" input_files: "datalog/318" compactIntoNextLevel: true destinationLevel: 1
3004192:COMPACT_START sstable=0 input_files: "datalog/317" input_files: "datalog/318" compactIntoNextLevel: true destinationLevel: 1
2026-05-01 07:26:37:514 - Compaction started: 
140147710477888:Compacting datalog/317 datalog/318 into:sstable1/1690b97a-8c99-4776-b75f-2e59693f4183202605010126291777620397518016262.sst
2026-05-01 07:26:37:533 - Compaction completed: 
3004192:Task input_files: "datalog/325" input_files: "datalog/326" compactIntoNextLevel: true destinationLevel: 1 is dead (hb=30)
3004192:Found dead task input_files: "datalog/325" input_files: "datalog/326" compactIntoNextLevel: true destinationLevel: 1
3004192:COMPACT_START sstable=0 input_files: "datalog/325" input_files: "datalog/326" compactIntoNextLevel: true destinationLevel: 1
2026-05-01 07:26:37:616 - Compaction started: 
140147710477888:Compacting datalog/325 datalog/326 into:sstable1/1690b97a-8c99-4776-b75f-2e59693f4183202605010126291777620397619650016.sst
2026-05-01 07:26:37:634 - Compaction completed: 
3004192:Task input_files: "datalog/103" input_files: "datalog/104" compactIntoNextLevel: true destinationLevel: 1 is dead (hb=30)
3004192:Found dead task input_files: "datalog/103" input_files: "datalog/104" compactIntoNextLevel: true destinationLevel: 1
3004192:COMPACT_START sstable=0 input_files: "datalog/103" input_files: "datalog/104" compactIntoNextLevel: true destinationLevel: 1
3004192:COMPACT_ABORT input_files: "datalog/103" input_files: "datalog/104" compactIntoNextLevel: true destinationLevel: 1
3004192:COMPACT_START sstable=0 input_files: "datalog/535" input_files: "datalog/536" compactIntoNextLevel: true destinationLevel: 1
2026-05-01 07:26:37:718 - Compaction started: 
140147710477888:Compacting datalog/535 datalog/536 into:sstable1/1690b97a-8c99-4776-b75f-2e59693f4183202605010126291777620397721557172.sst
2026-05-01 07:26:37:736 - Compaction completed: 
3004192:Task input_files: "datalog/343" input_files: "datalog/344" compactIntoNextLevel: true destinationLevel: 1 is dead (hb=30)
3004192:Task input_files: "datalog/337" input_files: "datalog/338" compactIntoNextLevel: true destinationLevel: 1 is dead (hb=30)
3004192:Found dead task input_files: "datalog/337" input_files: "datalog/338" compactIntoNextLevel: true destinationLevel: 1
3004192:COMPACT_START sstable=0 input_files: "datalog/337" input_files: "datalog/338" compactIntoNextLevel: true destinationLevel: 1
2026-05-01 07:26:37:832 - Compaction started: 
140147710477888:Compacting datalog/337 datalog/338 into:sstable1/1690b97a-8c99-4776-b75f-2e59693f4183202605010126291777620397836016478.sst
2026-05-01 07:26:37:851 - Compaction completed: 
3004192:Task input_files: "datalog/347" input_files: "datalog/348" compactIntoNextLevel: true destinationLevel: 1 is dead (hb=30)
3004192:Found dead task input_files: "datalog/347" input_files: "datalog/348" compactIntoNextLevel: true destinationLevel: 1
3004192:COMPACT_START sstable=0 input_files: "datalog/347" input_files: "datalog/348" compactIntoNextLevel: true destinationLevel: 1
2026-05-01 07:26:37:933 - Compaction started: 
140147710477888:Compacting datalog/347 datalog/348 into:sstable1/1690b97a-8c99-4776-b75f-2e59693f4183202605010126291777620397937320083.sst
2026-05-01 07:26:37:952 - Compaction completed: 
3004192:Task input_files: "datalog/353" input_files: "datalog/354" compactIntoNextLevel: true destinationLevel: 1 is dead (hb=30)
3004192:Found dead task input_files: "datalog/353" input_files: "datalog/354" compactIntoNextLevel: true destinationLevel: 1
3004192:COMPACT_START sstable=0 input_files: "datalog/353" input_files: "datalog/354" compactIntoNextLevel: true destinationLevel: 1
2026-05-01 07:26:38:035 - Compaction started: 
140147710477888:Compacting datalog/353 datalog/354 into:sstable1/1690b97a-8c99-4776-b75f-2e59693f4183202605010126291777620398039053323.sst
2026-05-01 07:26:38:054 - Compaction completed: 
3004192:COMPACT_START sstable=0 input_files: "datalog/555" input_files: "datalog/556" compactIntoNextLevel: true destinationLevel: 1
3004192:COMPACT_ABORT input_files: "datalog/555" input_files: "datalog/556" compactIntoNextLevel: true destinationLevel: 1
3004192:COMPACT_START sstable=0 input_files: "datalog/565" input_files: "datalog/566" compactIntoNextLevel: true destinationLevel: 1
3004192:COMPACT_ABORT input_files: "datalog/565" input_files: "datalog/566" compactIntoNextLevel: true destinationLevel: 1
3004192:COMPACT_START sstable=0 input_files: "datalog/575" input_files: "datalog/576" compactIntoNextLevel: true destinationLevel: 1
2026-05-01 07:26:38:342 - Compaction started: 
140147710477888:Compacting datalog/575 datalog/576 into:sstable1/1690b97a-8c99-4776-b75f-2e59693f4183202605010126291777620398345612631.sst
2026-05-01 07:26:38:360 - Compaction completed: 
3004192:COMPACT_START sstable=0 input_files: "datalog/581" input_files: "datalog/582" compactIntoNextLevel: true destinationLevel: 1
2026-05-01 07:26:38:443 - Compaction started: 
140147710477888:Compacting datalog/581 datalog/582 into:sstable1/1690b97a-8c99-4776-b75f-2e59693f4183202605010126291777620398446821148.sst
2026-05-01 07:26:38:461 - Compaction completed: 
3004192:COMPACT_START sstable=0 input_files: "datalog/593" input_files: "datalog/594" compactIntoNextLevel: true destinationLevel: 1
2026-05-01 07:26:38:546 - Compaction started: 
140147710477888:Compacting datalog/593 datalog/594 into:sstable1/1690b97a-8c99-4776-b75f-2e59693f4183202605010126291777620398548932947.sst
2026-05-01 07:26:38:564 - Compaction completed: 
3004192:COMPACT_START sstable=0 input_files: "datalog/601" input_files: "datalog/602" compactIntoNextLevel: true destinationLevel: 1
2026-05-01 07:26:38:648 - Compaction started: 
140147710477888:Compacting datalog/601 datalog/602 into:sstable1/1690b97a-8c99-4776-b75f-2e59693f4183202605010126291777620398651664419.sst
2026-05-01 07:26:38:665 - Compaction completed: 
3004192:Task input_files: "datalog/403" input_files: "datalog/404" compactIntoNextLevel: true destinationLevel: 1 is dead (hb=30)
3004192:Task input_files: "datalog/391" input_files: "datalog/392" compactIntoNextLevel: true destinationLevel: 1 is dead (hb=30)
3004192:Found dead task input_files: "datalog/391" input_files: "datalog/392" compactIntoNextLevel: true destinationLevel: 1
3004192:COMPACT_START sstable=0 input_files: "datalog/391" input_files: "datalog/392" compactIntoNextLevel: true destinationLevel: 1
3004192:COMPACT_ABORT input_files: "datalog/391" input_files: "datalog/392" compactIntoNextLevel: true destinationLevel: 1
3004192:COMPACT_START sstable=0 input_files: "datalog/609" input_files: "datalog/610" compactIntoNextLevel: true destinationLevel: 1
2026-05-01 07:26:38:853 - Compaction started: 
140147710477888:Compacting datalog/609 datalog/610 into:sstable1/1690b97a-8c99-4776-b75f-2e59693f4183202605010126291777620398856920313.sst
2026-05-01 07:26:38:871 - Compaction completed: 
3004192:Task input_files: "datalog/417" input_files: "datalog/418" compactIntoNextLevel: true destinationLevel: 1 is dead (hb=30)
3004192:Found dead task input_files: "datalog/417" input_files: "datalog/418" compactIntoNextLevel: true destinationLevel: 1
3004192:COMPACT_START sstable=0 input_files: "datalog/417" input_files: "datalog/418" compactIntoNextLevel: true destinationLevel: 1
3004192:COMPACT_ABORT input_files: "datalog/417" input_files: "datalog/418" compactIntoNextLevel: true destinationLevel: 1
3004192:COMPACT_START sstable=0 input_files: "datalog/623" input_files: "datalog/624" compactIntoNextLevel: true destinationLevel: 1
2026-05-01 07:26:39:057 - Compaction started: 
140147710477888:Compacting datalog/623 datalog/624 into:sstable1/1690b97a-8c99-4776-b75f-2e59693f4183202605010126291777620399060703396.sst
2026-05-01 07:26:39:075 - Compaction completed: 
3004192:COMPACT_START sstable=0 input_files: "datalog/625" input_files: "datalog/626" compactIntoNextLevel: true destinationLevel: 1
2026-05-01 07:26:39:160 - Compaction started: 
140147710477888:Compacting datalog/625 datalog/626 into:sstable1/1690b97a-8c99-4776-b75f-2e59693f4183202605010126291777620399163890411.sst
2026-05-01 07:26:39:177 - Compaction completed: 
3004192:COMPACT_START sstable=0 input_files: "datalog/631" input_files: "datalog/632" compactIntoNextLevel: true destinationLevel: 1
2026-05-01 07:26:39:262 - Compaction started: 
140147710477888:Compacting datalog/631 datalog/632 into:sstable1/1690b97a-8c99-4776-b75f-2e59693f4183202605010126291777620399265309633.sst
2026-05-01 07:26:39:321 - Compaction completed: 
3004192:COMPACT_START sstable=0 input_files: "datalog/639" input_files: "datalog/640" compactIntoNextLevel: true destinationLevel: 1
2026-05-01 07:26:39:363 - Compaction started: 
140147710477888:Compacting datalog/639 datalog/640 into:sstable1/1690b97a-8c99-4776-b75f-2e59693f4183202605010126291777620399366857906.sst
2026-05-01 07:26:39:380 - Compaction completed: 
3004192:COMPACT_START sstable=0 input_files: "datalog/647" input_files: "datalog/648" compactIntoNextLevel: true destinationLevel: 1
2026-05-01 07:26:39:465 - Compaction started: 
140147710477888:Compacting datalog/647 datalog/648 into:sstable1/1690b97a-8c99-4776-b75f-2e59693f4183202605010126291777620399468522828.sst
2026-05-01 07:26:39:482 - Compaction completed: 
3004192:COMPACT_START sstable=0 input_files: "datalog/657" input_files: "datalog/658" compactIntoNextLevel: true destinationLevel: 1
2026-05-01 07:26:39:567 - Compaction started: 
140147710477888:Compacting datalog/657 datalog/658 into:sstable1/1690b97a-8c99-4776-b75f-2e59693f4183202605010126291777620399569991832.sst
2026-05-01 07:26:39:583 - Compaction completed: 
3004192:COMPACT_START sstable=0 input_files: "datalog/665" input_files: "datalog/666" compactIntoNextLevel: true destinationLevel: 1
2026-05-01 07:26:39:669 - Compaction started: 
140147710477888:Compacting datalog/665 datalog/666 into:sstable1/1690b97a-8c99-4776-b75f-2e59693f4183202605010126291777620399672110324.sst
2026-05-01 07:26:39:685 - Compaction completed: 
3004192:COMPACT_START sstable=0 input_files: "datalog/673" input_files: "datalog/674" compactIntoNextLevel: true destinationLevel: 1
2026-05-01 07:26:39:770 - Compaction started: 
140147710477888:Compacting datalog/673 datalog/674 into:sstable1/1690b97a-8c99-4776-b75f-2e59693f4183202605010126291777620399773801986.sst
2026-05-01 07:26:39:787 - Compaction completed: 
3004192:COMPACT_START sstable=0 input_files: "datalog/681" input_files: "datalog/682" compactIntoNextLevel: true destinationLevel: 1
2026-05-01 07:26:39:872 - Compaction started: 
140147710477888:Compacting datalog/681 datalog/682 into:sstable1/1690b97a-8c99-4776-b75f-2e59693f4183202605010126291777620399875536208.sst
2026-05-01 07:26:39:888 - Compaction completed: 
3004192:COMPACT_START sstable=0 input_files: "datalog/687" input_files: "datalog/688" compactIntoNextLevel: true destinationLevel: 1
3004192:COMPACT_ABORT input_files: "datalog/687" input_files: "datalog/688" compactIntoNextLevel: true destinationLevel: 1
3004192:COMPACT_START sstable=0 input_files: "datalog/691" input_files: "datalog/692" compactIntoNextLevel: true destinationLevel: 1
2026-05-01 07:26:40:075 - Compaction started: 
140147710477888:Compacting datalog/691 datalog/692 into:sstable1/1690b97a-8c99-4776-b75f-2e59693f4183202605010126291777620400078773818.sst
2026-05-01 07:26:40:092 - Compaction completed: 
3004192:COMPACT_START sstable=0 input_files: "datalog/697" input_files: "datalog/698" compactIntoNextLevel: true destinationLevel: 1
2026-05-01 07:26:40:178 - Compaction started: 
140147710477888:Compacting datalog/697 datalog/698 into:sstable1/1690b97a-8c99-4776-b75f-2e59693f4183202605010126291777620400180791602.sst
2026-05-01 07:26:40:194 - Compaction completed: 
3004192:COMPACT_START sstable=0 input_files: "datalog/711" input_files: "datalog/712" compactIntoNextLevel: true destinationLevel: 1
3004192:COMPACT_ABORT input_files: "datalog/711" input_files: "datalog/712" compactIntoNextLevel: true destinationLevel: 1
3004192:COMPACT_START sstable=0 input_files: "datalog/715" input_files: "datalog/716" compactIntoNextLevel: true destinationLevel: 1
2026-05-01 07:26:40:381 - Compaction started: 
140147710477888:Compacting datalog/715 datalog/716 into:sstable1/1690b97a-8c99-4776-b75f-2e59693f4183202605010126291777620400384088734.sst
2026-05-01 07:26:40:396 - Compaction completed: 
3004192:COMPACT_START sstable=0 input_files: "datalog/721" input_files: "datalog/722" compactIntoNextLevel: true destinationLevel: 1
2026-05-01 07:26:40:483 - Compaction started: 
140147710477888:Compacting datalog/721 datalog/722 into:sstable1/1690b97a-8c99-4776-b75f-2e59693f4183202605010126291777620400486836486.sst
2026-05-01 07:26:40:500 - Compaction completed: 
3004192:COMPACT_START sstable=0 input_files: "datalog/729" input_files: "datalog/730" compactIntoNextLevel: true destinationLevel: 1
2026-05-01 07:26:40:585 - Compaction started: 
140147710477888:Compacting datalog/729 datalog/730 into:sstable1/1690b97a-8c99-4776-b75f-2e59693f4183202605010126291777620400587977706.sst
2026-05-01 07:26:40:600 - Compaction completed: 
3004192:COMPACT_START sstable=0 input_files: "datalog/735" input_files: "datalog/736" compactIntoNextLevel: true destinationLevel: 1
2026-05-01 07:26:40:686 - Compaction started: 
140147710477888:Compacting datalog/735 datalog/736 into:sstable1/1690b97a-8c99-4776-b75f-2e59693f4183202605010126291777620400689591001.sst
2026-05-01 07:26:40:702 - Compaction completed: 
3004192:COMPACT_START sstable=0 input_files: "datalog/741" input_files: "datalog/742" compactIntoNextLevel: true destinationLevel: 1
3004192:COMPACT_ABORT input_files: "datalog/741" input_files: "datalog/742" compactIntoNextLevel: true destinationLevel: 1
3004192:COMPACT_START sstable=0 input_files: "datalog/743" input_files: "datalog/744" compactIntoNextLevel: true destinationLevel: 1
2026-05-01 07:26:40:789 - Compaction started: 
140147710477888:Compacting datalog/743 datalog/744 into:sstable1/1690b97a-8c99-4776-b75f-2e59693f4183202605010126291777620400792224348.sst
2026-05-01 07:26:40:804 - Compaction completed: 
3004192:COMPACT_START sstable=0 input_files: "datalog/751" input_files: "datalog/752" compactIntoNextLevel: true destinationLevel: 1
2026-05-01 07:26:40:891 - Compaction started: 
140147710477888:Compacting datalog/751 datalog/752 into:sstable1/1690b97a-8c99-4776-b75f-2e59693f4183202605010126291777620400893714111.sst
2026-05-01 07:26:40:906 - Compaction completed: 
3004192:COMPACT_START sstable=0 input_files: "datalog/757" input_files: "datalog/758" compactIntoNextLevel: true destinationLevel: 1
2026-05-01 07:26:40:992 - Compaction started: 
140147710477888:Compacting datalog/757 datalog/758 into:sstable1/1690b97a-8c99-4776-b75f-2e59693f4183202605010126291777620400995566093.sst
2026-05-01 07:26:41:008 - Compaction completed: 
3004192:COMPACT_START sstable=0 input_files: "datalog/765" input_files: "datalog/766" compactIntoNextLevel: true destinationLevel: 1
3004192:COMPACT_ABORT input_files: "datalog/765" input_files: "datalog/766" compactIntoNextLevel: true destinationLevel: 1
3004192:COMPACT_START sstable=0 input_files: "datalog/767" input_files: "datalog/768" compactIntoNextLevel: true destinationLevel: 1
2026-05-01 07:26:41:095 - Compaction started: 
140147710477888:Compacting datalog/767 datalog/768 into:sstable1/1690b97a-8c99-4776-b75f-2e59693f4183202605010126291777620401097848573.sst
2026-05-01 07:26:41:110 - Compaction completed: 
3004192:COMPACT_START sstable=0 input_files: "datalog/777" input_files: "datalog/778" compactIntoNextLevel: true destinationLevel: 1
2026-05-01 07:26:41:197 - Compaction started: 
140147710477888:Compacting datalog/777 datalog/778 into:sstable1/1690b97a-8c99-4776-b75f-2e59693f4183202605010126291777620401199674677.sst
2026-05-01 07:26:41:212 - Compaction completed: 
3004192:COMPACT_START sstable=0 input_files: "datalog/779" input_files: "datalog/780" compactIntoNextLevel: true destinationLevel: 1
2026-05-01 07:26:41:299 - Compaction started: 
140147710477888:Compacting datalog/779 datalog/780 into:sstable1/1690b97a-8c99-4776-b75f-2e59693f4183202605010126291777620401301844996.sst
2026-05-01 07:26:41:314 - Compaction completed: 
3004192:COMPACT_START sstable=0 input_files: "datalog/785" input_files: "datalog/786" compactIntoNextLevel: true destinationLevel: 1
2026-05-01 07:26:41:401 - Compaction started: 
140147710477888:Compacting datalog/785 datalog/786 into:sstable1/1690b97a-8c99-4776-b75f-2e59693f4183202605010126291777620401403824478.sst
2026-05-01 07:26:41:416 - Compaction completed: 
3004192:COMPACT_START sstable=0 input_files: "datalog/797" input_files: "datalog/798" compactIntoNextLevel: true destinationLevel: 1
2026-05-01 07:26:41:503 - Compaction started: 
140147710477888:Compacting datalog/797 datalog/798 into:sstable1/1690b97a-8c99-4776-b75f-2e59693f4183202605010126291777620401505930546.sst
2026-05-01 07:26:41:518 - Compaction completed: 
3004192:COMPACT_START sstable=0 input_files: "datalog/801" input_files: "datalog/802" compactIntoNextLevel: true destinationLevel: 1
2026-05-01 07:26:41:605 - Compaction started: 
140147710477888:Compacting datalog/801 datalog/802 into:sstable1/1690b97a-8c99-4776-b75f-2e59693f4183202605010126291777620401608150328.sst
2026-05-01 07:26:41:620 - Compaction completed: 
3004192:Task input_files: "datalog/599" input_files: "datalog/600" compactIntoNextLevel: true destinationLevel: 1 is dead (hb=30)
3004192:Task input_files: "datalog/597" input_files: "datalog/598" compactIntoNextLevel: true destinationLevel: 1 is dead (hb=30)
3004192:Found dead task input_files: "datalog/597" input_files: "datalog/598" compactIntoNextLevel: true destinationLevel: 1
3004192:COMPACT_START sstable=0 input_files: "datalog/597" input_files: "datalog/598" compactIntoNextLevel: true destinationLevel: 1
2026-05-01 07:26:41:706 - Compaction started: 
140147710477888:Compacting datalog/597 datalog/598 into:sstable1/1690b97a-8c99-4776-b75f-2e59693f4183202605010126291777620401709833244.sst
2026-05-01 07:26:41:723 - Compaction completed: 
3004192:Task input_files: "datalog/603" input_files: "datalog/604" compactIntoNextLevel: true destinationLevel: 1 is dead (hb=30)
3004192:Task input_files: "datalog/391" input_files: "datalog/392" compactIntoNextLevel: true destinationLevel: 1 is dead (hb=30)
3004192:Found dead task input_files: "datalog/391" input_files: "datalog/392" compactIntoNextLevel: true destinationLevel: 1
3004192:COMPACT_START sstable=0 input_files: "datalog/391" input_files: "datalog/392" compactIntoNextLevel: true destinationLevel: 1
2026-05-01 07:26:41:808 - Compaction started: 
140147710477888:Compacting datalog/391 datalog/392 into:sstable1/1690b97a-8c99-4776-b75f-2e59693f4183202605010126291777620401811713159.sst
2026-05-01 07:26:41:826 - Compaction completed: 
3004192:COMPACT_START sstable=0 input_files: "datalog/817" input_files: "datalog/818" compactIntoNextLevel: true destinationLevel: 1
2026-05-01 07:26:41:910 - Compaction started: 
140147710477888:Compacting datalog/817 datalog/818 into:sstable1/1690b97a-8c99-4776-b75f-2e59693f4183202605010126291777620401913139223.sst
2026-05-01 07:26:41:926 - Compaction completed: 
3004192:Task input_files: "datalog/417" input_files: "datalog/418" compactIntoNextLevel: true destinationLevel: 1 is dead (hb=30)
3004192:Task input_files: "datalog/613" input_files: "datalog/614" compactIntoNextLevel: true destinationLevel: 1 is dead (hb=30)
3004192:Found dead task input_files: "datalog/613" input_files: "datalog/614" compactIntoNextLevel: true destinationLevel: 1
3004192:COMPACT_START sstable=0 input_files: "datalog/613" input_files: "datalog/614" compactIntoNextLevel: true destinationLevel: 1
2026-05-01 07:26:42:012 - Compaction started: 
140147710477888:Compacting datalog/613 datalog/614 into:sstable1/1690b97a-8c99-4776-b75f-2e59693f4183202605010126291777620402015378842.sst
2026-05-01 07:26:42:028 - Compaction completed: 
3004192:Task input_files: "datalog/621" input_files: "datalog/622" compactIntoNextLevel: true destinationLevel: 1 is dead (hb=30)
3004192:Found dead task input_files: "datalog/621" input_files: "datalog/622" compactIntoNextLevel: true destinationLevel: 1
3004192:COMPACT_START sstable=0 input_files: "datalog/621" input_files: "datalog/622" compactIntoNextLevel: true destinationLevel: 1
2026-05-01 07:26:42:114 - Compaction started: 
140147710477888:Compacting datalog/621 datalog/622 into:sstable1/1690b97a-8c99-4776-b75f-2e59693f4183202605010126291777620402117471716.sst
2026-05-01 07:26:42:132 - Compaction completed: 
3004192:Task input_files: "datalog/427" input_files: "datalog/428" compactIntoNextLevel: true destinationLevel: 1 is dead (hb=30)
3004192:Found dead task input_files: "datalog/427" input_files: "datalog/428" compactIntoNextLevel: true destinationLevel: 1
3004192:COMPACT_START sstable=0 input_files: "datalog/427" input_files: "datalog/428" compactIntoNextLevel: true destinationLevel: 1
2026-05-01 07:26:42:216 - Compaction started: 
140147710477888:Compacting datalog/427 datalog/428 into:sstable1/1690b97a-8c99-4776-b75f-2e59693f4183202605010126291777620402219910699.sst
2026-05-01 07:26:42:234 - Compaction completed: 
3004192:Task input_files: "datalog/627" input_files: "datalog/628" compactIntoNextLevel: true destinationLevel: 1 is dead (hb=30)
3004192:Found dead task input_files: "datalog/627" input_files: "datalog/628" compactIntoNextLevel: true destinationLevel: 1
3004192:COMPACT_START sstable=0 input_files: "datalog/627" input_files: "datalog/628" compactIntoNextLevel: true destinationLevel: 1
2026-05-01 07:26:42:318 - Compaction started: 
140147710477888:Compacting datalog/627 datalog/628 into:sstable1/1690b97a-8c99-4776-b75f-2e59693f4183202605010126291777620402321403688.sst
2026-05-01 07:26:42:335 - Compaction completed: 
3004192:Task input_files: "datalog/635" input_files: "datalog/636" compactIntoNextLevel: true destinationLevel: 1 is dead (hb=30)
3004192:Task input_files: "datalog/633" input_files: "datalog/634" compactIntoNextLevel: true destinationLevel: 1 is dead (hb=30)
3004192:Found dead task input_files: "datalog/633" input_files: "datalog/634" compactIntoNextLevel: true destinationLevel: 1
3004192:COMPACT_START sstable=0 input_files: "datalog/633" input_files: "datalog/634" compactIntoNextLevel: true destinationLevel: 1
2026-05-01 07:26:42:419 - Compaction started: 
140147710477888:Compacting datalog/633 datalog/634 into:sstable1/1690b97a-8c99-4776-b75f-2e59693f4183202605010126291777620402423040678.sst
2026-05-01 07:26:42:436 - Compaction completed: 
3004192:COMPACT_START sstable=0 input_files: "datalog/855" input_files: "datalog/856" compactIntoNextLevel: true destinationLevel: 1
2026-05-01 07:26:42:521 - Compaction started: 
140147710477888:Compacting datalog/855 datalog/856 into:sstable1/1690b97a-8c99-4776-b75f-2e59693f4183202605010126291777620402524633494.sst
2026-05-01 07:26:42:537 - Compaction completed: 
3004192:COMPACT_START sstable=0 input_files: "datalog/863" input_files: "datalog/864" compactIntoNextLevel: true destinationLevel: 1
2026-05-01 07:26:42:623 - Compaction started: 
140147710477888:Compacting datalog/863 datalog/864 into:sstable1/1690b97a-8c99-4776-b75f-2e59693f4183202605010126291777620402626386171.sst
2026-05-01 07:26:42:639 - Compaction completed: 
3004192:COMPACT_START sstable=1 input_files: "sstable1/1690b97a-8c99-4776-b75f-2e59693f4183202605010126291777620390088634997.sst" input_files: "sstable1/81c1ee96-568b-4c42-a6f8-d8dd5d730dc3202605010126291777620390088629296.sst" compactIntoNextLevel: true destinationLevel: 2
3004192:COMPACT_ABORT input_files: "sstable1/1690b97a-8c99-4776-b75f-2e59693f4183202605010126291777620390088634997.sst" input_files: "sstable1/81c1ee96-568b-4c42-a6f8-d8dd5d730dc3202605010126291777620390088629296.sst" compactIntoNextLevel: true destinationLevel: 2
3004192:COMPACT_START sstable=1 input_files: "sstable1/1690b97a-8c99-4776-b75f-2e59693f4183202605010126291777620390193326523.sst" input_files: "sstable1/1690b97a-8c99-4776-b75f-2e59693f4183202605010126291777620393241113818.sst" compactIntoNextLevel: true destinationLevel: 2
2026-05-01 07:26:42:726 - Compaction started: 
140147710477888:Compacting sstable1/1690b97a-8c99-4776-b75f-2e59693f4183202605010126291777620390193326523.sst sstable1/1690b97a-8c99-4776-b75f-2e59693f4183202605010126291777620393241113818.sst into:sstable2/1690b97a-8c99-4776-b75f-2e59693f4183202605010126291777620402750600464.sst
2026-05-01 07:26:42:786 - Compaction completed: 
3004192:COMPACT_START sstable=1 input_files: "sstable1/e3e96cd6-1422-4f16-8400-b5ab346d3436202605010126291777620390650340164.sst" input_files: "sstable1/1690b97a-8c99-4776-b75f-2e59693f4183202605010126291777620390393208944.sst" compactIntoNextLevel: true destinationLevel: 2
2026-05-01 07:26:42:829 - Compaction started: 
140147710477888:Compacting sstable1/e3e96cd6-1422-4f16-8400-b5ab346d3436202605010126291777620390650340164.sst sstable1/1690b97a-8c99-4776-b75f-2e59693f4183202605010126291777620390393208944.sst into:sstable2/1690b97a-8c99-4776-b75f-2e59693f4183202605010126291777620402856204831.sst
2026-05-01 07:26:42:893 - Compaction completed: 
3004192:COMPACT_START sstable=1 input_files: "sstable1/e3e96cd6-1422-4f16-8400-b5ab346d3436202605010126291777620390918374343.sst" input_files: "sstable1/8d46d65f-d0aa-4788-9fd7-225612378859202605010126291777620390769326597.sst" compactIntoNextLevel: true destinationLevel: 2
2026-05-01 07:26:42:931 - Compaction started: 
140147710477888:Compacting sstable1/e3e96cd6-1422-4f16-8400-b5ab346d3436202605010126291777620390918374343.sst sstable1/8d46d65f-d0aa-4788-9fd7-225612378859202605010126291777620390769326597.sst into:sstable2/1690b97a-8c99-4776-b75f-2e59693f4183202605010126291777620402958831886.sst
2026-05-01 07:26:43:003 - Compaction completed: 
3004192:Task input_files: "datalog/687" input_files: "datalog/688" compactIntoNextLevel: true destinationLevel: 1 is dead (hb=30)
3004192:Found dead task input_files: "datalog/687" input_files: "datalog/688" compactIntoNextLevel: true destinationLevel: 1
3004192:COMPACT_START sstable=0 input_files: "datalog/687" input_files: "datalog/688" compactIntoNextLevel: true destinationLevel: 1
2026-05-01 07:26:43:033 - Compaction started: 
140147710477888:Compacting datalog/687 datalog/688 into:sstable1/1690b97a-8c99-4776-b75f-2e59693f4183202605010126291777620403036490936.sst
2026-05-01 07:26:43:052 - Compaction completed: 
3004192:Task input_files: "datalog/499" input_files: "datalog/500" compactIntoNextLevel: true destinationLevel: 1 is dead (hb=30)
3004192:Found dead task input_files: "datalog/499" input_files: "datalog/500" compactIntoNextLevel: true destinationLevel: 1
3004192:COMPACT_START sstable=0 input_files: "datalog/499" input_files: "datalog/500" compactIntoNextLevel: true destinationLevel: 1
2026-05-01 07:26:43:135 - Compaction started: 
140147710477888:Compacting datalog/499 datalog/500 into:sstable1/1690b97a-8c99-4776-b75f-2e59693f4183202605010126291777620403138507167.sst
2026-05-01 07:26:43:153 - Compaction completed: 
3004192:Task input_files: "datalog/703" input_files: "datalog/704" compactIntoNextLevel: true destinationLevel: 1 is dead (hb=30)
3004192:Task input_files: "datalog/699" input_files: "datalog/700" compactIntoNextLevel: true destinationLevel: 1 is dead (hb=30)
3004192:Found dead task input_files: "datalog/699" input_files: "datalog/700" compactIntoNextLevel: true destinationLevel: 1
3004192:COMPACT_START sstable=0 input_files: "datalog/699" input_files: "datalog/700" compactIntoNextLevel: true destinationLevel: 1
2026-05-01 07:26:43:238 - Compaction started: 
140147710477888:Compacting datalog/699 datalog/700 into:sstable1/1690b97a-8c99-4776-b75f-2e59693f4183202605010126291777620403241122620.sst
2026-05-01 07:26:43:255 - Compaction completed: 
3004192:Task input_files: "datalog/711" input_files: "datalog/712" compactIntoNextLevel: true destinationLevel: 1 is dead (hb=30)
3004192:Found dead task input_files: "datalog/711" input_files: "datalog/712" compactIntoNextLevel: true destinationLevel: 1
3004192:COMPACT_START sstable=0 input_files: "datalog/711" input_files: "datalog/712" compactIntoNextLevel: true destinationLevel: 1
2026-05-01 07:26:43:342 - Compaction started: 
140147710477888:Compacting datalog/711 datalog/712 into:sstable1/1690b97a-8c99-4776-b75f-2e59693f4183202605010126291777620403344710617.sst
2026-05-01 07:26:43:359 - Compaction completed: 
3004192:COMPACT_START sstable=1 input_files: "sstable1/8d46d65f-d0aa-4788-9fd7-225612378859202605010126291777620391589051039.sst" input_files: "sstable1/e3e96cd6-1422-4f16-8400-b5ab346d3436202605010126291777620394630332869.sst" compactIntoNextLevel: true destinationLevel: 2
2026-05-01 07:26:43:445 - Compaction started: 
140147710477888:Compacting sstable1/8d46d65f-d0aa-4788-9fd7-225612378859202605010126291777620391589051039.sst sstable1/e3e96cd6-1422-4f16-8400-b5ab346d3436202605010126291777620394630332869.sst into:sstable2/1690b97a-8c99-4776-b75f-2e59693f4183202605010126291777620403468824602.sst
2026-05-01 07:26:43:504 - Compaction completed: 
3004192:COMPACT_START sstable=1 input_files: "sstable1/81c1ee96-568b-4c42-a6f8-d8dd5d730dc3202605010126291777620394821872020.sst" input_files: "sstable1/81c1ee96-568b-4c42-a6f8-d8dd5d730dc3202605010126291777620391760956594.sst" compactIntoNextLevel: true destinationLevel: 2
3004192:COMPACT_ABORT input_files: "sstable1/81c1ee96-568b-4c42-a6f8-d8dd5d730dc3202605010126291777620394821872020.sst" input_files: "sstable1/81c1ee96-568b-4c42-a6f8-d8dd5d730dc3202605010126291777620391760956594.sst" compactIntoNextLevel: true destinationLevel: 2
3004192:COMPACT_START sstable=1 input_files: "sstable1/e3e96cd6-1422-4f16-8400-b5ab346d3436202605010126291777620391825822502.sst" input_files: "sstable1/8d46d65f-d0aa-4788-9fd7-225612378859202605010126291777620391791841802.sst" compactIntoNextLevel: true destinationLevel: 2
2026-05-01 07:26:43:549 - Compaction started: 
140147710477888:Compacting sstable1/e3e96cd6-1422-4f16-8400-b5ab346d3436202605010126291777620391825822502.sst sstable1/8d46d65f-d0aa-4788-9fd7-225612378859202605010126291777620391791841802.sst into:sstable2/1690b97a-8c99-4776-b75f-2e59693f4183202605010126291777620403572379006.sst
2026-05-01 07:26:43:606 - Compaction completed: 
3004192:COMPACT_START sstable=1 input_files: "sstable1/e3e96cd6-1422-4f16-8400-b5ab346d3436202605010126291777620391984332546.sst" input_files: "sstable1/8d46d65f-d0aa-4788-9fd7-225612378859202605010126291777620395164073233.sst" compactIntoNextLevel: true destinationLevel: 2
2026-05-01 07:26:43:653 - Compaction started: 
140147710477888:Compacting sstable1/e3e96cd6-1422-4f16-8400-b5ab346d3436202605010126291777620391984332546.sst sstable1/8d46d65f-d0aa-4788-9fd7-225612378859202605010126291777620395164073233.sst into:sstable2/1690b97a-8c99-4776-b75f-2e59693f4183202605010126291777620403677594283.sst
2026-05-01 07:26:43:715 - Compaction completed: 
3004192:Task input_files: "datalog/741" input_files: "datalog/742" compactIntoNextLevel: true destinationLevel: 1 is dead (hb=30)
3004192:Found dead task input_files: "datalog/741" input_files: "datalog/742" compactIntoNextLevel: true destinationLevel: 1
3004192:COMPACT_START sstable=0 input_files: "datalog/741" input_files: "datalog/742" compactIntoNextLevel: true destinationLevel: 1
2026-05-01 07:26:43:756 - Compaction started: 
140147710477888:Compacting datalog/741 datalog/742 into:sstable1/1690b97a-8c99-4776-b75f-2e59693f4183202605010126291777620403759176598.sst
2026-05-01 07:26:43:772 - Compaction completed: 
3004192:COMPACT_START sstable=1 input_files: "sstable1/81c1ee96-568b-4c42-a6f8-d8dd5d730dc3202605010126291777620395331078492.sst" input_files: "sstable1/1690b97a-8c99-4776-b75f-2e59693f4183202605010126291777620392321084544.sst" compactIntoNextLevel: true destinationLevel: 2
2026-05-01 07:26:43:860 - Compaction started: 
140147710477888:Compacting sstable1/81c1ee96-568b-4c42-a6f8-d8dd5d730dc3202605010126291777620395331078492.sst sstable1/1690b97a-8c99-4776-b75f-2e59693f4183202605010126291777620392321084544.sst into:sstable2/1690b97a-8c99-4776-b75f-2e59693f4183202605010126291777620403882673947.sst
2026-05-01 07:26:43:917 - Compaction completed: 
3004192:COMPACT_START sstable=1 input_files: "sstable1/8d46d65f-d0aa-4788-9fd7-225612378859202605010126291777620392500851858.sst" input_files: "sstable1/1690b97a-8c99-4776-b75f-2e59693f4183202605010126291777620392524348885.sst" compactIntoNextLevel: true destinationLevel: 2
3004192:COMPACT_ABORT input_files: "sstable1/8d46d65f-d0aa-4788-9fd7-225612378859202605010126291777620392500851858.sst" input_files: "sstable1/1690b97a-8c99-4776-b75f-2e59693f4183202605010126291777620392524348885.sst" compactIntoNextLevel: true destinationLevel: 2
3004192:Task input_files: "datalog/765" input_files: "datalog/766" compactIntoNextLevel: true destinationLevel: 1 is dead (hb=30)
3004192:Found dead task input_files: "datalog/765" input_files: "datalog/766" compactIntoNextLevel: true destinationLevel: 1
3004192:COMPACT_START sstable=0 input_files: "datalog/765" input_files: "datalog/766" compactIntoNextLevel: true destinationLevel: 1
2026-05-01 07:26:44:066 - Compaction started: 
140147710477888:Compacting datalog/765 datalog/766 into:sstable1/1690b97a-8c99-4776-b75f-2e59693f4183202605010126291777620404068875131.sst
2026-05-01 07:26:44:081 - Compaction completed: 
3004192:COMPACT_START sstable=1 input_files: "sstable1/81c1ee96-568b-4c42-a6f8-d8dd5d730dc3202605010126291777620395943248942.sst" input_files: "sstable1/e3e96cd6-1422-4f16-8400-b5ab346d3436202605010126291777620392897366807.sst" compactIntoNextLevel: true destinationLevel: 2
2026-05-01 07:26:44:169 - Compaction started: 
140147710477888:Compacting sstable1/81c1ee96-568b-4c42-a6f8-d8dd5d730dc3202605010126291777620395943248942.sst sstable1/e3e96cd6-1422-4f16-8400-b5ab346d3436202605010126291777620392897366807.sst into:sstable2/1690b97a-8c99-4776-b75f-2e59693f4183202605010126291777620404192538391.sst
2026-05-01 07:26:44:228 - Compaction completed: 
3004192:COMPACT_START sstable=1 input_files: "sstable1/81c1ee96-568b-4c42-a6f8-d8dd5d730dc3202605010126291777620393082413918.sst" input_files: "sstable1/81c1ee96-568b-4c42-a6f8-d8dd5d730dc3202605010126291777620396248989084.sst" compactIntoNextLevel: true destinationLevel: 2
2026-05-01 07:26:44:272 - Compaction started: 
140147710477888:Compacting sstable1/81c1ee96-568b-4c42-a6f8-d8dd5d730dc3202605010126291777620393082413918.sst sstable1/81c1ee96-568b-4c42-a6f8-d8dd5d730dc3202605010126291777620396248989084.sst into:sstable2/1690b97a-8c99-4776-b75f-2e59693f4183202605010126291777620404295087601.sst
2026-05-01 07:26:44:330 - Compaction completed: 
3004192:COMPACT_START sstable=1 input_files: "sstable1/8d46d65f-d0aa-4788-9fd7-225612378859202605010126291777620393214552486.sst" input_files: "sstable1/81c1ee96-568b-4c42-a6f8-d8dd5d730dc3202605010126291777620393286836420.sst" compactIntoNextLevel: true destinationLevel: 2
2026-05-01 07:26:44:374 - Compaction started: 
140147710477888:Compacting sstable1/8d46d65f-d0aa-4788-9fd7-225612378859202605010126291777620393214552486.sst sstable1/81c1ee96-568b-4c42-a6f8-d8dd5d730dc3202605010126291777620393286836420.sst into:sstable2/1690b97a-8c99-4776-b75f-2e59693f4183202605010126291777620404396485522.sst
2026-05-01 07:26:44:431 - Compaction completed: 
3004192:Task input_files: "datalog/791" input_files: "datalog/792" compactIntoNextLevel: true destinationLevel: 1 is dead (hb=30)
3004192:Found dead task input_files: "datalog/791" input_files: "datalog/792" compactIntoNextLevel: true destinationLevel: 1
3004192:COMPACT_START sstable=0 input_files: "datalog/791" input_files: "datalog/792" compactIntoNextLevel: true destinationLevel: 1
2026-05-01 07:26:44:476 - Compaction started: 
140147710477888:Compacting datalog/791 datalog/792 into:sstable1/1690b97a-8c99-4776-b75f-2e59693f4183202605010126291777620404478700513.sst
2026-05-01 07:26:44:491 - Compaction completed: 
3004192:COMPACT_START sstable=1 input_files: "sstable1/1690b97a-8c99-4776-b75f-2e59693f4183202605010126291777620393444916138.sst" input_files: "sstable1/81c1ee96-568b-4c42-a6f8-d8dd5d730dc3202605010126291777620393492064883.sst" compactIntoNextLevel: true destinationLevel: 2
2026-05-01 07:26:44:578 - Compaction started: 
140147710477888:Compacting sstable1/1690b97a-8c99-4776-b75f-2e59693f4183202605010126291777620393444916138.sst sstable1/81c1ee96-568b-4c42-a6f8-d8dd5d730dc3202605010126291777620393492064883.sst into:sstable2/1690b97a-8c99-4776-b75f-2e59693f4183202605010126291777620404600870273.sst
2026-05-01 07:26:44:635 - Compaction completed: 
3004192:COMPACT_START sstable=1 input_files: "sstable1/1690b97a-8c99-4776-b75f-2e59693f4183202605010126291777620396703685241.sst" input_files: "sstable1/8d46d65f-d0aa-4788-9fd7-225612378859202605010126291777620393625194599.sst" compactIntoNextLevel: true destinationLevel: 2
3004192:COMPACT_ABORT input_files: "sstable1/1690b97a-8c99-4776-b75f-2e59693f4183202605010126291777620396703685241.sst" input_files: "sstable1/8d46d65f-d0aa-4788-9fd7-225612378859202605010126291777620393625194599.sst" compactIntoNextLevel: true destinationLevel: 2
3004192:COMPACT_START sstable=1 input_files: "sstable1/81c1ee96-568b-4c42-a6f8-d8dd5d730dc3202605010126291777620396655350171.sst" input_files: "sstable1/1690b97a-8c99-4776-b75f-2e59693f4183202605010126291777620393649700699.sst" compactIntoNextLevel: true destinationLevel: 2
2026-05-01 07:26:44:680 - Compaction started: 
140147710477888:Compacting sstable1/81c1ee96-568b-4c42-a6f8-d8dd5d730dc3202605010126291777620396655350171.sst sstable1/1690b97a-8c99-4776-b75f-2e59693f4183202605010126291777620393649700699.sst into:sstable2/1690b97a-8c99-4776-b75f-2e59693f4183202605010126291777620404702868219.sst
2026-05-01 07:26:44:736 - Compaction completed: 
3004192:COMPACT_START sstable=1 input_files: "sstable1/81c1ee96-568b-4c42-a6f8-d8dd5d730dc3202605010126291777620399921382452.sst" input_files: "sstable1/8d46d65f-d0aa-4788-9fd7-225612378859202605010126291777620393830873536.sst" compactIntoNextLevel: true destinationLevel: 2
2026-05-01 07:26:44:782 - Compaction started: 
140147710477888:Compacting sstable1/81c1ee96-568b-4c42-a6f8-d8dd5d730dc3202605010126291777620399921382452.sst sstable1/8d46d65f-d0aa-4788-9fd7-225612378859202605010126291777620393830873536.sst into:sstable2/1690b97a-8c99-4776-b75f-2e59693f4183202605010126291777620404803748270.sst
2026-05-01 07:26:44:836 - Compaction completed: 
3004192:COMPACT_START sstable=1 input_files: "sstable1/1690b97a-8c99-4776-b75f-2e59693f4183202605010126291777620393854019226.sst" input_files: "sstable1/81c1ee96-568b-4c42-a6f8-d8dd5d730dc3202605010126291777620393901622723.sst" compactIntoNextLevel: true destinationLevel: 2
2026-05-01 07:26:44:884 - Compaction started: 
140147710477888:Compacting sstable1/1690b97a-8c99-4776-b75f-2e59693f4183202605010126291777620393854019226.sst sstable1/81c1ee96-568b-4c42-a6f8-d8dd5d730dc3202605010126291777620393901622723.sst into:sstable2/1690b97a-8c99-4776-b75f-2e59693f4183202605010126291777620404904967857.sst
2026-05-01 07:26:44:936 - Compaction completed: 
3004192:COMPACT_START sstable=1 input_files: "sstable1/81c1ee96-568b-4c42-a6f8-d8dd5d730dc3202605010126291777620394003990262.sst" input_files: "sstable1/e3e96cd6-1422-4f16-8400-b5ab346d3436202605010126291777620394017571903.sst" compactIntoNextLevel: true destinationLevel: 2
2026-05-01 07:26:44:986 - Compaction started: 
140147710477888:Compacting sstable1/81c1ee96-568b-4c42-a6f8-d8dd5d730dc3202605010126291777620394003990262.sst sstable1/e3e96cd6-1422-4f16-8400-b5ab346d3436202605010126291777620394017571903.sst into:sstable2/1690b97a-8c99-4776-b75f-2e59693f4183202605010126291777620405008503215.sst
2026-05-01 07:26:45:042 - Compaction completed: 
3004192:COMPACT_START sstable=1 input_files: "sstable1/8d46d65f-d0aa-4788-9fd7-225612378859202605010126291777620394033598877.sst" input_files: "sstable1/1690b97a-8c99-4776-b75f-2e59693f4183202605010126291777620394057459116.sst" compactIntoNextLevel: true destinationLevel: 2
2026-05-01 07:26:45:087 - Compaction started: 
140147710477888:Compacting sstable1/8d46d65f-d0aa-4788-9fd7-225612378859202605010126291777620394033598877.sst sstable1/1690b97a-8c99-4776-b75f-2e59693f4183202605010126291777620394057459116.sst into:sstable2/1690b97a-8c99-4776-b75f-2e59693f4183202605010126291777620405109719536.sst
2026-05-01 07:26:45:143 - Compaction completed: 
3004192:COMPACT_START sstable=1 input_files: "sstable1/8d46d65f-d0aa-4788-9fd7-225612378859202605010126291777620394136535783.sst" input_files: "sstable1/1690b97a-8c99-4776-b75f-2e59693f4183202605010126291777620394159460959.sst" compactIntoNextLevel: true destinationLevel: 2
3004192:COMPACT_ABORT input_files: "sstable1/8d46d65f-d0aa-4788-9fd7-225612378859202605010126291777620394136535783.sst" input_files: "sstable1/1690b97a-8c99-4776-b75f-2e59693f4183202605010126291777620394159460959.sst" compactIntoNextLevel: true destinationLevel: 2
3004192:COMPACT_START sstable=1 input_files: "sstable1/8d46d65f-d0aa-4788-9fd7-225612378859202605010126291777620397301211278.sst" input_files: "sstable1/1690b97a-8c99-4776-b75f-2e59693f4183202605010126291777620394260977082.sst" compactIntoNextLevel: true destinationLevel: 2
2026-05-01 07:26:45:189 - Compaction started: 
140147710477888:Compacting sstable1/8d46d65f-d0aa-4788-9fd7-225612378859202605010126291777620397301211278.sst sstable1/1690b97a-8c99-4776-b75f-2e59693f4183202605010126291777620394260977082.sst into:sstable2/1690b97a-8c99-4776-b75f-2e59693f4183202605010126291777620405210704202.sst
2026-05-01 07:26:45:243 - Compaction completed: 
3004192:COMPACT_START sstable=1 input_files: "sstable1/1690b97a-8c99-4776-b75f-2e59693f4183202605010126291777620397518016262.sst" input_files: "sstable1/81c1ee96-568b-4c42-a6f8-d8dd5d730dc3202605010126291777620394516380132.sst" compactIntoNextLevel: true destinationLevel: 2
2026-05-01 07:26:45:292 - Compaction started: 
140147710477888:Compacting sstable1/1690b97a-8c99-4776-b75f-2e59693f4183202605010126291777620397518016262.sst sstable1/81c1ee96-568b-4c42-a6f8-d8dd5d730dc3202605010126291777620394516380132.sst into:sstable2/1690b97a-8c99-4776-b75f-2e59693f4183202605010126291777620405318754544.sst
2026-05-01 07:26:45:352 - Compaction completed: 
3004192:COMPACT_START sstable=1 input_files: "sstable1/e3e96cd6-1422-4f16-8400-b5ab346d3436202605010126291777620394731563576.sst" input_files: "sstable1/8d46d65f-d0aa-4788-9fd7-225612378859202605010126291777620394757036689.sst" compactIntoNextLevel: true destinationLevel: 2
2026-05-01 07:26:45:394 - Compaction started: 
140147710477888:Compacting sstable1/e3e96cd6-1422-4f16-8400-b5ab346d3436202605010126291777620394731563576.sst sstable1/8d46d65f-d0aa-4788-9fd7-225612378859202605010126291777620394757036689.sst into:sstable2/1690b97a-8c99-4776-b75f-2e59693f4183202605010126291777620405415595743.sst
2026-05-01 07:26:45:448 - Compaction completed: 
3004192:COMPACT_START sstable=1 input_files: "sstable1/1690b97a-8c99-4776-b75f-2e59693f4183202605010126291777620394871785538.sst" input_files: "sstable1/1690b97a-8c99-4776-b75f-2e59693f4183202605010126291777620397937320083.sst" compactIntoNextLevel: true destinationLevel: 2
2026-05-01 07:26:45:496 - Compaction started: 
140147710477888:Compacting sstable1/1690b97a-8c99-4776-b75f-2e59693f4183202605010126291777620394871785538.sst sstable1/1690b97a-8c99-4776-b75f-2e59693f4183202605010126291777620397937320083.sst into:sstable2/1690b97a-8c99-4776-b75f-2e59693f4183202605010126291777620405517060720.sst
2026-05-01 07:26:45:548 - Compaction completed: 
3004192:COMPACT_START sstable=1 input_files: "sstable1/8d46d65f-d0aa-4788-9fd7-225612378859202605010126291777620395265173456.sst" input_files: "sstable1/1690b97a-8c99-4776-b75f-2e59693f4183202605010126291777620395278816431.sst" compactIntoNextLevel: true destinationLevel: 2
2026-05-01 07:26:45:598 - Compaction started: 
140147710477888:Compacting sstable1/8d46d65f-d0aa-4788-9fd7-225612378859202605010126291777620395265173456.sst sstable1/1690b97a-8c99-4776-b75f-2e59693f4183202605010126291777620395278816431.sst into:sstable2/1690b97a-8c99-4776-b75f-2e59693f4183202605010126291777620405620007274.sst
2026-05-01 07:26:45:653 - Compaction completed: 
3004192:COMPACT_START sstable=1 input_files: "sstable1/8d46d65f-d0aa-4788-9fd7-225612378859202605010126291777620395468560517.sst" input_files: "sstable1/1690b97a-8c99-4776-b75f-2e59693f4183202605010126291777620395481775840.sst" compactIntoNextLevel: true destinationLevel: 2
3004192:COMPACT_ABORT input_files: "sstable1/8d46d65f-d0aa-4788-9fd7-225612378859202605010126291777620395468560517.sst" input_files: "sstable1/1690b97a-8c99-4776-b75f-2e59693f4183202605010126291777620395481775840.sst" compactIntoNextLevel: true destinationLevel: 2
3004192:COMPACT_START sstable=1 input_files: "sstable1/1690b97a-8c99-4776-b75f-2e59693f4183202605010126291777620395584070493.sst" input_files: "sstable1/1690b97a-8c99-4776-b75f-2e59693f4183202605010126291777620401811713159.sst" compactIntoNextLevel: true destinationLevel: 2
2026-05-01 07:26:45:801 - Compaction started: 
140147710477888:Compacting sstable1/1690b97a-8c99-4776-b75f-2e59693f4183202605010126291777620395584070493.sst sstable1/1690b97a-8c99-4776-b75f-2e59693f4183202605010126291777620401811713159.sst into:sstable2/1690b97a-8c99-4776-b75f-2e59693f4183202605010126291777620405823123697.sst
2026-05-01 07:26:45:855 - Compaction completed: 
3004192:COMPACT_START sstable=1 input_files: "sstable1/e3e96cd6-1422-4f16-8400-b5ab346d3436202605010126291777620398705955964.sst" input_files: "sstable1/81c1ee96-568b-4c42-a6f8-d8dd5d730dc3202605010126291777620398800107831.sst" compactIntoNextLevel: true destinationLevel: 2
2026-05-01 07:26:45:904 - Compaction started: 
140147710477888:Compacting sstable1/e3e96cd6-1422-4f16-8400-b5ab346d3436202605010126291777620398705955964.sst sstable1/81c1ee96-568b-4c42-a6f8-d8dd5d730dc3202605010126291777620398800107831.sst into:sstable2/1690b97a-8c99-4776-b75f-2e59693f4183202605010126291777620405925706790.sst
2026-05-01 07:26:45:960 - Compaction completed: 
3004192:COMPACT_START sstable=1 input_files: "sstable1/e3e96cd6-1422-4f16-8400-b5ab346d3436202605010126291777620395852923967.sst" input_files: "sstable1/8d46d65f-d0aa-4788-9fd7-225612378859202605010126291777620395876948063.sst" compactIntoNextLevel: true destinationLevel: 2
2026-05-01 07:26:46:008 - Compaction started: 
140147710477888:Compacting sstable1/e3e96cd6-1422-4f16-8400-b5ab346d3436202605010126291777620395852923967.sst sstable1/8d46d65f-d0aa-4788-9fd7-225612378859202605010126291777620395876948063.sst into:sstable2/1690b97a-8c99-4776-b75f-2e59693f4183202605010126291777620406033561396.sst
2026-05-01 07:26:46:073 - Compaction completed: 
3004192:COMPACT_START sstable=1 input_files: "sstable1/8d46d65f-d0aa-4788-9fd7-225612378859202605010126291777620396080138596.sst" input_files: "sstable1/1690b97a-8c99-4776-b75f-2e59693f4183202605010126291777620396093283447.sst" compactIntoNextLevel: true destinationLevel: 2
3004192:COMPACT_ABORT input_files: "sstable1/8d46d65f-d0aa-4788-9fd7-225612378859202605010126291777620396080138596.sst" input_files: "sstable1/1690b97a-8c99-4776-b75f-2e59693f4183202605010126291777620396093283447.sst" compactIntoNextLevel: true destinationLevel: 2
3004192:COMPACT_START sstable=1 input_files: "sstable1/81c1ee96-568b-4c42-a6f8-d8dd5d730dc3202605010126291777620396146918131.sst" input_files: "sstable1/e3e96cd6-1422-4f16-8400-b5ab346d3436202605010126291777620399115406313.sst" compactIntoNextLevel: true destinationLevel: 2
2026-05-01 07:26:46:118 - Compaction started: 
140147710477888:Compacting sstable1/81c1ee96-568b-4c42-a6f8-d8dd5d730dc3202605010126291777620396146918131.sst sstable1/e3e96cd6-1422-4f16-8400-b5ab346d3436202605010126291777620399115406313.sst into:sstable2/1690b97a-8c99-4776-b75f-2e59693f4183202605010126291777620406138194341.sst
2026-05-01 07:26:46:168 - Compaction completed: 
3004192:COMPACT_START sstable=1 input_files: "sstable1/e3e96cd6-1422-4f16-8400-b5ab346d3436202605010126291777620396360656326.sst" input_files: "sstable1/8d46d65f-d0aa-4788-9fd7-225612378859202605010126291777620396386126753.sst" compactIntoNextLevel: true destinationLevel: 2
2026-05-01 07:26:46:221 - Compaction started: 
140147710477888:Compacting sstable1/e3e96cd6-1422-4f16-8400-b5ab346d3436202605010126291777620396360656326.sst sstable1/8d46d65f-d0aa-4788-9fd7-225612378859202605010126291777620396386126753.sst into:sstable2/1690b97a-8c99-4776-b75f-2e59693f4183202605010126291777620406241118103.sst
2026-05-01 07:26:46:270 - Compaction completed: 
3004192:COMPACT_START sstable=1 input_files: "sstable1/e3e96cd6-1422-4f16-8400-b5ab346d3436202605010126291777620396564193078.sst" input_files: "sstable1/8d46d65f-d0aa-4788-9fd7-225612378859202605010126291777620396589765947.sst" compactIntoNextLevel: true destinationLevel: 2
2026-05-01 07:26:46:323 - Compaction started: 
140147710477888:Compacting sstable1/e3e96cd6-1422-4f16-8400-b5ab346d3436202605010126291777620396564193078.sst sstable1/8d46d65f-d0aa-4788-9fd7-225612378859202605010126291777620396589765947.sst into:sstable2/1690b97a-8c99-4776-b75f-2e59693f4183202605010126291777620406342279481.sst
2026-05-01 07:26:46:372 - Compaction completed: 
3004192:COMPACT_START sstable=1 input_files: "sstable1/1690b97a-8c99-4776-b75f-2e59693f4183202605010126291777620396805408402.sst" input_files: "sstable1/81c1ee96-568b-4c42-a6f8-d8dd5d730dc3202605010126291777620396858869360.sst" compactIntoNextLevel: true destinationLevel: 2
2026-05-01 07:26:46:426 - Compaction started: 
140147710477888:Compacting sstable1/1690b97a-8c99-4776-b75f-2e59693f4183202605010126291777620396805408402.sst sstable1/81c1ee96-568b-4c42-a6f8-d8dd5d730dc3202605010126291777620396858869360.sst into:sstable2/1690b97a-8c99-4776-b75f-2e59693f4183202605010126291777620406446141191.sst
2026-05-01 07:26:46:477 - Compaction completed: 
3004192:Task input_files: "sstable1/81c1ee96-568b-4c42-a6f8-d8dd5d730dc3202605010126291777620394821872020.sst" input_files: "sstable1/81c1ee96-568b-4c42-a6f8-d8dd5d730dc3202605010126291777620391760956594.sst" compactIntoNextLevel: true destinationLevel: 2 is dead (hb=30)
3004192:Task input_files: "sstable1/81c1ee96-568b-4c42-a6f8-d8dd5d730dc3202605010126291777620394618143148.sst" input_files: "sstable1/e3e96cd6-1422-4f16-8400-b5ab346d3436202605010126291777620391580051999.sst" compactIntoNextLevel: true destinationLevel: 2 is dead (hb=30)
3004192:Found dead task input_files: "sstable1/81c1ee96-568b-4c42-a6f8-d8dd5d730dc3202605010126291777620394618143148.sst" input_files: "sstable1/e3e96cd6-1422-4f16-8400-b5ab346d3436202605010126291777620391580051999.sst" compactIntoNextLevel: true destinationLevel: 2
3004192:COMPACT_START sstable=1 input_files: "sstable1/81c1ee96-568b-4c42-a6f8-d8dd5d730dc3202605010126291777620394618143148.sst" input_files: "sstable1/e3e96cd6-1422-4f16-8400-b5ab346d3436202605010126291777620391580051999.sst" compactIntoNextLevel: true destinationLevel: 2
2026-05-01 07:26:46:529 - Compaction started: 
140147710477888:Compacting sstable1/81c1ee96-568b-4c42-a6f8-d8dd5d730dc3202605010126291777620394618143148.sst sstable1/e3e96cd6-1422-4f16-8400-b5ab346d3436202605010126291777620391580051999.sst into:sstable2/1690b97a-8c99-4776-b75f-2e59693f4183202605010126291777620406553169617.sst
2026-05-01 07:26:46:591 - Compaction completed: 
3004192:COMPACT_START sstable=1 input_files: "sstable1/1690b97a-8c99-4776-b75f-2e59693f4183202605010126291777620397111144687.sst" input_files: "sstable1/81c1ee96-568b-4c42-a6f8-d8dd5d730dc3202605010126291777620397164962936.sst" compactIntoNextLevel: true destinationLevel: 2
3004192:COMPACT_ABORT input_files: "sstable1/1690b97a-8c99-4776-b75f-2e59693f4183202605010126291777620397111144687.sst" input_files: "sstable1/81c1ee96-568b-4c42-a6f8-d8dd5d730dc3202605010126291777620397164962936.sst" compactIntoNextLevel: true destinationLevel: 2
3004192:COMPACT_START sstable=1 input_files: "sstable1/81c1ee96-568b-4c42-a6f8-d8dd5d730dc3202605010126291777620397367507878.sst" input_files: "sstable1/e3e96cd6-1422-4f16-8400-b5ab346d3436202605010126291777620397377156375.sst" compactIntoNextLevel: true destinationLevel: 2
2026-05-01 07:26:46:742 - Compaction started: 
140147710477888:Compacting sstable1/81c1ee96-568b-4c42-a6f8-d8dd5d730dc3202605010126291777620397367507878.sst sstable1/e3e96cd6-1422-4f16-8400-b5ab346d3436202605010126291777620397377156375.sst into:sstable2/1690b97a-8c99-4776-b75f-2e59693f4183202605010126291777620406761244796.sst
2026-05-01 07:26:46:795 - Compaction completed: 
3004192:COMPACT_START sstable=1 input_files: "sstable1/e3e96cd6-1422-4f16-8400-b5ab346d3436202605010126291777620397683006886.sst" input_files: "sstable1/1690b97a-8c99-4776-b75f-2e59693f4183202605010126291777620397721557172.sst" compactIntoNextLevel: true destinationLevel: 2
2026-05-01 07:26:46:844 - Compaction started: 
140147710477888:Compacting sstable1/e3e96cd6-1422-4f16-8400-b5ab346d3436202605010126291777620397683006886.sst sstable1/1690b97a-8c99-4776-b75f-2e59693f4183202605010126291777620397721557172.sst into:sstable2/1690b97a-8c99-4776-b75f-2e59693f4183202605010126291777620406864477907.sst
2026-05-01 07:26:46:896 - Compaction completed: 
3004192:COMPACT_START sstable=1 input_files: "sstable1/8d46d65f-d0aa-4788-9fd7-225612378859202605010126291777620398016476931.sst" input_files: "sstable1/81c1ee96-568b-4c42-a6f8-d8dd5d730dc3202605010126291777620398082730741.sst" compactIntoNextLevel: true destinationLevel: 2
2026-05-01 07:26:46:947 - Compaction started: 
140147710477888:Compacting sstable1/8d46d65f-d0aa-4788-9fd7-225612378859202605010126291777620398016476931.sst sstable1/81c1ee96-568b-4c42-a6f8-d8dd5d730dc3202605010126291777620398082730741.sst into:sstable2/1690b97a-8c99-4776-b75f-2e59693f4183202605010126291777620406966941517.sst
2026-05-01 07:26:46:998 - Compaction completed: 
3004192:Task input_files: "sstable1/8d46d65f-d0aa-4788-9fd7-225612378859202605010126291777620392500851858.sst" input_files: "sstable1/1690b97a-8c99-4776-b75f-2e59693f4183202605010126291777620392524348885.sst" compactIntoNextLevel: true destinationLevel: 2 is dead (hb=30)
3004192:Found dead task input_files: "sstable1/8d46d65f-d0aa-4788-9fd7-225612378859202605010126291777620392500851858.sst" input_files: "sstable1/1690b97a-8c99-4776-b75f-2e59693f4183202605010126291777620392524348885.sst" compactIntoNextLevel: true destinationLevel: 2
3004192:COMPACT_START sstable=1 input_files: "sstable1/8d46d65f-d0aa-4788-9fd7-225612378859202605010126291777620392500851858.sst" input_files: "sstable1/1690b97a-8c99-4776-b75f-2e59693f4183202605010126291777620392524348885.sst" compactIntoNextLevel: true destinationLevel: 2
2026-05-01 07:26:47:050 - Compaction started: 
140147710477888:Compacting sstable1/8d46d65f-d0aa-4788-9fd7-225612378859202605010126291777620392500851858.sst sstable1/1690b97a-8c99-4776-b75f-2e59693f4183202605010126291777620392524348885.sst into:sstable2/1690b97a-8c99-4776-b75f-2e59693f4183202605010126291777620407073540358.sst
2026-05-01 07:26:47:111 - Compaction completed: 
3004192:Task input_files: "datalog/773" input_files: "datalog/774" compactIntoNextLevel: true destinationLevel: 1 is dead (hb=30)
3004192:Task input_files: "sstable1/81c1ee96-568b-4c42-a6f8-d8dd5d730dc3202605010126291777620392571768579.sst" input_files: "sstable1/e3e96cd6-1422-4f16-8400-b5ab346d3436202605010126291777620392591527098.sst" compactIntoNextLevel: true destinationLevel: 2 is dead (hb=30)
3004192:Task input_files: "sstable1/8d46d65f-d0aa-4788-9fd7-225612378859202605010126291777620392601633423.sst" input_files: "sstable1/1690b97a-8c99-4776-b75f-2e59693f4183202605010126291777620392625755583.sst" compactIntoNextLevel: true destinationLevel: 2 is dead (hb=30)
3004192:Found dead task input_files: "sstable1/8d46d65f-d0aa-4788-9fd7-225612378859202605010126291777620392601633423.sst" input_files: "sstable1/1690b97a-8c99-4776-b75f-2e59693f4183202605010126291777620392625755583.sst" compactIntoNextLevel: true destinationLevel: 2
3004192:COMPACT_START sstable=1 input_files: "sstable1/8d46d65f-d0aa-4788-9fd7-225612378859202605010126291777620392601633423.sst" input_files: "sstable1/1690b97a-8c99-4776-b75f-2e59693f4183202605010126291777620392625755583.sst" compactIntoNextLevel: true destinationLevel: 2
2026-05-01 07:26:47:152 - Compaction started: 
140147710477888:Compacting sstable1/8d46d65f-d0aa-4788-9fd7-225612378859202605010126291777620392601633423.sst sstable1/1690b97a-8c99-4776-b75f-2e59693f4183202605010126291777620392625755583.sst into:sstable2/1690b97a-8c99-4776-b75f-2e59693f4183202605010126291777620407173584982.sst
2026-05-01 07:26:47:208 - Compaction completed: 
3004192:Task input_files: "sstable1/81c1ee96-568b-4c42-a6f8-d8dd5d730dc3202605010126291777620392775195635.sst" input_files: "sstable1/e3e96cd6-1422-4f16-8400-b5ab346d3436202605010126291777620392794043768.sst" compactIntoNextLevel: true destinationLevel: 2 is dead (hb=30)
3004192:Found dead task input_files: "sstable1/81c1ee96-568b-4c42-a6f8-d8dd5d730dc3202605010126291777620392775195635.sst" input_files: "sstable1/e3e96cd6-1422-4f16-8400-b5ab346d3436202605010126291777620392794043768.sst" compactIntoNextLevel: true destinationLevel: 2
3004192:COMPACT_START sstable=1 input_files: "sstable1/81c1ee96-568b-4c42-a6f8-d8dd5d730dc3202605010126291777620392775195635.sst" input_files: "sstable1/e3e96cd6-1422-4f16-8400-b5ab346d3436202605010126291777620392794043768.sst" compactIntoNextLevel: true destinationLevel: 2
3004192:COMPACT_ABORT input_files: "sstable1/81c1ee96-568b-4c42-a6f8-d8dd5d730dc3202605010126291777620392775195635.sst" input_files: "sstable1/e3e96cd6-1422-4f16-8400-b5ab346d3436202605010126291777620392794043768.sst" compactIntoNextLevel: true destinationLevel: 2
3004192:COMPACT_START sstable=1 input_files: "sstable2/81c1ee96-568b-4c42-a6f8-d8dd5d730dc3202605010126291777620402902311342.sst" input_files: "sstable2/e3e96cd6-1422-4f16-8400-b5ab346d3436202605010126291777620402910763296.sst" compactIntoNextLevel: false destinationLevel: 2
2026-05-01 07:26:47:269 - Compaction started: 
140147710477888:Compacting sstable2/81c1ee96-568b-4c42-a6f8-d8dd5d730dc3202605010126291777620402902311342.sst sstable2/e3e96cd6-1422-4f16-8400-b5ab346d3436202605010126291777620402910763296.sst into:sstable2/0_1690b97a-8c99-4776-b75f-2e59693f4183202605010126291777620407327980753.sst
2026-05-01 07:26:47:406 - Compaction completed: 
3004192:Task input_files: "sstable1/81c1ee96-568b-4c42-a6f8-d8dd5d730dc3202605010126291777620392980223011.sst" input_files: "sstable1/e3e96cd6-1422-4f16-8400-b5ab346d3436202605010126291777620392999346910.sst" compactIntoNextLevel: true destinationLevel: 2 is dead (hb=31)
3004192:Task input_files: "datalog/563" input_files: "datalog/564" compactIntoNextLevel: true destinationLevel: 1 is dead (hb=31)
3004192:Found dead task input_files: "datalog/563" input_files: "datalog/564" compactIntoNextLevel: true destinationLevel: 1
3004192:COMPACT_START sstable=0 input_files: "datalog/563" input_files: "datalog/564" compactIntoNextLevel: true destinationLevel: 1
2026-05-01 07:26:47:472 - Compaction started: 
140147710477888:Compacting datalog/563 datalog/564 into:sstable1/1690b97a-8c99-4776-b75f-2e59693f4183202605010126291777620407475951681.sst
2026-05-01 07:26:47:490 - Compaction completed: 
3004192:COMPACT_START sstable=1 input_files: "sstable1/8d46d65f-d0aa-4788-9fd7-225612378859202605010126291777620401284800404.sst" input_files: "sstable1/1690b97a-8c99-4776-b75f-2e59693f4183202605010126291777620407475951681.sst" compactIntoNextLevel: true destinationLevel: 2
3004192:COMPACT_ABORT input_files: "sstable1/8d46d65f-d0aa-4788-9fd7-225612378859202605010126291777620401284800404.sst" input_files: "sstable1/1690b97a-8c99-4776-b75f-2e59693f4183202605010126291777620407475951681.sst" compactIntoNextLevel: true destinationLevel: 2
3004192:Task input_files: "sstable1/1690b97a-8c99-4776-b75f-2e59693f4183202605010126291777620396703685241.sst" input_files: "sstable1/8d46d65f-d0aa-4788-9fd7-225612378859202605010126291777620393625194599.sst" compactIntoNextLevel: true destinationLevel: 2 is dead (hb=30)
3004192:Found dead task input_files: "sstable1/1690b97a-8c99-4776-b75f-2e59693f4183202605010126291777620396703685241.sst" input_files: "sstable1/8d46d65f-d0aa-4788-9fd7-225612378859202605010126291777620393625194599.sst" compactIntoNextLevel: true destinationLevel: 2
3004192:COMPACT_START sstable=1 input_files: "sstable1/1690b97a-8c99-4776-b75f-2e59693f4183202605010126291777620396703685241.sst" input_files: "sstable1/8d46d65f-d0aa-4788-9fd7-225612378859202605010126291777620393625194599.sst" compactIntoNextLevel: true destinationLevel: 2
2026-05-01 07:26:47:689 - Compaction started: 
140147710477888:Compacting sstable1/1690b97a-8c99-4776-b75f-2e59693f4183202605010126291777620396703685241.sst sstable1/8d46d65f-d0aa-4788-9fd7-225612378859202605010126291777620393625194599.sst into:sstable2/1690b97a-8c99-4776-b75f-2e59693f4183202605010126291777620407712064790.sst
2026-05-01 07:26:47:747 - Compaction completed: 
3004192:COMPACT_START sstable=1 input_files: "sstable1/1690b97a-8c99-4776-b75f-2e59693f4183202605010126291777620398446821148.sst" input_files: "sstable1/e3e96cd6-1422-4f16-8400-b5ab346d3436202605010126291777620404730292719.sst" compactIntoNextLevel: true destinationLevel: 2
2026-05-01 07:26:47:792 - Compaction started: 
140147710477888:Compacting sstable1/1690b97a-8c99-4776-b75f-2e59693f4183202605010126291777620398446821148.sst sstable1/e3e96cd6-1422-4f16-8400-b5ab346d3436202605010126291777620404730292719.sst into:sstable2/1690b97a-8c99-4776-b75f-2e59693f4183202605010126291777620407811110922.sst
2026-05-01 07:26:47:843 - Compaction completed: 
3004192:COMPACT_START sstable=1 input_files: "sstable1/1690b97a-8c99-4776-b75f-2e59693f4183202605010126291777620398548932947.sst" input_files: "sstable1/81c1ee96-568b-4c42-a6f8-d8dd5d730dc3202605010126291777620398594969128.sst" compactIntoNextLevel: true destinationLevel: 2
2026-05-01 07:26:47:895 - Compaction started: 
140147710477888:Compacting sstable1/1690b97a-8c99-4776-b75f-2e59693f4183202605010126291777620398548932947.sst sstable1/81c1ee96-568b-4c42-a6f8-d8dd5d730dc3202605010126291777620398594969128.sst into:sstable2/1690b97a-8c99-4776-b75f-2e59693f4183202605010126291777620407914821099.sst
2026-05-01 07:26:47:946 - Compaction completed: 
3004192:Task input_files: "datalog/611" input_files: "datalog/612" compactIntoNextLevel: true destinationLevel: 1 is dead (hb=30)
3004192:Found dead task input_files: "datalog/611" input_files: "datalog/612" compactIntoNextLevel: true destinationLevel: 1
3004192:COMPACT_START sstable=0 input_files: "datalog/611" input_files: "datalog/612" compactIntoNextLevel: true destinationLevel: 1
2026-05-01 07:26:47:997 - Compaction started: 
140147710477888:Compacting datalog/611 datalog/612 into:sstable1/1690b97a-8c99-4776-b75f-2e59693f4183202605010126291777620408000230808.sst
2026-05-01 07:26:48:014 - Compaction completed: 
3004192:COMPACT_START sstable=1 input_files: "sstable1/e3e96cd6-1422-4f16-8400-b5ab346d3436202605010126291777620398808555338.sst" input_files: "sstable1/8d46d65f-d0aa-4788-9fd7-225612378859202605010126291777620398837334748.sst" compactIntoNextLevel: true destinationLevel: 2
3004192:COMPACT_ABORT input_files: "sstable1/e3e96cd6-1422-4f16-8400-b5ab346d3436202605010126291777620398808555338.sst" input_files: "sstable1/8d46d65f-d0aa-4788-9fd7-225612378859202605010126291777620398837334748.sst" compactIntoNextLevel: true destinationLevel: 2
3004192:Task input_files: "sstable1/8d46d65f-d0aa-4788-9fd7-225612378859202605010126291777620394136535783.sst" input_files: "sstable1/1690b97a-8c99-4776-b75f-2e59693f4183202605010126291777620394159460959.sst" compactIntoNextLevel: true destinationLevel: 2 is dead (hb=30)
3004192:Found dead task input_files: "sstable1/8d46d65f-d0aa-4788-9fd7-225612378859202605010126291777620394136535783.sst" input_files: "sstable1/1690b97a-8c99-4776-b75f-2e59693f4183202605010126291777620394159460959.sst" compactIntoNextLevel: true destinationLevel: 2
3004192:COMPACT_START sstable=1 input_files: "sstable1/8d46d65f-d0aa-4788-9fd7-225612378859202605010126291777620394136535783.sst" input_files: "sstable1/1690b97a-8c99-4776-b75f-2e59693f4183202605010126291777620394159460959.sst" compactIntoNextLevel: true destinationLevel: 2
3004192:COMPACT_ABORT input_files: "sstable1/8d46d65f-d0aa-4788-9fd7-225612378859202605010126291777620394136535783.sst" input_files: "sstable1/1690b97a-8c99-4776-b75f-2e59693f4183202605010126291777620394159460959.sst" compactIntoNextLevel: true destinationLevel: 2
3004192:COMPACT_START sstable=1 input_files: "sstable1/1690b97a-8c99-4776-b75f-2e59693f4183202605010126291777620402423040678.sst" input_files: "sstable1/e3e96cd6-1422-4f16-8400-b5ab346d3436202605010126291777620402478589500.sst" compactIntoNextLevel: true destinationLevel: 2
2026-05-01 07:26:48:311 - Compaction started: 
140147710477888:Compacting sstable1/1690b97a-8c99-4776-b75f-2e59693f4183202605010126291777620402423040678.sst sstable1/e3e96cd6-1422-4f16-8400-b5ab346d3436202605010126291777620402478589500.sst into:sstable2/1690b97a-8c99-4776-b75f-2e59693f4183202605010126291777620408330840271.sst
2026-05-01 07:26:48:362 - Compaction completed: 
3004192:COMPACT_START sstable=1 input_files: "sstable1/8d46d65f-d0aa-4788-9fd7-225612378859202605010126291777620399449693861.sst" input_files: "sstable1/1690b97a-8c99-4776-b75f-2e59693f4183202605010126291777620399468522828.sst" compactIntoNextLevel: true destinationLevel: 2
2026-05-01 07:26:48:415 - Compaction started: 
140147710477888:Compacting sstable1/8d46d65f-d0aa-4788-9fd7-225612378859202605010126291777620399449693861.sst sstable1/1690b97a-8c99-4776-b75f-2e59693f4183202605010126291777620399468522828.sst into:sstable2/1690b97a-8c99-4776-b75f-2e59693f4183202605010126291777620408435277820.sst
2026-05-01 07:26:48:468 - Compaction completed: 
3004192:Task input_files: "sstable1/e3e96cd6-1422-4f16-8400-b5ab346d3436202605010126291777620394936448044.sst" input_files: "sstable1/8d46d65f-d0aa-4788-9fd7-225612378859202605010126291777620394960140038.sst" compactIntoNextLevel: true destinationLevel: 2 is dead (hb=30)
3004192:Task input_files: "datalog/849" input_files: "datalog/850" compactIntoNextLevel: true destinationLevel: 1 is dead (hb=30)
3004192:Found dead task input_files: "datalog/849" input_files: "datalog/850" compactIntoNextLevel: true destinationLevel: 1
3004192:COMPACT_START sstable=0 input_files: "datalog/849" input_files: "datalog/850" compactIntoNextLevel: true destinationLevel: 1
2026-05-01 07:26:48:518 - Compaction started: 
140147710477888:Compacting datalog/849 datalog/850 into:sstable1/1690b97a-8c99-4776-b75f-2e59693f4183202605010126291777620408521945829.sst
2026-05-01 07:26:48:536 - Compaction completed: 
3004192:COMPACT_START sstable=1 input_files: "sstable1/8d46d65f-d0aa-4788-9fd7-225612378859202605010126291777620402814900581.sst" input_files: "sstable1/8d46d65f-d0aa-4788-9fd7-225612378859202605010126291777620399755506129.sst" compactIntoNextLevel: true destinationLevel: 2
2026-05-01 07:26:48:623 - Compaction started: 
140147710477888:Compacting sstable1/8d46d65f-d0aa-4788-9fd7-225612378859202605010126291777620402814900581.sst sstable1/8d46d65f-d0aa-4788-9fd7-225612378859202605010126291777620399755506129.sst into:sstable2/1690b97a-8c99-4776-b75f-2e59693f4183202605010126291777620408642526290.sst
2026-05-01 07:26:48:675 - Compaction completed: 
3004192:Task input_files: "sstable1/8d46d65f-d0aa-4788-9fd7-225612378859202605010126291777620395468560517.sst" input_files: "sstable1/1690b97a-8c99-4776-b75f-2e59693f4183202605010126291777620395481775840.sst" compactIntoNextLevel: true destinationLevel: 2 is dead (hb=30)
3004192:Found dead task input_files: "sstable1/8d46d65f-d0aa-4788-9fd7-225612378859202605010126291777620395468560517.sst" input_files: "sstable1/1690b97a-8c99-4776-b75f-2e59693f4183202605010126291777620395481775840.sst" compactIntoNextLevel: true destinationLevel: 2
3004192:COMPACT_START sstable=1 input_files: "sstable1/8d46d65f-d0aa-4788-9fd7-225612378859202605010126291777620395468560517.sst" input_files: "sstable1/1690b97a-8c99-4776-b75f-2e59693f4183202605010126291777620395481775840.sst" compactIntoNextLevel: true destinationLevel: 2
3004192:COMPACT_ABORT input_files: "sstable1/8d46d65f-d0aa-4788-9fd7-225612378859202605010126291777620395468560517.sst" input_files: "sstable1/1690b97a-8c99-4776-b75f-2e59693f4183202605010126291777620395481775840.sst" compactIntoNextLevel: true destinationLevel: 2
3004192:COMPACT_START sstable=1 input_files: "sstable1/8d46d65f-d0aa-4788-9fd7-225612378859202605010126291777620399958804163.sst" input_files: "sstable1/1690b97a-8c99-4776-b75f-2e59693f4183202605010126291777620403036490936.sst" compactIntoNextLevel: true destinationLevel: 2
2026-05-01 07:26:48:727 - Compaction started: 
140147710477888:Compacting sstable1/8d46d65f-d0aa-4788-9fd7-225612378859202605010126291777620399958804163.sst sstable1/1690b97a-8c99-4776-b75f-2e59693f4183202605010126291777620403036490936.sst into:sstable2/1690b97a-8c99-4776-b75f-2e59693f4183202605010126291777620408747418331.sst
2026-05-01 07:26:48:780 - Compaction completed: 
3004192:COMPACT_START sstable=1 input_files: "sstable1/81c1ee96-568b-4c42-a6f8-d8dd5d730dc3202605010126291777620400226693560.sst" input_files: "sstable1/e3e96cd6-1422-4f16-8400-b5ab346d3436202605010126291777620403298258948.sst" compactIntoNextLevel: true destinationLevel: 2
3004192:COMPACT_ABORT input_files: "sstable1/81c1ee96-568b-4c42-a6f8-d8dd5d730dc3202605010126291777620400226693560.sst" input_files: "sstable1/e3e96cd6-1422-4f16-8400-b5ab346d3436202605010126291777620403298258948.sst" compactIntoNextLevel: true destinationLevel: 2
3004192:COMPACT_START sstable=1 input_files: "sstable1/8d46d65f-d0aa-4788-9fd7-225612378859202605010126291777620400367372157.sst" input_files: "sstable1/1690b97a-8c99-4776-b75f-2e59693f4183202605010126291777620400384088734.sst" compactIntoNextLevel: true destinationLevel: 2
3004192:COMPACT_ABORT input_files: "sstable1/8d46d65f-d0aa-4788-9fd7-225612378859202605010126291777620400367372157.sst" input_files: "sstable1/1690b97a-8c99-4776-b75f-2e59693f4183202605010126291777620400384088734.sst" compactIntoNextLevel: true destinationLevel: 2
3004192:COMPACT_START sstable=1 input_files: "sstable1/1690b97a-8c99-4776-b75f-2e59693f4183202605010126291777620400587977706.sst" input_files: "sstable1/81c1ee96-568b-4c42-a6f8-d8dd5d730dc3202605010126291777620400634453690.sst" compactIntoNextLevel: true destinationLevel: 2
2026-05-01 07:26:49:036 - Compaction started: 
140147710477888:Compacting sstable1/1690b97a-8c99-4776-b75f-2e59693f4183202605010126291777620400587977706.sst sstable1/81c1ee96-568b-4c42-a6f8-d8dd5d730dc3202605010126291777620400634453690.sst into:sstable2/1690b97a-8c99-4776-b75f-2e59693f4183202605010126291777620409054095370.sst
2026-05-01 07:26:49:084 - Compaction completed: 
3004192:COMPACT_START sstable=1 input_files: "sstable1/81c1ee96-568b-4c42-a6f8-d8dd5d730dc3202605010126291777620400939978318.sst" input_files: "sstable1/8d46d65f-d0aa-4788-9fd7-225612378859202605010126291777620400978070767.sst" compactIntoNextLevel: true destinationLevel: 2
2026-05-01 07:26:49:140 - Compaction started: 
140147710477888:Compacting sstable1/81c1ee96-568b-4c42-a6f8-d8dd5d730dc3202605010126291777620400939978318.sst sstable1/8d46d65f-d0aa-4788-9fd7-225612378859202605010126291777620400978070767.sst into:sstable2/1690b97a-8c99-4776-b75f-2e59693f4183202605010126291777620409157634435.sst
2026-05-01 07:26:49:186 - Compaction completed: 
3004192:COMPACT_START sstable=1 input_files: "sstable1/1690b97a-8c99-4776-b75f-2e59693f4183202605010126291777620404068875131.sst" input_files: "sstable1/1690b97a-8c99-4776-b75f-2e59693f4183202605010126291777620401097848573.sst" compactIntoNextLevel: true destinationLevel: 2
2026-05-01 07:26:49:243 - Compaction started: 
140147710477888:Compacting sstable1/1690b97a-8c99-4776-b75f-2e59693f4183202605010126291777620404068875131.sst sstable1/1690b97a-8c99-4776-b75f-2e59693f4183202605010126291777620401097848573.sst into:sstable2/1690b97a-8c99-4776-b75f-2e59693f4183202605010126291777620409260960441.sst
2026-05-01 07:26:49:289 - Compaction completed: 
3004192:COMPACT_START sstable=1 input_files: "sstable1/1690b97a-8c99-4776-b75f-2e59693f4183202605010126291777620401199674677.sst" input_files: "sstable1/1690b97a-8c99-4776-b75f-2e59693f4183202605010126291777620401301844996.sst" compactIntoNextLevel: true destinationLevel: 2
2026-05-01 07:26:49:347 - Compaction started: 
140147710477888:Compacting sstable1/1690b97a-8c99-4776-b75f-2e59693f4183202605010126291777620401199674677.sst sstable1/1690b97a-8c99-4776-b75f-2e59693f4183202605010126291777620401301844996.sst into:sstable2/1690b97a-8c99-4776-b75f-2e59693f4183202605010126291777620409364629189.sst
2026-05-01 07:26:49:394 - Compaction completed: 
3004192:COMPACT_START sstable=1 input_files: "sstable1/81c1ee96-568b-4c42-a6f8-d8dd5d730dc3202605010126291777620401450248555.sst" input_files: "sstable1/1690b97a-8c99-4776-b75f-2e59693f4183202605010126291777620404478700513.sst" compactIntoNextLevel: true destinationLevel: 2
2026-05-01 07:26:49:450 - Compaction started: 
140147710477888:Compacting sstable1/81c1ee96-568b-4c42-a6f8-d8dd5d730dc3202605010126291777620401450248555.sst sstable1/1690b97a-8c99-4776-b75f-2e59693f4183202605010126291777620404478700513.sst into:sstable2/1690b97a-8c99-4776-b75f-2e59693f4183202605010126291777620409469129736.sst
2026-05-01 07:26:49:498 - Compaction completed: 
3004192:COMPACT_START sstable=1 input_files: "sstable2/81c1ee96-568b-4c42-a6f8-d8dd5d730dc3202605010126291777620403218553352.sst" input_files: "sstable2/e3e96cd6-1422-4f16-8400-b5ab346d3436202605010126291777620403219102291.sst" compactIntoNextLevel: false destinationLevel: 2
3004192:COMPACT_ABORT input_files: "sstable2/81c1ee96-568b-4c42-a6f8-d8dd5d730dc3202605010126291777620403218553352.sst" input_files: "sstable2/e3e96cd6-1422-4f16-8400-b5ab346d3436202605010126291777620403219102291.sst" compactIntoNextLevel: false destinationLevel: 2
3004192:COMPACT_START sstable=1 input_files: "sstable2/81c1ee96-568b-4c42-a6f8-d8dd5d730dc3202605010126291777620403318782692.sst" input_files: "sstable2/8d46d65f-d0aa-4788-9fd7-225612378859202605010126291777620403347922498.sst" compactIntoNextLevel: false destinationLevel: 2
2026-05-01 07:26:49:661 - Compaction started: 
140147710477888:Compacting sstable2/81c1ee96-568b-4c42-a6f8-d8dd5d730dc3202605010126291777620403318782692.sst sstable2/8d46d65f-d0aa-4788-9fd7-225612378859202605010126291777620403347922498.sst into:sstable2/0_1690b97a-8c99-4776-b75f-2e59693f4183202605010126291777620409710696007.sst
2026-05-01 07:26:49:785 - Compaction completed: 
3004192:COMPACT_START sstable=1 input_files: "sstable2/81c1ee96-568b-4c42-a6f8-d8dd5d730dc3202605010126291777620406579036948.sst" input_files: "sstable2/1690b97a-8c99-4776-b75f-2e59693f4183202605010126291777620403572379006.sst" compactIntoNextLevel: false destinationLevel: 2
2026-05-01 07:26:49:869 - Compaction started: 
140147710477888:Compacting sstable2/81c1ee96-568b-4c42-a6f8-d8dd5d730dc3202605010126291777620406579036948.sst sstable2/1690b97a-8c99-4776-b75f-2e59693f4183202605010126291777620403572379006.sst into:sstable2/0_1690b97a-8c99-4776-b75f-2e59693f4183202605010126291777620409915103171.sst
2026-05-01 07:26:49:988 - Compaction completed: 
3004192:COMPACT_START sstable=1 input_files: "sstable2/8d46d65f-d0aa-4788-9fd7-225612378859202605010126291777620403760233119.sst" input_files: "sstable2/e3e96cd6-1422-4f16-8400-b5ab346d3436202605010126291777620403830072460.sst" compactIntoNextLevel: false destinationLevel: 2
2026-05-01 07:26:50:081 - Compaction started: 
140147710477888:Compacting sstable2/8d46d65f-d0aa-4788-9fd7-225612378859202605010126291777620403760233119.sst sstable2/e3e96cd6-1422-4f16-8400-b5ab346d3436202605010126291777620403830072460.sst into:sstable2/0_1690b97a-8c99-4776-b75f-2e59693f4183202605010126291777620410125683526.sst
2026-05-01 07:26:50:197 - Compaction completed: 
3004192:Task input_files: "sstable1/81c1ee96-568b-4c42-a6f8-d8dd5d730dc3202605010126291777620392775195635.sst" input_files: "sstable1/e3e96cd6-1422-4f16-8400-b5ab346d3436202605010126291777620392794043768.sst" compactIntoNextLevel: true destinationLevel: 2 is dead (hb=30)
3004192:Found dead task input_files: "sstable1/81c1ee96-568b-4c42-a6f8-d8dd5d730dc3202605010126291777620392775195635.sst" input_files: "sstable1/e3e96cd6-1422-4f16-8400-b5ab346d3436202605010126291777620392794043768.sst" compactIntoNextLevel: true destinationLevel: 2
3004192:COMPACT_START sstable=1 input_files: "sstable1/81c1ee96-568b-4c42-a6f8-d8dd5d730dc3202605010126291777620392775195635.sst" input_files: "sstable1/e3e96cd6-1422-4f16-8400-b5ab346d3436202605010126291777620392794043768.sst" compactIntoNextLevel: true destinationLevel: 2
2026-05-01 07:26:50:283 - Compaction started: 
140147710477888:Compacting sstable1/81c1ee96-568b-4c42-a6f8-d8dd5d730dc3202605010126291777620392775195635.sst sstable1/e3e96cd6-1422-4f16-8400-b5ab346d3436202605010126291777620392794043768.sst into:sstable2/1690b97a-8c99-4776-b75f-2e59693f4183202605010126291777620410306410679.sst
2026-05-01 07:26:50:342 - Compaction completed: 
3004192:COMPACT_START sstable=1 input_files: "sstable2/8d46d65f-d0aa-4788-9fd7-225612378859202605010126291777620407338423289.sst" input_files: "sstable2/1690b97a-8c99-4776-b75f-2e59693f4183202605010126291777620404295087601.sst" compactIntoNextLevel: false destinationLevel: 2
2026-05-01 07:26:50:517 - Compaction started: 
140147710477888:Compacting sstable2/8d46d65f-d0aa-4788-9fd7-225612378859202605010126291777620407338423289.sst sstable2/1690b97a-8c99-4776-b75f-2e59693f4183202605010126291777620404295087601.sst into:sstable2/0_1690b97a-8c99-4776-b75f-2e59693f4183202605010126291777620410564342199.sst
2026-05-01 07:26:50:637 - Compaction completed: 
3004192:Task input_files: "sstable1/8d46d65f-d0aa-4788-9fd7-225612378859202605010126291777620401284800404.sst" input_files: "sstable1/1690b97a-8c99-4776-b75f-2e59693f4183202605010126291777620407475951681.sst" compactIntoNextLevel: true destinationLevel: 2 is dead (hb=30)
3004192:Task input_files: "sstable1/81c1ee96-568b-4c42-a6f8-d8dd5d730dc3202605010126291777620398184546797.sst" input_files: "sstable1/e3e96cd6-1422-4f16-8400-b5ab346d3436202605010126291777620398192547374.sst" compactIntoNextLevel: true destinationLevel: 2 is dead (hb=30)
3004192:Found dead task input_files: "sstable1/81c1ee96-568b-4c42-a6f8-d8dd5d730dc3202605010126291777620398184546797.sst" input_files: "sstable1/e3e96cd6-1422-4f16-8400-b5ab346d3436202605010126291777620398192547374.sst" compactIntoNextLevel: true destinationLevel: 2
3004192:COMPACT_START sstable=1 input_files: "sstable1/81c1ee96-568b-4c42-a6f8-d8dd5d730dc3202605010126291777620398184546797.sst" input_files: "sstable1/e3e96cd6-1422-4f16-8400-b5ab346d3436202605010126291777620398192547374.sst" compactIntoNextLevel: true destinationLevel: 2
2026-05-01 07:26:50:719 - Compaction started: 
140147710477888:Compacting sstable1/81c1ee96-568b-4c42-a6f8-d8dd5d730dc3202605010126291777620398184546797.sst sstable1/e3e96cd6-1422-4f16-8400-b5ab346d3436202605010126291777620398192547374.sst into:sstable2/1690b97a-8c99-4776-b75f-2e59693f4183202605010126291777620410739036943.sst
2026-05-01 07:26:50:769 - Compaction completed: 
3004192:COMPACT_START sstable=1 input_files: "sstable2/1690b97a-8c99-4776-b75f-2e59693f4183202605010126291777620404396485522.sst" input_files: "sstable2/81c1ee96-568b-4c42-a6f8-d8dd5d730dc3202605010126291777620404547000809.sst" compactIntoNextLevel: false destinationLevel: 2
2026-05-01 07:26:50:841 - Compaction started: 
140147710477888:Compacting sstable2/1690b97a-8c99-4776-b75f-2e59693f4183202605010126291777620404396485522.sst sstable2/81c1ee96-568b-4c42-a6f8-d8dd5d730dc3202605010126291777620404547000809.sst into:sstable2/0_1690b97a-8c99-4776-b75f-2e59693f4183202605010126291777620410888298049.sst
2026-05-01 07:26:50:965 - Compaction completed: 
3004192:Task input_files: "datalog/805" input_files: "datalog/806" compactIntoNextLevel: true destinationLevel: 1 is dead (hb=30)
3004192:Found dead task input_files: "datalog/805" input_files: "datalog/806" compactIntoNextLevel: true destinationLevel: 1
3004192:COMPACT_START sstable=0 input_files: "datalog/805" input_files: "datalog/806" compactIntoNextLevel: true destinationLevel: 1
2026-05-01 07:26:51:043 - Compaction started: 
140147710477888:Compacting datalog/805 datalog/806 into:sstable1/1690b97a-8c99-4776-b75f-2e59693f4183202605010126291777620411046212887.sst
2026-05-01 07:26:51:059 - Compaction completed: 
3004192:Task input_files: "sstable1/1690b97a-8c99-4776-b75f-2e59693f4183202605010126291777620402015378842.sst" input_files: "sstable1/8d46d65f-d0aa-4788-9fd7-225612378859202605010126291777620398940235817.sst" compactIntoNextLevel: true destinationLevel: 2 is dead (hb=30)
3004192:Task input_files: "sstable1/e3e96cd6-1422-4f16-8400-b5ab346d3436202605010126291777620398808555338.sst" input_files: "sstable1/8d46d65f-d0aa-4788-9fd7-225612378859202605010126291777620398837334748.sst" compactIntoNextLevel: true destinationLevel: 2 is dead (hb=30)
3004192:Task input_files: "sstable1/81c1ee96-568b-4c42-a6f8-d8dd5d730dc3202605010126291777620399003580102.sst" input_files: "sstable1/e3e96cd6-1422-4f16-8400-b5ab346d3436202605010126291777620399012650596.sst" compactIntoNextLevel: true destinationLevel: 2 is dead (hb=30)
3004192:Found dead task input_files: "sstable1/e3e96cd6-1422-4f16-8400-b5ab346d3436202605010126291777620398808555338.sst" input_files: "sstable1/8d46d65f-d0aa-4788-9fd7-225612378859202605010126291777620398837334748.sst" compactIntoNextLevel: true destinationLevel: 2
3004192:COMPACT_START sstable=1 input_files: "sstable1/e3e96cd6-1422-4f16-8400-b5ab346d3436202605010126291777620398808555338.sst" input_files: "sstable1/8d46d65f-d0aa-4788-9fd7-225612378859202605010126291777620398837334748.sst" compactIntoNextLevel: true destinationLevel: 2
2026-05-01 07:26:51:145 - Compaction started: 
140147710477888:Compacting sstable1/e3e96cd6-1422-4f16-8400-b5ab346d3436202605010126291777620398808555338.sst sstable1/8d46d65f-d0aa-4788-9fd7-225612378859202605010126291777620398837334748.sst into:sstable2/1690b97a-8c99-4776-b75f-2e59693f4183202605010126291777620411164754356.sst
2026-05-01 07:26:51:196 - Compaction completed: 
3004192:Task input_files: "sstable1/8d46d65f-d0aa-4788-9fd7-225612378859202605010126291777620394136535783.sst" input_files: "sstable1/1690b97a-8c99-4776-b75f-2e59693f4183202605010126291777620394159460959.sst" compactIntoNextLevel: true destinationLevel: 2 is dead (hb=30)
3004192:Found dead task input_files: "sstable1/8d46d65f-d0aa-4788-9fd7-225612378859202605010126291777620394136535783.sst" input_files: "sstable1/1690b97a-8c99-4776-b75f-2e59693f4183202605010126291777620394159460959.sst" compactIntoNextLevel: true destinationLevel: 2
3004192:COMPACT_START sstable=1 input_files: "sstable1/8d46d65f-d0aa-4788-9fd7-225612378859202605010126291777620394136535783.sst" input_files: "sstable1/1690b97a-8c99-4776-b75f-2e59693f4183202605010126291777620394159460959.sst" compactIntoNextLevel: true destinationLevel: 2
3004192:COMPACT_ABORT input_files: "sstable1/8d46d65f-d0aa-4788-9fd7-225612378859202605010126291777620394136535783.sst" input_files: "sstable1/1690b97a-8c99-4776-b75f-2e59693f4183202605010126291777620394159460959.sst" compactIntoNextLevel: true destinationLevel: 2
3004192:Found dead task input_files: "sstable1/1690b97a-8c99-4776-b75f-2e59693f4183202605010126291777620402015378842.sst" input_files: "sstable1/8d46d65f-d0aa-4788-9fd7-225612378859202605010126291777620398940235817.sst" compactIntoNextLevel: true destinationLevel: 2
3004192:COMPACT_START sstable=1 input_files: "sstable1/1690b97a-8c99-4776-b75f-2e59693f4183202605010126291777620402015378842.sst" input_files: "sstable1/8d46d65f-d0aa-4788-9fd7-225612378859202605010126291777620398940235817.sst" compactIntoNextLevel: true destinationLevel: 2
3004192:COMPACT_ABORT input_files: "sstable1/1690b97a-8c99-4776-b75f-2e59693f4183202605010126291777620402015378842.sst" input_files: "sstable1/8d46d65f-d0aa-4788-9fd7-225612378859202605010126291777620398940235817.sst" compactIntoNextLevel: true destinationLevel: 2
3004192:COMPACT_START sstable=1 input_files: "sstable1/1690b97a-8c99-4776-b75f-2e59693f4183202605010126291777620401505930546.sst" input_files: "sstable1/8d46d65f-d0aa-4788-9fd7-225612378859202605010126291777620404658715109.sst" compactIntoNextLevel: true destinationLevel: 2
3004192:COMPACT_ABORT input_files: "sstable1/1690b97a-8c99-4776-b75f-2e59693f4183202605010126291777620401505930546.sst" input_files: "sstable1/8d46d65f-d0aa-4788-9fd7-225612378859202605010126291777620404658715109.sst" compactIntoNextLevel: true destinationLevel: 2
3004192:COMPACT_START sstable=1 input_files: "sstable1/1690b97a-8c99-4776-b75f-2e59693f4183202605010126291777620401608150328.sst" input_files: "sstable1/8d46d65f-d0aa-4788-9fd7-225612378859202605010126291777620401693110095.sst" compactIntoNextLevel: true destinationLevel: 2
2026-05-01 07:26:51:248 - Compaction started: 
140147710477888:Compacting sstable1/1690b97a-8c99-4776-b75f-2e59693f4183202605010126291777620401608150328.sst sstable1/8d46d65f-d0aa-4788-9fd7-225612378859202605010126291777620401693110095.sst into:sstable2/1690b97a-8c99-4776-b75f-2e59693f4183202605010126291777620411264950334.sst
2026-05-01 07:26:51:290 - Compaction completed: 
3004192:COMPACT_START sstable=1 input_files: "sstable1/1690b97a-8c99-4776-b75f-2e59693f4183202605010126291777620401913139223.sst" input_files: "sstable1/8d46d65f-d0aa-4788-9fd7-225612378859202605010126291777620405067414610.sst" compactIntoNextLevel: true destinationLevel: 2
3004192:COMPACT_ABORT input_files: "sstable1/1690b97a-8c99-4776-b75f-2e59693f4183202605010126291777620401913139223.sst" input_files: "sstable1/8d46d65f-d0aa-4788-9fd7-225612378859202605010126291777620405067414610.sst" compactIntoNextLevel: true destinationLevel: 2
3004192:COMPACT_START sstable=1 input_files: "sstable1/e3e96cd6-1422-4f16-8400-b5ab346d3436202605010126291777620401969243196.sst" input_files: "sstable1/8d46d65f-d0aa-4788-9fd7-225612378859202605010126291777620401998881386.sst" compactIntoNextLevel: true destinationLevel: 2
2026-05-01 07:26:51:350 - Compaction started: 
140147710477888:Compacting sstable1/e3e96cd6-1422-4f16-8400-b5ab346d3436202605010126291777620401969243196.sst sstable1/8d46d65f-d0aa-4788-9fd7-225612378859202605010126291777620401998881386.sst into:sstable2/1690b97a-8c99-4776-b75f-2e59693f4183202605010126291777620411368939272.sst
2026-05-01 07:26:51:397 - Compaction completed: 
3004192:COMPACT_START sstable=1 input_files: "sstable1/8d46d65f-d0aa-4788-9fd7-225612378859202605010126291777620402305156321.sst" input_files: "sstable1/81c1ee96-568b-4c42-a6f8-d8dd5d730dc3202605010126291777620402370037377.sst" compactIntoNextLevel: true destinationLevel: 2
3004192:COMPACT_ABORT input_files: "sstable1/8d46d65f-d0aa-4788-9fd7-225612378859202605010126291777620402305156321.sst" input_files: "sstable1/81c1ee96-568b-4c42-a6f8-d8dd5d730dc3202605010126291777620402370037377.sst" compactIntoNextLevel: true destinationLevel: 2
3004192:COMPACT_START sstable=1 input_files: "sstable1/1690b97a-8c99-4776-b75f-2e59693f4183202605010126291777620408521945829.sst" input_files: "sstable1/8d46d65f-d0aa-4788-9fd7-225612378859202605010126291777620402406997623.sst" compactIntoNextLevel: true destinationLevel: 2
3004192:COMPACT_ABORT input_files: "sstable1/1690b97a-8c99-4776-b75f-2e59693f4183202605010126291777620408521945829.sst" input_files: "sstable1/8d46d65f-d0aa-4788-9fd7-225612378859202605010126291777620402406997623.sst" compactIntoNextLevel: true destinationLevel: 2
3004192:COMPACT_START sstable=1 input_files: "sstable1/81c1ee96-568b-4c42-a6f8-d8dd5d730dc3202605010126291777620402471930517.sst" input_files: "sstable1/1690b97a-8c99-4776-b75f-2e59693f4183202605010126291777620402524633494.sst" compactIntoNextLevel: true destinationLevel: 2
2026-05-01 07:26:51:453 - Compaction started: 
140147710477888:Compacting sstable1/81c1ee96-568b-4c42-a6f8-d8dd5d730dc3202605010126291777620402471930517.sst sstable1/1690b97a-8c99-4776-b75f-2e59693f4183202605010126291777620402524633494.sst into:sstable2/1690b97a-8c99-4776-b75f-2e59693f4183202605010126291777620411471454929.sst
2026-05-01 07:26:51:499 - Compaction completed: 
3004192:Task input_files: "sstable1/81c1ee96-568b-4c42-a6f8-d8dd5d730dc3202605010126291777620400226693560.sst" input_files: "sstable1/e3e96cd6-1422-4f16-8400-b5ab346d3436202605010126291777620403298258948.sst" compactIntoNextLevel: true destinationLevel: 2 is dead (hb=30)
3004192:Found dead task input_files: "sstable1/81c1ee96-568b-4c42-a6f8-d8dd5d730dc3202605010126291777620400226693560.sst" input_files: "sstable1/e3e96cd6-1422-4f16-8400-b5ab346d3436202605010126291777620403298258948.sst" compactIntoNextLevel: true destinationLevel: 2
3004192:COMPACT_START sstable=1 input_files: "sstable1/81c1ee96-568b-4c42-a6f8-d8dd5d730dc3202605010126291777620400226693560.sst" input_files: "sstable1/e3e96cd6-1422-4f16-8400-b5ab346d3436202605010126291777620403298258948.sst" compactIntoNextLevel: true destinationLevel: 2
3004192:COMPACT_ABORT input_files: "sstable1/81c1ee96-568b-4c42-a6f8-d8dd5d730dc3202605010126291777620400226693560.sst" input_files: "sstable1/e3e96cd6-1422-4f16-8400-b5ab346d3436202605010126291777620403298258948.sst" compactIntoNextLevel: true destinationLevel: 2
3004192:Task input_files: "sstable1/8d46d65f-d0aa-4788-9fd7-225612378859202605010126291777620400367372157.sst" input_files: "sstable1/1690b97a-8c99-4776-b75f-2e59693f4183202605010126291777620400384088734.sst" compactIntoNextLevel: true destinationLevel: 2 is dead (hb=30)
3004192:Found dead task input_files: "sstable1/8d46d65f-d0aa-4788-9fd7-225612378859202605010126291777620400367372157.sst" input_files: "sstable1/1690b97a-8c99-4776-b75f-2e59693f4183202605010126291777620400384088734.sst" compactIntoNextLevel: true destinationLevel: 2
3004192:COMPACT_START sstable=1 input_files: "sstable1/8d46d65f-d0aa-4788-9fd7-225612378859202605010126291777620400367372157.sst" input_files: "sstable1/1690b97a-8c99-4776-b75f-2e59693f4183202605010126291777620400384088734.sst" compactIntoNextLevel: true destinationLevel: 2
2026-05-01 07:26:52:063 - Compaction started: 
140147710477888:Compacting sstable1/8d46d65f-d0aa-4788-9fd7-225612378859202605010126291777620400367372157.sst sstable1/1690b97a-8c99-4776-b75f-2e59693f4183202605010126291777620400384088734.sst into:sstable2/1690b97a-8c99-4776-b75f-2e59693f4183202605010126291777620412081338561.sst
2026-05-01 07:26:52:108 - Compaction completed: 
3004192:Task input_files: "sstable1/8d46d65f-d0aa-4788-9fd7-225612378859202605010126291777620396080138596.sst" input_files: "sstable1/1690b97a-8c99-4776-b75f-2e59693f4183202605010126291777620396093283447.sst" compactIntoNextLevel: true destinationLevel: 2 is dead (hb=30)
3004192:Found dead task input_files: "sstable1/8d46d65f-d0aa-4788-9fd7-225612378859202605010126291777620396080138596.sst" input_files: "sstable1/1690b97a-8c99-4776-b75f-2e59693f4183202605010126291777620396093283447.sst" compactIntoNextLevel: true destinationLevel: 2
3004192:COMPACT_START sstable=1 input_files: "sstable1/8d46d65f-d0aa-4788-9fd7-225612378859202605010126291777620396080138596.sst" input_files: "sstable1/1690b97a-8c99-4776-b75f-2e59693f4183202605010126291777620396093283447.sst" compactIntoNextLevel: true destinationLevel: 2
2026-05-01 07:26:52:165 - Compaction started: 
140147710477888:Compacting sstable1/8d46d65f-d0aa-4788-9fd7-225612378859202605010126291777620396080138596.sst sstable1/1690b97a-8c99-4776-b75f-2e59693f4183202605010126291777620396093283447.sst into:sstable2/1690b97a-8c99-4776-b75f-2e59693f4183202605010126291777620412184352782.sst
2026-05-01 07:26:52:213 - Compaction completed: 
3004192:Task input_files: "sstable2/81c1ee96-568b-4c42-a6f8-d8dd5d730dc3202605010126291777620403218553352.sst" input_files: "sstable2/e3e96cd6-1422-4f16-8400-b5ab346d3436202605010126291777620403219102291.sst" compactIntoNextLevel: false destinationLevel: 2 is dead (hb=30)
3004192:Found dead task input_files: "sstable2/81c1ee96-568b-4c42-a6f8-d8dd5d730dc3202605010126291777620403218553352.sst" input_files: "sstable2/e3e96cd6-1422-4f16-8400-b5ab346d3436202605010126291777620403219102291.sst" compactIntoNextLevel: false destinationLevel: 2
3004192:COMPACT_START sstable=1 input_files: "sstable2/81c1ee96-568b-4c42-a6f8-d8dd5d730dc3202605010126291777620403218553352.sst" input_files: "sstable2/e3e96cd6-1422-4f16-8400-b5ab346d3436202605010126291777620403219102291.sst" compactIntoNextLevel: false destinationLevel: 2
2026-05-01 07:26:52:648 - Compaction started: 
140147710477888:Compacting sstable2/81c1ee96-568b-4c42-a6f8-d8dd5d730dc3202605010126291777620403218553352.sst sstable2/e3e96cd6-1422-4f16-8400-b5ab346d3436202605010126291777620403219102291.sst into:sstable2/1690b97a-8c99-4776-b75f-2e59693f4183202605010126291777620412699666021.sst
2026-05-01 07:26:52:780 - Compaction completed: 
3004192:COMPACT_START sstable=1 input_files: "sstable2/1690b97a-8c99-4776-b75f-2e59693f4183202605010126291777620412699666021.sst" input_files: "sstable2/81c1ee96-568b-4c42-a6f8-d8dd5d730dc3202605010126291777620403318782692.sst" compactIntoNextLevel: false destinationLevel: 2
2026-05-01 07:26:52:853 - Compaction started: 
140147710477888:Compacting sstable2/1690b97a-8c99-4776-b75f-2e59693f4183202605010126291777620412699666021.sst sstable2/81c1ee96-568b-4c42-a6f8-d8dd5d730dc3202605010126291777620403318782692.sst into:sstable2/0_1690b97a-8c99-4776-b75f-2e59693f4183202605010126291777620412939437289.sst
2026-05-01 07:26:53:068 - Compaction completed: 
3004192:Task input_files: "sstable2/1690b97a-8c99-4776-b75f-2e59693f4183202605010126291777620407073540358.sst" input_files: "sstable2/81c1ee96-568b-4c42-a6f8-d8dd5d730dc3202605010126291777620407199823509.sst" compactIntoNextLevel: false destinationLevel: 2 is dead (hb=30)
3004192:Found dead task input_files: "sstable2/1690b97a-8c99-4776-b75f-2e59693f4183202605010126291777620407073540358.sst" input_files: "sstable2/81c1ee96-568b-4c42-a6f8-d8dd5d730dc3202605010126291777620407199823509.sst" compactIntoNextLevel: false destinationLevel: 2
3004192:COMPACT_START sstable=1 input_files: "sstable2/1690b97a-8c99-4776-b75f-2e59693f4183202605010126291777620407073540358.sst" input_files: "sstable2/81c1ee96-568b-4c42-a6f8-d8dd5d730dc3202605010126291777620407199823509.sst" compactIntoNextLevel: false destinationLevel: 2
2026-05-01 07:26:53:283 - Compaction started: 
140147710477888:Compacting sstable2/1690b97a-8c99-4776-b75f-2e59693f4183202605010126291777620407073540358.sst sstable2/81c1ee96-568b-4c42-a6f8-d8dd5d730dc3202605010126291777620407199823509.sst into:sstable2/1690b97a-8c99-4776-b75f-2e59693f4183202605010126291777620413328774553.sst
2026-05-01 07:26:53:401 - Compaction completed: 
3004192:Task input_files: "sstable1/1690b97a-8c99-4776-b75f-2e59693f4183202605010126291777620402015378842.sst" input_files: "sstable1/8d46d65f-d0aa-4788-9fd7-225612378859202605010126291777620398940235817.sst" compactIntoNextLevel: true destinationLevel: 2 is dead (hb=30)
3004192:Task input_files: "sstable1/1690b97a-8c99-4776-b75f-2e59693f4183202605010126291777620401505930546.sst" input_files: "sstable1/8d46d65f-d0aa-4788-9fd7-225612378859202605010126291777620404658715109.sst" compactIntoNextLevel: true destinationLevel: 2 is dead (hb=30)
3004192:Task input_files: "sstable1/8d46d65f-d0aa-4788-9fd7-225612378859202605010126291777620394136535783.sst" input_files: "sstable1/1690b97a-8c99-4776-b75f-2e59693f4183202605010126291777620394159460959.sst" compactIntoNextLevel: true destinationLevel: 2 is dead (hb=30)
3004192:Found dead task input_files: "sstable1/8d46d65f-d0aa-4788-9fd7-225612378859202605010126291777620394136535783.sst" input_files: "sstable1/1690b97a-8c99-4776-b75f-2e59693f4183202605010126291777620394159460959.sst" compactIntoNextLevel: true destinationLevel: 2
3004192:COMPACT_START sstable=1 input_files: "sstable1/8d46d65f-d0aa-4788-9fd7-225612378859202605010126291777620394136535783.sst" input_files: "sstable1/1690b97a-8c99-4776-b75f-2e59693f4183202605010126291777620394159460959.sst" compactIntoNextLevel: true destinationLevel: 2
2026-05-01 07:26:54:242 - Compaction started: 
140147710477888:Compacting sstable1/8d46d65f-d0aa-4788-9fd7-225612378859202605010126291777620394136535783.sst sstable1/1690b97a-8c99-4776-b75f-2e59693f4183202605010126291777620394159460959.sst into:sstable2/1690b97a-8c99-4776-b75f-2e59693f4183202605010126291777620414264541719.sst
2026-05-01 07:26:54:297 - Compaction completed: 
3004192:Task input_files: "sstable1/1690b97a-8c99-4776-b75f-2e59693f4183202605010126291777620401913139223.sst" input_files: "sstable1/8d46d65f-d0aa-4788-9fd7-225612378859202605010126291777620405067414610.sst" compactIntoNextLevel: true destinationLevel: 2 is dead (hb=30)
3004192:Found dead task input_files: "sstable1/1690b97a-8c99-4776-b75f-2e59693f4183202605010126291777620401913139223.sst" input_files: "sstable1/8d46d65f-d0aa-4788-9fd7-225612378859202605010126291777620405067414610.sst" compactIntoNextLevel: true destinationLevel: 2
3004192:COMPACT_START sstable=1 input_files: "sstable1/1690b97a-8c99-4776-b75f-2e59693f4183202605010126291777620401913139223.sst" input_files: "sstable1/8d46d65f-d0aa-4788-9fd7-225612378859202605010126291777620405067414610.sst" compactIntoNextLevel: true destinationLevel: 2
2026-05-01 07:26:54:351 - Compaction started: 
140147710477888:Compacting sstable1/1690b97a-8c99-4776-b75f-2e59693f4183202605010126291777620401913139223.sst sstable1/8d46d65f-d0aa-4788-9fd7-225612378859202605010126291777620405067414610.sst into:sstable2/1690b97a-8c99-4776-b75f-2e59693f4183202605010126291777620414369758769.sst
2026-05-01 07:26:54:398 - Compaction completed: 
3004192:Task input_files: "sstable1/1690b97a-8c99-4776-b75f-2e59693f4183202605010126291777620408521945829.sst" input_files: "sstable1/8d46d65f-d0aa-4788-9fd7-225612378859202605010126291777620402406997623.sst" compactIntoNextLevel: true destinationLevel: 2 is dead (hb=30)
3004192:Task input_files: "sstable1/81c1ee96-568b-4c42-a6f8-d8dd5d730dc3202605010126291777620405035761584.sst" input_files: "sstable1/e3e96cd6-1422-4f16-8400-b5ab346d3436202605010126291777620405035185123.sst" compactIntoNextLevel: true destinationLevel: 2 is dead (hb=30)
3004192:Task input_files: "sstable1/8d46d65f-d0aa-4788-9fd7-225612378859202605010126291777620404863277243.sst" input_files: "sstable1/81c1ee96-568b-4c42-a6f8-d8dd5d730dc3202605010126291777620401859208624.sst" compactIntoNextLevel: true destinationLevel: 2 is dead (hb=30)
3004192:Task input_files: "sstable1/8d46d65f-d0aa-4788-9fd7-225612378859202605010126291777620402305156321.sst" input_files: "sstable1/81c1ee96-568b-4c42-a6f8-d8dd5d730dc3202605010126291777620402370037377.sst" compactIntoNextLevel: true destinationLevel: 2 is dead (hb=30)
3004192:Found dead task input_files: "sstable1/8d46d65f-d0aa-4788-9fd7-225612378859202605010126291777620402305156321.sst" input_files: "sstable1/81c1ee96-568b-4c42-a6f8-d8dd5d730dc3202605010126291777620402370037377.sst" compactIntoNextLevel: true destinationLevel: 2
3004192:Found dead task input_files: "sstable1/8d46d65f-d0aa-4788-9fd7-225612378859202605010126291777620404863277243.sst" input_files: "sstable1/81c1ee96-568b-4c42-a6f8-d8dd5d730dc3202605010126291777620401859208624.sst" compactIntoNextLevel: true destinationLevel: 2
3004192:COMPACT_START sstable=1 input_files: "sstable1/8d46d65f-d0aa-4788-9fd7-225612378859202605010126291777620404863277243.sst" input_files: "sstable1/81c1ee96-568b-4c42-a6f8-d8dd5d730dc3202605010126291777620401859208624.sst" compactIntoNextLevel: true destinationLevel: 2
2026-05-01 07:26:54:454 - Compaction started: 
140147710477888:Compacting sstable1/8d46d65f-d0aa-4788-9fd7-225612378859202605010126291777620404863277243.sst sstable1/81c1ee96-568b-4c42-a6f8-d8dd5d730dc3202605010126291777620401859208624.sst into:sstable2/1690b97a-8c99-4776-b75f-2e59693f4183202605010126291777620414472097945.sst
2026-05-01 07:26:54:500 - Compaction completed: 
3004192:COMPACT_START sstable=1 input_files: "sstable2/1690b97a-8c99-4776-b75f-2e59693f4183202605010126291777620414264541719.sst" input_files: "sstable2/1690b97a-8c99-4776-b75f-2e59693f4183202605010126291777620405210704202.sst" compactIntoNextLevel: false destinationLevel: 2
2026-05-01 07:26:54:587 - Compaction started: 
140147710477888:Compacting sstable2/1690b97a-8c99-4776-b75f-2e59693f4183202605010126291777620414264541719.sst sstable2/1690b97a-8c99-4776-b75f-2e59693f4183202605010126291777620405210704202.sst into:sstable2/0_1690b97a-8c99-4776-b75f-2e59693f4183202605010126291777620414636369710.sst
2026-05-01 07:26:54:709 - Compaction completed: 
3004192:Task input_files: "sstable1/8d46d65f-d0aa-4788-9fd7-225612378859202605010126291777620395468560517.sst" input_files: "sstable1/1690b97a-8c99-4776-b75f-2e59693f4183202605010126291777620395481775840.sst" compactIntoNextLevel: true destinationLevel: 2 is dead (hb=30)
3004192:Found dead task input_files: "sstable1/8d46d65f-d0aa-4788-9fd7-225612378859202605010126291777620395468560517.sst" input_files: "sstable1/1690b97a-8c99-4776-b75f-2e59693f4183202605010126291777620395481775840.sst" compactIntoNextLevel: true destinationLevel: 2
3004192:COMPACT_START sstable=1 input_files: "sstable1/8d46d65f-d0aa-4788-9fd7-225612378859202605010126291777620395468560517.sst" input_files: "sstable1/1690b97a-8c99-4776-b75f-2e59693f4183202605010126291777620395481775840.sst" compactIntoNextLevel: true destinationLevel: 2
2026-05-01 07:26:54:791 - Compaction started: 
140147710477888:Compacting sstable1/8d46d65f-d0aa-4788-9fd7-225612378859202605010126291777620395468560517.sst sstable1/1690b97a-8c99-4776-b75f-2e59693f4183202605010126291777620395481775840.sst into:sstable2/1690b97a-8c99-4776-b75f-2e59693f4183202605010126291777620414811896744.sst
2026-05-01 07:26:54:842 - Compaction completed: 
3004192:COMPACT_START sstable=1 input_files: "sstable2/1690b97a-8c99-4776-b75f-2e59693f4183202605010126291777620405517060720.sst" input_files: "sstable2/81c1ee96-568b-4c42-a6f8-d8dd5d730dc3202605010126291777620408548280756.sst" compactIntoNextLevel: false destinationLevel: 2
2026-05-01 07:26:54:925 - Compaction started: 
140147710477888:Compacting sstable2/1690b97a-8c99-4776-b75f-2e59693f4183202605010126291777620405517060720.sst sstable2/81c1ee96-568b-4c42-a6f8-d8dd5d730dc3202605010126291777620408548280756.sst into:sstable2/0_1690b97a-8c99-4776-b75f-2e59693f4183202605010126291777620414968295580.sst
2026-05-01 07:26:55:036 - Compaction completed: 
3004192:COMPACT_START sstable=1 input_files: "sstable2/8d46d65f-d0aa-4788-9fd7-225612378859202605010126291777620405798468659.sst" input_files: "sstable2/1690b97a-8c99-4776-b75f-2e59693f4183202605010126291777620405823123697.sst" compactIntoNextLevel: false destinationLevel: 2
2026-05-01 07:26:55:165 - Compaction started: 
140147710477888:Compacting sstable2/8d46d65f-d0aa-4788-9fd7-225612378859202605010126291777620405798468659.sst sstable2/1690b97a-8c99-4776-b75f-2e59693f4183202605010126291777620405823123697.sst into:sstable2/0_1690b97a-8c99-4776-b75f-2e59693f4183202605010126291777620415207954316.sst
2026-05-01 07:26:55:275 - Compaction completed: 
3004192:COMPACT_START sstable=1 input_files: "sstable2/8d46d65f-d0aa-4788-9fd7-225612378859202605010126291777620406102089599.sst" input_files: "sstable2/1690b97a-8c99-4776-b75f-2e59693f4183202605010126291777620412184352782.sst" compactIntoNextLevel: false destinationLevel: 2
2026-05-01 07:26:55:411 - Compaction started: 
140147710477888:Compacting sstable2/8d46d65f-d0aa-4788-9fd7-225612378859202605010126291777620406102089599.sst sstable2/1690b97a-8c99-4776-b75f-2e59693f4183202605010126291777620412184352782.sst into:sstable2/0_1690b97a-8c99-4776-b75f-2e59693f4183202605010126291777620415449967155.sst
2026-05-01 07:26:55:511 - Compaction completed: 
3004192:COMPACT_START sstable=1 input_files: "sstable2/1690b97a-8c99-4776-b75f-2e59693f4183202605010126291777620406241118103.sst" input_files: "sstable2/81c1ee96-568b-4c42-a6f8-d8dd5d730dc3202605010126291777620409372136182.sst" compactIntoNextLevel: false destinationLevel: 2
2026-05-01 07:26:55:558 - Compaction started: 
140147710477888:Compacting sstable2/1690b97a-8c99-4776-b75f-2e59693f4183202605010126291777620406241118103.sst sstable2/81c1ee96-568b-4c42-a6f8-d8dd5d730dc3202605010126291777620409372136182.sst into:sstable2/0_1690b97a-8c99-4776-b75f-2e59693f4183202605010126291777620415598124602.sst
2026-05-01 07:26:55:661 - Compaction completed: 
3004192:COMPACT_START sstable=1 input_files: "sstable2/e3e96cd6-1422-4f16-8400-b5ab346d3436202605010126291777620406375978483.sst" input_files: "sstable2/8d46d65f-d0aa-4788-9fd7-225612378859202605010126291777620406407055641.sst" compactIntoNextLevel: false destinationLevel: 2
2026-05-01 07:26:55:711 - Compaction started: 
140147710477888:Compacting sstable2/e3e96cd6-1422-4f16-8400-b5ab346d3436202605010126291777620406375978483.sst sstable2/8d46d65f-d0aa-4788-9fd7-225612378859202605010126291777620406407055641.sst into:sstable2/0_1690b97a-8c99-4776-b75f-2e59693f4183202605010126291777620415751596451.sst
2026-05-01 07:26:55:815 - Compaction completed: 
3004192:COMPACT_START sstable=1 input_files: "sstable2/8d46d65f-d0aa-4788-9fd7-225612378859202605010126291777620406610101342.sst" input_files: "sstable2/e3e96cd6-1422-4f16-8400-b5ab346d3436202605010126291777620409764995768.sst" compactIntoNextLevel: false destinationLevel: 2
2026-05-01 07:26:55:867 - Compaction started: 
140147710477888:Compacting sstable2/8d46d65f-d0aa-4788-9fd7-225612378859202605010126291777620406610101342.sst sstable2/e3e96cd6-1422-4f16-8400-b5ab346d3436202605010126291777620409764995768.sst into:sstable2/0_1690b97a-8c99-4776-b75f-2e59693f4183202605010126291777620415905839497.sst
2026-05-01 07:26:55:968 - Compaction completed: 
3004192:COMPACT_START sstable=1 input_files: "sstable2/81c1ee96-568b-4c42-a6f8-d8dd5d730dc3202605010126291777620406891303936.sst" input_files: "sstable2/e3e96cd6-1422-4f16-8400-b5ab346d3436202605010126291777620406896437710.sst" compactIntoNextLevel: false destinationLevel: 2
2026-05-01 07:26:56:024 - Compaction started: 
140147710477888:Compacting sstable2/81c1ee96-568b-4c42-a6f8-d8dd5d730dc3202605010126291777620406891303936.sst sstable2/e3e96cd6-1422-4f16-8400-b5ab346d3436202605010126291777620406896437710.sst into:sstable2/0_1690b97a-8c99-4776-b75f-2e59693f4183202605010126291777620416063147447.sst
2026-05-01 07:26:56:126 - Compaction completed: 
3004192:COMPACT_START sstable=1 input_files: "sstable2/e3e96cd6-1422-4f16-8400-b5ab346d3436202605010126291777620410750205209.sst" input_files: "sstable2/8d46d65f-d0aa-4788-9fd7-225612378859202605010126291777620407759354450.sst" compactIntoNextLevel: false destinationLevel: 2
3004192:COMPACT_ABORT input_files: "sstable2/e3e96cd6-1422-4f16-8400-b5ab346d3436202605010126291777620410750205209.sst" input_files: "sstable2/8d46d65f-d0aa-4788-9fd7-225612378859202605010126291777620407759354450.sst" compactIntoNextLevel: false destinationLevel: 2
3004192:COMPACT_START sstable=1 input_files: "sstable2/8d46d65f-d0aa-4788-9fd7-225612378859202605010126291777620408074058306.sst" input_files: "sstable2/1690b97a-8c99-4776-b75f-2e59693f4183202605010126291777620411164754356.sst" compactIntoNextLevel: false destinationLevel: 2
2026-05-01 07:26:56:350 - Compaction started: 
140147710477888:Compacting sstable2/8d46d65f-d0aa-4788-9fd7-225612378859202605010126291777620408074058306.sst sstable2/1690b97a-8c99-4776-b75f-2e59693f4183202605010126291777620411164754356.sst into:sstable2/0_1690b97a-8c99-4776-b75f-2e59693f4183202605010126291777620416389322796.sst
2026-05-01 07:26:56:452 - Compaction completed: 
3004192:COMPACT_START sstable=1 input_files: "sstable2/8d46d65f-d0aa-4788-9fd7-225612378859202605010126291777620408281613400.sst" input_files: "sstable2/e3e96cd6-1422-4f16-8400-b5ab346d3436202605010126291777620408327189998.sst" compactIntoNextLevel: false destinationLevel: 2
3004192:COMPACT_ABORT input_files: "sstable2/8d46d65f-d0aa-4788-9fd7-225612378859202605010126291777620408281613400.sst" input_files: "sstable2/e3e96cd6-1422-4f16-8400-b5ab346d3436202605010126291777620408327189998.sst" compactIntoNextLevel: false destinationLevel: 2
3004192:COMPACT_START sstable=1 input_files: "sstable2/e3e96cd6-1422-4f16-8400-b5ab346d3436202605010126291777620408429837432.sst" input_files: "sstable2/1690b97a-8c99-4776-b75f-2e59693f4183202605010126291777620408435277820.sst" compactIntoNextLevel: false destinationLevel: 2
2026-05-01 07:26:56:588 - Compaction started: 
140147710477888:Compacting sstable2/e3e96cd6-1422-4f16-8400-b5ab346d3436202605010126291777620408429837432.sst sstable2/1690b97a-8c99-4776-b75f-2e59693f4183202605010126291777620408435277820.sst into:sstable2/0_1690b97a-8c99-4776-b75f-2e59693f4183202605010126291777620416626485413.sst
2026-05-01 07:26:56:687 - Compaction completed: 
3004192:COMPACT_START sstable=1 input_files: "sstable2/8d46d65f-d0aa-4788-9fd7-225612378859202605010126291777620411681201872.sst" input_files: "sstable2/1690b97a-8c99-4776-b75f-2e59693f4183202605010126291777620408642526290.sst" compactIntoNextLevel: false destinationLevel: 2
2026-05-01 07:26:56:760 - Compaction started: 
140147710477888:Compacting sstable2/8d46d65f-d0aa-4788-9fd7-225612378859202605010126291777620411681201872.sst sstable2/1690b97a-8c99-4776-b75f-2e59693f4183202605010126291777620408642526290.sst into:sstable2/0_1690b97a-8c99-4776-b75f-2e59693f4183202605010126291777620416799489658.sst
2026-05-01 07:26:56:862 - Compaction completed: 
3004192:COMPACT_START sstable=1 input_files: "sstable2/81c1ee96-568b-4c42-a6f8-d8dd5d730dc3202605010126291777620403628577937.sst" input_files: "sstable2/8d46d65f-d0aa-4788-9fd7-225612378859202605010126291777620403657134569.sst" compactIntoNextLevel: false destinationLevel: 2
2026-05-01 07:26:56:870 - Compaction started: 
140147710477888:Compacting sstable2/81c1ee96-568b-4c42-a6f8-d8dd5d730dc3202605010126291777620403628577937.sst sstable2/8d46d65f-d0aa-4788-9fd7-225612378859202605010126291777620403657134569.sst into:sstable2/0_1690b97a-8c99-4776-b75f-2e59693f4183202605010126291777620416922583892.sst
2026-05-01 07:26:57:006 - Compaction completed: 
3004192:COMPACT_START sstable=1 input_files: "sstable2/81c1ee96-568b-4c42-a6f8-d8dd5d730dc3202605010126291777620403935621433.sst" input_files: "sstable2/e3e96cd6-1422-4f16-8400-b5ab346d3436202605010126291777620403935413803.sst" compactIntoNextLevel: false destinationLevel: 2
2026-05-01 07:26:57:084 - Compaction started: 
140147710477888:Compacting sstable2/81c1ee96-568b-4c42-a6f8-d8dd5d730dc3202605010126291777620403935621433.sst sstable2/e3e96cd6-1422-4f16-8400-b5ab346d3436202605010126291777620403935413803.sst into:sstable2/0_1690b97a-8c99-4776-b75f-2e59693f4183202605010126291777620417133242603.sst
2026-05-01 07:26:57:206 - Compaction completed: 
3004192:COMPACT_START sstable=1 input_files: "sstable2/8d46d65f-d0aa-4788-9fd7-225612378859202605010126291777620404064743636.sst" input_files: "sstable2/e3e96cd6-1422-4f16-8400-b5ab346d3436202605010126291777620404140972615.sst" compactIntoNextLevel: false destinationLevel: 2
2026-05-01 07:26:57:442 - Compaction started: 
140147710477888:Compacting sstable2/8d46d65f-d0aa-4788-9fd7-225612378859202605010126291777620404064743636.sst sstable2/e3e96cd6-1422-4f16-8400-b5ab346d3436202605010126291777620404140972615.sst into:sstable2/0_1690b97a-8c99-4776-b75f-2e59693f4183202605010126291777620417489770452.sst
2026-05-01 07:26:57:565 - Compaction completed: 
3004192:COMPACT_START sstable=1 input_files: "sstable2/1690b97a-8c99-4776-b75f-2e59693f4183202605010126291777620404192538391.sst" input_files: "sstable2/81c1ee96-568b-4c42-a6f8-d8dd5d730dc3202605010126291777620404243530040.sst" compactIntoNextLevel: false destinationLevel: 2
2026-05-01 07:26:57:669 - Compaction started: 
140147710477888:Compacting sstable2/1690b97a-8c99-4776-b75f-2e59693f4183202605010126291777620404192538391.sst sstable2/81c1ee96-568b-4c42-a6f8-d8dd5d730dc3202605010126291777620404243530040.sst into:sstable2/0_1690b97a-8c99-4776-b75f-2e59693f4183202605010126291777620417729048475.sst
2026-05-01 07:26:57:811 - Compaction completed: 
3004192:COMPACT_START sstable=1 input_files: "sstable2/1690b97a-8c99-4776-b75f-2e59693f4183202605010126291777620404295087601.sst" input_files: "sstable2/8d46d65f-d0aa-4788-9fd7-225612378859202605010126291777620407439455815.sst" compactIntoNextLevel: false destinationLevel: 2
2026-05-01 07:26:57:890 - Compaction started: 
140147710477888:Compacting sstable2/1690b97a-8c99-4776-b75f-2e59693f4183202605010126291777620404295087601.sst sstable2/8d46d65f-d0aa-4788-9fd7-225612378859202605010126291777620407439455815.sst into:sstable2/0_1690b97a-8c99-4776-b75f-2e59693f4183202605010126291777620417939253767.sst
2026-05-01 07:26:58:019 - Compaction completed: 
3004192:COMPACT_START sstable=1 input_files: "sstable2/1_81c1ee96-568b-4c42-a6f8-d8dd5d730dc3202605010126291777620409554335724.sst" input_files: "sstable2/1_8d46d65f-d0aa-4788-9fd7-225612378859202605010126291777620417639680906.sst" compactIntoNextLevel: false destinationLevel: 2
2026-05-01 07:26:58:139 - Compaction started: 
140147710477888:Compacting sstable2/1_81c1ee96-568b-4c42-a6f8-d8dd5d730dc3202605010126291777620409554335724.sst sstable2/1_8d46d65f-d0aa-4788-9fd7-225612378859202605010126291777620417639680906.sst into:sstable2/2_1690b97a-8c99-4776-b75f-2e59693f4183202605010126291777620418544242122.sst
2026-05-01 07:26:59:091 - Compaction completed: 
3004192:Task input_files: "sstable2/8d46d65f-d0aa-4788-9fd7-225612378859202605010126291777620406919062963.sst" input_files: "sstable2/1690b97a-8c99-4776-b75f-2e59693f4183202605010126291777620406966941517.sst" compactIntoNextLevel: false destinationLevel: 2 is dead (hb=30)
3004192:Found dead task input_files: "sstable2/8d46d65f-d0aa-4788-9fd7-225612378859202605010126291777620406919062963.sst" input_files: "sstable2/1690b97a-8c99-4776-b75f-2e59693f4183202605010126291777620406966941517.sst" compactIntoNextLevel: false destinationLevel: 2
3004192:COMPACT_START sstable=1 input_files: "sstable2/8d46d65f-d0aa-4788-9fd7-225612378859202605010126291777620406919062963.sst" input_files: "sstable2/1690b97a-8c99-4776-b75f-2e59693f4183202605010126291777620406966941517.sst" compactIntoNextLevel: false destinationLevel: 2
2026-05-01 07:26:59:152 - Compaction started: 
140147710477888:Compacting sstable2/8d46d65f-d0aa-4788-9fd7-225612378859202605010126291777620406919062963.sst sstable2/1690b97a-8c99-4776-b75f-2e59693f4183202605010126291777620406966941517.sst into:sstable2/1690b97a-8c99-4776-b75f-2e59693f4183202605010126291777620419196487546.sst
2026-05-01 07:26:59:261 - Compaction completed: 
3004192:COMPACT_START sstable=1 input_files: "sstable2/8d46d65f-d0aa-4788-9fd7-225612378859202605010126291777620405492778781.sst" input_files: "sstable2/1690b97a-8c99-4776-b75f-2e59693f4183202605010126291777620405517060720.sst" compactIntoNextLevel: false destinationLevel: 2
3004192:COMPACT_ABORT input_files: "sstable2/8d46d65f-d0aa-4788-9fd7-225612378859202605010126291777620405492778781.sst" input_files: "sstable2/1690b97a-8c99-4776-b75f-2e59693f4183202605010126291777620405517060720.sst" compactIntoNextLevel: false destinationLevel: 2
3004192:Task input_files: "sstable2/8d46d65f-d0aa-4788-9fd7-225612378859202605010126291777620408281613400.sst" input_files: "sstable2/e3e96cd6-1422-4f16-8400-b5ab346d3436202605010126291777620408327189998.sst" compactIntoNextLevel: false destinationLevel: 2 is dead (hb=30)
3004192:Found dead task input_files: "sstable2/8d46d65f-d0aa-4788-9fd7-225612378859202605010126291777620408281613400.sst" input_files: "sstable2/e3e96cd6-1422-4f16-8400-b5ab346d3436202605010126291777620408327189998.sst" compactIntoNextLevel: false destinationLevel: 2
3004192:COMPACT_START sstable=1 input_files: "sstable2/8d46d65f-d0aa-4788-9fd7-225612378859202605010126291777620408281613400.sst" input_files: "sstable2/e3e96cd6-1422-4f16-8400-b5ab346d3436202605010126291777620408327189998.sst" compactIntoNextLevel: false destinationLevel: 2
3004192:COMPACT_ABORT input_files: "sstable2/8d46d65f-d0aa-4788-9fd7-225612378859202605010126291777620408281613400.sst" input_files: "sstable2/e3e96cd6-1422-4f16-8400-b5ab346d3436202605010126291777620408327189998.sst" compactIntoNextLevel: false destinationLevel: 2
3004192:COMPACT_START sstable=1 input_files: "sstable2/8d46d65f-d0aa-4788-9fd7-225612378859202605010126291777620405695946039.sst" input_files: "sstable2/1690b97a-8c99-4776-b75f-2e59693f4183202605010126291777620414811896744.sst" compactIntoNextLevel: false destinationLevel: 2
2026-05-01 07:26:59:611 - Compaction started: 
140147710477888:Compacting sstable2/8d46d65f-d0aa-4788-9fd7-225612378859202605010126291777620405695946039.sst sstable2/1690b97a-8c99-4776-b75f-2e59693f4183202605010126291777620414811896744.sst into:sstable2/0_1690b97a-8c99-4776-b75f-2e59693f4183202605010126291777620419656852759.sst
2026-05-01 07:26:59:725 - Compaction completed: 
3004192:COMPACT_START sstable=1 input_files: "sstable2/81c1ee96-568b-4c42-a6f8-d8dd5d730dc3202605010126291777620405968507375.sst" input_files: "sstable2/8d46d65f-d0aa-4788-9fd7-225612378859202605010126291777620406002877054.sst" compactIntoNextLevel: false destinationLevel: 2
2026-05-01 07:26:59:841 - Compaction started: 
2026-05-01 07:26:59:880 30 sec: 117403 operations; 3913.43 current ops/sec; est completion in 2 days 22 hours [READ: Count=117403, Max=1780735, Min=32, Avg=253.08, 90=352, 99=420, 99.9=1564, 99.99=34783] 
140147710477888:Compacting sstable2/81c1ee96-568b-4c42-a6f8-d8dd5d730dc3202605010126291777620405968507375.sst sstable2/8d46d65f-d0aa-4788-9fd7-225612378859202605010126291777620406002877054.sst into:sstable2/0_1690b97a-8c99-4776-b75f-2e59693f4183202605010126291777620419897138260.sst
2026-05-01 07:26:59:972 - Compaction completed: 
3004192:Task input_files: "sstable2/81c1ee96-568b-4c42-a6f8-d8dd5d730dc3202605010126291777620403733831085.sst" input_files: "sstable2/8d46d65f-d0aa-4788-9fd7-225612378859202605010126291777620403760233119.sst" compactIntoNextLevel: false destinationLevel: 2 is dead (hb=30)
3004192:Found dead task input_files: "sstable2/81c1ee96-568b-4c42-a6f8-d8dd5d730dc3202605010126291777620403733831085.sst" input_files: "sstable2/8d46d65f-d0aa-4788-9fd7-225612378859202605010126291777620403760233119.sst" compactIntoNextLevel: false destinationLevel: 2
3004192:COMPACT_START sstable=1 input_files: "sstable2/81c1ee96-568b-4c42-a6f8-d8dd5d730dc3202605010126291777620403733831085.sst" input_files: "sstable2/8d46d65f-d0aa-4788-9fd7-225612378859202605010126291777620403760233119.sst" compactIntoNextLevel: false destinationLevel: 2
2026-05-01 07:27:00:044 - Compaction started: 
140147710477888:Compacting sstable2/81c1ee96-568b-4c42-a6f8-d8dd5d730dc3202605010126291777620403733831085.sst sstable2/8d46d65f-d0aa-4788-9fd7-225612378859202605010126291777620403760233119.sst into:sstable2/1690b97a-8c99-4776-b75f-2e59693f4183202605010126291777620420103447228.sst
2026-05-01 07:27:00:185 - Compaction completed: 
3004192:COMPACT_START sstable=1 input_files: "sstable2/81c1ee96-568b-4c42-a6f8-d8dd5d730dc3202605010126291777620408751976927.sst" input_files: "sstable2/8d46d65f-d0aa-4788-9fd7-225612378859202605010126291777620408799007881.sst" compactIntoNextLevel: false destinationLevel: 2
2026-05-01 07:27:00:337 - Compaction started: 
140147710477888:Compacting sstable2/81c1ee96-568b-4c42-a6f8-d8dd5d730dc3202605010126291777620408751976927.sst sstable2/8d46d65f-d0aa-4788-9fd7-225612378859202605010126291777620408799007881.sst into:sstable2/0_1690b97a-8c99-4776-b75f-2e59693f4183202605010126291777620420380342599.sst
2026-05-01 07:27:00:443 - Compaction completed: 
3004192:COMPACT_START sstable=1 input_files: "sstable2/8d46d65f-d0aa-4788-9fd7-225612378859202605010126291777620412135636388.sst" input_files: "sstable2/81c1ee96-568b-4c42-a6f8-d8dd5d730dc3202605010126291777620409061089491.sst" compactIntoNextLevel: false destinationLevel: 2
2026-05-01 07:27:00:595 - Compaction started: 
140147710477888:Compacting sstable2/8d46d65f-d0aa-4788-9fd7-225612378859202605010126291777620412135636388.sst sstable2/81c1ee96-568b-4c42-a6f8-d8dd5d730dc3202605010126291777620409061089491.sst into:sstable2/0_1690b97a-8c99-4776-b75f-2e59693f4183202605010126291777620420631791947.sst
2026-05-01 07:27:00:689 - Compaction completed: 
3004192:COMPACT_START sstable=1 input_files: "sstable2/1690b97a-8c99-4776-b75f-2e59693f4183202605010126291777620409364629189.sst" input_files: "sstable2/8d46d65f-d0aa-4788-9fd7-225612378859202605010126291777620409418728414.sst" compactIntoNextLevel: false destinationLevel: 2
3004192:COMPACT_ABORT input_files: "sstable2/1690b97a-8c99-4776-b75f-2e59693f4183202605010126291777620409364629189.sst" input_files: "sstable2/8d46d65f-d0aa-4788-9fd7-225612378859202605010126291777620409418728414.sst" compactIntoNextLevel: false destinationLevel: 2
3004192:COMPACT_START sstable=1 input_files: "sstable2/1690b97a-8c99-4776-b75f-2e59693f4183202605010126291777620414472097945.sst" input_files: "sstable2/8d46d65f-d0aa-4788-9fd7-225612378859202605010126291777620411350469759.sst" compactIntoNextLevel: false destinationLevel: 2
2026-05-01 07:27:00:924 - Compaction started: 
140147710477888:Compacting sstable2/1690b97a-8c99-4776-b75f-2e59693f4183202605010126291777620414472097945.sst sstable2/8d46d65f-d0aa-4788-9fd7-225612378859202605010126291777620411350469759.sst into:sstable2/0_1690b97a-8c99-4776-b75f-2e59693f4183202605010126291777620420961081375.sst
2026-05-01 07:27:01:020 - Compaction completed: 
3004192:COMPACT_START sstable=1 input_files: "sstable2/e3e96cd6-1422-4f16-8400-b5ab346d3436202605010126291777620411408140209.sst" input_files: "sstable2/e3e96cd6-1422-4f16-8400-b5ab346d3436202605010126291777620414474377759.sst" compactIntoNextLevel: false destinationLevel: 2
2026-05-01 07:27:01:092 - Compaction started: 
140147710477888:Compacting sstable2/e3e96cd6-1422-4f16-8400-b5ab346d3436202605010126291777620411408140209.sst sstable2/e3e96cd6-1422-4f16-8400-b5ab346d3436202605010126291777620414474377759.sst into:sstable2/0_1690b97a-8c99-4776-b75f-2e59693f4183202605010126291777620421128774935.sst
2026-05-01 07:27:01:186 - Compaction completed: 
3004192:Task input_files: "sstable2/2_81c1ee96-568b-4c42-a6f8-d8dd5d730dc3202605010126291777620408109522197.sst" input_files: "sstable2/2_1690b97a-8c99-4776-b75f-2e59693f4183202605010126291777620418544242122.sst" compactIntoNextLevel: false destinationLevel: 2 is dead (hb=30)
3004192:Found dead task input_files: "sstable2/2_81c1ee96-568b-4c42-a6f8-d8dd5d730dc3202605010126291777620408109522197.sst" input_files: "sstable2/2_1690b97a-8c99-4776-b75f-2e59693f4183202605010126291777620418544242122.sst" compactIntoNextLevel: false destinationLevel: 2
3004192:COMPACT_START sstable=1 input_files: "sstable2/2_81c1ee96-568b-4c42-a6f8-d8dd5d730dc3202605010126291777620408109522197.sst" input_files: "sstable2/2_1690b97a-8c99-4776-b75f-2e59693f4183202605010126291777620418544242122.sst" compactIntoNextLevel: false destinationLevel: 2
2026-05-01 07:27:02:361 - Compaction started: 
140147710477888:Compacting sstable2/2_81c1ee96-568b-4c42-a6f8-d8dd5d730dc3202605010126291777620408109522197.sst sstable2/2_1690b97a-8c99-4776-b75f-2e59693f4183202605010126291777620418544242122.sst into:sstable2/1690b97a-8c99-4776-b75f-2e59693f4183202605010126291777620422986682450.sst
2026-05-01 07:27:03:850 - Compaction completed: 
3004192:Task input_files: "sstable2/8d46d65f-d0aa-4788-9fd7-225612378859202605010126291777620409108483446.sst" input_files: "sstable2/81c1ee96-568b-4c42-a6f8-d8dd5d730dc3202605010126291777620415252287393.sst" compactIntoNextLevel: false destinationLevel: 2 is dead (hb=32)
3004192:Found dead task input_files: "sstable2/8d46d65f-d0aa-4788-9fd7-225612378859202605010126291777620409108483446.sst" input_files: "sstable2/81c1ee96-568b-4c42-a6f8-d8dd5d730dc3202605010126291777620415252287393.sst" compactIntoNextLevel: false destinationLevel: 2
3004192:COMPACT_START sstable=1 input_files: "sstable2/8d46d65f-d0aa-4788-9fd7-225612378859202605010126291777620409108483446.sst" input_files: "sstable2/81c1ee96-568b-4c42-a6f8-d8dd5d730dc3202605010126291777620415252287393.sst" compactIntoNextLevel: false destinationLevel: 2
2026-05-01 07:27:03:878 - Compaction started: 
140147710477888:Compacting sstable2/8d46d65f-d0aa-4788-9fd7-225612378859202605010126291777620409108483446.sst sstable2/81c1ee96-568b-4c42-a6f8-d8dd5d730dc3202605010126291777620415252287393.sst into:sstable2/1690b97a-8c99-4776-b75f-2e59693f4183202605010126291777620423920514768.sst
2026-05-01 07:27:03:979 - Compaction completed: 
3004192:COMPACT_START sstable=1 input_files: "sstable2/8d46d65f-d0aa-4788-9fd7-225612378859202605010126291777620412467494882.sst" input_files: "sstable2/1690b97a-8c99-4776-b75f-2e59693f4183202605010126291777620406342279481.sst" compactIntoNextLevel: false destinationLevel: 2
3004192:COMPACT_ABORT input_files: "sstable2/8d46d65f-d0aa-4788-9fd7-225612378859202605010126291777620412467494882.sst" input_files: "sstable2/1690b97a-8c99-4776-b75f-2e59693f4183202605010126291777620406342279481.sst" compactIntoNextLevel: false destinationLevel: 2
3004192:COMPACT_START sstable=1 input_files: "sstable2/8d46d65f-d0aa-4788-9fd7-225612378859202605010126291777620406407055641.sst" input_files: "sstable2/1690b97a-8c99-4776-b75f-2e59693f4183202605010126291777620406446141191.sst" compactIntoNextLevel: false destinationLevel: 2
2026-05-01 07:27:04:172 - Compaction started: 
140147710477888:Compacting sstable2/8d46d65f-d0aa-4788-9fd7-225612378859202605010126291777620406407055641.sst sstable2/1690b97a-8c99-4776-b75f-2e59693f4183202605010126291777620406446141191.sst into:sstable2/0_1690b97a-8c99-4776-b75f-2e59693f4183202605010126291777620424217359596.sst
2026-05-01 07:27:04:285 - Compaction completed: 
3004192:COMPACT_START sstable=1 input_files: "sstable2/e3e96cd6-1422-4f16-8400-b5ab346d3436202605010126291777620409764995768.sst" input_files: "sstable2/81c1ee96-568b-4c42-a6f8-d8dd5d730dc3202605010126291777620406687660174.sst" compactIntoNextLevel: false destinationLevel: 2
3004192:COMPACT_ABORT input_files: "sstable2/e3e96cd6-1422-4f16-8400-b5ab346d3436202605010126291777620409764995768.sst" input_files: "sstable2/81c1ee96-568b-4c42-a6f8-d8dd5d730dc3202605010126291777620406687660174.sst" compactIntoNextLevel: false destinationLevel: 2
3004192:Task input_files: "sstable2/81c1ee96-568b-4c42-a6f8-d8dd5d730dc3202605010126291777620404748838084.sst" input_files: "sstable2/8d46d65f-d0aa-4788-9fd7-225612378859202605010126291777620404779954716.sst" compactIntoNextLevel: false destinationLevel: 2 is dead (hb=30)
3004192:Found dead task input_files: "sstable2/81c1ee96-568b-4c42-a6f8-d8dd5d730dc3202605010126291777620404748838084.sst" input_files: "sstable2/8d46d65f-d0aa-4788-9fd7-225612378859202605010126291777620404779954716.sst" compactIntoNextLevel: false destinationLevel: 2
3004192:COMPACT_START sstable=1 input_files: "sstable2/81c1ee96-568b-4c42-a6f8-d8dd5d730dc3202605010126291777620404748838084.sst" input_files: "sstable2/8d46d65f-d0aa-4788-9fd7-225612378859202605010126291777620404779954716.sst" compactIntoNextLevel: false destinationLevel: 2
2026-05-01 07:27:04:517 - Compaction started: 
140147710477888:Compacting sstable2/81c1ee96-568b-4c42-a6f8-d8dd5d730dc3202605010126291777620404748838084.sst sstable2/8d46d65f-d0aa-4788-9fd7-225612378859202605010126291777620404779954716.sst into:sstable2/1690b97a-8c99-4776-b75f-2e59693f4183202605010126291777620424573721805.sst
2026-05-01 07:27:04:653 - Compaction completed: 
3004192:COMPACT_START sstable=1 input_files: "sstable2/1690b97a-8c99-4776-b75f-2e59693f4183202605010126291777620410739036943.sst" input_files: "sstable2/8d46d65f-d0aa-4788-9fd7-225612378859202605010126291777620410821619873.sst" compactIntoNextLevel: false destinationLevel: 2
2026-05-01 07:27:04:763 - Compaction started: 
140147710477888:Compacting sstable2/1690b97a-8c99-4776-b75f-2e59693f4183202605010126291777620410739036943.sst sstable2/8d46d65f-d0aa-4788-9fd7-225612378859202605010126291777620410821619873.sst into:sstable2/0_1690b97a-8c99-4776-b75f-2e59693f4183202605010126291777620424814913043.sst
2026-05-01 07:27:04:885 - Compaction completed: 
3004192:COMPACT_START sstable=1 input_files: "sstable2/1690b97a-8c99-4776-b75f-2e59693f4183202605010126291777620407811110922.sst" input_files: "sstable2/81c1ee96-568b-4c42-a6f8-d8dd5d730dc3202605010126291777620407818077151.sst" compactIntoNextLevel: false destinationLevel: 2
3004192:COMPACT_ABORT input_files: "sstable2/1690b97a-8c99-4776-b75f-2e59693f4183202605010126291777620407811110922.sst" input_files: "sstable2/81c1ee96-568b-4c42-a6f8-d8dd5d730dc3202605010126291777620407818077151.sst" compactIntoNextLevel: false destinationLevel: 2
3004192:COMPACT_START sstable=1 input_files: "sstable2/8d46d65f-d0aa-4788-9fd7-225612378859202605010126291777620407861672496.sst" input_files: "sstable2/1690b97a-8c99-4776-b75f-2e59693f4183202605010126291777620407914821099.sst" compactIntoNextLevel: false destinationLevel: 2
2026-05-01 07:27:05:151 - Compaction started: 
140147710477888:Compacting sstable2/8d46d65f-d0aa-4788-9fd7-225612378859202605010126291777620407861672496.sst sstable2/1690b97a-8c99-4776-b75f-2e59693f4183202605010126291777620407914821099.sst into:sstable2/0_1690b97a-8c99-4776-b75f-2e59693f4183202605010126291777620425196981622.sst
2026-05-01 07:27:05:266 - Compaction completed: 
3004192:COMPACT_START sstable=1 input_files: "sstable2/e3e96cd6-1422-4f16-8400-b5ab346d3436202605010126291777620408327189998.sst" input_files: "sstable2/1690b97a-8c99-4776-b75f-2e59693f4183202605010126291777620408330840271.sst" compactIntoNextLevel: false destinationLevel: 2
2026-05-01 07:27:05:401 - Compaction started: 
140147710477888:Compacting sstable2/e3e96cd6-1422-4f16-8400-b5ab346d3436202605010126291777620408327189998.sst sstable2/1690b97a-8c99-4776-b75f-2e59693f4183202605010126291777620408330840271.sst into:sstable2/0_1690b97a-8c99-4776-b75f-2e59693f4183202605010126291777620425443074579.sst
2026-05-01 07:27:05:508 - Compaction completed: 
3004192:COMPACT_START sstable=1 input_files: "sstable2/e3e96cd6-1422-4f16-8400-b5ab346d3436202605010126291777620408532532354.sst" input_files: "sstable2/8d46d65f-d0aa-4788-9fd7-225612378859202605010126291777620411681201872.sst" compactIntoNextLevel: false destinationLevel: 2
2026-05-01 07:27:05:653 - Compaction started: 
140147710477888:Compacting sstable2/e3e96cd6-1422-4f16-8400-b5ab346d3436202605010126291777620408532532354.sst sstable2/8d46d65f-d0aa-4788-9fd7-225612378859202605010126291777620411681201872.sst into:sstable2/0_1690b97a-8c99-4776-b75f-2e59693f4183202605010126291777620425694048887.sst
2026-05-01 07:27:05:756 - Compaction completed: 
3004192:COMPACT_START sstable=1 input_files: "sstable2/0_81c1ee96-568b-4c42-a6f8-d8dd5d730dc3202605010126291777620424738731984.sst" input_files: "sstable2/0_8d46d65f-d0aa-4788-9fd7-225612378859202605010126291777620416768205943.sst" compactIntoNextLevel: false destinationLevel: 2
3004192:COMPACT_ABORT input_files: "sstable2/0_81c1ee96-568b-4c42-a6f8-d8dd5d730dc3202605010126291777620424738731984.sst" input_files: "sstable2/0_8d46d65f-d0aa-4788-9fd7-225612378859202605010126291777620416768205943.sst" compactIntoNextLevel: false destinationLevel: 2
3004192:COMPACT_START sstable=1 input_files: "sstable2/0_81c1ee96-568b-4c42-a6f8-d8dd5d730dc3202605010126291777620416849681187.sst" input_files: "sstable2/0_1690b97a-8c99-4776-b75f-2e59693f4183202605010126291777620416922583892.sst" compactIntoNextLevel: false destinationLevel: 2
3004192:COMPACT_ABORT input_files: "sstable2/0_81c1ee96-568b-4c42-a6f8-d8dd5d730dc3202605010126291777620416849681187.sst" input_files: "sstable2/0_1690b97a-8c99-4776-b75f-2e59693f4183202605010126291777620416922583892.sst" compactIntoNextLevel: false destinationLevel: 2
3004192:COMPACT_START sstable=1 input_files: "sstable2/0_8d46d65f-d0aa-4788-9fd7-225612378859202605010126291777620417210672834.sst" input_files: "sstable2/0_e3e96cd6-1422-4f16-8400-b5ab346d3436202605010126291777620417270191548.sst" compactIntoNextLevel: false destinationLevel: 2
2026-05-01 07:27:06:460 - Compaction started: 
140147710477888:Compacting sstable2/0_8d46d65f-d0aa-4788-9fd7-225612378859202605010126291777620417210672834.sst sstable2/0_e3e96cd6-1422-4f16-8400-b5ab346d3436202605010126291777620417270191548.sst into:sstable2/1_1690b97a-8c99-4776-b75f-2e59693f4183202605010126291777620426568319601.sst
2026-05-01 07:27:06:726 - Compaction completed: 
3004192:COMPACT_START sstable=1 input_files: "sstable2/e3e96cd6-1422-4f16-8400-b5ab346d3436202605010126291777620421508836130.sst" input_files: "sstable2/81c1ee96-568b-4c42-a6f8-d8dd5d730dc3202605010126291777620404748838084.sst" compactIntoNextLevel: false destinationLevel: 2
2026-05-01 07:27:06:768 - Compaction started: 
140147710477888:Compacting sstable2/e3e96cd6-1422-4f16-8400-b5ab346d3436202605010126291777620421508836130.sst sstable2/81c1ee96-568b-4c42-a6f8-d8dd5d730dc3202605010126291777620404748838084.sst into:sstable2/0_1690b97a-8c99-4776-b75f-2e59693f4183202605010126291777620426845839952.sst
2026-05-01 07:27:06:963 - Compaction completed: 
3004192:Task input_files: "sstable2/e3e96cd6-1422-4f16-8400-b5ab346d3436202605010126291777620409764995768.sst" input_files: "sstable2/81c1ee96-568b-4c42-a6f8-d8dd5d730dc3202605010126291777620406687660174.sst" compactIntoNextLevel: false destinationLevel: 2 is dead (hb=32)
3004192:Task input_files: "sstable2/8d46d65f-d0aa-4788-9fd7-225612378859202605010126291777620406509216772.sst" input_files: "sstable2/8d46d65f-d0aa-4788-9fd7-225612378859202605010126291777620406610101342.sst" compactIntoNextLevel: false destinationLevel: 2 is dead (hb=33)
3004192:Task input_files: "sstable2/8d46d65f-d0aa-4788-9fd7-225612378859202605010126291777620412467494882.sst" input_files: "sstable2/1690b97a-8c99-4776-b75f-2e59693f4183202605010126291777620406342279481.sst" compactIntoNextLevel: false destinationLevel: 2 is dead (hb=36)
3004192:Found dead task input_files: "sstable2/8d46d65f-d0aa-4788-9fd7-225612378859202605010126291777620412467494882.sst" input_files: "sstable2/1690b97a-8c99-4776-b75f-2e59693f4183202605010126291777620406342279481.sst" compactIntoNextLevel: false destinationLevel: 2
3004192:COMPACT_START sstable=1 input_files: "sstable2/8d46d65f-d0aa-4788-9fd7-225612378859202605010126291777620412467494882.sst" input_files: "sstable2/1690b97a-8c99-4776-b75f-2e59693f4183202605010126291777620406342279481.sst" compactIntoNextLevel: false destinationLevel: 2
2026-05-01 07:27:07:708 - Compaction started: 
140147710477888:Compacting sstable2/8d46d65f-d0aa-4788-9fd7-225612378859202605010126291777620412467494882.sst sstable2/1690b97a-8c99-4776-b75f-2e59693f4183202605010126291777620406342279481.sst into:sstable2/1690b97a-8c99-4776-b75f-2e59693f4183202605010126291777620427753599614.sst
2026-05-01 07:27:07:821 - Compaction completed: 
3004192:COMPACT_START sstable=1 input_files: "sstable2/0_81c1ee96-568b-4c42-a6f8-d8dd5d730dc3202605010126291777620411121035610.sst" input_files: "sstable2/0_81c1ee96-568b-4c42-a6f8-d8dd5d730dc3202605010126291777620411552105407.sst" compactIntoNextLevel: false destinationLevel: 2
2026-05-01 07:27:07:922 - Compaction started: 
140147710477888:Compacting sstable2/0_81c1ee96-568b-4c42-a6f8-d8dd5d730dc3202605010126291777620411121035610.sst sstable2/0_81c1ee96-568b-4c42-a6f8-d8dd5d730dc3202605010126291777620411552105407.sst into:sstable2/1_1690b97a-8c99-4776-b75f-2e59693f4183202605010126291777620428032815344.sst
2026-05-01 07:27:08:182 - Compaction completed: 
3004192:Task input_files: "sstable2/e3e96cd6-1422-4f16-8400-b5ab346d3436202605010126291777620407916063868.sst" input_files: "sstable2/8d46d65f-d0aa-4788-9fd7-225612378859202605010126291777620408074058306.sst" compactIntoNextLevel: false destinationLevel: 2 is dead (hb=37)
3004192:Found dead task input_files: "sstable2/e3e96cd6-1422-4f16-8400-b5ab346d3436202605010126291777620407916063868.sst" input_files: "sstable2/8d46d65f-d0aa-4788-9fd7-225612378859202605010126291777620408074058306.sst" compactIntoNextLevel: false destinationLevel: 2
3004192:COMPACT_START sstable=1 input_files: "sstable2/e3e96cd6-1422-4f16-8400-b5ab346d3436202605010126291777620407916063868.sst" input_files: "sstable2/8d46d65f-d0aa-4788-9fd7-225612378859202605010126291777620408074058306.sst" compactIntoNextLevel: false destinationLevel: 2
2026-05-01 07:27:09:075 - Compaction started: 
140147710477888:Compacting sstable2/e3e96cd6-1422-4f16-8400-b5ab346d3436202605010126291777620407916063868.sst sstable2/8d46d65f-d0aa-4788-9fd7-225612378859202605010126291777620408074058306.sst into:sstable2/1690b97a-8c99-4776-b75f-2e59693f4183202605010126291777620429121453241.sst
2026-05-01 07:27:09:189 - Compaction completed: 
3004192:Task input_files: "sstable2/0_81c1ee96-568b-4c42-a6f8-d8dd5d730dc3202605010126291777620424738731984.sst" input_files: "sstable2/0_8d46d65f-d0aa-4788-9fd7-225612378859202605010126291777620416768205943.sst" compactIntoNextLevel: false destinationLevel: 2 is dead (hb=30)
3004192:Found dead task input_files: "sstable2/0_81c1ee96-568b-4c42-a6f8-d8dd5d730dc3202605010126291777620424738731984.sst" input_files: "sstable2/0_8d46d65f-d0aa-4788-9fd7-225612378859202605010126291777620416768205943.sst" compactIntoNextLevel: false destinationLevel: 2
3004192:COMPACT_START sstable=1 input_files: "sstable2/0_81c1ee96-568b-4c42-a6f8-d8dd5d730dc3202605010126291777620424738731984.sst" input_files: "sstable2/0_8d46d65f-d0aa-4788-9fd7-225612378859202605010126291777620416768205943.sst" compactIntoNextLevel: false destinationLevel: 2
3004192:COMPACT_ABORT input_files: "sstable2/0_81c1ee96-568b-4c42-a6f8-d8dd5d730dc3202605010126291777620424738731984.sst" input_files: "sstable2/0_8d46d65f-d0aa-4788-9fd7-225612378859202605010126291777620416768205943.sst" compactIntoNextLevel: false destinationLevel: 2
3004192:Task input_files: "sstable2/0_81c1ee96-568b-4c42-a6f8-d8dd5d730dc3202605010126291777620424738731984.sst" input_files: "sstable2/0_8d46d65f-d0aa-4788-9fd7-225612378859202605010126291777620416768205943.sst" compactIntoNextLevel: false destinationLevel: 2 is dead (hb=30)
3004192:Found dead task input_files: "sstable2/0_81c1ee96-568b-4c42-a6f8-d8dd5d730dc3202605010126291777620424738731984.sst" input_files: "sstable2/0_8d46d65f-d0aa-4788-9fd7-225612378859202605010126291777620416768205943.sst" compactIntoNextLevel: false destinationLevel: 2
3004192:COMPACT_START sstable=1 input_files: "sstable2/0_81c1ee96-568b-4c42-a6f8-d8dd5d730dc3202605010126291777620424738731984.sst" input_files: "sstable2/0_8d46d65f-d0aa-4788-9fd7-225612378859202605010126291777620416768205943.sst" compactIntoNextLevel: false destinationLevel: 2
2026-05-01 07:27:12:338 - Compaction started: 
140147710477888:Compacting sstable2/0_81c1ee96-568b-4c42-a6f8-d8dd5d730dc3202605010126291777620424738731984.sst sstable2/0_8d46d65f-d0aa-4788-9fd7-225612378859202605010126291777620416768205943.sst into:sstable2/1690b97a-8c99-4776-b75f-2e59693f4183202605010126291777620433204119403.sst
2026-05-01 07:27:14:325 - Compaction completed: 
3004192:COMPACT_START sstable=1 input_files: "sstable2/1690b97a-8c99-4776-b75f-2e59693f4183202605010126291777620433204119403.sst" input_files: "sstable2/e3e96cd6-1422-4f16-8400-b5ab346d3436202605010126291777620432466069921.sst" compactIntoNextLevel: false destinationLevel: 2
3004192:COMPACT_ABORT input_files: "sstable2/1690b97a-8c99-4776-b75f-2e59693f4183202605010126291777620433204119403.sst" input_files: "sstable2/e3e96cd6-1422-4f16-8400-b5ab346d3436202605010126291777620432466069921.sst" compactIntoNextLevel: false destinationLevel: 2
3004192:Task input_files: "sstable2/1690b97a-8c99-4776-b75f-2e59693f4183202605010126291777620433204119403.sst" input_files: "sstable2/e3e96cd6-1422-4f16-8400-b5ab346d3436202605010126291777620432466069921.sst" compactIntoNextLevel: false destinationLevel: 2 is dead (hb=31)
3004192:Found dead task input_files: "sstable2/1690b97a-8c99-4776-b75f-2e59693f4183202605010126291777620433204119403.sst" input_files: "sstable2/e3e96cd6-1422-4f16-8400-b5ab346d3436202605010126291777620432466069921.sst" compactIntoNextLevel: false destinationLevel: 2
3004192:COMPACT_START sstable=1 input_files: "sstable2/1690b97a-8c99-4776-b75f-2e59693f4183202605010126291777620433204119403.sst" input_files: "sstable2/e3e96cd6-1422-4f16-8400-b5ab346d3436202605010126291777620432466069921.sst" compactIntoNextLevel: false destinationLevel: 2
3004192:COMPACT_ABORT input_files: "sstable2/1690b97a-8c99-4776-b75f-2e59693f4183202605010126291777620433204119403.sst" input_files: "sstable2/e3e96cd6-1422-4f16-8400-b5ab346d3436202605010126291777620432466069921.sst" compactIntoNextLevel: false destinationLevel: 2
3004192:COMPACT_START sstable=1 input_files: "sstable2/0_1690b97a-8c99-4776-b75f-2e59693f4183202605010126291777620417133242603.sst" input_files: "sstable2/0_8d46d65f-d0aa-4788-9fd7-225612378859202605010126291777620417210672834.sst" compactIntoNextLevel: false destinationLevel: 2
2026-05-01 07:27:28:741 - Compaction started: 
140147710477888:Compacting sstable2/0_1690b97a-8c99-4776-b75f-2e59693f4183202605010126291777620417133242603.sst sstable2/0_8d46d65f-d0aa-4788-9fd7-225612378859202605010126291777620417210672834.sst into:sstable2/1_1690b97a-8c99-4776-b75f-2e59693f4183202605010126291777620448854277943.sst
2026-05-01 07:27:29:024 - Compaction completed: 
3004192:COMPACT_START sstable=1 input_files: "sstable2/0_81c1ee96-568b-4c42-a6f8-d8dd5d730dc3202605010126291777620417747702444.sst" input_files: "sstable2/0_1690b97a-8c99-4776-b75f-2e59693f4183202605010126291777620417939253767.sst" compactIntoNextLevel: false destinationLevel: 2
2026-05-01 07:27:29:049 - Compaction started: 
140147710477888:Compacting sstable2/0_81c1ee96-568b-4c42-a6f8-d8dd5d730dc3202605010126291777620417747702444.sst sstable2/0_1690b97a-8c99-4776-b75f-2e59693f4183202605010126291777620417939253767.sst into:sstable2/1_1690b97a-8c99-4776-b75f-2e59693f4183202605010126291777620449166558766.sst
2026-05-01 07:27:29:335 - Compaction completed: 
3004192:COMPACT_START sstable=1 input_files: "sstable2/0_81c1ee96-568b-4c42-a6f8-d8dd5d730dc3202605010126291777620411552105407.sst" input_files: "sstable2/0_e3e96cd6-1422-4f16-8400-b5ab346d3436202605010126291777620411566505922.sst" compactIntoNextLevel: false destinationLevel: 2
2026-05-01 07:27:29:360 - Compaction started: 
140147710477888:Compacting sstable2/0_81c1ee96-568b-4c42-a6f8-d8dd5d730dc3202605010126291777620411552105407.sst sstable2/0_e3e96cd6-1422-4f16-8400-b5ab346d3436202605010126291777620411566505922.sst into:sstable2/1_1690b97a-8c99-4776-b75f-2e59693f4183202605010126291777620449466301976.sst
2026-05-01 07:27:29:622 - Compaction completed: 
2026-05-01 07:27:29:880 60 sec: 280361 operations; 5431.93 current ops/sec; est completion in 2 days 11 hours [READ: Count=162888, Max=853503, Min=30, Avg=182.28, 90=210, 99=263, 99.9=378, 99.99=35551] [READ-FAILED: Count=74, Max=99647, Min=154, Avg=1525.57, 90=200, 99=99647, 99.9=99647, 99.99=99647] 
