# CMD: /usr/lib/jvm/java-8-openjdk-amd64/bin/java -cp /users/Xinying/ozonedb/ycsb/ozonedb/conf:/users/Xinying/ozonedb/ycsb/ozonedb/target/ozonedb-binding-0.18.0-SNAPSHOT.jar:/users/Xinying/.m2/repository/org/apache/htrace/htrace-core4/4.1.0-incubating/htrace-core4-4.1.0-incubating.jar:/users/Xinying/.m2/repository/org/slf4j/slf4j-api/1.7.25/slf4j-api-1.7.25.jar:/users/Xinying/.m2/repository/org/hdrhistogram/HdrHistogram/2.1.12/HdrHistogram-2.1.12.jar:/users/Xinying/.m2/repository/ch/qos/logback/logback-classic/1.2.3/logback-classic-1.2.3.jar:/users/Xinying/.m2/repository/ozonedbjnimaven/demoproc-jni/1.0/demoproc-jni-1.0.jar:/users/Xinying/.m2/repository/ch/qos/logback/logback-core/1.2.3/logback-core-1.2.3.jar:/users/Xinying/.m2/repository/org/codehaus/jackson/jackson-mapper-asl/1.9.4/jackson-mapper-asl-1.9.4.jar:/users/Xinying/.m2/repository/org/slf4j/slf4j-simple/1.7.25/slf4j-simple-1.7.25.jar:/users/Xinying/.m2/repository/org/codehaus/jackson/jackson-core-asl/1.9.4/jackson-core-asl-1.9.4.jar:/users/Xinying/ozonedb/ycsb/core/target/core-0.18.0-SNAPSHOT.jar site.ycsb.Client -db site.ycsb.db.OzoneDBClient -threads 1 -s -P /users/Xinying/ozonedb/ycsb/workloads/generated_workloads/workloadc_1KB_1000000_1000000 -p status.interval=30 -p requestdistribution=uniform -p operationcount=1000000000 -p maxexecutiontime=660 -p shared_config=/tmp/churn_v4_configs/shared_config_varyR_n4_r10pct_rep3.json -t
# env OZONEDB_CHURN_ABORT_RATE=0.1
Command line: -db site.ycsb.db.OzoneDBClient -threads 1 -s -P /users/Xinying/ozonedb/ycsb/workloads/generated_workloads/workloadc_1KB_1000000_1000000 -p status.interval=30 -p requestdistribution=uniform -p operationcount=1000000000 -p maxexecutiontime=660 -p shared_config=/tmp/churn_v4_configs/shared_config_varyR_n4_r10pct_rep3.json -t
YCSB Client 0.18.0-SNAPSHOT

Loading workload...
Starting test.
SLF4J: Class path contains multiple SLF4J bindings.
SLF4J: Found binding in [jar:file:/users/Xinying/.m2/repository/ch/qos/logback/logback-classic/1.2.3/logback-classic-1.2.3.jar!/org/slf4j/impl/StaticLoggerBinder.class]
SLF4J: Found binding in [jar:file:/users/Xinying/.m2/repository/org/slf4j/slf4j-simple/1.7.25/slf4j-simple-1.7.25.jar!/org/slf4j/impl/StaticLoggerBinder.class]
SLF4J: See http://www.slf4j.org/codes.html#multiple_bindings for an explanation.
SLF4J: Actual binding is of type [ch.qos.logback.classic.util.ContextSelectorStaticBinder]
Maximum execution time specified as: 660 secs
2026-05-01 07:07:05:928 0 sec: 0 operations; est completion in 0 second 
Starting compaction watcher
DBWrapper: report latency for each error is false and specific error codes to track for latency are: []
2959433:COMPACT_START sstable=0 input_files: "datalog/5" input_files: "datalog/6" compactIntoNextLevel: true destinationLevel: 1
2026-05-01 07:07:06:001 - Compaction started: 
140537143117376:Compacting datalog/5 datalog/6 into:sstable1/c5fdbc4f-f2a8-410f-a306-d3a20b819917202605010107051777619226130500100.sst
2026-05-01 07:07:06:150 - Compaction completed: 
2959433:COMPACT_START sstable=0 input_files: "datalog/15" input_files: "datalog/16" compactIntoNextLevel: true destinationLevel: 1
2026-05-01 07:07:06:213 - Compaction started: 
140537143117376:Compacting datalog/15 datalog/16 into:sstable1/c5fdbc4f-f2a8-410f-a306-d3a20b819917202605010107051777619226216651332.sst
2026-05-01 07:07:06:236 - Compaction completed: 
2959433:COMPACT_START sstable=0 input_files: "datalog/19" input_files: "datalog/20" compactIntoNextLevel: true destinationLevel: 1
2026-05-01 07:07:06:316 - Compaction started: 
140537143117376:Compacting datalog/19 datalog/20 into:sstable1/c5fdbc4f-f2a8-410f-a306-d3a20b819917202605010107051777619226433263908.sst
2026-05-01 07:07:06:457 - Compaction completed: 
2959433:COMPACT_START sstable=0 input_files: "datalog/27" input_files: "datalog/28" compactIntoNextLevel: true destinationLevel: 1
2959433:COMPACT_ABORT input_files: "datalog/27" input_files: "datalog/28" compactIntoNextLevel: true destinationLevel: 1
2959433:COMPACT_START sstable=0 input_files: "datalog/35" input_files: "datalog/36" compactIntoNextLevel: true destinationLevel: 1
2026-05-01 07:07:06:622 - Compaction started: 
140537143117376:Compacting datalog/35 datalog/36 into:sstable1/c5fdbc4f-f2a8-410f-a306-d3a20b819917202605010107051777619226678331544.sst
2026-05-01 07:07:06:700 - Compaction completed: 
2959433:COMPACT_START sstable=0 input_files: "datalog/41" input_files: "datalog/42" compactIntoNextLevel: true destinationLevel: 1
2026-05-01 07:07:06:725 - Compaction started: 
140537143117376:Compacting datalog/41 datalog/42 into:sstable1/c5fdbc4f-f2a8-410f-a306-d3a20b819917202605010107051777619226729477388.sst
2026-05-01 07:07:06:752 - Compaction completed: 
2959433:COMPACT_START sstable=0 input_files: "datalog/45" input_files: "datalog/46" compactIntoNextLevel: true destinationLevel: 1
2026-05-01 07:07:06:828 - Compaction started: 
140537143117376:Compacting datalog/45 datalog/46 into:sstable1/c5fdbc4f-f2a8-410f-a306-d3a20b819917202605010107051777619226831502286.sst
2026-05-01 07:07:06:855 - Compaction completed: 
2959433:COMPACT_START sstable=0 input_files: "datalog/51" input_files: "datalog/52" compactIntoNextLevel: true destinationLevel: 1
2026-05-01 07:07:06:932 - Compaction started: 
140537143117376:Compacting datalog/51 datalog/52 into:sstable1/c5fdbc4f-f2a8-410f-a306-d3a20b819917202605010107051777619227040405691.sst
2026-05-01 07:07:07:061 - Compaction completed: 
2959433:COMPACT_START sstable=0 input_files: "datalog/63" input_files: "datalog/64" compactIntoNextLevel: true destinationLevel: 1
2026-05-01 07:07:07:135 - Compaction started: 
140537143117376:Compacting datalog/63 datalog/64 into:sstable1/c5fdbc4f-f2a8-410f-a306-d3a20b819917202605010107051777619227141461633.sst
2026-05-01 07:07:07:162 - Compaction completed: 
2959433:COMPACT_START sstable=0 input_files: "datalog/69" input_files: "datalog/70" compactIntoNextLevel: true destinationLevel: 1
2026-05-01 07:07:07:237 - Compaction started: 
140537143117376:Compacting datalog/69 datalog/70 into:sstable1/c5fdbc4f-f2a8-410f-a306-d3a20b819917202605010107051777619227240621991.sst
2026-05-01 07:07:07:260 - Compaction completed: 
2959433:COMPACT_START sstable=0 input_files: "datalog/77" input_files: "datalog/78" compactIntoNextLevel: true destinationLevel: 1
2026-05-01 07:07:07:338 - Compaction started: 
140537143117376:Compacting datalog/77 datalog/78 into:sstable1/c5fdbc4f-f2a8-410f-a306-d3a20b819917202605010107051777619227341769425.sst
2026-05-01 07:07:07:360 - Compaction completed: 
2959433:COMPACT_START sstable=0 input_files: "datalog/85" input_files: "datalog/86" compactIntoNextLevel: true destinationLevel: 1
2026-05-01 07:07:07:440 - Compaction started: 
140537143117376:Compacting datalog/85 datalog/86 into:sstable1/c5fdbc4f-f2a8-410f-a306-d3a20b819917202605010107051777619227443243049.sst
2026-05-01 07:07:07:462 - Compaction completed: 
2959433:COMPACT_START sstable=0 input_files: "datalog/93" input_files: "datalog/94" compactIntoNextLevel: true destinationLevel: 1
2026-05-01 07:07:07:541 - Compaction started: 
140537143117376:Compacting datalog/93 datalog/94 into:sstable1/c5fdbc4f-f2a8-410f-a306-d3a20b819917202605010107051777619227545610410.sst
2026-05-01 07:07:07:566 - Compaction completed: 
2959433:COMPACT_START sstable=0 input_files: "datalog/101" input_files: "datalog/102" compactIntoNextLevel: true destinationLevel: 1
2026-05-01 07:07:07:643 - Compaction started: 
140537143117376:Compacting datalog/101 datalog/102 into:sstable1/c5fdbc4f-f2a8-410f-a306-d3a20b819917202605010107051777619227647286314.sst
2026-05-01 07:07:07:668 - Compaction completed: 
2959433:COMPACT_START sstable=0 input_files: "datalog/109" input_files: "datalog/110" compactIntoNextLevel: true destinationLevel: 1
2026-05-01 07:07:07:744 - Compaction started: 
140537143117376:Compacting datalog/109 datalog/110 into:sstable1/c5fdbc4f-f2a8-410f-a306-d3a20b819917202605010107051777619227773849670.sst
2026-05-01 07:07:07:793 - Compaction completed: 
2959433:COMPACT_START sstable=0 input_files: "datalog/117" input_files: "datalog/118" compactIntoNextLevel: true destinationLevel: 1
2026-05-01 07:07:07:846 - Compaction started: 
140537143117376:Compacting datalog/117 datalog/118 into:sstable1/c5fdbc4f-f2a8-410f-a306-d3a20b819917202605010107051777619227849878778.sst
2026-05-01 07:07:07:873 - Compaction completed: 
2959433:COMPACT_START sstable=0 input_files: "datalog/125" input_files: "datalog/126" compactIntoNextLevel: true destinationLevel: 1
2026-05-01 07:07:07:948 - Compaction started: 
140537143117376:Compacting datalog/125 datalog/126 into:sstable1/c5fdbc4f-f2a8-410f-a306-d3a20b819917202605010107051777619227955942288.sst
2026-05-01 07:07:07:979 - Compaction completed: 
2959433:COMPACT_START sstable=0 input_files: "datalog/133" input_files: "datalog/134" compactIntoNextLevel: true destinationLevel: 1
2026-05-01 07:07:08:049 - Compaction started: 
140537143117376:Compacting datalog/133 datalog/134 into:sstable1/c5fdbc4f-f2a8-410f-a306-d3a20b819917202605010107051777619228052986670.sst
2026-05-01 07:07:08:072 - Compaction completed: 
2959433:COMPACT_START sstable=0 input_files: "datalog/141" input_files: "datalog/142" compactIntoNextLevel: true destinationLevel: 1
2959433:COMPACT_ABORT input_files: "datalog/141" input_files: "datalog/142" compactIntoNextLevel: true destinationLevel: 1
2959433:COMPACT_START sstable=0 input_files: "datalog/149" input_files: "datalog/150" compactIntoNextLevel: true destinationLevel: 1
2026-05-01 07:07:08:252 - Compaction started: 
140537143117376:Compacting datalog/149 datalog/150 into:sstable1/c5fdbc4f-f2a8-410f-a306-d3a20b819917202605010107051777619228254953391.sst
2026-05-01 07:07:08:272 - Compaction completed: 
2959433:COMPACT_START sstable=0 input_files: "datalog/157" input_files: "datalog/158" compactIntoNextLevel: true destinationLevel: 1
2026-05-01 07:07:08:353 - Compaction started: 
140537143117376:Compacting datalog/157 datalog/158 into:sstable1/c5fdbc4f-f2a8-410f-a306-d3a20b819917202605010107051777619228356645696.sst
2026-05-01 07:07:08:374 - Compaction completed: 
2959433:COMPACT_START sstable=0 input_files: "datalog/165" input_files: "datalog/166" compactIntoNextLevel: true destinationLevel: 1
2026-05-01 07:07:08:455 - Compaction started: 
140537143117376:Compacting datalog/165 datalog/166 into:sstable1/c5fdbc4f-f2a8-410f-a306-d3a20b819917202605010107051777619228458436065.sst
2026-05-01 07:07:08:477 - Compaction completed: 
2959433:COMPACT_START sstable=0 input_files: "datalog/173" input_files: "datalog/174" compactIntoNextLevel: true destinationLevel: 1
2026-05-01 07:07:08:556 - Compaction started: 
140537143117376:Compacting datalog/173 datalog/174 into:sstable1/c5fdbc4f-f2a8-410f-a306-d3a20b819917202605010107051777619228559728801.sst
2026-05-01 07:07:08:576 - Compaction completed: 
2959433:COMPACT_START sstable=0 input_files: "datalog/181" input_files: "datalog/182" compactIntoNextLevel: true destinationLevel: 1
2026-05-01 07:07:08:658 - Compaction started: 
140537143117376:Compacting datalog/181 datalog/182 into:sstable1/c5fdbc4f-f2a8-410f-a306-d3a20b819917202605010107051777619228661500444.sst
2026-05-01 07:07:08:678 - Compaction completed: 
2959433:COMPACT_START sstable=0 input_files: "datalog/189" input_files: "datalog/190" compactIntoNextLevel: true destinationLevel: 1
2959433:COMPACT_ABORT input_files: "datalog/189" input_files: "datalog/190" compactIntoNextLevel: true destinationLevel: 1
2959433:COMPACT_START sstable=0 input_files: "datalog/197" input_files: "datalog/198" compactIntoNextLevel: true destinationLevel: 1
2026-05-01 07:07:08:861 - Compaction started: 
140537143117376:Compacting datalog/197 datalog/198 into:sstable1/c5fdbc4f-f2a8-410f-a306-d3a20b819917202605010107051777619228864718532.sst
2026-05-01 07:07:08:883 - Compaction completed: 
2959433:COMPACT_START sstable=0 input_files: "datalog/207" input_files: "datalog/208" compactIntoNextLevel: true destinationLevel: 1
2026-05-01 07:07:08:963 - Compaction started: 
140537143117376:Compacting datalog/207 datalog/208 into:sstable1/c5fdbc4f-f2a8-410f-a306-d3a20b819917202605010107051777619228965861707.sst
2026-05-01 07:07:08:984 - Compaction completed: 
2959433:COMPACT_START sstable=0 input_files: "datalog/213" input_files: "datalog/214" compactIntoNextLevel: true destinationLevel: 1
2026-05-01 07:07:09:064 - Compaction started: 
140537143117376:Compacting datalog/213 datalog/214 into:sstable1/c5fdbc4f-f2a8-410f-a306-d3a20b819917202605010107051777619229067645213.sst
2026-05-01 07:07:09:086 - Compaction completed: 
2959433:COMPACT_START sstable=0 input_files: "datalog/219" input_files: "datalog/220" compactIntoNextLevel: true destinationLevel: 1
2026-05-01 07:07:09:165 - Compaction started: 
140537143117376:Compacting datalog/219 datalog/220 into:sstable1/c5fdbc4f-f2a8-410f-a306-d3a20b819917202605010107051777619229169016486.sst
2026-05-01 07:07:09:187 - Compaction completed: 
2959433:COMPACT_START sstable=0 input_files: "datalog/227" input_files: "datalog/228" compactIntoNextLevel: true destinationLevel: 1
2026-05-01 07:07:09:267 - Compaction started: 
140537143117376:Compacting datalog/227 datalog/228 into:sstable1/c5fdbc4f-f2a8-410f-a306-d3a20b819917202605010107051777619229270556896.sst
2026-05-01 07:07:09:288 - Compaction completed: 
2959433:COMPACT_START sstable=0 input_files: "datalog/235" input_files: "datalog/236" compactIntoNextLevel: true destinationLevel: 1
2026-05-01 07:07:09:369 - Compaction started: 
140537143117376:Compacting datalog/235 datalog/236 into:sstable1/c5fdbc4f-f2a8-410f-a306-d3a20b819917202605010107051777619229372035039.sst
2026-05-01 07:07:09:389 - Compaction completed: 
2959433:COMPACT_START sstable=0 input_files: "datalog/241" input_files: "datalog/242" compactIntoNextLevel: true destinationLevel: 1
2959433:COMPACT_ABORT input_files: "datalog/241" input_files: "datalog/242" compactIntoNextLevel: true destinationLevel: 1
2959433:Task input_files: "datalog/27" input_files: "datalog/28" compactIntoNextLevel: true destinationLevel: 1 is dead (hb=30)
2959433:Found dead task input_files: "datalog/27" input_files: "datalog/28" compactIntoNextLevel: true destinationLevel: 1
2959433:COMPACT_START sstable=0 input_files: "datalog/27" input_files: "datalog/28" compactIntoNextLevel: true destinationLevel: 1
2026-05-01 07:07:09:585 - Compaction started: 
140537143117376:Compacting datalog/27 datalog/28 into:sstable1/c5fdbc4f-f2a8-410f-a306-d3a20b819917202605010107051777619229588770035.sst
2026-05-01 07:07:09:607 - Compaction completed: 
2959433:COMPACT_START sstable=0 input_files: "datalog/255" input_files: "datalog/256" compactIntoNextLevel: true destinationLevel: 1
2026-05-01 07:07:09:687 - Compaction started: 
140537143117376:Compacting datalog/255 datalog/256 into:sstable1/c5fdbc4f-f2a8-410f-a306-d3a20b819917202605010107051777619229690331765.sst
2026-05-01 07:07:09:707 - Compaction completed: 
2959433:COMPACT_START sstable=0 input_files: "datalog/263" input_files: "datalog/264" compactIntoNextLevel: true destinationLevel: 1
2959433:COMPACT_ABORT input_files: "datalog/263" input_files: "datalog/264" compactIntoNextLevel: true destinationLevel: 1
2959433:COMPACT_START sstable=0 input_files: "datalog/271" input_files: "datalog/272" compactIntoNextLevel: true destinationLevel: 1
2026-05-01 07:07:09:892 - Compaction started: 
140537143117376:Compacting datalog/271 datalog/272 into:sstable1/c5fdbc4f-f2a8-410f-a306-d3a20b819917202605010107051777619229895016952.sst
2026-05-01 07:07:09:911 - Compaction completed: 
2959433:COMPACT_START sstable=0 input_files: "datalog/279" input_files: "datalog/280" compactIntoNextLevel: true destinationLevel: 1
2026-05-01 07:07:09:995 - Compaction started: 
140537143117376:Compacting datalog/279 datalog/280 into:sstable1/c5fdbc4f-f2a8-410f-a306-d3a20b819917202605010107051777619229997715674.sst
2026-05-01 07:07:10:012 - Compaction completed: 
2959433:COMPACT_START sstable=0 input_files: "datalog/287" input_files: "datalog/288" compactIntoNextLevel: true destinationLevel: 1
2026-05-01 07:07:10:097 - Compaction started: 
140537143117376:Compacting datalog/287 datalog/288 into:sstable1/c5fdbc4f-f2a8-410f-a306-d3a20b819917202605010107051777619230099725283.sst
2026-05-01 07:07:10:116 - Compaction completed: 
2959433:COMPACT_START sstable=0 input_files: "datalog/295" input_files: "datalog/296" compactIntoNextLevel: true destinationLevel: 1
2959433:COMPACT_ABORT input_files: "datalog/295" input_files: "datalog/296" compactIntoNextLevel: true destinationLevel: 1
2959433:COMPACT_START sstable=0 input_files: "datalog/303" input_files: "datalog/304" compactIntoNextLevel: true destinationLevel: 1
2026-05-01 07:07:10:300 - Compaction started: 
140537143117376:Compacting datalog/303 datalog/304 into:sstable1/c5fdbc4f-f2a8-410f-a306-d3a20b819917202605010107051777619230303740084.sst
2026-05-01 07:07:10:320 - Compaction completed: 
2959433:COMPACT_START sstable=0 input_files: "datalog/311" input_files: "datalog/312" compactIntoNextLevel: true destinationLevel: 1
2959433:COMPACT_ABORT input_files: "datalog/311" input_files: "datalog/312" compactIntoNextLevel: true destinationLevel: 1
2959433:COMPACT_START sstable=0 input_files: "datalog/313" input_files: "datalog/314" compactIntoNextLevel: true destinationLevel: 1
2026-05-01 07:07:10:403 - Compaction started: 
140537143117376:Compacting datalog/313 datalog/314 into:sstable1/c5fdbc4f-f2a8-410f-a306-d3a20b819917202605010107051777619230406572326.sst
2026-05-01 07:07:10:423 - Compaction completed: 
2959433:COMPACT_START sstable=0 input_files: "datalog/321" input_files: "datalog/322" compactIntoNextLevel: true destinationLevel: 1
2026-05-01 07:07:10:506 - Compaction started: 
140537143117376:Compacting datalog/321 datalog/322 into:sstable1/c5fdbc4f-f2a8-410f-a306-d3a20b819917202605010107051777619230508403080.sst
2026-05-01 07:07:10:524 - Compaction completed: 
2959433:COMPACT_START sstable=0 input_files: "datalog/329" input_files: "datalog/330" compactIntoNextLevel: true destinationLevel: 1
2026-05-01 07:07:10:608 - Compaction started: 
140537143117376:Compacting datalog/329 datalog/330 into:sstable1/c5fdbc4f-f2a8-410f-a306-d3a20b819917202605010107051777619230610961709.sst
2026-05-01 07:07:10:626 - Compaction completed: 
2959433:COMPACT_START sstable=0 input_files: "datalog/337" input_files: "datalog/338" compactIntoNextLevel: true destinationLevel: 1
2026-05-01 07:07:10:711 - Compaction started: 
140537143117376:Compacting datalog/337 datalog/338 into:sstable1/c5fdbc4f-f2a8-410f-a306-d3a20b819917202605010107051777619230713911340.sst
2026-05-01 07:07:10:731 - Compaction completed: 
2959433:COMPACT_START sstable=0 input_files: "datalog/341" input_files: "datalog/342" compactIntoNextLevel: true destinationLevel: 1
2026-05-01 07:07:10:813 - Compaction started: 
140537143117376:Compacting datalog/341 datalog/342 into:sstable1/c5fdbc4f-f2a8-410f-a306-d3a20b819917202605010107051777619230817995439.sst
2026-05-01 07:07:10:834 - Compaction completed: 
2959433:COMPACT_START sstable=0 input_files: "datalog/349" input_files: "datalog/350" compactIntoNextLevel: true destinationLevel: 1
2026-05-01 07:07:10:916 - Compaction started: 
140537143117376:Compacting datalog/349 datalog/350 into:sstable1/c5fdbc4f-f2a8-410f-a306-d3a20b819917202605010107051777619230919701489.sst
2026-05-01 07:07:10:937 - Compaction completed: 
2959433:COMPACT_START sstable=0 input_files: "datalog/355" input_files: "datalog/356" compactIntoNextLevel: true destinationLevel: 1
2026-05-01 07:07:11:019 - Compaction started: 
140537143117376:Compacting datalog/355 datalog/356 into:sstable1/c5fdbc4f-f2a8-410f-a306-d3a20b819917202605010107051777619231022309090.sst
2026-05-01 07:07:11:039 - Compaction completed: 
2959433:COMPACT_START sstable=0 input_files: "datalog/363" input_files: "datalog/364" compactIntoNextLevel: true destinationLevel: 1
2026-05-01 07:07:11:121 - Compaction started: 
140537143117376:Compacting datalog/363 datalog/364 into:sstable1/c5fdbc4f-f2a8-410f-a306-d3a20b819917202605010107051777619231125261967.sst
2026-05-01 07:07:11:142 - Compaction completed: 
2959433:COMPACT_START sstable=0 input_files: "datalog/369" input_files: "datalog/370" compactIntoNextLevel: true destinationLevel: 1
2026-05-01 07:07:11:224 - Compaction started: 
140537143117376:Compacting datalog/369 datalog/370 into:sstable1/c5fdbc4f-f2a8-410f-a306-d3a20b819917202605010107051777619231228107074.sst
2026-05-01 07:07:11:245 - Compaction completed: 
2959433:Task input_files: "datalog/141" input_files: "datalog/142" compactIntoNextLevel: true destinationLevel: 1 is dead (hb=30)
2959433:Found dead task input_files: "datalog/141" input_files: "datalog/142" compactIntoNextLevel: true destinationLevel: 1
2959433:COMPACT_START sstable=0 input_files: "datalog/141" input_files: "datalog/142" compactIntoNextLevel: true destinationLevel: 1
2026-05-01 07:07:11:325 - Compaction started: 
140537143117376:Compacting datalog/141 datalog/142 into:sstable1/c5fdbc4f-f2a8-410f-a306-d3a20b819917202605010107051777619231329081703.sst
2026-05-01 07:07:11:346 - Compaction completed: 
2959433:COMPACT_START sstable=0 input_files: "datalog/379" input_files: "datalog/380" compactIntoNextLevel: true destinationLevel: 1
2026-05-01 07:07:11:427 - Compaction started: 
140537143117376:Compacting datalog/379 datalog/380 into:sstable1/c5fdbc4f-f2a8-410f-a306-d3a20b819917202605010107051777619231430196245.sst
2026-05-01 07:07:11:444 - Compaction completed: 
2959433:COMPACT_START sstable=0 input_files: "datalog/389" input_files: "datalog/390" compactIntoNextLevel: true destinationLevel: 1
2026-05-01 07:07:11:528 - Compaction started: 
140537143117376:Compacting datalog/389 datalog/390 into:sstable1/c5fdbc4f-f2a8-410f-a306-d3a20b819917202605010107051777619231531366841.sst
2026-05-01 07:07:11:547 - Compaction completed: 
2959433:COMPACT_START sstable=0 input_files: "datalog/397" input_files: "datalog/398" compactIntoNextLevel: true destinationLevel: 1
2026-05-01 07:07:11:630 - Compaction started: 
140537143117376:Compacting datalog/397 datalog/398 into:sstable1/c5fdbc4f-f2a8-410f-a306-d3a20b819917202605010107051777619231633394054.sst
2026-05-01 07:07:11:649 - Compaction completed: 
2959433:Task input_files: "datalog/171" input_files: "datalog/172" compactIntoNextLevel: true destinationLevel: 1 is dead (hb=30)
2959433:Found dead task input_files: "datalog/171" input_files: "datalog/172" compactIntoNextLevel: true destinationLevel: 1
2959433:COMPACT_START sstable=0 input_files: "datalog/171" input_files: "datalog/172" compactIntoNextLevel: true destinationLevel: 1
2026-05-01 07:07:11:731 - Compaction started: 
140537143117376:Compacting datalog/171 datalog/172 into:sstable1/c5fdbc4f-f2a8-410f-a306-d3a20b819917202605010107051777619231734892245.sst
2026-05-01 07:07:11:751 - Compaction completed: 
2959433:COMPACT_START sstable=0 input_files: "datalog/413" input_files: "datalog/414" compactIntoNextLevel: true destinationLevel: 1
2026-05-01 07:07:11:833 - Compaction started: 
140537143117376:Compacting datalog/413 datalog/414 into:sstable1/c5fdbc4f-f2a8-410f-a306-d3a20b819917202605010107051777619231836148142.sst
2026-05-01 07:07:11:852 - Compaction completed: 
2959433:Task input_files: "datalog/189" input_files: "datalog/190" compactIntoNextLevel: true destinationLevel: 1 is dead (hb=30)
2959433:Found dead task input_files: "datalog/189" input_files: "datalog/190" compactIntoNextLevel: true destinationLevel: 1
2959433:COMPACT_START sstable=0 input_files: "datalog/189" input_files: "datalog/190" compactIntoNextLevel: true destinationLevel: 1
2026-05-01 07:07:11:934 - Compaction started: 
140537143117376:Compacting datalog/189 datalog/190 into:sstable1/c5fdbc4f-f2a8-410f-a306-d3a20b819917202605010107051777619231937809949.sst
2026-05-01 07:07:11:955 - Compaction completed: 
2959433:Task input_files: "datalog/203" input_files: "datalog/204" compactIntoNextLevel: true destinationLevel: 1 is dead (hb=30)
2959433:Found dead task input_files: "datalog/203" input_files: "datalog/204" compactIntoNextLevel: true destinationLevel: 1
2959433:COMPACT_START sstable=0 input_files: "datalog/203" input_files: "datalog/204" compactIntoNextLevel: true destinationLevel: 1
2026-05-01 07:07:12:035 - Compaction started: 
140537143117376:Compacting datalog/203 datalog/204 into:sstable1/c5fdbc4f-f2a8-410f-a306-d3a20b819917202605010107051777619232039436040.sst
2026-05-01 07:07:12:056 - Compaction completed: 
2959433:COMPACT_START sstable=0 input_files: "datalog/437" input_files: "datalog/438" compactIntoNextLevel: true destinationLevel: 1
2026-05-01 07:07:12:137 - Compaction started: 
140537143117376:Compacting datalog/437 datalog/438 into:sstable1/c5fdbc4f-f2a8-410f-a306-d3a20b819917202605010107051777619232140469390.sst
2026-05-01 07:07:12:154 - Compaction completed: 
2959433:COMPACT_START sstable=0 input_files: "datalog/447" input_files: "datalog/448" compactIntoNextLevel: true destinationLevel: 1
2026-05-01 07:07:12:239 - Compaction started: 
140537143117376:Compacting datalog/447 datalog/448 into:sstable1/c5fdbc4f-f2a8-410f-a306-d3a20b819917202605010107051777619232242569910.sst
2026-05-01 07:07:12:257 - Compaction completed: 
2959433:Task input_files: "datalog/9" input_files: "datalog/10" compactIntoNextLevel: true destinationLevel: 1 is dead (hb=30)
2959433:Found dead task input_files: "datalog/9" input_files: "datalog/10" compactIntoNextLevel: true destinationLevel: 1
2959433:COMPACT_START sstable=0 input_files: "datalog/9" input_files: "datalog/10" compactIntoNextLevel: true destinationLevel: 1
2026-05-01 07:07:12:340 - Compaction started: 
140537143117376:Compacting datalog/9 datalog/10 into:sstable1/c5fdbc4f-f2a8-410f-a306-d3a20b819917202605010107051777619232344467449.sst
2026-05-01 07:07:12:362 - Compaction completed: 
2959433:COMPACT_START sstable=0 input_files: "datalog/459" input_files: "datalog/460" compactIntoNextLevel: true destinationLevel: 1
2026-05-01 07:07:12:464 - Compaction started: 
140537143117376:Compacting datalog/459 datalog/460 into:sstable1/c5fdbc4f-f2a8-410f-a306-d3a20b819917202605010107051777619232467166362.sst
2026-05-01 07:07:12:481 - Compaction completed: 
2959433:Task input_files: "datalog/241" input_files: "datalog/242" compactIntoNextLevel: true destinationLevel: 1 is dead (hb=30)
2959433:Found dead task input_files: "datalog/241" input_files: "datalog/242" compactIntoNextLevel: true destinationLevel: 1
2959433:COMPACT_START sstable=0 input_files: "datalog/241" input_files: "datalog/242" compactIntoNextLevel: true destinationLevel: 1
2026-05-01 07:07:12:565 - Compaction started: 
140537143117376:Compacting datalog/241 datalog/242 into:sstable1/c5fdbc4f-f2a8-410f-a306-d3a20b819917202605010107051777619232568974253.sst
2026-05-01 07:07:12:585 - Compaction completed: 
2959433:COMPACT_START sstable=0 input_files: "datalog/473" input_files: "datalog/474" compactIntoNextLevel: true destinationLevel: 1
2026-05-01 07:07:12:667 - Compaction started: 
140537143117376:Compacting datalog/473 datalog/474 into:sstable1/c5fdbc4f-f2a8-410f-a306-d3a20b819917202605010107051777619232670225090.sst
2026-05-01 07:07:12:685 - Compaction completed: 
2959433:COMPACT_START sstable=0 input_files: "datalog/483" input_files: "datalog/484" compactIntoNextLevel: true destinationLevel: 1
2026-05-01 07:07:12:769 - Compaction started: 
140537143117376:Compacting datalog/483 datalog/484 into:sstable1/c5fdbc4f-f2a8-410f-a306-d3a20b819917202605010107051777619232772176611.sst
2026-05-01 07:07:12:787 - Compaction completed: 
2959433:Task input_files: "datalog/263" input_files: "datalog/264" compactIntoNextLevel: true destinationLevel: 1 is dead (hb=30)
2959433:Found dead task input_files: "datalog/263" input_files: "datalog/264" compactIntoNextLevel: true destinationLevel: 1
2959433:COMPACT_START sstable=0 input_files: "datalog/263" input_files: "datalog/264" compactIntoNextLevel: true destinationLevel: 1
2959433:COMPACT_ABORT input_files: "datalog/263" input_files: "datalog/264" compactIntoNextLevel: true destinationLevel: 1
2959433:COMPACT_START sstable=0 input_files: "datalog/491" input_files: "datalog/492" compactIntoNextLevel: true destinationLevel: 1
2959433:COMPACT_ABORT input_files: "datalog/491" input_files: "datalog/492" compactIntoNextLevel: true destinationLevel: 1
2959433:COMPACT_START sstable=0 input_files: "datalog/493" input_files: "datalog/494" compactIntoNextLevel: true destinationLevel: 1
2959433:COMPACT_ABORT input_files: "datalog/493" input_files: "datalog/494" compactIntoNextLevel: true destinationLevel: 1
2959433:COMPACT_START sstable=0 input_files: "datalog/501" input_files: "datalog/502" compactIntoNextLevel: true destinationLevel: 1
2026-05-01 07:07:12:972 - Compaction started: 
140537143117376:Compacting datalog/501 datalog/502 into:sstable1/c5fdbc4f-f2a8-410f-a306-d3a20b819917202605010107051777619232975780842.sst
2026-05-01 07:07:12:990 - Compaction completed: 
2959433:COMPACT_START sstable=0 input_files: "datalog/507" input_files: "datalog/508" compactIntoNextLevel: true destinationLevel: 1
2026-05-01 07:07:13:074 - Compaction started: 
140537143117376:Compacting datalog/507 datalog/508 into:sstable1/c5fdbc4f-f2a8-410f-a306-d3a20b819917202605010107051777619233077115346.sst
2026-05-01 07:07:13:091 - Compaction completed: 
2959433:COMPACT_START sstable=0 input_files: "datalog/513" input_files: "datalog/514" compactIntoNextLevel: true destinationLevel: 1
2026-05-01 07:07:13:175 - Compaction started: 
140537143117376:Compacting datalog/513 datalog/514 into:sstable1/c5fdbc4f-f2a8-410f-a306-d3a20b819917202605010107051777619233178592067.sst
2026-05-01 07:07:13:192 - Compaction completed: 
2959433:Task input_files: "datalog/295" input_files: "datalog/296" compactIntoNextLevel: true destinationLevel: 1 is dead (hb=30)
2959433:Found dead task input_files: "datalog/295" input_files: "datalog/296" compactIntoNextLevel: true destinationLevel: 1
2959433:COMPACT_START sstable=0 input_files: "datalog/295" input_files: "datalog/296" compactIntoNextLevel: true destinationLevel: 1
2026-05-01 07:07:13:277 - Compaction started: 
140537143117376:Compacting datalog/295 datalog/296 into:sstable1/c5fdbc4f-f2a8-410f-a306-d3a20b819917202605010107051777619233279898569.sst
2026-05-01 07:07:13:296 - Compaction completed: 
2959433:Task input_files: "datalog/311" input_files: "datalog/312" compactIntoNextLevel: true destinationLevel: 1 is dead (hb=30)
2959433:Found dead task input_files: "datalog/311" input_files: "datalog/312" compactIntoNextLevel: true destinationLevel: 1
2959433:COMPACT_START sstable=0 input_files: "datalog/311" input_files: "datalog/312" compactIntoNextLevel: true destinationLevel: 1
2026-05-01 07:07:13:378 - Compaction started: 
140537143117376:Compacting datalog/311 datalog/312 into:sstable1/c5fdbc4f-f2a8-410f-a306-d3a20b819917202605010107051777619233381737308.sst
2026-05-01 07:07:13:398 - Compaction completed: 
2959433:COMPACT_START sstable=0 input_files: "datalog/533" input_files: "datalog/534" compactIntoNextLevel: true destinationLevel: 1
2026-05-01 07:07:13:480 - Compaction started: 
140537143117376:Compacting datalog/533 datalog/534 into:sstable1/c5fdbc4f-f2a8-410f-a306-d3a20b819917202605010107051777619233483483874.sst
2026-05-01 07:07:13:498 - Compaction completed: 
2959433:COMPACT_START sstable=0 input_files: "datalog/541" input_files: "datalog/542" compactIntoNextLevel: true destinationLevel: 1
2026-05-01 07:07:13:581 - Compaction started: 
140537143117376:Compacting datalog/541 datalog/542 into:sstable1/c5fdbc4f-f2a8-410f-a306-d3a20b819917202605010107051777619233584924237.sst
2026-05-01 07:07:13:600 - Compaction completed: 
2959433:COMPACT_START sstable=0 input_files: "datalog/549" input_files: "datalog/550" compactIntoNextLevel: true destinationLevel: 1
2959433:COMPACT_ABORT input_files: "datalog/549" input_files: "datalog/550" compactIntoNextLevel: true destinationLevel: 1
2959433:COMPACT_START sstable=0 input_files: "datalog/557" input_files: "datalog/558" compactIntoNextLevel: true destinationLevel: 1
2026-05-01 07:07:13:784 - Compaction started: 
140537143117376:Compacting datalog/557 datalog/558 into:sstable1/c5fdbc4f-f2a8-410f-a306-d3a20b819917202605010107051777619233787881947.sst
2026-05-01 07:07:13:802 - Compaction completed: 
2959433:COMPACT_START sstable=0 input_files: "datalog/567" input_files: "datalog/568" compactIntoNextLevel: true destinationLevel: 1
2026-05-01 07:07:13:886 - Compaction started: 
140537143117376:Compacting datalog/567 datalog/568 into:sstable1/c5fdbc4f-f2a8-410f-a306-d3a20b819917202605010107051777619233889332809.sst
2026-05-01 07:07:13:904 - Compaction completed: 
2959433:COMPACT_START sstable=0 input_files: "datalog/575" input_files: "datalog/576" compactIntoNextLevel: true destinationLevel: 1
2026-05-01 07:07:13:988 - Compaction started: 
140537143117376:Compacting datalog/575 datalog/576 into:sstable1/c5fdbc4f-f2a8-410f-a306-d3a20b819917202605010107051777619233991542724.sst
2026-05-01 07:07:14:005 - Compaction completed: 
2959433:COMPACT_START sstable=0 input_files: "datalog/583" input_files: "datalog/584" compactIntoNextLevel: true destinationLevel: 1
2959433:COMPACT_ABORT input_files: "datalog/583" input_files: "datalog/584" compactIntoNextLevel: true destinationLevel: 1
2959433:COMPACT_START sstable=0 input_files: "datalog/585" input_files: "datalog/586" compactIntoNextLevel: true destinationLevel: 1
2959433:COMPACT_ABORT input_files: "datalog/585" input_files: "datalog/586" compactIntoNextLevel: true destinationLevel: 1
2959433:COMPACT_START sstable=0 input_files: "datalog/587" input_files: "datalog/588" compactIntoNextLevel: true destinationLevel: 1
2026-05-01 07:07:14:090 - Compaction started: 
140537143117376:Compacting datalog/587 datalog/588 into:sstable1/c5fdbc4f-f2a8-410f-a306-d3a20b819917202605010107051777619234093324416.sst
2026-05-01 07:07:14:108 - Compaction completed: 
2959433:COMPACT_START sstable=0 input_files: "datalog/595" input_files: "datalog/596" compactIntoNextLevel: true destinationLevel: 1
2026-05-01 07:07:14:192 - Compaction started: 
140537143117376:Compacting datalog/595 datalog/596 into:sstable1/c5fdbc4f-f2a8-410f-a306-d3a20b819917202605010107051777619234195009718.sst
2026-05-01 07:07:14:210 - Compaction completed: 
2959433:COMPACT_START sstable=0 input_files: "datalog/603" input_files: "datalog/604" compactIntoNextLevel: true destinationLevel: 1
2026-05-01 07:07:14:293 - Compaction started: 
140537143117376:Compacting datalog/603 datalog/604 into:sstable1/c5fdbc4f-f2a8-410f-a306-d3a20b819917202605010107051777619234296739323.sst
2026-05-01 07:07:14:311 - Compaction completed: 
2959433:COMPACT_START sstable=0 input_files: "datalog/611" input_files: "datalog/612" compactIntoNextLevel: true destinationLevel: 1
2026-05-01 07:07:14:395 - Compaction started: 
140537143117376:Compacting datalog/611 datalog/612 into:sstable1/c5fdbc4f-f2a8-410f-a306-d3a20b819917202605010107051777619234398102400.sst
2026-05-01 07:07:14:411 - Compaction completed: 
2959433:COMPACT_START sstable=0 input_files: "datalog/615" input_files: "datalog/616" compactIntoNextLevel: true destinationLevel: 1
2026-05-01 07:07:14:496 - Compaction started: 
140537143117376:Compacting datalog/615 datalog/616 into:sstable1/c5fdbc4f-f2a8-410f-a306-d3a20b819917202605010107051777619234499450910.sst
2026-05-01 07:07:14:513 - Compaction completed: 
2959433:COMPACT_START sstable=0 input_files: "datalog/623" input_files: "datalog/624" compactIntoNextLevel: true destinationLevel: 1
2959433:COMPACT_ABORT input_files: "datalog/623" input_files: "datalog/624" compactIntoNextLevel: true destinationLevel: 1
2959433:COMPACT_START sstable=0 input_files: "datalog/629" input_files: "datalog/630" compactIntoNextLevel: true destinationLevel: 1
2026-05-01 07:07:14:700 - Compaction started: 
140537143117376:Compacting datalog/629 datalog/630 into:sstable1/c5fdbc4f-f2a8-410f-a306-d3a20b819917202605010107051777619234703488895.sst
2026-05-01 07:07:14:718 - Compaction completed: 
2959433:COMPACT_START sstable=0 input_files: "datalog/635" input_files: "datalog/636" compactIntoNextLevel: true destinationLevel: 1
2026-05-01 07:07:14:802 - Compaction started: 
140537143117376:Compacting datalog/635 datalog/636 into:sstable1/c5fdbc4f-f2a8-410f-a306-d3a20b819917202605010107051777619234804917305.sst
2026-05-01 07:07:14:819 - Compaction completed: 
2959433:COMPACT_START sstable=0 input_files: "datalog/641" input_files: "datalog/642" compactIntoNextLevel: true destinationLevel: 1
2026-05-01 07:07:14:904 - Compaction started: 
140537143117376:Compacting datalog/641 datalog/642 into:sstable1/c5fdbc4f-f2a8-410f-a306-d3a20b819917202605010107051777619234907487836.sst
2026-05-01 07:07:14:921 - Compaction completed: 
2959433:COMPACT_START sstable=0 input_files: "datalog/649" input_files: "datalog/650" compactIntoNextLevel: true destinationLevel: 1
2026-05-01 07:07:15:007 - Compaction started: 
140537143117376:Compacting datalog/649 datalog/650 into:sstable1/c5fdbc4f-f2a8-410f-a306-d3a20b819917202605010107051777619235010140842.sst
2026-05-01 07:07:15:023 - Compaction completed: 
2959433:COMPACT_START sstable=0 input_files: "datalog/655" input_files: "datalog/656" compactIntoNextLevel: true destinationLevel: 1
2026-05-01 07:07:15:109 - Compaction started: 
140537143117376:Compacting datalog/655 datalog/656 into:sstable1/c5fdbc4f-f2a8-410f-a306-d3a20b819917202605010107051777619235112412914.sst
2026-05-01 07:07:15:126 - Compaction completed: 
2959433:COMPACT_START sstable=0 input_files: "datalog/663" input_files: "datalog/664" compactIntoNextLevel: true destinationLevel: 1
2959433:COMPACT_ABORT input_files: "datalog/663" input_files: "datalog/664" compactIntoNextLevel: true destinationLevel: 1
2959433:COMPACT_START sstable=0 input_files: "datalog/671" input_files: "datalog/672" compactIntoNextLevel: true destinationLevel: 1
2026-05-01 07:07:15:313 - Compaction started: 
140537143117376:Compacting datalog/671 datalog/672 into:sstable1/c5fdbc4f-f2a8-410f-a306-d3a20b819917202605010107051777619235316103156.sst
2026-05-01 07:07:15:331 - Compaction completed: 
2959433:COMPACT_START sstable=0 input_files: "datalog/679" input_files: "datalog/680" compactIntoNextLevel: true destinationLevel: 1
2026-05-01 07:07:15:415 - Compaction started: 
140537143117376:Compacting datalog/679 datalog/680 into:sstable1/c5fdbc4f-f2a8-410f-a306-d3a20b819917202605010107051777619235417438441.sst
2026-05-01 07:07:15:431 - Compaction completed: 
2959433:COMPACT_START sstable=0 input_files: "datalog/687" input_files: "datalog/688" compactIntoNextLevel: true destinationLevel: 1
2026-05-01 07:07:15:517 - Compaction started: 
140537143117376:Compacting datalog/687 datalog/688 into:sstable1/c5fdbc4f-f2a8-410f-a306-d3a20b819917202605010107051777619235520483633.sst
2026-05-01 07:07:15:535 - Compaction completed: 
2959433:COMPACT_START sstable=0 input_files: "datalog/695" input_files: "datalog/696" compactIntoNextLevel: true destinationLevel: 1
2026-05-01 07:07:15:620 - Compaction started: 
140537143117376:Compacting datalog/695 datalog/696 into:sstable1/c5fdbc4f-f2a8-410f-a306-d3a20b819917202605010107051777619235622868676.sst
2026-05-01 07:07:15:637 - Compaction completed: 
2959433:COMPACT_START sstable=0 input_files: "datalog/703" input_files: "datalog/704" compactIntoNextLevel: true destinationLevel: 1
2026-05-01 07:07:15:722 - Compaction started: 
140537143117376:Compacting datalog/703 datalog/704 into:sstable1/c5fdbc4f-f2a8-410f-a306-d3a20b819917202605010107051777619235725014971.sst
2026-05-01 07:07:15:738 - Compaction completed: 
2959433:COMPACT_START sstable=0 input_files: "datalog/707" input_files: "datalog/708" compactIntoNextLevel: true destinationLevel: 1
2026-05-01 07:07:15:823 - Compaction started: 
140537143117376:Compacting datalog/707 datalog/708 into:sstable1/c5fdbc4f-f2a8-410f-a306-d3a20b819917202605010107051777619235826433703.sst
2026-05-01 07:07:15:839 - Compaction completed: 
2959433:Task input_files: "datalog/263" input_files: "datalog/264" compactIntoNextLevel: true destinationLevel: 1 is dead (hb=30)
2959433:Task input_files: "datalog/491" input_files: "datalog/492" compactIntoNextLevel: true destinationLevel: 1 is dead (hb=30)
2959433:Found dead task input_files: "datalog/491" input_files: "datalog/492" compactIntoNextLevel: true destinationLevel: 1
2959433:COMPACT_START sstable=0 input_files: "datalog/491" input_files: "datalog/492" compactIntoNextLevel: true destinationLevel: 1
2026-05-01 07:07:15:925 - Compaction started: 
140537143117376:Compacting datalog/491 datalog/492 into:sstable1/c5fdbc4f-f2a8-410f-a306-d3a20b819917202605010107051777619235927738491.sst
2026-05-01 07:07:15:941 - Compaction completed: 
2959433:COMPACT_START sstable=0 input_files: "datalog/721" input_files: "datalog/722" compactIntoNextLevel: true destinationLevel: 1
2026-05-01 07:07:16:050 - Compaction started: 
140537143117376:Compacting datalog/721 datalog/722 into:sstable1/c5fdbc4f-f2a8-410f-a306-d3a20b819917202605010107051777619236053317332.sst
2026-05-01 07:07:16:067 - Compaction completed: 
2959433:COMPACT_START sstable=0 input_files: "datalog/729" input_files: "datalog/730" compactIntoNextLevel: true destinationLevel: 1
2959433:COMPACT_ABORT input_files: "datalog/729" input_files: "datalog/730" compactIntoNextLevel: true destinationLevel: 1
2959433:COMPACT_START sstable=0 input_files: "datalog/737" input_files: "datalog/738" compactIntoNextLevel: true destinationLevel: 1
2026-05-01 07:07:16:253 - Compaction started: 
140537143117376:Compacting datalog/737 datalog/738 into:sstable1/c5fdbc4f-f2a8-410f-a306-d3a20b819917202605010107051777619236255804310.sst
2026-05-01 07:07:16:268 - Compaction completed: 
2959433:COMPACT_START sstable=0 input_files: "datalog/745" input_files: "datalog/746" compactIntoNextLevel: true destinationLevel: 1
2026-05-01 07:07:16:355 - Compaction started: 
140537143117376:Compacting datalog/745 datalog/746 into:sstable1/c5fdbc4f-f2a8-410f-a306-d3a20b819917202605010107051777619236358346638.sst
2026-05-01 07:07:16:372 - Compaction completed: 
2959433:COMPACT_START sstable=0 input_files: "datalog/753" input_files: "datalog/754" compactIntoNextLevel: true destinationLevel: 1
2026-05-01 07:07:16:456 - Compaction started: 
140537143117376:Compacting datalog/753 datalog/754 into:sstable1/c5fdbc4f-f2a8-410f-a306-d3a20b819917202605010107051777619236459007609.sst
2026-05-01 07:07:16:471 - Compaction completed: 
2959433:COMPACT_START sstable=0 input_files: "datalog/759" input_files: "datalog/760" compactIntoNextLevel: true destinationLevel: 1
2026-05-01 07:07:16:557 - Compaction started: 
140537143117376:Compacting datalog/759 datalog/760 into:sstable1/c5fdbc4f-f2a8-410f-a306-d3a20b819917202605010107051777619236560179258.sst
2026-05-01 07:07:16:572 - Compaction completed: 
2959433:COMPACT_START sstable=0 input_files: "datalog/767" input_files: "datalog/768" compactIntoNextLevel: true destinationLevel: 1
2026-05-01 07:07:16:658 - Compaction started: 
140537143117376:Compacting datalog/767 datalog/768 into:sstable1/c5fdbc4f-f2a8-410f-a306-d3a20b819917202605010107051777619236661188232.sst
2026-05-01 07:07:16:673 - Compaction completed: 
2959433:Task input_files: "datalog/549" input_files: "datalog/550" compactIntoNextLevel: true destinationLevel: 1 is dead (hb=30)
2959433:Found dead task input_files: "datalog/549" input_files: "datalog/550" compactIntoNextLevel: true destinationLevel: 1
2959433:COMPACT_START sstable=0 input_files: "datalog/549" input_files: "datalog/550" compactIntoNextLevel: true destinationLevel: 1
2026-05-01 07:07:16:760 - Compaction started: 
140537143117376:Compacting datalog/549 datalog/550 into:sstable1/c5fdbc4f-f2a8-410f-a306-d3a20b819917202605010107051777619236762993639.sst
2026-05-01 07:07:16:777 - Compaction completed: 
2959433:Task input_files: "datalog/563" input_files: "datalog/564" compactIntoNextLevel: true destinationLevel: 1 is dead (hb=30)
2959433:Found dead task input_files: "datalog/563" input_files: "datalog/564" compactIntoNextLevel: true destinationLevel: 1
2959433:COMPACT_START sstable=0 input_files: "datalog/563" input_files: "datalog/564" compactIntoNextLevel: true destinationLevel: 1
2026-05-01 07:07:16:861 - Compaction started: 
140537143117376:Compacting datalog/563 datalog/564 into:sstable1/c5fdbc4f-f2a8-410f-a306-d3a20b819917202605010107051777619236864344574.sst
2026-05-01 07:07:16:878 - Compaction completed: 
2959433:COMPACT_START sstable=0 input_files: "datalog/787" input_files: "datalog/788" compactIntoNextLevel: true destinationLevel: 1
2026-05-01 07:07:16:963 - Compaction started: 
140537143117376:Compacting datalog/787 datalog/788 into:sstable1/c5fdbc4f-f2a8-410f-a306-d3a20b819917202605010107051777619236965427776.sst
2026-05-01 07:07:16:978 - Compaction completed: 
2959433:Task input_files: "datalog/583" input_files: "datalog/584" compactIntoNextLevel: true destinationLevel: 1 is dead (hb=30)
2959433:Found dead task input_files: "datalog/583" input_files: "datalog/584" compactIntoNextLevel: true destinationLevel: 1
2959433:COMPACT_START sstable=0 input_files: "datalog/583" input_files: "datalog/584" compactIntoNextLevel: true destinationLevel: 1
2026-05-01 07:07:17:064 - Compaction started: 
140537143117376:Compacting datalog/583 datalog/584 into:sstable1/c5fdbc4f-f2a8-410f-a306-d3a20b819917202605010107051777619237067230849.sst
2026-05-01 07:07:17:082 - Compaction completed: 
2959433:COMPACT_START sstable=0 input_files: "datalog/799" input_files: "datalog/800" compactIntoNextLevel: true destinationLevel: 1
2026-05-01 07:07:17:166 - Compaction started: 
140537143117376:Compacting datalog/799 datalog/800 into:sstable1/c5fdbc4f-f2a8-410f-a306-d3a20b819917202605010107051777619237168125809.sst
2026-05-01 07:07:17:180 - Compaction completed: 
2959433:COMPACT_START sstable=0 input_files: "datalog/807" input_files: "datalog/808" compactIntoNextLevel: true destinationLevel: 1
2026-05-01 07:07:17:267 - Compaction started: 
140537143117376:Compacting datalog/807 datalog/808 into:sstable1/c5fdbc4f-f2a8-410f-a306-d3a20b819917202605010107051777619237269803837.sst
2026-05-01 07:07:17:282 - Compaction completed: 
2959433:COMPACT_START sstable=0 input_files: "datalog/813" input_files: "datalog/814" compactIntoNextLevel: true destinationLevel: 1
2026-05-01 07:07:17:368 - Compaction started: 
140537143117376:Compacting datalog/813 datalog/814 into:sstable1/c5fdbc4f-f2a8-410f-a306-d3a20b819917202605010107051777619237370917036.sst
2026-05-01 07:07:17:384 - Compaction completed: 
2959433:COMPACT_START sstable=0 input_files: "datalog/819" input_files: "datalog/820" compactIntoNextLevel: true destinationLevel: 1
2026-05-01 07:07:17:470 - Compaction started: 
140537143117376:Compacting datalog/819 datalog/820 into:sstable1/c5fdbc4f-f2a8-410f-a306-d3a20b819917202605010107051777619237472597609.sst
2026-05-01 07:07:17:486 - Compaction completed: 
2959433:COMPACT_START sstable=0 input_files: "datalog/827" input_files: "datalog/828" compactIntoNextLevel: true destinationLevel: 1
2026-05-01 07:07:17:572 - Compaction started: 
140537143117376:Compacting datalog/827 datalog/828 into:sstable1/c5fdbc4f-f2a8-410f-a306-d3a20b819917202605010107051777619237574340379.sst
2026-05-01 07:07:17:587 - Compaction completed: 
2959433:COMPACT_START sstable=0 input_files: "datalog/833" input_files: "datalog/834" compactIntoNextLevel: true destinationLevel: 1
2026-05-01 07:07:17:673 - Compaction started: 
140537143117376:Compacting datalog/833 datalog/834 into:sstable1/c5fdbc4f-f2a8-410f-a306-d3a20b819917202605010107051777619237675489986.sst
2026-05-01 07:07:17:688 - Compaction completed: 
2959433:COMPACT_START sstable=0 input_files: "datalog/841" input_files: "datalog/842" compactIntoNextLevel: true destinationLevel: 1
2026-05-01 07:07:17:774 - Compaction started: 
140537143117376:Compacting datalog/841 datalog/842 into:sstable1/c5fdbc4f-f2a8-410f-a306-d3a20b819917202605010107051777619237777038962.sst
2026-05-01 07:07:17:789 - Compaction completed: 
2959433:COMPACT_START sstable=0 input_files: "datalog/847" input_files: "datalog/848" compactIntoNextLevel: true destinationLevel: 1
2026-05-01 07:07:17:875 - Compaction started: 
140537143117376:Compacting datalog/847 datalog/848 into:sstable1/c5fdbc4f-f2a8-410f-a306-d3a20b819917202605010107051777619237878375340.sst
2026-05-01 07:07:17:891 - Compaction completed: 
2959433:COMPACT_START sstable=0 input_files: "datalog/853" input_files: "datalog/854" compactIntoNextLevel: true destinationLevel: 1
2026-05-01 07:07:17:977 - Compaction started: 
140537143117376:Compacting datalog/853 datalog/854 into:sstable1/c5fdbc4f-f2a8-410f-a306-d3a20b819917202605010107051777619237979623452.sst
2026-05-01 07:07:17:992 - Compaction completed: 
2959433:COMPACT_START sstable=0 input_files: "datalog/859" input_files: "datalog/860" compactIntoNextLevel: true destinationLevel: 1
2026-05-01 07:07:18:078 - Compaction started: 
140537143117376:Compacting datalog/859 datalog/860 into:sstable1/c5fdbc4f-f2a8-410f-a306-d3a20b819917202605010107051777619238080861385.sst
2026-05-01 07:07:18:094 - Compaction completed: 
2959433:COMPACT_START sstable=0 input_files: "datalog/865" input_files: "datalog/866" compactIntoNextLevel: true destinationLevel: 1
2026-05-01 07:07:18:185 - Compaction started: 
140537143117376:Compacting datalog/865 datalog/866 into:sstable1/c5fdbc4f-f2a8-410f-a306-d3a20b819917202605010107051777619238187858965.sst
2026-05-01 07:07:18:200 - Compaction completed: 
2959433:COMPACT_START sstable=1 input_files: "sstable1/4fd3d2ff-2a75-4358-a9e9-a51774c66a63202605010107051777619226099704102.sst" input_files: "sstable1/21da4dfd-697f-4adb-9e30-f17989d57484202605010107051777619226154511088.sst" compactIntoNextLevel: true destinationLevel: 2
2026-05-01 07:07:18:286 - Compaction started: 
140537143117376:Compacting sstable1/4fd3d2ff-2a75-4358-a9e9-a51774c66a63202605010107051777619226099704102.sst sstable1/21da4dfd-697f-4adb-9e30-f17989d57484202605010107051777619226154511088.sst into:sstable2/c5fdbc4f-f2a8-410f-a306-d3a20b819917202605010107051777619238308241926.sst
2026-05-01 07:07:18:340 - Compaction completed: 
2959433:COMPACT_START sstable=1 input_files: "sstable1/21da4dfd-697f-4adb-9e30-f17989d57484202605010107051777619226347520510.sst" input_files: "sstable1/c5fdbc4f-f2a8-410f-a306-d3a20b819917202605010107051777619226433263908.sst" compactIntoNextLevel: true destinationLevel: 2
2026-05-01 07:07:18:387 - Compaction started: 
140537143117376:Compacting sstable1/21da4dfd-697f-4adb-9e30-f17989d57484202605010107051777619226347520510.sst sstable1/c5fdbc4f-f2a8-410f-a306-d3a20b819917202605010107051777619226433263908.sst into:sstable2/c5fdbc4f-f2a8-410f-a306-d3a20b819917202605010107051777619238409271719.sst
2026-05-01 07:07:18:443 - Compaction completed: 
2959433:COMPACT_START sstable=1 input_files: "sstable1/594ee30d-60ac-4b84-bf17-2c6394b23d7a202605010107051777619226617588860.sst" input_files: "sstable1/c5fdbc4f-f2a8-410f-a306-d3a20b819917202605010107051777619226678331544.sst" compactIntoNextLevel: true destinationLevel: 2
2026-05-01 07:07:18:489 - Compaction started: 
140537143117376:Compacting sstable1/594ee30d-60ac-4b84-bf17-2c6394b23d7a202605010107051777619226617588860.sst sstable1/c5fdbc4f-f2a8-410f-a306-d3a20b819917202605010107051777619226678331544.sst into:sstable2/c5fdbc4f-f2a8-410f-a306-d3a20b819917202605010107051777619238512391269.sst
2026-05-01 07:07:18:549 - Compaction completed: 
2959433:COMPACT_START sstable=1 input_files: "sstable1/c5fdbc4f-f2a8-410f-a306-d3a20b819917202605010107051777619226831502286.sst" input_files: "sstable1/21da4dfd-697f-4adb-9e30-f17989d57484202605010107051777619226991485048.sst" compactIntoNextLevel: true destinationLevel: 2
2026-05-01 07:07:18:590 - Compaction started: 
140537143117376:Compacting sstable1/c5fdbc4f-f2a8-410f-a306-d3a20b819917202605010107051777619226831502286.sst sstable1/21da4dfd-697f-4adb-9e30-f17989d57484202605010107051777619226991485048.sst into:sstable2/c5fdbc4f-f2a8-410f-a306-d3a20b819917202605010107051777619238615169278.sst
2026-05-01 07:07:18:654 - Compaction completed: 
2959433:COMPACT_START sstable=1 input_files: "sstable1/21da4dfd-697f-4adb-9e30-f17989d57484202605010107051777619227121748420.sst" input_files: "sstable1/4fd3d2ff-2a75-4358-a9e9-a51774c66a63202605010107051777619227176326217.sst" compactIntoNextLevel: true destinationLevel: 2
2026-05-01 07:07:18:692 - Compaction started: 
140537143117376:Compacting sstable1/21da4dfd-697f-4adb-9e30-f17989d57484202605010107051777619227121748420.sst sstable1/4fd3d2ff-2a75-4358-a9e9-a51774c66a63202605010107051777619227176326217.sst into:sstable2/c5fdbc4f-f2a8-410f-a306-d3a20b819917202605010107051777619238715558862.sst
2026-05-01 07:07:18:752 - Compaction completed: 
2959433:COMPACT_START sstable=1 input_files: "sstable1/c5fdbc4f-f2a8-410f-a306-d3a20b819917202605010107051777619227240621991.sst" input_files: "sstable1/21da4dfd-697f-4adb-9e30-f17989d57484202605010107051777619227296912229.sst" compactIntoNextLevel: true destinationLevel: 2
2026-05-01 07:07:18:793 - Compaction started: 
140537143117376:Compacting sstable1/c5fdbc4f-f2a8-410f-a306-d3a20b819917202605010107051777619227240621991.sst sstable1/21da4dfd-697f-4adb-9e30-f17989d57484202605010107051777619227296912229.sst into:sstable2/c5fdbc4f-f2a8-410f-a306-d3a20b819917202605010107051777619238818060864.sst
2026-05-01 07:07:18:857 - Compaction completed: 
2959433:COMPACT_START sstable=1 input_files: "sstable1/4fd3d2ff-2a75-4358-a9e9-a51774c66a63202605010107051777619227429799700.sst" input_files: "sstable1/594ee30d-60ac-4b84-bf17-2c6394b23d7a202605010107051777619227434433846.sst" compactIntoNextLevel: true destinationLevel: 2
2026-05-01 07:07:18:912 - Compaction started: 
140537143117376:Compacting sstable1/4fd3d2ff-2a75-4358-a9e9-a51774c66a63202605010107051777619227429799700.sst sstable1/594ee30d-60ac-4b84-bf17-2c6394b23d7a202605010107051777619227434433846.sst into:sstable2/c5fdbc4f-f2a8-410f-a306-d3a20b819917202605010107051777619238935320159.sst
2026-05-01 07:07:18:970 - Compaction completed: 
2959433:COMPACT_START sstable=1 input_files: "sstable1/c5fdbc4f-f2a8-410f-a306-d3a20b819917202605010107051777619227647286314.sst" input_files: "sstable1/21da4dfd-697f-4adb-9e30-f17989d57484202605010107051777619230767823811.sst" compactIntoNextLevel: true destinationLevel: 2
2026-05-01 07:07:19:036 - Compaction started: 
140537143117376:Compacting sstable1/c5fdbc4f-f2a8-410f-a306-d3a20b819917202605010107051777619227647286314.sst sstable1/21da4dfd-697f-4adb-9e30-f17989d57484202605010107051777619230767823811.sst into:sstable2/c5fdbc4f-f2a8-410f-a306-d3a20b819917202605010107051777619239059067767.sst
2026-05-01 07:07:19:094 - Compaction completed: 
2959433:COMPACT_START sstable=1 input_files: "sstable1/4fd3d2ff-2a75-4358-a9e9-a51774c66a63202605010107051777619227835678510.sst" input_files: "sstable1/594ee30d-60ac-4b84-bf17-2c6394b23d7a202605010107051777619227846639326.sst" compactIntoNextLevel: true destinationLevel: 2
2026-05-01 07:07:19:145 - Compaction started: 
140537143117376:Compacting sstable1/4fd3d2ff-2a75-4358-a9e9-a51774c66a63202605010107051777619227835678510.sst sstable1/594ee30d-60ac-4b84-bf17-2c6394b23d7a202605010107051777619227846639326.sst into:sstable2/c5fdbc4f-f2a8-410f-a306-d3a20b819917202605010107051777619239167894075.sst
2026-05-01 07:07:19:204 - Compaction completed: 
2959433:COMPACT_START sstable=1 input_files: "sstable1/c5fdbc4f-f2a8-410f-a306-d3a20b819917202605010107051777619227955942288.sst" input_files: "sstable1/21da4dfd-697f-4adb-9e30-f17989d57484202605010107051777619228010245881.sst" compactIntoNextLevel: true destinationLevel: 2
2026-05-01 07:07:19:246 - Compaction started: 
140537143117376:Compacting sstable1/c5fdbc4f-f2a8-410f-a306-d3a20b819917202605010107051777619227955942288.sst sstable1/21da4dfd-697f-4adb-9e30-f17989d57484202605010107051777619228010245881.sst into:sstable2/c5fdbc4f-f2a8-410f-a306-d3a20b819917202605010107051777619239270089082.sst
2026-05-01 07:07:19:307 - Compaction completed: 
2959433:COMPACT_START sstable=1 input_files: "sstable1/4fd3d2ff-2a75-4358-a9e9-a51774c66a63202605010107051777619231302860931.sst" input_files: "sstable1/594ee30d-60ac-4b84-bf17-2c6394b23d7a202605010107051777619228149795641.sst" compactIntoNextLevel: true destinationLevel: 2
2026-05-01 07:07:19:358 - Compaction started: 
140537143117376:Compacting sstable1/4fd3d2ff-2a75-4358-a9e9-a51774c66a63202605010107051777619231302860931.sst sstable1/594ee30d-60ac-4b84-bf17-2c6394b23d7a202605010107051777619228149795641.sst into:sstable2/c5fdbc4f-f2a8-410f-a306-d3a20b819917202605010107051777619239382012766.sst
2026-05-01 07:07:19:420 - Compaction completed: 
2959433:COMPACT_START sstable=1 input_files: "sstable1/c5fdbc4f-f2a8-410f-a306-d3a20b819917202605010107051777619228254953391.sst" input_files: "sstable1/21da4dfd-697f-4adb-9e30-f17989d57484202605010107051777619228313983214.sst" compactIntoNextLevel: true destinationLevel: 2
2959433:COMPACT_ABORT input_files: "sstable1/c5fdbc4f-f2a8-410f-a306-d3a20b819917202605010107051777619228254953391.sst" input_files: "sstable1/21da4dfd-697f-4adb-9e30-f17989d57484202605010107051777619228313983214.sst" compactIntoNextLevel: true destinationLevel: 2
2959433:COMPACT_START sstable=1 input_files: "sstable1/c5fdbc4f-f2a8-410f-a306-d3a20b819917202605010107051777619228458436065.sst" input_files: "sstable1/21da4dfd-697f-4adb-9e30-f17989d57484202605010107051777619228517498910.sst" compactIntoNextLevel: true destinationLevel: 2
2026-05-01 07:07:19:568 - Compaction started: 
140537143117376:Compacting sstable1/c5fdbc4f-f2a8-410f-a306-d3a20b819917202605010107051777619228458436065.sst sstable1/21da4dfd-697f-4adb-9e30-f17989d57484202605010107051777619228517498910.sst into:sstable2/c5fdbc4f-f2a8-410f-a306-d3a20b819917202605010107051777619239590878661.sst
2026-05-01 07:07:19:628 - Compaction completed: 
2959433:COMPACT_START sstable=1 input_files: "sstable1/c5fdbc4f-f2a8-410f-a306-d3a20b819917202605010107051777619228661500444.sst" input_files: "sstable1/21da4dfd-697f-4adb-9e30-f17989d57484202605010107051777619228720490072.sst" compactIntoNextLevel: true destinationLevel: 2
2026-05-01 07:07:19:680 - Compaction started: 
140537143117376:Compacting sstable1/c5fdbc4f-f2a8-410f-a306-d3a20b819917202605010107051777619228661500444.sst sstable1/21da4dfd-697f-4adb-9e30-f17989d57484202605010107051777619228720490072.sst into:sstable2/c5fdbc4f-f2a8-410f-a306-d3a20b819917202605010107051777619239702650530.sst
2026-05-01 07:07:19:740 - Compaction completed: 
2959433:COMPACT_START sstable=1 input_files: "sstable1/c5fdbc4f-f2a8-410f-a306-d3a20b819917202605010107051777619228864718532.sst" input_files: "sstable1/21da4dfd-697f-4adb-9e30-f17989d57484202605010107051777619228924115122.sst" compactIntoNextLevel: true destinationLevel: 2
2026-05-01 07:07:19:783 - Compaction started: 
140537143117376:Compacting sstable1/c5fdbc4f-f2a8-410f-a306-d3a20b819917202605010107051777619228864718532.sst sstable1/21da4dfd-697f-4adb-9e30-f17989d57484202605010107051777619228924115122.sst into:sstable2/c5fdbc4f-f2a8-410f-a306-d3a20b819917202605010107051777619239812849691.sst
2026-05-01 07:07:19:863 - Compaction completed: 
2959433:COMPACT_START sstable=1 input_files: "sstable1/c5fdbc4f-f2a8-410f-a306-d3a20b819917202605010107051777619229067645213.sst" input_files: "sstable1/21da4dfd-697f-4adb-9e30-f17989d57484202605010107051777619229128022822.sst" compactIntoNextLevel: true destinationLevel: 2
2026-05-01 07:07:19:887 - Compaction started: 
140537143117376:Compacting sstable1/c5fdbc4f-f2a8-410f-a306-d3a20b819917202605010107051777619229067645213.sst sstable1/21da4dfd-697f-4adb-9e30-f17989d57484202605010107051777619229128022822.sst into:sstable2/c5fdbc4f-f2a8-410f-a306-d3a20b819917202605010107051777619239911634946.sst
2026-05-01 07:07:19:948 - Compaction completed: 
2959433:COMPACT_START sstable=1 input_files: "sstable1/21da4dfd-697f-4adb-9e30-f17989d57484202605010107051777619229330895352.sst" input_files: "sstable1/4fd3d2ff-2a75-4358-a9e9-a51774c66a63202605010107051777619229358673172.sst" compactIntoNextLevel: true destinationLevel: 2
2026-05-01 07:07:19:989 - Compaction started: 
140537143117376:Compacting sstable1/21da4dfd-697f-4adb-9e30-f17989d57484202605010107051777619229330895352.sst sstable1/4fd3d2ff-2a75-4358-a9e9-a51774c66a63202605010107051777619229358673172.sst into:sstable2/c5fdbc4f-f2a8-410f-a306-d3a20b819917202605010107051777619240012219284.sst
2026-05-01 07:07:20:048 - Compaction completed: 
2959433:COMPACT_START sstable=1 input_files: "sstable1/21da4dfd-697f-4adb-9e30-f17989d57484202605010107051777619229535025679.sst" input_files: "sstable1/4fd3d2ff-2a75-4358-a9e9-a51774c66a63202605010107051777619229561942446.sst" compactIntoNextLevel: true destinationLevel: 2
2026-05-01 07:07:20:092 - Compaction started: 
140537143117376:Compacting sstable1/21da4dfd-697f-4adb-9e30-f17989d57484202605010107051777619229535025679.sst sstable1/4fd3d2ff-2a75-4358-a9e9-a51774c66a63202605010107051777619229561942446.sst into:sstable2/c5fdbc4f-f2a8-410f-a306-d3a20b819917202605010107051777619240113550813.sst
2026-05-01 07:07:20:147 - Compaction completed: 
2959433:COMPACT_START sstable=1 input_files: "sstable1/4fd3d2ff-2a75-4358-a9e9-a51774c66a63202605010107051777619229767095400.sst" input_files: "sstable1/594ee30d-60ac-4b84-bf17-2c6394b23d7a202605010107051777619235941029176.sst" compactIntoNextLevel: true destinationLevel: 2
2026-05-01 07:07:20:194 - Compaction started: 
140537143117376:Compacting sstable1/4fd3d2ff-2a75-4358-a9e9-a51774c66a63202605010107051777619229767095400.sst sstable1/594ee30d-60ac-4b84-bf17-2c6394b23d7a202605010107051777619235941029176.sst into:sstable2/c5fdbc4f-f2a8-410f-a306-d3a20b819917202605010107051777619240214627113.sst
2026-05-01 07:07:20:247 - Compaction completed: 
2959433:COMPACT_START sstable=1 input_files: "sstable1/4fd3d2ff-2a75-4358-a9e9-a51774c66a63202605010107051777619229971370549.sst" input_files: "sstable1/c5fdbc4f-f2a8-410f-a306-d3a20b819917202605010107051777619229997715674.sst" compactIntoNextLevel: true destinationLevel: 2
2026-05-01 07:07:20:297 - Compaction started: 
140537143117376:Compacting sstable1/4fd3d2ff-2a75-4358-a9e9-a51774c66a63202605010107051777619229971370549.sst sstable1/c5fdbc4f-f2a8-410f-a306-d3a20b819917202605010107051777619229997715674.sst into:sstable2/c5fdbc4f-f2a8-410f-a306-d3a20b819917202605010107051777619240317734831.sst
2026-05-01 07:07:20:349 - Compaction completed: 
2959433:COMPACT_START sstable=1 input_files: "sstable1/4fd3d2ff-2a75-4358-a9e9-a51774c66a63202605010107051777619230176596750.sst" input_files: "sstable1/c5fdbc4f-f2a8-410f-a306-d3a20b819917202605010107051777619233279898569.sst" compactIntoNextLevel: true destinationLevel: 2
2026-05-01 07:07:20:401 - Compaction started: 
140537143117376:Compacting sstable1/4fd3d2ff-2a75-4358-a9e9-a51774c66a63202605010107051777619230176596750.sst sstable1/c5fdbc4f-f2a8-410f-a306-d3a20b819917202605010107051777619233279898569.sst into:sstable2/c5fdbc4f-f2a8-410f-a306-d3a20b819917202605010107051777619240422577451.sst
2026-05-01 07:07:20:457 - Compaction completed: 
2959433:COMPACT_START sstable=1 input_files: "sstable1/4fd3d2ff-2a75-4358-a9e9-a51774c66a63202605010107051777619230382168200.sst" input_files: "sstable1/c5fdbc4f-f2a8-410f-a306-d3a20b819917202605010107051777619233381737308.sst" compactIntoNextLevel: true destinationLevel: 2
2026-05-01 07:07:20:505 - Compaction started: 
140537143117376:Compacting sstable1/4fd3d2ff-2a75-4358-a9e9-a51774c66a63202605010107051777619230382168200.sst sstable1/c5fdbc4f-f2a8-410f-a306-d3a20b819917202605010107051777619233381737308.sst into:sstable2/c5fdbc4f-f2a8-410f-a306-d3a20b819917202605010107051777619240526136345.sst
2026-05-01 07:07:20:560 - Compaction completed: 
2959433:COMPACT_START sstable=1 input_files: "sstable1/21da4dfd-697f-4adb-9e30-f17989d57484202605010107051777619230562223508.sst" input_files: "sstable1/4fd3d2ff-2a75-4358-a9e9-a51774c66a63202605010107051777619230586554326.sst" compactIntoNextLevel: true destinationLevel: 2
2026-05-01 07:07:20:607 - Compaction started: 
140537143117376:Compacting sstable1/21da4dfd-697f-4adb-9e30-f17989d57484202605010107051777619230562223508.sst sstable1/4fd3d2ff-2a75-4358-a9e9-a51774c66a63202605010107051777619230586554326.sst into:sstable2/c5fdbc4f-f2a8-410f-a306-d3a20b819917202605010107051777619240626217750.sst
2026-05-01 07:07:20:656 - Compaction completed: 
2959433:COMPACT_START sstable=1 input_files: "sstable1/c5fdbc4f-f2a8-410f-a306-d3a20b819917202605010107051777619230817995439.sst" input_files: "sstable1/594ee30d-60ac-4b84-bf17-2c6394b23d7a202605010107051777619230819751050.sst" compactIntoNextLevel: true destinationLevel: 2
2959433:COMPACT_ABORT input_files: "sstable1/c5fdbc4f-f2a8-410f-a306-d3a20b819917202605010107051777619230817995439.sst" input_files: "sstable1/594ee30d-60ac-4b84-bf17-2c6394b23d7a202605010107051777619230819751050.sst" compactIntoNextLevel: true destinationLevel: 2
2959433:COMPACT_START sstable=1 input_files: "sstable1/594ee30d-60ac-4b84-bf17-2c6394b23d7a202605010107051777619231024896440.sst" input_files: "sstable1/21da4dfd-697f-4adb-9e30-f17989d57484202605010107051777619231074787883.sst" compactIntoNextLevel: true destinationLevel: 2
2026-05-01 07:07:20:812 - Compaction started: 
140537143117376:Compacting sstable1/594ee30d-60ac-4b84-bf17-2c6394b23d7a202605010107051777619231024896440.sst sstable1/21da4dfd-697f-4adb-9e30-f17989d57484202605010107051777619231074787883.sst into:sstable2/c5fdbc4f-f2a8-410f-a306-d3a20b819917202605010107051777619240833200955.sst
2026-05-01 07:07:20:866 - Compaction completed: 
2959433:COMPACT_START sstable=1 input_files: "sstable1/594ee30d-60ac-4b84-bf17-2c6394b23d7a202605010107051777619234409341278.sst" input_files: "sstable1/21da4dfd-697f-4adb-9e30-f17989d57484202605010107051777619231379293957.sst" compactIntoNextLevel: true destinationLevel: 2
2026-05-01 07:07:20:915 - Compaction started: 
140537143117376:Compacting sstable1/594ee30d-60ac-4b84-bf17-2c6394b23d7a202605010107051777619234409341278.sst sstable1/21da4dfd-697f-4adb-9e30-f17989d57484202605010107051777619231379293957.sst into:sstable2/c5fdbc4f-f2a8-410f-a306-d3a20b819917202605010107051777619240933932669.sst
2026-05-01 07:07:20:963 - Compaction completed: 
2959433:COMPACT_START sstable=1 input_files: "sstable1/c5fdbc4f-f2a8-410f-a306-d3a20b819917202605010107051777619231531366841.sst" input_files: "sstable1/594ee30d-60ac-4b84-bf17-2c6394b23d7a202605010107051777619234613429096.sst" compactIntoNextLevel: true destinationLevel: 2
2026-05-01 07:07:21:017 - Compaction started: 
140537143117376:Compacting sstable1/c5fdbc4f-f2a8-410f-a306-d3a20b819917202605010107051777619231531366841.sst sstable1/594ee30d-60ac-4b84-bf17-2c6394b23d7a202605010107051777619234613429096.sst into:sstable2/c5fdbc4f-f2a8-410f-a306-d3a20b819917202605010107051777619241038951610.sst
2026-05-01 07:07:21:070 - Compaction completed: 
2959433:COMPACT_START sstable=1 input_files: "sstable1/21da4dfd-697f-4adb-9e30-f17989d57484202605010107051777619231683612510.sst" input_files: "sstable1/4fd3d2ff-2a75-4358-a9e9-a51774c66a63202605010107051777619231709643315.sst" compactIntoNextLevel: true destinationLevel: 2
2026-05-01 07:07:21:119 - Compaction started: 
140537143117376:Compacting sstable1/21da4dfd-697f-4adb-9e30-f17989d57484202605010107051777619231683612510.sst sstable1/4fd3d2ff-2a75-4358-a9e9-a51774c66a63202605010107051777619231709643315.sst into:sstable2/c5fdbc4f-f2a8-410f-a306-d3a20b819917202605010107051777619241140365212.sst
2026-05-01 07:07:21:173 - Compaction completed: 
2959433:COMPACT_START sstable=1 input_files: "sstable1/21da4dfd-697f-4adb-9e30-f17989d57484202605010107051777619231886398948.sst" input_files: "sstable1/4fd3d2ff-2a75-4358-a9e9-a51774c66a63202605010107051777619234864561239.sst" compactIntoNextLevel: true destinationLevel: 2
2026-05-01 07:07:21:221 - Compaction started: 
140537143117376:Compacting sstable1/21da4dfd-697f-4adb-9e30-f17989d57484202605010107051777619231886398948.sst sstable1/4fd3d2ff-2a75-4358-a9e9-a51774c66a63202605010107051777619234864561239.sst into:sstable2/c5fdbc4f-f2a8-410f-a306-d3a20b819917202605010107051777619241242232916.sst
2026-05-01 07:07:21:275 - Compaction completed: 
2959433:COMPACT_START sstable=1 input_files: "sstable1/21da4dfd-697f-4adb-9e30-f17989d57484202605010107051777619232089227355.sst" input_files: "sstable1/4fd3d2ff-2a75-4358-a9e9-a51774c66a63202605010107051777619232116715292.sst" compactIntoNextLevel: true destinationLevel: 2
2026-05-01 07:07:21:323 - Compaction started: 
140537143117376:Compacting sstable1/21da4dfd-697f-4adb-9e30-f17989d57484202605010107051777619232089227355.sst sstable1/4fd3d2ff-2a75-4358-a9e9-a51774c66a63202605010107051777619232116715292.sst into:sstable2/c5fdbc4f-f2a8-410f-a306-d3a20b819917202605010107051777619241341886308.sst
2026-05-01 07:07:21:371 - Compaction completed: 
2959433:COMPACT_START sstable=1 input_files: "sstable1/4fd3d2ff-2a75-4358-a9e9-a51774c66a63202605010107051777619232218907724.sst" input_files: "sstable1/c5fdbc4f-f2a8-410f-a306-d3a20b819917202605010107051777619232242569910.sst" compactIntoNextLevel: true destinationLevel: 2
2026-05-01 07:07:21:424 - Compaction started: 
140537143117376:Compacting sstable1/4fd3d2ff-2a75-4358-a9e9-a51774c66a63202605010107051777619232218907724.sst sstable1/c5fdbc4f-f2a8-410f-a306-d3a20b819917202605010107051777619232242569910.sst into:sstable2/c5fdbc4f-f2a8-410f-a306-d3a20b819917202605010107051777619241444067580.sst
2026-05-01 07:07:21:474 - Compaction completed: 
2959433:COMPACT_START sstable=1 input_files: "sstable1/594ee30d-60ac-4b84-bf17-2c6394b23d7a202605010107051777619232470638230.sst" input_files: "sstable1/21da4dfd-697f-4adb-9e30-f17989d57484202605010107051777619232518620173.sst" compactIntoNextLevel: true destinationLevel: 2
2026-05-01 07:07:21:526 - Compaction started: 
140537143117376:Compacting sstable1/594ee30d-60ac-4b84-bf17-2c6394b23d7a202605010107051777619232470638230.sst sstable1/21da4dfd-697f-4adb-9e30-f17989d57484202605010107051777619232518620173.sst into:sstable2/c5fdbc4f-f2a8-410f-a306-d3a20b819917202605010107051777619241545361037.sst
2026-05-01 07:07:21:574 - Compaction completed: 
2959433:COMPACT_START sstable=1 input_files: "sstable1/c5fdbc4f-f2a8-410f-a306-d3a20b819917202605010107051777619232670225090.sst" input_files: "sstable1/594ee30d-60ac-4b84-bf17-2c6394b23d7a202605010107051777619235738122041.sst" compactIntoNextLevel: true destinationLevel: 2
2026-05-01 07:07:21:628 - Compaction started: 
140537143117376:Compacting sstable1/c5fdbc4f-f2a8-410f-a306-d3a20b819917202605010107051777619232670225090.sst sstable1/594ee30d-60ac-4b84-bf17-2c6394b23d7a202605010107051777619235738122041.sst into:sstable2/c5fdbc4f-f2a8-410f-a306-d3a20b819917202605010107051777619241648086398.sst
2026-05-01 07:07:21:678 - Compaction completed: 
2959433:COMPACT_START sstable=1 input_files: "sstable1/4fd3d2ff-2a75-4358-a9e9-a51774c66a63202605010107051777619232828233010.sst" input_files: "sstable1/c5fdbc4f-f2a8-410f-a306-d3a20b819917202605010107051777619235927738491.sst" compactIntoNextLevel: true destinationLevel: 2
2026-05-01 07:07:21:730 - Compaction started: 
140537143117376:Compacting sstable1/4fd3d2ff-2a75-4358-a9e9-a51774c66a63202605010107051777619232828233010.sst sstable1/c5fdbc4f-f2a8-410f-a306-d3a20b819917202605010107051777619235927738491.sst into:sstable2/c5fdbc4f-f2a8-410f-a306-d3a20b819917202605010107051777619241748414726.sst
2026-05-01 07:07:21:777 - Compaction completed: 
2959433:COMPACT_START sstable=1 input_files: "sstable1/4fd3d2ff-2a75-4358-a9e9-a51774c66a63202605010107051777619233031228541.sst" input_files: "sstable1/c5fdbc4f-f2a8-410f-a306-d3a20b819917202605010107051777619233077115346.sst" compactIntoNextLevel: true destinationLevel: 2
2026-05-01 07:07:21:831 - Compaction started: 
140537143117376:Compacting sstable1/4fd3d2ff-2a75-4358-a9e9-a51774c66a63202605010107051777619233031228541.sst sstable1/c5fdbc4f-f2a8-410f-a306-d3a20b819917202605010107051777619233077115346.sst into:sstable2/c5fdbc4f-f2a8-410f-a306-d3a20b819917202605010107051777619241850255539.sst
2026-05-01 07:07:21:879 - Compaction completed: 
2959433:COMPACT_START sstable=1 input_files: "sstable1/594ee30d-60ac-4b84-bf17-2c6394b23d7a202605010107051777619233293847015.sst" input_files: "sstable1/21da4dfd-697f-4adb-9e30-f17989d57484202605010107051777619233330669700.sst" compactIntoNextLevel: true destinationLevel: 2
2026-05-01 07:07:21:933 - Compaction started: 
140537143117376:Compacting sstable1/594ee30d-60ac-4b84-bf17-2c6394b23d7a202605010107051777619233293847015.sst sstable1/21da4dfd-697f-4adb-9e30-f17989d57484202605010107051777619233330669700.sst into:sstable2/c5fdbc4f-f2a8-410f-a306-d3a20b819917202605010107051777619241952681660.sst
2026-05-01 07:07:21:983 - Compaction completed: 
2959433:COMPACT_START sstable=1 input_files: "sstable1/21da4dfd-697f-4adb-9e30-f17989d57484202605010107051777619233431657856.sst" input_files: "sstable1/4fd3d2ff-2a75-4358-a9e9-a51774c66a63202605010107051777619233437717384.sst" compactIntoNextLevel: true destinationLevel: 2
2026-05-01 07:07:22:035 - Compaction started: 
140537143117376:Compacting sstable1/21da4dfd-697f-4adb-9e30-f17989d57484202605010107051777619233431657856.sst sstable1/4fd3d2ff-2a75-4358-a9e9-a51774c66a63202605010107051777619233437717384.sst into:sstable2/c5fdbc4f-f2a8-410f-a306-d3a20b819917202605010107051777619242054388152.sst
2026-05-01 07:07:22:084 - Compaction completed: 
2959433:COMPACT_START sstable=1 input_files: "sstable1/21da4dfd-697f-4adb-9e30-f17989d57484202605010107051777619233634873869.sst" input_files: "sstable1/4fd3d2ff-2a75-4358-a9e9-a51774c66a63202605010107051777619233640418883.sst" compactIntoNextLevel: true destinationLevel: 2
2026-05-01 07:07:22:137 - Compaction started: 
140537143117376:Compacting sstable1/21da4dfd-697f-4adb-9e30-f17989d57484202605010107051777619233634873869.sst sstable1/4fd3d2ff-2a75-4358-a9e9-a51774c66a63202605010107051777619233640418883.sst into:sstable2/c5fdbc4f-f2a8-410f-a306-d3a20b819917202605010107051777619242155961874.sst
2026-05-01 07:07:22:185 - Compaction completed: 
2959433:COMPACT_START sstable=1 input_files: "sstable1/21da4dfd-697f-4adb-9e30-f17989d57484202605010107051777619233838011726.sst" input_files: "sstable1/c5fdbc4f-f2a8-410f-a306-d3a20b819917202605010107051777619236864344574.sst" compactIntoNextLevel: true destinationLevel: 2
2026-05-01 07:07:22:239 - Compaction started: 
140537143117376:Compacting sstable1/21da4dfd-697f-4adb-9e30-f17989d57484202605010107051777619233838011726.sst sstable1/c5fdbc4f-f2a8-410f-a306-d3a20b819917202605010107051777619236864344574.sst into:sstable2/c5fdbc4f-f2a8-410f-a306-d3a20b819917202605010107051777619242257825870.sst
2026-05-01 07:07:22:286 - Compaction completed: 
2959433:COMPACT_START sstable=1 input_files: "sstable1/4fd3d2ff-2a75-4358-a9e9-a51774c66a63202605010107051777619233945466894.sst" input_files: "sstable1/c5fdbc4f-f2a8-410f-a306-d3a20b819917202605010107051777619233991542724.sst" compactIntoNextLevel: true destinationLevel: 2
2959433:COMPACT_ABORT input_files: "sstable1/4fd3d2ff-2a75-4358-a9e9-a51774c66a63202605010107051777619233945466894.sst" input_files: "sstable1/c5fdbc4f-f2a8-410f-a306-d3a20b819917202605010107051777619233991542724.sst" compactIntoNextLevel: true destinationLevel: 2
2959433:COMPACT_START sstable=1 input_files: "sstable1/594ee30d-60ac-4b84-bf17-2c6394b23d7a202605010107051777619234003408276.sst" input_files: "sstable1/21da4dfd-697f-4adb-9e30-f17989d57484202605010107051777619234040849952.sst" compactIntoNextLevel: true destinationLevel: 2
2026-05-01 07:07:22:341 - Compaction started: 
140537143117376:Compacting sstable1/594ee30d-60ac-4b84-bf17-2c6394b23d7a202605010107051777619234003408276.sst sstable1/21da4dfd-697f-4adb-9e30-f17989d57484202605010107051777619234040849952.sst into:sstable2/c5fdbc4f-f2a8-410f-a306-d3a20b819917202605010107051777619242360284451.sst
2026-05-01 07:07:22:390 - Compaction completed: 
2959433:COMPACT_START sstable=1 input_files: "sstable1/4fd3d2ff-2a75-4358-a9e9-a51774c66a63202605010107051777619234147796525.sst" input_files: "sstable1/c5fdbc4f-f2a8-410f-a306-d3a20b819917202605010107051777619234195009718.sst" compactIntoNextLevel: true destinationLevel: 2
2026-05-01 07:07:22:443 - Compaction started: 
140537143117376:Compacting sstable1/4fd3d2ff-2a75-4358-a9e9-a51774c66a63202605010107051777619234147796525.sst sstable1/c5fdbc4f-f2a8-410f-a306-d3a20b819917202605010107051777619234195009718.sst into:sstable2/c5fdbc4f-f2a8-410f-a306-d3a20b819917202605010107051777619242462941866.sst
2026-05-01 07:07:22:493 - Compaction completed: 
2959433:COMPACT_START sstable=1 input_files: "sstable1/4fd3d2ff-2a75-4358-a9e9-a51774c66a63202605010107051777619234351648151.sst" input_files: "sstable1/c5fdbc4f-f2a8-410f-a306-d3a20b819917202605010107051777619234398102400.sst" compactIntoNextLevel: true destinationLevel: 2
2959433:COMPACT_ABORT input_files: "sstable1/4fd3d2ff-2a75-4358-a9e9-a51774c66a63202605010107051777619234351648151.sst" input_files: "sstable1/c5fdbc4f-f2a8-410f-a306-d3a20b819917202605010107051777619234398102400.sst" compactIntoNextLevel: true destinationLevel: 2
2959433:COMPACT_START sstable=1 input_files: "sstable1/21da4dfd-697f-4adb-9e30-f17989d57484202605010107051777619234446601984.sst" input_files: "sstable1/c5fdbc4f-f2a8-410f-a306-d3a20b819917202605010107051777619234499450910.sst" compactIntoNextLevel: true destinationLevel: 2
2026-05-01 07:07:22:545 - Compaction started: 
140537143117376:Compacting sstable1/21da4dfd-697f-4adb-9e30-f17989d57484202605010107051777619234446601984.sst sstable1/c5fdbc4f-f2a8-410f-a306-d3a20b819917202605010107051777619234499450910.sst into:sstable2/c5fdbc4f-f2a8-410f-a306-d3a20b819917202605010107051777619242562739940.sst
2026-05-01 07:07:22:589 - Compaction completed: 
2959433:COMPACT_START sstable=1 input_files: "sstable1/4fd3d2ff-2a75-4358-a9e9-a51774c66a63202605010107051777619234658697151.sst" input_files: "sstable1/21da4dfd-697f-4adb-9e30-f17989d57484202605010107051777619234661921436.sst" compactIntoNextLevel: true destinationLevel: 2
2026-05-01 07:07:22:647 - Compaction started: 
140537143117376:Compacting sstable1/4fd3d2ff-2a75-4358-a9e9-a51774c66a63202605010107051777619234658697151.sst sstable1/21da4dfd-697f-4adb-9e30-f17989d57484202605010107051777619234661921436.sst into:sstable2/c5fdbc4f-f2a8-410f-a306-d3a20b819917202605010107051777619242665415457.sst
2026-05-01 07:07:22:693 - Compaction completed: 
2959433:COMPACT_START sstable=1 input_files: "sstable1/c5fdbc4f-f2a8-410f-a306-d3a20b819917202605010107051777619234907487836.sst" input_files: "sstable1/594ee30d-60ac-4b84-bf17-2c6394b23d7a202605010107051777619234920424707.sst" compactIntoNextLevel: true destinationLevel: 2
2026-05-01 07:07:22:749 - Compaction started: 
140537143117376:Compacting sstable1/c5fdbc4f-f2a8-410f-a306-d3a20b819917202605010107051777619234907487836.sst sstable1/594ee30d-60ac-4b84-bf17-2c6394b23d7a202605010107051777619234920424707.sst into:sstable2/c5fdbc4f-f2a8-410f-a306-d3a20b819917202605010107051777619242766636429.sst
2026-05-01 07:07:22:794 - Compaction completed: 
2959433:COMPACT_START sstable=1 input_files: "sstable1/594ee30d-60ac-4b84-bf17-2c6394b23d7a202605010107051777619235124461248.sst" input_files: "sstable1/4fd3d2ff-2a75-4358-a9e9-a51774c66a63202605010107051777619235172002726.sst" compactIntoNextLevel: true destinationLevel: 2
2026-05-01 07:07:22:850 - Compaction started: 
140537143117376:Compacting sstable1/594ee30d-60ac-4b84-bf17-2c6394b23d7a202605010107051777619235124461248.sst sstable1/4fd3d2ff-2a75-4358-a9e9-a51774c66a63202605010107051777619235172002726.sst into:sstable2/c5fdbc4f-f2a8-410f-a306-d3a20b819917202605010107051777619242867967616.sst
2026-05-01 07:07:22:895 - Compaction completed: 
2959433:COMPACT_START sstable=1 input_files: "sstable1/594ee30d-60ac-4b84-bf17-2c6394b23d7a202605010107051777619235328616743.sst" input_files: "sstable1/21da4dfd-697f-4adb-9e30-f17989d57484202605010107051777619235377199873.sst" compactIntoNextLevel: true destinationLevel: 2
2026-05-01 07:07:22:952 - Compaction started: 
140537143117376:Compacting sstable1/594ee30d-60ac-4b84-bf17-2c6394b23d7a202605010107051777619235328616743.sst sstable1/21da4dfd-697f-4adb-9e30-f17989d57484202605010107051777619235377199873.sst into:sstable2/c5fdbc4f-f2a8-410f-a306-d3a20b819917202605010107051777619242969603135.sst
2026-05-01 07:07:22:997 - Compaction completed: 
2959433:COMPACT_START sstable=1 input_files: "sstable1/594ee30d-60ac-4b84-bf17-2c6394b23d7a202605010107051777619238582040969.sst" input_files: "sstable1/c5fdbc4f-f2a8-410f-a306-d3a20b819917202605010107051777619235520483633.sst" compactIntoNextLevel: true destinationLevel: 2
2026-05-01 07:07:23:059 - Compaction started: 
140537143117376:Compacting sstable1/594ee30d-60ac-4b84-bf17-2c6394b23d7a202605010107051777619238582040969.sst sstable1/c5fdbc4f-f2a8-410f-a306-d3a20b819917202605010107051777619235520483633.sst into:sstable2/c5fdbc4f-f2a8-410f-a306-d3a20b819917202605010107051777619243077678585.sst
2026-05-01 07:07:23:106 - Compaction completed: 
2959433:COMPACT_START sstable=1 input_files: "sstable1/4fd3d2ff-2a75-4358-a9e9-a51774c66a63202605010107051777619235786439213.sst" input_files: "sstable1/c5fdbc4f-f2a8-410f-a306-d3a20b819917202605010107051777619235826433703.sst" compactIntoNextLevel: true destinationLevel: 2
2026-05-01 07:07:23:160 - Compaction started: 
140537143117376:Compacting sstable1/4fd3d2ff-2a75-4358-a9e9-a51774c66a63202605010107051777619235786439213.sst sstable1/c5fdbc4f-f2a8-410f-a306-d3a20b819917202605010107051777619235826433703.sst into:sstable2/c5fdbc4f-f2a8-410f-a306-d3a20b819917202605010107051777619243178317375.sst
2026-05-01 07:07:23:206 - Compaction completed: 
2959433:COMPACT_START sstable=1 input_files: "sstable1/4fd3d2ff-2a75-4358-a9e9-a51774c66a63202605010107051777619235887123608.sst" input_files: "sstable1/21da4dfd-697f-4adb-9e30-f17989d57484202605010107051777619235988527061.sst" compactIntoNextLevel: true destinationLevel: 2
2959433:COMPACT_ABORT input_files: "sstable1/4fd3d2ff-2a75-4358-a9e9-a51774c66a63202605010107051777619235887123608.sst" input_files: "sstable1/21da4dfd-697f-4adb-9e30-f17989d57484202605010107051777619235988527061.sst" compactIntoNextLevel: true destinationLevel: 2
2959433:COMPACT_START sstable=1 input_files: "sstable1/4fd3d2ff-2a75-4358-a9e9-a51774c66a63202605010107051777619235988475284.sst" input_files: "sstable1/594ee30d-60ac-4b84-bf17-2c6394b23d7a202605010107051777619239116843069.sst" compactIntoNextLevel: true destinationLevel: 2
2026-05-01 07:07:23:273 - Compaction started: 
140537143117376:Compacting sstable1/4fd3d2ff-2a75-4358-a9e9-a51774c66a63202605010107051777619235988475284.sst sstable1/594ee30d-60ac-4b84-bf17-2c6394b23d7a202605010107051777619239116843069.sst into:sstable2/c5fdbc4f-f2a8-410f-a306-d3a20b819917202605010107051777619243289936818.sst
2026-05-01 07:07:23:316 - Compaction completed: 
2959433:COMPACT_START sstable=1 input_files: "sstable1/21da4dfd-697f-4adb-9e30-f17989d57484202605010107051777619239236150834.sst" input_files: "sstable1/4fd3d2ff-2a75-4358-a9e9-a51774c66a63202605010107051777619239278807245.sst" compactIntoNextLevel: true destinationLevel: 2
2026-05-01 07:07:23:384 - Compaction started: 
140537143117376:Compacting sstable1/21da4dfd-697f-4adb-9e30-f17989d57484202605010107051777619239236150834.sst sstable1/4fd3d2ff-2a75-4358-a9e9-a51774c66a63202605010107051777619239278807245.sst into:sstable2/c5fdbc4f-f2a8-410f-a306-d3a20b819917202605010107051777619243401036548.sst
2026-05-01 07:07:23:427 - Compaction completed: 
2959433:COMPACT_START sstable=1 input_files: "sstable1/21da4dfd-697f-4adb-9e30-f17989d57484202605010107051777619236293353757.sst" input_files: "sstable1/594ee30d-60ac-4b84-bf17-2c6394b23d7a202605010107051777619236346569862.sst" compactIntoNextLevel: true destinationLevel: 2
2026-05-01 07:07:23:496 - Compaction started: 
140537143117376:Compacting sstable1/21da4dfd-697f-4adb-9e30-f17989d57484202605010107051777619236293353757.sst sstable1/594ee30d-60ac-4b84-bf17-2c6394b23d7a202605010107051777619236346569862.sst into:sstable2/c5fdbc4f-f2a8-410f-a306-d3a20b819917202605010107051777619243512990728.sst
2026-05-01 07:07:23:539 - Compaction completed: 
2959433:COMPACT_START sstable=1 input_files: "sstable1/c5fdbc4f-f2a8-410f-a306-d3a20b819917202605010107051777619236459007609.sst" input_files: "sstable1/4fd3d2ff-2a75-4358-a9e9-a51774c66a63202605010107051777619236495354091.sst" compactIntoNextLevel: true destinationLevel: 2
2026-05-01 07:07:23:603 - Compaction started: 
140537143117376:Compacting sstable1/c5fdbc4f-f2a8-410f-a306-d3a20b819917202605010107051777619236459007609.sst sstable1/4fd3d2ff-2a75-4358-a9e9-a51774c66a63202605010107051777619236495354091.sst into:sstable2/c5fdbc4f-f2a8-410f-a306-d3a20b819917202605010107051777619243619344962.sst
2026-05-01 07:07:23:646 - Compaction completed: 
2959433:COMPACT_START sstable=1 input_files: "sstable1/594ee30d-60ac-4b84-bf17-2c6394b23d7a202605010107051777619236651496745.sst" input_files: "sstable1/c5fdbc4f-f2a8-410f-a306-d3a20b819917202605010107051777619236661188232.sst" compactIntoNextLevel: true destinationLevel: 2
2026-05-01 07:07:23:704 - Compaction started: 
140537143117376:Compacting sstable1/594ee30d-60ac-4b84-bf17-2c6394b23d7a202605010107051777619236651496745.sst sstable1/c5fdbc4f-f2a8-410f-a306-d3a20b819917202605010107051777619236661188232.sst into:sstable2/c5fdbc4f-f2a8-410f-a306-d3a20b819917202605010107051777619243720950394.sst
2026-05-01 07:07:23:747 - Compaction completed: 
2959433:Task input_files: "sstable1/c5fdbc4f-f2a8-410f-a306-d3a20b819917202605010107051777619230817995439.sst" input_files: "sstable1/594ee30d-60ac-4b84-bf17-2c6394b23d7a202605010107051777619230819751050.sst" compactIntoNextLevel: true destinationLevel: 2 is dead (hb=30)
2959433:Found dead task input_files: "sstable1/c5fdbc4f-f2a8-410f-a306-d3a20b819917202605010107051777619230817995439.sst" input_files: "sstable1/594ee30d-60ac-4b84-bf17-2c6394b23d7a202605010107051777619230819751050.sst" compactIntoNextLevel: true destinationLevel: 2
2959433:COMPACT_START sstable=1 input_files: "sstable1/c5fdbc4f-f2a8-410f-a306-d3a20b819917202605010107051777619230817995439.sst" input_files: "sstable1/594ee30d-60ac-4b84-bf17-2c6394b23d7a202605010107051777619230819751050.sst" compactIntoNextLevel: true destinationLevel: 2
2026-05-01 07:07:23:806 - Compaction started: 
140537143117376:Compacting sstable1/c5fdbc4f-f2a8-410f-a306-d3a20b819917202605010107051777619230817995439.sst sstable1/594ee30d-60ac-4b84-bf17-2c6394b23d7a202605010107051777619230819751050.sst into:sstable2/c5fdbc4f-f2a8-410f-a306-d3a20b819917202605010107051777619243825364892.sst
2026-05-01 07:07:23:857 - Compaction completed: 
2959433:COMPACT_START sstable=1 input_files: "sstable1/4fd3d2ff-2a75-4358-a9e9-a51774c66a63202605010107051777619237104481166.sst" input_files: "sstable1/21da4dfd-697f-4adb-9e30-f17989d57484202605010107051777619237105173894.sst" compactIntoNextLevel: true destinationLevel: 2
2026-05-01 07:07:23:907 - Compaction started: 
140537143117376:Compacting sstable1/4fd3d2ff-2a75-4358-a9e9-a51774c66a63202605010107051777619237104481166.sst sstable1/21da4dfd-697f-4adb-9e30-f17989d57484202605010107051777619237105173894.sst into:sstable2/c5fdbc4f-f2a8-410f-a306-d3a20b819917202605010107051777619243925171943.sst
2026-05-01 07:07:23:952 - Compaction completed: 
2959433:COMPACT_START sstable=1 input_files: "sstable1/594ee30d-60ac-4b84-bf17-2c6394b23d7a202605010107051777619237260271198.sst" input_files: "sstable1/c5fdbc4f-f2a8-410f-a306-d3a20b819917202605010107051777619237269803837.sst" compactIntoNextLevel: true destinationLevel: 2
2026-05-01 07:07:24:009 - Compaction started: 
140537143117376:Compacting sstable1/594ee30d-60ac-4b84-bf17-2c6394b23d7a202605010107051777619237260271198.sst sstable1/c5fdbc4f-f2a8-410f-a306-d3a20b819917202605010107051777619237269803837.sst into:sstable2/c5fdbc4f-f2a8-410f-a306-d3a20b819917202605010107051777619244025470235.sst
2026-05-01 07:07:24:057 - Compaction completed: 
2959433:COMPACT_START sstable=1 input_files: "sstable1/21da4dfd-697f-4adb-9e30-f17989d57484202605010107051777619237510633278.sst" input_files: "sstable1/4fd3d2ff-2a75-4358-a9e9-a51774c66a63202605010107051777619237509978140.sst" compactIntoNextLevel: true destinationLevel: 2
2026-05-01 07:07:24:113 - Compaction started: 
140537143117376:Compacting sstable1/21da4dfd-697f-4adb-9e30-f17989d57484202605010107051777619237510633278.sst sstable1/4fd3d2ff-2a75-4358-a9e9-a51774c66a63202605010107051777619237509978140.sst into:sstable2/c5fdbc4f-f2a8-410f-a306-d3a20b819917202605010107051777619244130771735.sst
2026-05-01 07:07:24:158 - Compaction completed: 
2959433:COMPACT_START sstable=1 input_files: "sstable1/21da4dfd-697f-4adb-9e30-f17989d57484202605010107051777619237713381234.sst" input_files: "sstable1/594ee30d-60ac-4b84-bf17-2c6394b23d7a202605010107051777619237769945896.sst" compactIntoNextLevel: true destinationLevel: 2
2026-05-01 07:07:24:216 - Compaction started: 
140537143117376:Compacting sstable1/21da4dfd-697f-4adb-9e30-f17989d57484202605010107051777619237713381234.sst sstable1/594ee30d-60ac-4b84-bf17-2c6394b23d7a202605010107051777619237769945896.sst into:sstable2/c5fdbc4f-f2a8-410f-a306-d3a20b819917202605010107051777619244231974932.sst
2026-05-01 07:07:24:258 - Compaction completed: 
2959433:COMPACT_START sstable=1 input_files: "sstable1/c5fdbc4f-f2a8-410f-a306-d3a20b819917202605010107051777619237979623452.sst" input_files: "sstable1/4fd3d2ff-2a75-4358-a9e9-a51774c66a63202605010107051777619241041740257.sst" compactIntoNextLevel: true destinationLevel: 2
2026-05-01 07:07:24:318 - Compaction started: 
140537143117376:Compacting sstable1/c5fdbc4f-f2a8-410f-a306-d3a20b819917202605010107051777619237979623452.sst sstable1/4fd3d2ff-2a75-4358-a9e9-a51774c66a63202605010107051777619241041740257.sst into:sstable2/c5fdbc4f-f2a8-410f-a306-d3a20b819917202605010107051777619244334701716.sst
2026-05-01 07:07:24:362 - Compaction completed: 
2959433:COMPACT_START sstable=1 input_files: "sstable2/c5fdbc4f-f2a8-410f-a306-d3a20b819917202605010107051777619238409271719.sst" input_files: "sstable2/4fd3d2ff-2a75-4358-a9e9-a51774c66a63202605010107051777619238442219660.sst" compactIntoNextLevel: false destinationLevel: 2
2026-05-01 07:07:24:423 - Compaction started: 
140537143117376:Compacting sstable2/c5fdbc4f-f2a8-410f-a306-d3a20b819917202605010107051777619238409271719.sst sstable2/4fd3d2ff-2a75-4358-a9e9-a51774c66a63202605010107051777619238442219660.sst into:sstable2/0_c5fdbc4f-f2a8-410f-a306-d3a20b819917202605010107051777619244474113427.sst
2026-05-01 07:07:24:547 - Compaction completed: 
2959433:COMPACT_START sstable=1 input_files: "sstable2/21da4dfd-697f-4adb-9e30-f17989d57484202605010107051777619241614096874.sst" input_files: "sstable2/c5fdbc4f-f2a8-410f-a306-d3a20b819917202605010107051777619238615169278.sst" compactIntoNextLevel: false destinationLevel: 2
2026-05-01 07:07:24:629 - Compaction started: 
140537143117376:Compacting sstable2/21da4dfd-697f-4adb-9e30-f17989d57484202605010107051777619241614096874.sst sstable2/c5fdbc4f-f2a8-410f-a306-d3a20b819917202605010107051777619238615169278.sst into:sstable2/0_c5fdbc4f-f2a8-410f-a306-d3a20b819917202605010107051777619244678100155.sst
2026-05-01 07:07:24:760 - Compaction completed: 
2959433:Task input_files: "sstable1/594ee30d-60ac-4b84-bf17-2c6394b23d7a202605010107051777619232786724481.sst" input_files: "sstable1/21da4dfd-697f-4adb-9e30-f17989d57484202605010107051777619232823365055.sst" compactIntoNextLevel: true destinationLevel: 2 is dead (hb=30)
2959433:Found dead task input_files: "sstable1/594ee30d-60ac-4b84-bf17-2c6394b23d7a202605010107051777619232786724481.sst" input_files: "sstable1/21da4dfd-697f-4adb-9e30-f17989d57484202605010107051777619232823365055.sst" compactIntoNextLevel: true destinationLevel: 2
2959433:COMPACT_START sstable=1 input_files: "sstable1/594ee30d-60ac-4b84-bf17-2c6394b23d7a202605010107051777619232786724481.sst" input_files: "sstable1/21da4dfd-697f-4adb-9e30-f17989d57484202605010107051777619232823365055.sst" compactIntoNextLevel: true destinationLevel: 2
2026-05-01 07:07:24:833 - Compaction started: 
140537143117376:Compacting sstable1/594ee30d-60ac-4b84-bf17-2c6394b23d7a202605010107051777619232786724481.sst sstable1/21da4dfd-697f-4adb-9e30-f17989d57484202605010107051777619232823365055.sst into:sstable2/c5fdbc4f-f2a8-410f-a306-d3a20b819917202605010107051777619244852616691.sst
2026-05-01 07:07:24:883 - Compaction completed: 
2959433:COMPACT_START sstable=1 input_files: "sstable2/c5fdbc4f-f2a8-410f-a306-d3a20b819917202605010107051777619238935320159.sst" input_files: "sstable2/21da4dfd-697f-4adb-9e30-f17989d57484202605010107051777619238952395889.sst" compactIntoNextLevel: false destinationLevel: 2
2026-05-01 07:07:24:943 - Compaction started: 
140537143117376:Compacting sstable2/c5fdbc4f-f2a8-410f-a306-d3a20b819917202605010107051777619238935320159.sst sstable2/21da4dfd-697f-4adb-9e30-f17989d57484202605010107051777619238952395889.sst into:sstable2/0_c5fdbc4f-f2a8-410f-a306-d3a20b819917202605010107051777619244990661389.sst
2026-05-01 07:07:25:067 - Compaction completed: 
2959433:COMPACT_START sstable=1 input_files: "sstable2/594ee30d-60ac-4b84-bf17-2c6394b23d7a202605010107051777619242323336001.sst" input_files: "sstable2/c5fdbc4f-f2a8-410f-a306-d3a20b819917202605010107051777619239270089082.sst" compactIntoNextLevel: false destinationLevel: 2
2026-05-01 07:07:25:159 - Compaction started: 
140537143117376:Compacting sstable2/594ee30d-60ac-4b84-bf17-2c6394b23d7a202605010107051777619242323336001.sst sstable2/c5fdbc4f-f2a8-410f-a306-d3a20b819917202605010107051777619239270089082.sst into:sstable2/0_c5fdbc4f-f2a8-410f-a306-d3a20b819917202605010107051777619245208366543.sst
2026-05-01 07:07:25:286 - Compaction completed: 
2959433:Task input_files: "sstable1/4fd3d2ff-2a75-4358-a9e9-a51774c66a63202605010107051777619233843947283.sst" input_files: "sstable1/c5fdbc4f-f2a8-410f-a306-d3a20b819917202605010107051777619233889332809.sst" compactIntoNextLevel: true destinationLevel: 2 is dead (hb=30)
2959433:COMPACT_START sstable=1 input_files: "sstable2/594ee30d-60ac-4b84-bf17-2c6394b23d7a202605010107051777619239459849373.sst" input_files: "sstable2/4fd3d2ff-2a75-4358-a9e9-a51774c66a63202605010107051777619242592051485.sst" compactIntoNextLevel: false destinationLevel: 2
2026-05-01 07:07:25:376 - Compaction started: 
140537143117376:Compacting sstable2/594ee30d-60ac-4b84-bf17-2c6394b23d7a202605010107051777619239459849373.sst sstable2/4fd3d2ff-2a75-4358-a9e9-a51774c66a63202605010107051777619242592051485.sst into:sstable2/0_c5fdbc4f-f2a8-410f-a306-d3a20b819917202605010107051777619245421537467.sst
2026-05-01 07:07:25:494 - Compaction completed: 
2959433:COMPACT_START sstable=1 input_files: "sstable2/21da4dfd-697f-4adb-9e30-f17989d57484202605010107051777619239571331339.sst" input_files: "sstable2/c5fdbc4f-f2a8-410f-a306-d3a20b819917202605010107051777619239590878661.sst" compactIntoNextLevel: false destinationLevel: 2
2959433:COMPACT_ABORT input_files: "sstable2/21da4dfd-697f-4adb-9e30-f17989d57484202605010107051777619239571331339.sst" input_files: "sstable2/c5fdbc4f-f2a8-410f-a306-d3a20b819917202605010107051777619239590878661.sst" compactIntoNextLevel: false destinationLevel: 2
2959433:COMPACT_START sstable=1 input_files: "sstable2/21da4dfd-697f-4adb-9e30-f17989d57484202605010107051777619239675412812.sst" input_files: "sstable2/c5fdbc4f-f2a8-410f-a306-d3a20b819917202605010107051777619239702650530.sst" compactIntoNextLevel: false destinationLevel: 2
2026-05-01 07:07:25:715 - Compaction started: 
140537143117376:Compacting sstable2/21da4dfd-697f-4adb-9e30-f17989d57484202605010107051777619239675412812.sst sstable2/c5fdbc4f-f2a8-410f-a306-d3a20b819917202605010107051777619239702650530.sst into:sstable2/0_c5fdbc4f-f2a8-410f-a306-d3a20b819917202605010107051777619245760781449.sst
2026-05-01 07:07:25:830 - Compaction completed: 
2959433:COMPACT_START sstable=1 input_files: "sstable2/4fd3d2ff-2a75-4358-a9e9-a51774c66a63202605010107051777619239936956582.sst" input_files: "sstable2/594ee30d-60ac-4b84-bf17-2c6394b23d7a202605010107051777619239976039935.sst" compactIntoNextLevel: false destinationLevel: 2
2026-05-01 07:07:25:942 - Compaction started: 
140537143117376:Compacting sstable2/4fd3d2ff-2a75-4358-a9e9-a51774c66a63202605010107051777619239936956582.sst sstable2/594ee30d-60ac-4b84-bf17-2c6394b23d7a202605010107051777619239976039935.sst into:sstable2/0_c5fdbc4f-f2a8-410f-a306-d3a20b819917202605010107051777619245987658906.sst
2026-05-01 07:07:26:060 - Compaction completed: 
2959433:COMPACT_START sstable=1 input_files: "sstable2/21da4dfd-697f-4adb-9e30-f17989d57484202605010107051777619240082247945.sst" input_files: "sstable2/c5fdbc4f-f2a8-410f-a306-d3a20b819917202605010107051777619240113550813.sst" compactIntoNextLevel: false destinationLevel: 2
2026-05-01 07:07:26:168 - Compaction started: 
140537143117376:Compacting sstable2/21da4dfd-697f-4adb-9e30-f17989d57484202605010107051777619240082247945.sst sstable2/c5fdbc4f-f2a8-410f-a306-d3a20b819917202605010107051777619240113550813.sst into:sstable2/0_c5fdbc4f-f2a8-410f-a306-d3a20b819917202605010107051777619246213769977.sst
2026-05-01 07:07:26:284 - Compaction completed: 
2959433:COMPACT_START sstable=1 input_files: "sstable2/21da4dfd-697f-4adb-9e30-f17989d57484202605010107051777619240284739721.sst" input_files: "sstable2/c5fdbc4f-f2a8-410f-a306-d3a20b819917202605010107051777619240317734831.sst" compactIntoNextLevel: false destinationLevel: 2
2026-05-01 07:07:26:399 - Compaction started: 
140537143117376:Compacting sstable2/21da4dfd-697f-4adb-9e30-f17989d57484202605010107051777619240284739721.sst sstable2/c5fdbc4f-f2a8-410f-a306-d3a20b819917202605010107051777619240317734831.sst into:sstable2/0_c5fdbc4f-f2a8-410f-a306-d3a20b819917202605010107051777619246441062522.sst
2026-05-01 07:07:26:507 - Compaction completed: 
2959433:COMPACT_START sstable=1 input_files: "sstable2/4fd3d2ff-2a75-4358-a9e9-a51774c66a63202605010107051777619240342078253.sst" input_files: "sstable2/4fd3d2ff-2a75-4358-a9e9-a51774c66a63202605010107051777619243457132992.sst" compactIntoNextLevel: false destinationLevel: 2
2026-05-01 07:07:26:759 - Compaction started: 
140537143117376:Compacting sstable2/4fd3d2ff-2a75-4358-a9e9-a51774c66a63202605010107051777619240342078253.sst sstable2/4fd3d2ff-2a75-4358-a9e9-a51774c66a63202605010107051777619243457132992.sst into:sstable2/0_c5fdbc4f-f2a8-410f-a306-d3a20b819917202605010107051777619246803274939.sst
2026-05-01 07:07:26:874 - Compaction completed: 
2959433:COMPACT_START sstable=1 input_files: "sstable2/594ee30d-60ac-4b84-bf17-2c6394b23d7a202605010107051777619243703135781.sst" input_files: "sstable2/c5fdbc4f-f2a8-410f-a306-d3a20b819917202605010107051777619240626217750.sst" compactIntoNextLevel: false destinationLevel: 2
2959433:COMPACT_ABORT input_files: "sstable2/594ee30d-60ac-4b84-bf17-2c6394b23d7a202605010107051777619243703135781.sst" input_files: "sstable2/c5fdbc4f-f2a8-410f-a306-d3a20b819917202605010107051777619240626217750.sst" compactIntoNextLevel: false destinationLevel: 2
2959433:COMPACT_START sstable=1 input_files: "sstable2/21da4dfd-697f-4adb-9e30-f17989d57484202605010107051777619240691983459.sst" input_files: "sstable2/c5fdbc4f-f2a8-410f-a306-d3a20b819917202605010107051777619243825364892.sst" compactIntoNextLevel: false destinationLevel: 2
2959433:COMPACT_ABORT input_files: "sstable2/21da4dfd-697f-4adb-9e30-f17989d57484202605010107051777619240691983459.sst" input_files: "sstable2/c5fdbc4f-f2a8-410f-a306-d3a20b819917202605010107051777619243825364892.sst" compactIntoNextLevel: false destinationLevel: 2
2959433:COMPACT_START sstable=1 input_files: "sstable2/594ee30d-60ac-4b84-bf17-2c6394b23d7a202605010107051777619244010948142.sst" input_files: "sstable2/c5fdbc4f-f2a8-410f-a306-d3a20b819917202605010107051777619240933932669.sst" compactIntoNextLevel: false destinationLevel: 2
2026-05-01 07:07:27:171 - Compaction started: 
140537143117376:Compacting sstable2/594ee30d-60ac-4b84-bf17-2c6394b23d7a202605010107051777619244010948142.sst sstable2/c5fdbc4f-f2a8-410f-a306-d3a20b819917202605010107051777619240933932669.sst into:sstable2/0_c5fdbc4f-f2a8-410f-a306-d3a20b819917202605010107051777619247213980888.sst
2026-05-01 07:07:27:280 - Compaction completed: 
2959433:COMPACT_START sstable=1 input_files: "sstable2/c5fdbc4f-f2a8-410f-a306-d3a20b819917202605010107051777619241140365212.sst" input_files: "sstable2/4fd3d2ff-2a75-4358-a9e9-a51774c66a63202605010107051777619241162296694.sst" compactIntoNextLevel: false destinationLevel: 2
2026-05-01 07:07:27:415 - Compaction started: 
140537143117376:Compacting sstable2/c5fdbc4f-f2a8-410f-a306-d3a20b819917202605010107051777619241140365212.sst sstable2/4fd3d2ff-2a75-4358-a9e9-a51774c66a63202605010107051777619241162296694.sst into:sstable2/0_c5fdbc4f-f2a8-410f-a306-d3a20b819917202605010107051777619247457912874.sst
2026-05-01 07:07:27:527 - Compaction completed: 
2959433:COMPACT_START sstable=1 input_files: "sstable2/c5fdbc4f-f2a8-410f-a306-d3a20b819917202605010107051777619241242232916.sst" input_files: "sstable2/4fd3d2ff-2a75-4358-a9e9-a51774c66a63202605010107051777619244387638668.sst" compactIntoNextLevel: false destinationLevel: 2
2026-05-01 07:07:27:661 - Compaction started: 
140537143117376:Compacting sstable2/c5fdbc4f-f2a8-410f-a306-d3a20b819917202605010107051777619241242232916.sst sstable2/4fd3d2ff-2a75-4358-a9e9-a51774c66a63202605010107051777619244387638668.sst into:sstable2/0_c5fdbc4f-f2a8-410f-a306-d3a20b819917202605010107051777619247701569164.sst
2026-05-01 07:07:27:766 - Compaction completed: 
2959433:COMPACT_START sstable=1 input_files: "sstable2/c5fdbc4f-f2a8-410f-a306-d3a20b819917202605010107051777619238615169278.sst" input_files: "sstable2/21da4dfd-697f-4adb-9e30-f17989d57484202605010107051777619238647612224.sst" compactIntoNextLevel: false destinationLevel: 2
2026-05-01 07:07:27:866 - Compaction started: 
140537143117376:Compacting sstable2/c5fdbc4f-f2a8-410f-a306-d3a20b819917202605010107051777619238615169278.sst sstable2/21da4dfd-697f-4adb-9e30-f17989d57484202605010107051777619238647612224.sst into:sstable2/0_c5fdbc4f-f2a8-410f-a306-d3a20b819917202605010107051777619247917737217.sst
2026-05-01 07:07:28:003 - Compaction completed: 
2959433:Task input_files: "sstable2/4fd3d2ff-2a75-4358-a9e9-a51774c66a63202605010107051777619241975873564.sst" input_files: "sstable2/4fd3d2ff-2a75-4358-a9e9-a51774c66a63202605010107051777619238959819735.sst" compactIntoNextLevel: false destinationLevel: 2 is dead (hb=30)
2959433:Found dead task input_files: "sstable2/4fd3d2ff-2a75-4358-a9e9-a51774c66a63202605010107051777619241975873564.sst" input_files: "sstable2/4fd3d2ff-2a75-4358-a9e9-a51774c66a63202605010107051777619238959819735.sst" compactIntoNextLevel: false destinationLevel: 2
2959433:COMPACT_START sstable=1 input_files: "sstable2/4fd3d2ff-2a75-4358-a9e9-a51774c66a63202605010107051777619241975873564.sst" input_files: "sstable2/4fd3d2ff-2a75-4358-a9e9-a51774c66a63202605010107051777619238959819735.sst" compactIntoNextLevel: false destinationLevel: 2
2026-05-01 07:07:28:094 - Compaction started: 
140537143117376:Compacting sstable2/4fd3d2ff-2a75-4358-a9e9-a51774c66a63202605010107051777619241975873564.sst sstable2/4fd3d2ff-2a75-4358-a9e9-a51774c66a63202605010107051777619238959819735.sst into:sstable2/c5fdbc4f-f2a8-410f-a306-d3a20b819917202605010107051777619248142480794.sst
2026-05-01 07:07:28:217 - Compaction completed: 
2959433:Task input_files: "sstable1/21da4dfd-697f-4adb-9e30-f17989d57484202605010107051777619233736427965.sst" input_files: "sstable1/4fd3d2ff-2a75-4358-a9e9-a51774c66a63202605010107051777619233741777693.sst" compactIntoNextLevel: true destinationLevel: 2 is dead (hb=30)
2959433:Task input_files: "sstable2/c5fdbc4f-f2a8-410f-a306-d3a20b819917202605010107051777619239167894075.sst" input_files: "sstable2/4fd3d2ff-2a75-4358-a9e9-a51774c66a63202605010107051777619239192619093.sst" compactIntoNextLevel: false destinationLevel: 2 is dead (hb=30)
2959433:Found dead task input_files: "sstable2/c5fdbc4f-f2a8-410f-a306-d3a20b819917202605010107051777619239167894075.sst" input_files: "sstable2/4fd3d2ff-2a75-4358-a9e9-a51774c66a63202605010107051777619239192619093.sst" compactIntoNextLevel: false destinationLevel: 2
2959433:COMPACT_START sstable=1 input_files: "sstable2/c5fdbc4f-f2a8-410f-a306-d3a20b819917202605010107051777619239167894075.sst" input_files: "sstable2/4fd3d2ff-2a75-4358-a9e9-a51774c66a63202605010107051777619239192619093.sst" compactIntoNextLevel: false destinationLevel: 2
2026-05-01 07:07:28:296 - Compaction started: 
140537143117376:Compacting sstable2/c5fdbc4f-f2a8-410f-a306-d3a20b819917202605010107051777619239167894075.sst sstable2/4fd3d2ff-2a75-4358-a9e9-a51774c66a63202605010107051777619239192619093.sst into:sstable2/c5fdbc4f-f2a8-410f-a306-d3a20b819917202605010107051777619248344570176.sst
2026-05-01 07:07:28:434 - Compaction completed: 
2959433:COMPACT_START sstable=1 input_files: "sstable2/1_4fd3d2ff-2a75-4358-a9e9-a51774c66a63202605010107051777619244674767909.sst" input_files: "sstable2/1_594ee30d-60ac-4b84-bf17-2c6394b23d7a202605010107051777619248199478407.sst" compactIntoNextLevel: false destinationLevel: 2
2026-05-01 07:07:28:500 - Compaction started: 
140537143117376:Compacting sstable2/1_4fd3d2ff-2a75-4358-a9e9-a51774c66a63202605010107051777619244674767909.sst sstable2/1_594ee30d-60ac-4b84-bf17-2c6394b23d7a202605010107051777619248199478407.sst into:sstable2/2_c5fdbc4f-f2a8-410f-a306-d3a20b819917202605010107051777619248752968869.sst
2026-05-01 07:07:29:099 - Compaction completed: 
2959433:COMPACT_START sstable=1 input_files: "sstable2/c5fdbc4f-f2a8-410f-a306-d3a20b819917202605010107051777619239270089082.sst" input_files: "sstable2/594ee30d-60ac-4b84-bf17-2c6394b23d7a202605010107051777619239360262064.sst" compactIntoNextLevel: false destinationLevel: 2
2026-05-01 07:07:29:117 - Compaction started: 
140537143117376:Compacting sstable2/c5fdbc4f-f2a8-410f-a306-d3a20b819917202605010107051777619239270089082.sst sstable2/594ee30d-60ac-4b84-bf17-2c6394b23d7a202605010107051777619239360262064.sst into:sstable2/0_c5fdbc4f-f2a8-410f-a306-d3a20b819917202605010107051777619249170961697.sst
2026-05-01 07:07:29:252 - Compaction completed: 
2959433:COMPACT_START sstable=1 input_files: "sstable2/c5fdbc4f-f2a8-410f-a306-d3a20b819917202605010107051777619239590878661.sst" input_files: "sstable2/4fd3d2ff-2a75-4358-a9e9-a51774c66a63202605010107051777619239625557707.sst" compactIntoNextLevel: false destinationLevel: 2
2026-05-01 07:07:29:335 - Compaction started: 
140537143117376:Compacting sstable2/c5fdbc4f-f2a8-410f-a306-d3a20b819917202605010107051777619239590878661.sst sstable2/4fd3d2ff-2a75-4358-a9e9-a51774c66a63202605010107051777619239625557707.sst into:sstable2/0_c5fdbc4f-f2a8-410f-a306-d3a20b819917202605010107051777619249385093032.sst
2026-05-01 07:07:29:463 - Compaction completed: 
2959433:COMPACT_START sstable=1 input_files: "sstable2/594ee30d-60ac-4b84-bf17-2c6394b23d7a202605010107051777619239772725647.sst" input_files: "sstable2/21da4dfd-697f-4adb-9e30-f17989d57484202605010107051777619239775680757.sst" compactIntoNextLevel: false destinationLevel: 2
2026-05-01 07:07:29:557 - Compaction started: 
140537143117376:Compacting sstable2/594ee30d-60ac-4b84-bf17-2c6394b23d7a202605010107051777619239772725647.sst sstable2/21da4dfd-697f-4adb-9e30-f17989d57484202605010107051777619239775680757.sst into:sstable2/0_c5fdbc4f-f2a8-410f-a306-d3a20b819917202605010107051777619249607507273.sst
2026-05-01 07:07:29:687 - Compaction completed: 
2959433:COMPACT_START sstable=1 input_files: "sstable2/594ee30d-60ac-4b84-bf17-2c6394b23d7a202605010107051777619239976039935.sst" input_files: "sstable2/21da4dfd-697f-4adb-9e30-f17989d57484202605010107051777619239980500316.sst" compactIntoNextLevel: false destinationLevel: 2
2026-05-01 07:07:29:785 - Compaction started: 
140537143117376:Compacting sstable2/594ee30d-60ac-4b84-bf17-2c6394b23d7a202605010107051777619239976039935.sst sstable2/21da4dfd-697f-4adb-9e30-f17989d57484202605010107051777619239980500316.sst into:sstable2/0_c5fdbc4f-f2a8-410f-a306-d3a20b819917202605010107051777619249831927384.sst
2026-05-01 07:07:29:907 - Compaction completed: 
2959433:Task input_files: "sstable2/594ee30d-60ac-4b84-bf17-2c6394b23d7a202605010107051777619243703135781.sst" input_files: "sstable2/c5fdbc4f-f2a8-410f-a306-d3a20b819917202605010107051777619240626217750.sst" compactIntoNextLevel: false destinationLevel: 2 is dead (hb=30)
2959433:Found dead task input_files: "sstable2/594ee30d-60ac-4b84-bf17-2c6394b23d7a202605010107051777619243703135781.sst" input_files: "sstable2/c5fdbc4f-f2a8-410f-a306-d3a20b819917202605010107051777619240626217750.sst" compactIntoNextLevel: false destinationLevel: 2
2959433:COMPACT_START sstable=1 input_files: "sstable2/594ee30d-60ac-4b84-bf17-2c6394b23d7a202605010107051777619243703135781.sst" input_files: "sstable2/c5fdbc4f-f2a8-410f-a306-d3a20b819917202605010107051777619240626217750.sst" compactIntoNextLevel: false destinationLevel: 2
2026-05-01 07:07:29:989 - Compaction started: 
140537143117376:Compacting sstable2/594ee30d-60ac-4b84-bf17-2c6394b23d7a202605010107051777619243703135781.sst sstable2/c5fdbc4f-f2a8-410f-a306-d3a20b819917202605010107051777619240626217750.sst into:sstable2/c5fdbc4f-f2a8-410f-a306-d3a20b819917202605010107051777619250030615991.sst
2026-05-01 07:07:30:098 - Compaction completed: 
2959433:Task input_files: "sstable2/21da4dfd-697f-4adb-9e30-f17989d57484202605010107051777619240691983459.sst" input_files: "sstable2/c5fdbc4f-f2a8-410f-a306-d3a20b819917202605010107051777619243825364892.sst" compactIntoNextLevel: false destinationLevel: 2 is dead (hb=31)
2959433:Task input_files: "sstable2/4fd3d2ff-2a75-4358-a9e9-a51774c66a63202605010107051777619240648517972.sst" input_files: "sstable2/594ee30d-60ac-4b84-bf17-2c6394b23d7a202605010107051777619240691856371.sst" compactIntoNextLevel: false destinationLevel: 2 is dead (hb=31)
2959433:Found dead task input_files: "sstable2/4fd3d2ff-2a75-4358-a9e9-a51774c66a63202605010107051777619240648517972.sst" input_files: "sstable2/594ee30d-60ac-4b84-bf17-2c6394b23d7a202605010107051777619240691856371.sst" compactIntoNextLevel: false destinationLevel: 2
2959433:COMPACT_START sstable=1 input_files: "sstable2/4fd3d2ff-2a75-4358-a9e9-a51774c66a63202605010107051777619240648517972.sst" input_files: "sstable2/594ee30d-60ac-4b84-bf17-2c6394b23d7a202605010107051777619240691856371.sst" compactIntoNextLevel: false destinationLevel: 2
2026-05-01 07:07:30:193 - Compaction started: 
140537143117376:Compacting sstable2/4fd3d2ff-2a75-4358-a9e9-a51774c66a63202605010107051777619240648517972.sst sstable2/594ee30d-60ac-4b84-bf17-2c6394b23d7a202605010107051777619240691856371.sst into:sstable2/c5fdbc4f-f2a8-410f-a306-d3a20b819917202605010107051777619250236548777.sst
2026-05-01 07:07:30:305 - Compaction completed: 
2959433:COMPACT_START sstable=1 input_files: "sstable2/594ee30d-60ac-4b84-bf17-2c6394b23d7a202605010107051777619240284171786.sst" input_files: "sstable2/21da4dfd-697f-4adb-9e30-f17989d57484202605010107051777619240284739721.sst" compactIntoNextLevel: false destinationLevel: 2
2026-05-01 07:07:30:425 - Compaction started: 
140537143117376:Compacting sstable2/594ee30d-60ac-4b84-bf17-2c6394b23d7a202605010107051777619240284171786.sst sstable2/21da4dfd-697f-4adb-9e30-f17989d57484202605010107051777619240284739721.sst into:sstable2/0_c5fdbc4f-f2a8-410f-a306-d3a20b819917202605010107051777619250469895682.sst
2026-05-01 07:07:30:540 - Compaction completed: 
2959433:COMPACT_START sstable=1 input_files: "sstable2/c5fdbc4f-f2a8-410f-a306-d3a20b819917202605010107051777619240526136345.sst" input_files: "sstable2/4fd3d2ff-2a75-4358-a9e9-a51774c66a63202605010107051777619240547474694.sst" compactIntoNextLevel: false destinationLevel: 2
2026-05-01 07:07:30:662 - Compaction started: 
140537143117376:Compacting sstable2/c5fdbc4f-f2a8-410f-a306-d3a20b819917202605010107051777619240526136345.sst sstable2/4fd3d2ff-2a75-4358-a9e9-a51774c66a63202605010107051777619240547474694.sst into:sstable2/0_c5fdbc4f-f2a8-410f-a306-d3a20b819917202605010107051777619250706946209.sst
2026-05-01 07:07:30:779 - Compaction completed: 
2959433:COMPACT_START sstable=1 input_files: "sstable2/21da4dfd-697f-4adb-9e30-f17989d57484202605010107051777619240794833244.sst" input_files: "sstable2/594ee30d-60ac-4b84-bf17-2c6394b23d7a202605010107051777619240795030854.sst" compactIntoNextLevel: false destinationLevel: 2
2026-05-01 07:07:30:904 - Compaction started: 
140537143117376:Compacting sstable2/21da4dfd-697f-4adb-9e30-f17989d57484202605010107051777619240794833244.sst sstable2/594ee30d-60ac-4b84-bf17-2c6394b23d7a202605010107051777619240795030854.sst into:sstable2/0_c5fdbc4f-f2a8-410f-a306-d3a20b819917202605010107051777619250949234093.sst
2026-05-01 07:07:31:020 - Compaction completed: 
2959433:COMPACT_START sstable=1 input_files: "sstable2/21da4dfd-697f-4adb-9e30-f17989d57484202605010107051777619240999851776.sst" input_files: "sstable2/594ee30d-60ac-4b84-bf17-2c6394b23d7a202605010107051777619241000721486.sst" compactIntoNextLevel: false destinationLevel: 2
2026-05-01 07:07:31:151 - Compaction started: 
140537143117376:Compacting sstable2/21da4dfd-697f-4adb-9e30-f17989d57484202605010107051777619240999851776.sst sstable2/594ee30d-60ac-4b84-bf17-2c6394b23d7a202605010107051777619241000721486.sst into:sstable2/0_c5fdbc4f-f2a8-410f-a306-d3a20b819917202605010107051777619251194186453.sst
2026-05-01 07:07:31:262 - Compaction completed: 
2959433:COMPACT_START sstable=1 input_files: "sstable2/4fd3d2ff-2a75-4358-a9e9-a51774c66a63202605010107051777619241162296694.sst" input_files: "sstable2/21da4dfd-697f-4adb-9e30-f17989d57484202605010107051777619241203852000.sst" compactIntoNextLevel: false destinationLevel: 2
2026-05-01 07:07:31:400 - Compaction started: 
140537143117376:Compacting sstable2/4fd3d2ff-2a75-4358-a9e9-a51774c66a63202605010107051777619241162296694.sst sstable2/21da4dfd-697f-4adb-9e30-f17989d57484202605010107051777619241203852000.sst into:sstable2/0_c5fdbc4f-f2a8-410f-a306-d3a20b819917202605010107051777619251443669154.sst
2026-05-01 07:07:31:512 - Compaction completed: 
2959433:COMPACT_START sstable=1 input_files: "sstable2/594ee30d-60ac-4b84-bf17-2c6394b23d7a202605010107051777619244627909111.sst" input_files: "sstable2/c5fdbc4f-f2a8-410f-a306-d3a20b819917202605010107051777619241545361037.sst" compactIntoNextLevel: false destinationLevel: 2
2026-05-01 07:07:31:655 - Compaction started: 
140537143117376:Compacting sstable2/594ee30d-60ac-4b84-bf17-2c6394b23d7a202605010107051777619244627909111.sst sstable2/c5fdbc4f-f2a8-410f-a306-d3a20b819917202605010107051777619241545361037.sst into:sstable2/0_c5fdbc4f-f2a8-410f-a306-d3a20b819917202605010107051777619251695200917.sst
2026-05-01 07:07:31:757 - Compaction completed: 
2959433:COMPACT_START sstable=1 input_files: "sstable2/4fd3d2ff-2a75-4358-a9e9-a51774c66a63202605010107051777619241565128912.sst" input_files: "sstable2/594ee30d-60ac-4b84-bf17-2c6394b23d7a202605010107051777619241608531372.sst" compactIntoNextLevel: false destinationLevel: 2
2026-05-01 07:07:31:813 - Compaction started: 
140537143117376:Compacting sstable2/4fd3d2ff-2a75-4358-a9e9-a51774c66a63202605010107051777619241565128912.sst sstable2/594ee30d-60ac-4b84-bf17-2c6394b23d7a202605010107051777619241608531372.sst into:sstable2/0_c5fdbc4f-f2a8-410f-a306-d3a20b819917202605010107051777619251854170279.sst
2026-05-01 07:07:31:917 - Compaction completed: 
2959433:COMPACT_START sstable=1 input_files: "sstable2/594ee30d-60ac-4b84-bf17-2c6394b23d7a202605010107051777619241204503341.sst" input_files: "sstable2/c5fdbc4f-f2a8-410f-a306-d3a20b819917202605010107051777619241242232916.sst" compactIntoNextLevel: false destinationLevel: 2
2959433:COMPACT_ABORT input_files: "sstable2/594ee30d-60ac-4b84-bf17-2c6394b23d7a202605010107051777619241204503341.sst" input_files: "sstable2/c5fdbc4f-f2a8-410f-a306-d3a20b819917202605010107051777619241242232916.sst" compactIntoNextLevel: false destinationLevel: 2
2959433:COMPACT_START sstable=1 input_files: "sstable2/4fd3d2ff-2a75-4358-a9e9-a51774c66a63202605010107051777619244387638668.sst" input_files: "sstable2/21da4dfd-697f-4adb-9e30-f17989d57484202605010107051777619241303484984.sst" compactIntoNextLevel: false destinationLevel: 2
2026-05-01 07:07:32:108 - Compaction started: 
140537143117376:Compacting sstable2/4fd3d2ff-2a75-4358-a9e9-a51774c66a63202605010107051777619244387638668.sst sstable2/21da4dfd-697f-4adb-9e30-f17989d57484202605010107051777619241303484984.sst into:sstable2/0_c5fdbc4f-f2a8-410f-a306-d3a20b819917202605010107051777619252148304481.sst
2026-05-01 07:07:32:213 - Compaction completed: 
2959433:COMPACT_START sstable=1 input_files: "sstable2/0_4fd3d2ff-2a75-4358-a9e9-a51774c66a63202605010107051777619251982065412.sst" input_files: "sstable2/0_594ee30d-60ac-4b84-bf17-2c6394b23d7a202605010107051777619248790131361.sst" compactIntoNextLevel: false destinationLevel: 2
2026-05-01 07:07:32:397 - Compaction started: 
140537143117376:Compacting sstable2/0_4fd3d2ff-2a75-4358-a9e9-a51774c66a63202605010107051777619251982065412.sst sstable2/0_594ee30d-60ac-4b84-bf17-2c6394b23d7a202605010107051777619248790131361.sst into:sstable2/1_c5fdbc4f-f2a8-410f-a306-d3a20b819917202605010107051777619252531324451.sst
2026-05-01 07:07:32:732 - Compaction completed: 
2959433:COMPACT_START sstable=1 input_files: "sstable2/594ee30d-60ac-4b84-bf17-2c6394b23d7a202605010107051777619241303870778.sst" input_files: "sstable2/c5fdbc4f-f2a8-410f-a306-d3a20b819917202605010107051777619241341886308.sst" compactIntoNextLevel: false destinationLevel: 2
2959433:COMPACT_ABORT input_files: "sstable2/594ee30d-60ac-4b84-bf17-2c6394b23d7a202605010107051777619241303870778.sst" input_files: "sstable2/c5fdbc4f-f2a8-410f-a306-d3a20b819917202605010107051777619241341886308.sst" compactIntoNextLevel: false destinationLevel: 2
2959433:COMPACT_START sstable=1 input_files: "sstable2/1_594ee30d-60ac-4b84-bf17-2c6394b23d7a202605010107051777619251957751404.sst" input_files: "sstable2/1_c5fdbc4f-f2a8-410f-a306-d3a20b819917202605010107051777619252531324451.sst" compactIntoNextLevel: false destinationLevel: 2
2026-05-01 07:07:33:127 - Compaction started: 
140537143117376:Compacting sstable2/1_594ee30d-60ac-4b84-bf17-2c6394b23d7a202605010107051777619251957751404.sst sstable2/1_c5fdbc4f-f2a8-410f-a306-d3a20b819917202605010107051777619252531324451.sst into:sstable2/2_c5fdbc4f-f2a8-410f-a306-d3a20b819917202605010107051777619253360005685.sst
2026-05-01 07:07:33:731 - Compaction completed: 
2959433:Task input_files: "sstable2/594ee30d-60ac-4b84-bf17-2c6394b23d7a202605010107051777619240590348552.sst" input_files: "sstable2/594ee30d-60ac-4b84-bf17-2c6394b23d7a202605010107051777619243703135781.sst" compactIntoNextLevel: false destinationLevel: 2 is dead (hb=36)
2959433:Found dead task input_files: "sstable2/594ee30d-60ac-4b84-bf17-2c6394b23d7a202605010107051777619240590348552.sst" input_files: "sstable2/594ee30d-60ac-4b84-bf17-2c6394b23d7a202605010107051777619243703135781.sst" compactIntoNextLevel: false destinationLevel: 2
2959433:COMPACT_START sstable=1 input_files: "sstable2/594ee30d-60ac-4b84-bf17-2c6394b23d7a202605010107051777619240590348552.sst" input_files: "sstable2/594ee30d-60ac-4b84-bf17-2c6394b23d7a202605010107051777619243703135781.sst" compactIntoNextLevel: false destinationLevel: 2
2026-05-01 07:07:34:415 - Compaction started: 
140537143117376:Compacting sstable2/594ee30d-60ac-4b84-bf17-2c6394b23d7a202605010107051777619240590348552.sst sstable2/594ee30d-60ac-4b84-bf17-2c6394b23d7a202605010107051777619243703135781.sst into:sstable2/c5fdbc4f-f2a8-410f-a306-d3a20b819917202605010107051777619254463136461.sst
2026-05-01 07:07:34:534 - Compaction completed: 
2959433:COMPACT_START sstable=1 input_files: "sstable2/0_594ee30d-60ac-4b84-bf17-2c6394b23d7a202605010107051777619249589500118.sst" input_files: "sstable2/0_c5fdbc4f-f2a8-410f-a306-d3a20b819917202605010107051777619249607507273.sst" compactIntoNextLevel: false destinationLevel: 2
2026-05-01 07:07:34:677 - Compaction started: 
140537143117376:Compacting sstable2/0_594ee30d-60ac-4b84-bf17-2c6394b23d7a202605010107051777619249589500118.sst sstable2/0_c5fdbc4f-f2a8-410f-a306-d3a20b819917202605010107051777619249607507273.sst into:sstable2/1_c5fdbc4f-f2a8-410f-a306-d3a20b819917202605010107051777619254783056099.sst
2026-05-01 07:07:34:941 - Compaction completed: 
2959433:Task input_files: "sstable2/594ee30d-60ac-4b84-bf17-2c6394b23d7a202605010107051777619241204503341.sst" input_files: "sstable2/c5fdbc4f-f2a8-410f-a306-d3a20b819917202605010107051777619241242232916.sst" compactIntoNextLevel: false destinationLevel: 2 is dead (hb=30)
2959433:Found dead task input_files: "sstable2/594ee30d-60ac-4b84-bf17-2c6394b23d7a202605010107051777619241204503341.sst" input_files: "sstable2/c5fdbc4f-f2a8-410f-a306-d3a20b819917202605010107051777619241242232916.sst" compactIntoNextLevel: false destinationLevel: 2
2959433:COMPACT_START sstable=1 input_files: "sstable2/594ee30d-60ac-4b84-bf17-2c6394b23d7a202605010107051777619241204503341.sst" input_files: "sstable2/c5fdbc4f-f2a8-410f-a306-d3a20b819917202605010107051777619241242232916.sst" compactIntoNextLevel: false destinationLevel: 2
2026-05-01 07:07:35:040 - Compaction started: 
140537143117376:Compacting sstable2/594ee30d-60ac-4b84-bf17-2c6394b23d7a202605010107051777619241204503341.sst sstable2/c5fdbc4f-f2a8-410f-a306-d3a20b819917202605010107051777619241242232916.sst into:sstable2/c5fdbc4f-f2a8-410f-a306-d3a20b819917202605010107051777619255089333894.sst
2026-05-01 07:07:35:163 - Compaction completed: 
2959433:COMPACT_START sstable=1 input_files: "sstable2/21da4dfd-697f-4adb-9e30-f17989d57484202605010107051777619253781935433.sst" input_files: "sstable2/c5fdbc4f-f2a8-410f-a306-d3a20b819917202605010107051777619240422577451.sst" compactIntoNextLevel: false destinationLevel: 2
2026-05-01 07:07:35:446 - Compaction started: 
140537143117376:Compacting sstable2/21da4dfd-697f-4adb-9e30-f17989d57484202605010107051777619253781935433.sst sstable2/c5fdbc4f-f2a8-410f-a306-d3a20b819917202605010107051777619240422577451.sst into:sstable2/0_c5fdbc4f-f2a8-410f-a306-d3a20b819917202605010107051777619255515311500.sst
2026-05-01 07:07:35:629 - Compaction completed: 
2026-05-01 07:07:35:928 30 sec: 101691 operations; 3389.7 current ops/sec; est completion in 3 days 9 hours [READ: Count=101691, Max=1970175, Min=31, Avg=289.66, 90=354, 99=426, 99.9=2961, 99.99=99007] 
2959433:COMPACT_START sstable=1 input_files: "sstable2/0_594ee30d-60ac-4b84-bf17-2c6394b23d7a202605010107051777619250486138209.sst" input_files: "sstable2/0_c5fdbc4f-f2a8-410f-a306-d3a20b819917202605010107051777619255515311500.sst" compactIntoNextLevel: false destinationLevel: 2
2026-05-01 07:07:36:104 - Compaction started: 
140537143117376:Compacting sstable2/0_594ee30d-60ac-4b84-bf17-2c6394b23d7a202605010107051777619250486138209.sst sstable2/0_c5fdbc4f-f2a8-410f-a306-d3a20b819917202605010107051777619255515311500.sst into:sstable2/1_c5fdbc4f-f2a8-410f-a306-d3a20b819917202605010107051777619256219101522.sst
2026-05-01 07:07:36:402 - Compaction completed: 
2959433:COMPACT_START sstable=1 input_files: "sstable2/c5fdbc4f-f2a8-410f-a306-d3a20b819917202605010107051777619241952681660.sst" input_files: "sstable2/594ee30d-60ac-4b84-bf17-2c6394b23d7a202605010107051777619242013477834.sst" compactIntoNextLevel: false destinationLevel: 2
2026-05-01 07:07:36:771 - Compaction started: 
140537143117376:Compacting sstable2/c5fdbc4f-f2a8-410f-a306-d3a20b819917202605010107051777619241952681660.sst sstable2/594ee30d-60ac-4b84-bf17-2c6394b23d7a202605010107051777619242013477834.sst into:sstable2/0_c5fdbc4f-f2a8-410f-a306-d3a20b819917202605010107051777619256814277003.sst
2026-05-01 07:07:36:885 - Compaction completed: 
2959433:COMPACT_START sstable=1 input_files: "sstable2/21da4dfd-697f-4adb-9e30-f17989d57484202605010107051777619248489948471.sst" input_files: "sstable2/21da4dfd-697f-4adb-9e30-f17989d57484202605010107051777619242217846689.sst" compactIntoNextLevel: false destinationLevel: 2
2026-05-01 07:07:37:011 - Compaction started: 
140537143117376:Compacting sstable2/21da4dfd-697f-4adb-9e30-f17989d57484202605010107051777619248489948471.sst sstable2/21da4dfd-697f-4adb-9e30-f17989d57484202605010107051777619242217846689.sst into:sstable2/0_c5fdbc4f-f2a8-410f-a306-d3a20b819917202605010107051777619257054392015.sst
2026-05-01 07:07:37:121 - Compaction completed: 
2959433:COMPACT_START sstable=1 input_files: "sstable2/594ee30d-60ac-4b84-bf17-2c6394b23d7a202605010107051777619242428752436.sst" input_files: "sstable2/21da4dfd-697f-4adb-9e30-f17989d57484202605010107051777619245467180136.sst" compactIntoNextLevel: false destinationLevel: 2
2026-05-01 07:07:37:256 - Compaction started: 
140537143117376:Compacting sstable2/594ee30d-60ac-4b84-bf17-2c6394b23d7a202605010107051777619242428752436.sst sstable2/21da4dfd-697f-4adb-9e30-f17989d57484202605010107051777619245467180136.sst into:sstable2/0_c5fdbc4f-f2a8-410f-a306-d3a20b819917202605010107051777619257299828762.sst
2026-05-01 07:07:37:370 - Compaction completed: 
2959433:COMPACT_START sstable=1 input_files: "sstable2/594ee30d-60ac-4b84-bf17-2c6394b23d7a202605010107051777619242630778740.sst" input_files: "sstable2/21da4dfd-697f-4adb-9e30-f17989d57484202605010107051777619248848157803.sst" compactIntoNextLevel: false destinationLevel: 2
2026-05-01 07:07:37:505 - Compaction started: 
140537143117376:Compacting sstable2/594ee30d-60ac-4b84-bf17-2c6394b23d7a202605010107051777619242630778740.sst sstable2/21da4dfd-697f-4adb-9e30-f17989d57484202605010107051777619248848157803.sst into:sstable2/0_c5fdbc4f-f2a8-410f-a306-d3a20b819917202605010107051777619257548718953.sst
2026-05-01 07:07:37:611 - Compaction completed: 
2959433:Task input_files: "sstable2/2_c5fdbc4f-f2a8-410f-a306-d3a20b819917202605010107051777619253360005685.sst" input_files: "sstable2/2_594ee30d-60ac-4b84-bf17-2c6394b23d7a202605010107051777619253393110020.sst" compactIntoNextLevel: false destinationLevel: 2 is dead (hb=30)
2959433:Found dead task input_files: "sstable2/2_c5fdbc4f-f2a8-410f-a306-d3a20b819917202605010107051777619253360005685.sst" input_files: "sstable2/2_594ee30d-60ac-4b84-bf17-2c6394b23d7a202605010107051777619253393110020.sst" compactIntoNextLevel: false destinationLevel: 2
2959433:COMPACT_START sstable=1 input_files: "sstable2/2_c5fdbc4f-f2a8-410f-a306-d3a20b819917202605010107051777619253360005685.sst" input_files: "sstable2/2_594ee30d-60ac-4b84-bf17-2c6394b23d7a202605010107051777619253393110020.sst" compactIntoNextLevel: false destinationLevel: 2
2026-05-01 07:07:37:614 - Compaction started: 
140537143117376:Compacting sstable2/2_c5fdbc4f-f2a8-410f-a306-d3a20b819917202605010107051777619253360005685.sst sstable2/2_594ee30d-60ac-4b84-bf17-2c6394b23d7a202605010107051777619253393110020.sst into:sstable2/c5fdbc4f-f2a8-410f-a306-d3a20b819917202605010107051777619258157757731.sst
2026-05-01 07:07:38:854 - Compaction completed: 
2959433:COMPACT_START sstable=1 input_files: "sstable2/c5fdbc4f-f2a8-410f-a306-d3a20b819917202605010107051777619242969603135.sst" input_files: "sstable2/594ee30d-60ac-4b84-bf17-2c6394b23d7a202605010107051777619243045691635.sst" compactIntoNextLevel: false destinationLevel: 2
2959433:COMPACT_ABORT input_files: "sstable2/c5fdbc4f-f2a8-410f-a306-d3a20b819917202605010107051777619242969603135.sst" input_files: "sstable2/594ee30d-60ac-4b84-bf17-2c6394b23d7a202605010107051777619243045691635.sst" compactIntoNextLevel: false destinationLevel: 2
2959433:COMPACT_START sstable=1 input_files: "sstable2/4fd3d2ff-2a75-4358-a9e9-a51774c66a63202605010107051777619243116689041.sst" input_files: "sstable2/594ee30d-60ac-4b84-bf17-2c6394b23d7a202605010107051777619246144076445.sst" compactIntoNextLevel: false destinationLevel: 2
2026-05-01 07:07:39:091 - Compaction started: 
140537143117376:Compacting sstable2/4fd3d2ff-2a75-4358-a9e9-a51774c66a63202605010107051777619243116689041.sst sstable2/594ee30d-60ac-4b84-bf17-2c6394b23d7a202605010107051777619246144076445.sst into:sstable2/0_c5fdbc4f-f2a8-410f-a306-d3a20b819917202605010107051777619259139033687.sst
2026-05-01 07:07:39:206 - Compaction completed: 
2959433:COMPACT_START sstable=1 input_files: "sstable2/594ee30d-60ac-4b84-bf17-2c6394b23d7a202605010107051777619243381034573.sst" input_files: "sstable2/21da4dfd-697f-4adb-9e30-f17989d57484202605010107051777619243383519361.sst" compactIntoNextLevel: false destinationLevel: 2
2026-05-01 07:07:39:373 - Compaction started: 
140537143117376:Compacting sstable2/594ee30d-60ac-4b84-bf17-2c6394b23d7a202605010107051777619243381034573.sst sstable2/21da4dfd-697f-4adb-9e30-f17989d57484202605010107051777619243383519361.sst into:sstable2/0_c5fdbc4f-f2a8-410f-a306-d3a20b819917202605010107051777619259413202794.sst
2026-05-01 07:07:39:474 - Compaction completed: 
2959433:COMPACT_START sstable=1 input_files: "sstable2/c5fdbc4f-f2a8-410f-a306-d3a20b819917202605010107051777619243619344962.sst" input_files: "sstable2/4fd3d2ff-2a75-4358-a9e9-a51774c66a63202605010107051777619243659521514.sst" compactIntoNextLevel: false destinationLevel: 2
2026-05-01 07:07:39:562 - Compaction started: 
140537143117376:Compacting sstable2/c5fdbc4f-f2a8-410f-a306-d3a20b819917202605010107051777619243619344962.sst sstable2/4fd3d2ff-2a75-4358-a9e9-a51774c66a63202605010107051777619243659521514.sst into:sstable2/0_c5fdbc4f-f2a8-410f-a306-d3a20b819917202605010107051777619259599924459.sst
2026-05-01 07:07:39:658 - Compaction completed: 
2959433:COMPACT_START sstable=1 input_files: "sstable2/594ee30d-60ac-4b84-bf17-2c6394b23d7a202605010107051777619243904077360.sst" input_files: "sstable2/21da4dfd-697f-4adb-9e30-f17989d57484202605010107051777619243907351698.sst" compactIntoNextLevel: false destinationLevel: 2
2026-05-01 07:07:39:754 - Compaction started: 
140537143117376:Compacting sstable2/594ee30d-60ac-4b84-bf17-2c6394b23d7a202605010107051777619243904077360.sst sstable2/21da4dfd-697f-4adb-9e30-f17989d57484202605010107051777619243907351698.sst into:sstable2/0_c5fdbc4f-f2a8-410f-a306-d3a20b819917202605010107051777619259792262040.sst
2026-05-01 07:07:39:854 - Compaction completed: 
2959433:COMPACT_START sstable=1 input_files: "sstable2/21da4dfd-697f-4adb-9e30-f17989d57484202605010107051777619244113481734.sst" input_files: "sstable2/c5fdbc4f-f2a8-410f-a306-d3a20b819917202605010107051777619244130771735.sst" compactIntoNextLevel: false destinationLevel: 2
2026-05-01 07:07:39:953 - Compaction started: 
140537143117376:Compacting sstable2/21da4dfd-697f-4adb-9e30-f17989d57484202605010107051777619244113481734.sst sstable2/c5fdbc4f-f2a8-410f-a306-d3a20b819917202605010107051777619244130771735.sst into:sstable2/0_c5fdbc4f-f2a8-410f-a306-d3a20b819917202605010107051777619259992522443.sst
2026-05-01 07:07:40:054 - Compaction completed: 
2959433:COMPACT_START sstable=1 input_files: "sstable2/21da4dfd-697f-4adb-9e30-f17989d57484202605010107051777619244214697386.sst" input_files: "sstable2/c5fdbc4f-f2a8-410f-a306-d3a20b819917202605010107051777619244231974932.sst" compactIntoNextLevel: false destinationLevel: 2
2026-05-01 07:07:40:156 - Compaction started: 
140537143117376:Compacting sstable2/21da4dfd-697f-4adb-9e30-f17989d57484202605010107051777619244214697386.sst sstable2/c5fdbc4f-f2a8-410f-a306-d3a20b819917202605010107051777619244231974932.sst into:sstable2/0_c5fdbc4f-f2a8-410f-a306-d3a20b819917202605010107051777619260192754212.sst
2026-05-01 07:07:40:250 - Compaction completed: 
2959433:Task input_files: "sstable2/c5fdbc4f-f2a8-410f-a306-d3a20b819917202605010107051777619242969603135.sst" input_files: "sstable2/594ee30d-60ac-4b84-bf17-2c6394b23d7a202605010107051777619243045691635.sst" compactIntoNextLevel: false destinationLevel: 2 is dead (hb=30)
2959433:Found dead task input_files: "sstable2/c5fdbc4f-f2a8-410f-a306-d3a20b819917202605010107051777619242969603135.sst" input_files: "sstable2/594ee30d-60ac-4b84-bf17-2c6394b23d7a202605010107051777619243045691635.sst" compactIntoNextLevel: false destinationLevel: 2
2959433:COMPACT_START sstable=1 input_files: "sstable2/c5fdbc4f-f2a8-410f-a306-d3a20b819917202605010107051777619242969603135.sst" input_files: "sstable2/594ee30d-60ac-4b84-bf17-2c6394b23d7a202605010107051777619243045691635.sst" compactIntoNextLevel: false destinationLevel: 2
2026-05-01 07:07:42:072 - Compaction started: 
140537143117376:Compacting sstable2/c5fdbc4f-f2a8-410f-a306-d3a20b819917202605010107051777619242969603135.sst sstable2/594ee30d-60ac-4b84-bf17-2c6394b23d7a202605010107051777619243045691635.sst into:sstable2/c5fdbc4f-f2a8-410f-a306-d3a20b819917202605010107051777619262114471430.sst
2026-05-01 07:07:42:175 - Compaction completed: 
